wallet,risk_propagated,risk_anomaly,risk_peeling,final_risk,involved_in_illicit_pattern,pattern_types_involved,is_seed,explanation,tie_break_score,anomaly_shap_reason,peeling_shap_reason,final_explanation
bc1qvwvm4w3zkwdeekgyspengwyx9trflqbmae38sr,0.9626985892257522,0.5712358601191858,1.0,1.0,True,peeling,True,Flagged for: network proximity to known cash-out wallets (propagated risk 0.96); statistically anomalous behavior (anomaly score 0.57); participation in a high-confidence peeling chain (probability 1.00).,2.533934449344938,Driven by: an unusually extreme single transaction amount (contributed +0.208); an unusually high transaction frequency (contributed +0.182); unusually large average transaction amount (contributed +0.133).,Driven by: how tightly-timed the fastest hop was (contributed +0.169); the average time between hops (contributed +0.120); how tightly-timed the slowest hop was (contributed +0.077).,"[Network] Proximity to known cash-out wallets (propagated risk 0.96). [Anomaly] Driven by: an unusually extreme single transaction amount (contributed +0.208); an unusually high transaction frequency (contributed +0.182); unusually large average transaction amount (contributed +0.133). [Peeling-chain, P=1.00] Driven by: how tightly-timed the fastest hop was (contributed +0.169); the average time between hops (contributed +0.120); how tightly-timed the slowest hop was (contributed +0.077)."
bc1qf1xw53zg1igae7utei5cqom3oqcez5xtebi7t9,0.9626970564087944,0.3144553444822967,1.0,1.0,True,peeling,True,Flagged for: network proximity to known cash-out wallets (propagated risk 0.96); participation in a high-confidence peeling chain (probability 1.00).,2.277152400891091,Driven by: unusually large average transaction amount (contributed +0.256); an unusually extreme single transaction amount (contributed +0.149); an unusually high number of outgoing payments (contributed +0.068).,Driven by: how tightly-timed the fastest hop was (contributed +0.169); the average time between hops (contributed +0.111); how tightly-timed the slowest hop was (contributed +0.077).,"[Network] Proximity to known cash-out wallets (propagated risk 0.96). [Peeling-chain, P=1.00] Driven by: how tightly-timed the fastest hop was (contributed +0.169); the average time between hops (contributed +0.111); how tightly-timed the slowest hop was (contributed +0.077)."
bc1qvfua9bq1btr23qiua08ekxdrkz40aq15o2nqw4,0.9626942507181636,0.1671421661945631,1.0,1.0,True,peeling,True,Flagged for: network proximity to known cash-out wallets (propagated risk 0.96); participation in a high-confidence peeling chain (probability 1.00).,2.129836416912726,Driven by: unusually large average transaction amount (contributed +0.292); an unusually high transaction frequency (contributed +0.253); an atypical time-of-day transaction pattern (contributed +0.100).,Driven by: how tightly-timed the fastest hop was (contributed +0.169); the average time between hops (contributed +0.120); how tightly-timed the slowest hop was (contributed +0.077).,"[Network] Proximity to known cash-out wallets (propagated risk 0.96). [Peeling-chain, P=1.00] Driven by: how tightly-timed the fastest hop was (contributed +0.169); the average time between hops (contributed +0.120); how tightly-timed the slowest hop was (contributed +0.077)."
bc1qcxotx76d2kjrzcv3hrqa9vzeox981bf8w80uxn,0.9626949299333374,0.0646760006056559,1.0,1.0,True,peeling,True,Flagged for: network proximity to known cash-out wallets (propagated risk 0.96); participation in a high-confidence peeling chain (probability 1.00).,2.0273709305389933,Driven by: physically implausible peer geo-velocity (contributed +0.353); unusually large average transaction amount (contributed +0.262); an unusually high number of incoming payments (contributed +0.246).,Driven by: how tightly-timed the fastest hop was (contributed +0.169); the average time between hops (contributed +0.106); how tightly-timed the slowest hop was (contributed +0.077).,"[Network] Proximity to known cash-out wallets (propagated risk 0.96). [Peeling-chain, P=1.00] Driven by: how tightly-timed the fastest hop was (contributed +0.169); the average time between hops (contributed +0.106); how tightly-timed the slowest hop was (contributed +0.077)."
bc1qn2twdl9zs13c9xqym52xg8p6befflzm764jwte,0.0162471932369255,1.0,1.0,1.0,True,"coinjoin,fanin,peeling",False,Flagged for: statistically anomalous behavior (anomaly score 1.00); participation in a high-confidence peeling chain (probability 1.00).,2.016247193236925,No individual feature stood out; flagged only by combined weak signals.,Driven by: how tightly-timed the fastest hop was (contributed +0.169); the average time between hops (contributed +0.111); how tightly-timed the slowest hop was (contributed +0.074).,"[Anomaly] No individual feature stood out; flagged only by combined weak signals. [Peeling-chain, P=1.00] Driven by: how tightly-timed the fastest hop was (contributed +0.169); the average time between hops (contributed +0.111); how tightly-timed the slowest hop was (contributed +0.074)."
bc1qdygfliji18k0axycelos6zle6kwhef0votqtxh,0.0010599537689254,0.8279634963953817,1.0,1.0,True,"fanin,fanout,peeling",False,Flagged for: statistically anomalous behavior (anomaly score 0.83); participation in a high-confidence peeling chain (probability 1.00).,1.829023450164307,Driven by: an unusually high transaction frequency (contributed +0.089).,Driven by: how tightly-timed the fastest hop was (contributed +0.173); the average time between hops (contributed +0.122); how tightly-timed the slowest hop was (contributed +0.084).,"[Anomaly] Driven by: an unusually high transaction frequency (contributed +0.089). [Peeling-chain, P=1.00] Driven by: how tightly-timed the fastest hop was (contributed +0.173); the average time between hops (contributed +0.122); how tightly-timed the slowest hop was (contributed +0.084)."
bc1qugnekrcpprcjiwvhdk8lw2lm349el8hl88kzru,0.0004424569190352,0.7857953428364022,1.0,1.0,True,peeling,False,Flagged for: statistically anomalous behavior (anomaly score 0.79); participation in a high-confidence peeling chain (probability 1.00).,1.7862377997554373,Driven by: an unusually high transaction frequency (contributed +0.107); unusually large average transaction amount (contributed +0.090).,Driven by: how tightly-timed the fastest hop was (contributed +0.169); the average time between hops (contributed +0.114); how tightly-timed the slowest hop was (contributed +0.078).,"[Anomaly] Driven by: an unusually high transaction frequency (contributed +0.107); unusually large average transaction amount (contributed +0.090). [Peeling-chain, P=1.00] Driven by: how tightly-timed the fastest hop was (contributed +0.169); the average time between hops (contributed +0.114); how tightly-timed the slowest hop was (contributed +0.078)."
bc1q5259gmq2p014x5dlwy1p6mxswy0szkbnsh8llr,5.114914087500805e-07,0.7713120877994932,1.0,1.0,True,peeling,False,Flagged for: statistically anomalous behavior (anomaly score 0.77); participation in a high-confidence peeling chain (probability 1.00).,1.771312599290902,Driven by: an unusually high number of incoming payments (contributed +0.162); an atypical number of transactions (contributed +0.081); an unusually high number of outgoing payments (contributed +0.058).,Driven by: how tightly-timed the fastest hop was (contributed +0.169); the average time between hops (contributed +0.106); how tightly-timed the slowest hop was (contributed +0.077).,"[Anomaly] Driven by: an unusually high number of incoming payments (contributed +0.162); an atypical number of transactions (contributed +0.081); an unusually high number of outgoing payments (contributed +0.058). [Peeling-chain, P=1.00] Driven by: how tightly-timed the fastest hop was (contributed +0.169); the average time between hops (contributed +0.106); how tightly-timed the slowest hop was (contributed +0.077)."
bc1q3fpoyipk0qtl3q4n89qkns832ejx5td44k1j6f,0.0045674957036663,0.7618012016259993,1.0,1.0,True,peeling,False,Flagged for: statistically anomalous behavior (anomaly score 0.76); participation in a high-confidence peeling chain (probability 1.00).,1.7663686973296655,Driven by: an unusually high transaction frequency (contributed +0.076).,Driven by: how tightly-timed the fastest hop was (contributed +0.176); the average time between hops (contributed +0.123); how tightly-timed the slowest hop was (contributed +0.081).,"[Anomaly] Driven by: an unusually high transaction frequency (contributed +0.076). [Peeling-chain, P=1.00] Driven by: how tightly-timed the fastest hop was (contributed +0.176); the average time between hops (contributed +0.123); how tightly-timed the slowest hop was (contributed +0.081)."
bc1qa4fejgxaa2ilgb0s0r2sds8b25sq8croyr6ccv,1.0145221503079824e-08,0.7517805025691469,1.0,1.0,True,"fanout,peeling",False,Flagged for: statistically anomalous behavior (anomaly score 0.75); participation in a high-confidence peeling chain (probability 1.00).,1.7517805127143684,Driven by: an unusually high transaction frequency (contributed +0.110); physically implausible peer geo-velocity (contributed +0.006).,Driven by: how tightly-timed the fastest hop was (contributed +0.169); the average time between hops (contributed +0.120); how tightly-timed the slowest hop was (contributed +0.077).,"[Anomaly] Driven by: an unusually high transaction frequency (contributed +0.110); physically implausible peer geo-velocity (contributed +0.006). [Peeling-chain, P=1.00] Driven by: how tightly-timed the fastest hop was (contributed +0.169); the average time between hops (contributed +0.120); how tightly-timed the slowest hop was (contributed +0.077)."
bc1q15ahdbvzb0oih5csk30lvylkfxhkc856wpr97y,4.8203647211935154e-05,0.7447148839329132,1.0,1.0,True,peeling,False,Flagged for: statistically anomalous behavior (anomaly score 0.74); participation in a high-confidence peeling chain (probability 1.00).,1.7447630875801252,Driven by: an unusually high transaction frequency (contributed +0.123); consistently high peer geo-velocity (contributed +0.089).,Driven by: how tightly-timed the fastest hop was (contributed +0.168); the average time between hops (contributed +0.126); how tightly-timed the slowest hop was (contributed +0.081).,"[Anomaly] Driven by: an unusually high transaction frequency (contributed +0.123); consistently high peer geo-velocity (contributed +0.089). [Peeling-chain, P=1.00] Driven by: how tightly-timed the fastest hop was (contributed +0.168); the average time between hops (contributed +0.126); how tightly-timed the slowest hop was (contributed +0.081)."
bc1q8osvc1u5w2k2ub5zr8346aw0ewayaj5nd3ao4m,6.258556681419363e-07,0.7266276002587677,1.0,1.0,True,peeling,False,Flagged for: statistically anomalous behavior (anomaly score 0.73); participation in a high-confidence peeling chain (probability 1.00).,1.726628226114436,Driven by: an unusually high number of incoming payments (contributed +0.138); an atypical number of transactions (contributed +0.116); an unusually high number of outgoing payments (contributed +0.097).,Driven by: how tightly-timed the fastest hop was (contributed +0.169); the average time between hops (contributed +0.111); how tightly-timed the slowest hop was (contributed +0.077).,"[Anomaly] Driven by: an unusually high number of incoming payments (contributed +0.138); an atypical number of transactions (contributed +0.116); an unusually high number of outgoing payments (contributed +0.097). [Peeling-chain, P=1.00] Driven by: how tightly-timed the fastest hop was (contributed +0.169); the average time between hops (contributed +0.111); how tightly-timed the slowest hop was (contributed +0.077)."
bc1qzs43c5ba75uuzpeal2w37d4ivsolmlgses6m03,8.060327410781007e-07,0.7149452768177451,1.0,1.0,True,peeling,False,Flagged for: statistically anomalous behavior (anomaly score 0.71); participation in a high-confidence peeling chain (probability 1.00).,1.7149460828504863,Driven by: an unusually high transaction frequency (contributed +0.136).,Driven by: how tightly-timed the fastest hop was (contributed +0.169); the average time between hops (contributed +0.111); how tightly-timed the slowest hop was (contributed +0.077).,"[Anomaly] Driven by: an unusually high transaction frequency (contributed +0.136). [Peeling-chain, P=1.00] Driven by: how tightly-timed the fastest hop was (contributed +0.169); the average time between hops (contributed +0.111); how tightly-timed the slowest hop was (contributed +0.077)."
bc1ql8hbgcj1gnfiue2wnf5ca7zvky2refjqigyvzw,3.4903408132352786e-07,0.705715043636646,1.0,1.0,True,peeling,False,Flagged for: statistically anomalous behavior (anomaly score 0.71); participation in a high-confidence peeling chain (probability 1.00).,1.7057153926707271,Driven by: an unusually high number of outgoing payments (contributed +0.148); an unusually high transaction frequency (contributed +0.051); an atypical time-of-day transaction pattern (contributed +0.002).,Driven by: how tightly-timed the fastest hop was (contributed +0.169); the average time between hops (contributed +0.120); how tightly-timed the slowest hop was (contributed +0.077).,"[Anomaly] Driven by: an unusually high number of outgoing payments (contributed +0.148); an unusually high transaction frequency (contributed +0.051); an atypical time-of-day transaction pattern (contributed +0.002). [Peeling-chain, P=1.00] Driven by: how tightly-timed the fastest hop was (contributed +0.169); the average time between hops (contributed +0.120); how tightly-timed the slowest hop was (contributed +0.077)."
bc1q6vasifpwioxd9css9toqw9ja2m0w10lbt3g2qz,1.171688102939532e-05,0.6866365066244525,1.0,1.0,True,peeling,False,Flagged for: statistically anomalous behavior (anomaly score 0.69); participation in a high-confidence peeling chain (probability 1.00).,1.686648223505482,Driven by: an unusually high transaction frequency (contributed +0.142).,Driven by: how tightly-timed the fastest hop was (contributed +0.168); the average time between hops (contributed +0.118); how tightly-timed the slowest hop was (contributed +0.081).,"[Anomaly] Driven by: an unusually high transaction frequency (contributed +0.142). [Peeling-chain, P=1.00] Driven by: how tightly-timed the fastest hop was (contributed +0.168); the average time between hops (contributed +0.118); how tightly-timed the slowest hop was (contributed +0.081)."
bc1qioh6cvbphvgnqgmjmbukdqp1hkf286utios5hr,1.5203237921455702e-06,0.6836863465246643,1.0,1.0,True,peeling,False,Flagged for: statistically anomalous behavior (anomaly score 0.68); participation in a high-confidence peeling chain (probability 1.00).,1.6836878668484565,Driven by: an unusually high number of outgoing payments (contributed +0.134); an unusually high transaction frequency (contributed +0.039).,Driven by: how tightly-timed the fastest hop was (contributed +0.169); the average time between hops (contributed +0.120); how tightly-timed the slowest hop was (contributed +0.077).,"[Anomaly] Driven by: an unusually high number of outgoing payments (contributed +0.134); an unusually high transaction frequency (contributed +0.039). [Peeling-chain, P=1.00] Driven by: how tightly-timed the fastest hop was (contributed +0.169); the average time between hops (contributed +0.120); how tightly-timed the slowest hop was (contributed +0.077)."
bc1qqnyy95g5dog8cfeffh8aoy7rp0aga24smux2rx,2.603098566484727e-06,0.6617061131488066,1.0,1.0,True,peeling,False,Flagged for: statistically anomalous behavior (anomaly score 0.66); participation in a high-confidence peeling chain (probability 1.00).,1.661708716247373,Driven by: an unusually high number of outgoing payments (contributed +0.125); an unusually high transaction frequency (contributed +0.049).,Driven by: how tightly-timed the fastest hop was (contributed +0.169); the average time between hops (contributed +0.120); how tightly-timed the slowest hop was (contributed +0.077).,"[Anomaly] Driven by: an unusually high number of outgoing payments (contributed +0.125); an unusually high transaction frequency (contributed +0.049). [Peeling-chain, P=1.00] Driven by: how tightly-timed the fastest hop was (contributed +0.169); the average time between hops (contributed +0.120); how tightly-timed the slowest hop was (contributed +0.077)."
bc1q8j1ui9l69isxuwvw1pm77xvmezxleaycdy1q1e,7.588795723911607e-06,0.6441954596166,1.0,1.0,True,peeling,False,Flagged for: statistically anomalous behavior (anomaly score 0.64); participation in a high-confidence peeling chain (probability 1.00).,1.644203048412324,Driven by: an atypical number of transactions (contributed +0.130); an unusually high number of incoming payments (contributed +0.120); an unusually high number of outgoing payments (contributed +0.092).,Driven by: how tightly-timed the fastest hop was (contributed +0.169); the average time between hops (contributed +0.114); how tightly-timed the slowest hop was (contributed +0.078).,"[Anomaly] Driven by: an atypical number of transactions (contributed +0.130); an unusually high number of incoming payments (contributed +0.120); an unusually high number of outgoing payments (contributed +0.092). [Peeling-chain, P=1.00] Driven by: how tightly-timed the fastest hop was (contributed +0.169); the average time between hops (contributed +0.114); how tightly-timed the slowest hop was (contributed +0.078)."
bc1q2vwmd5tfu2snx1se3xr6n18beqerftnvijzx4x,1.3011811268853389e-05,0.6435779115876895,1.0,1.0,True,peeling,False,Flagged for: statistically anomalous behavior (anomaly score 0.64); participation in a high-confidence peeling chain (probability 1.00).,1.6435909233989583,Driven by: an unusually high number of incoming payments (contributed +0.158); an atypical number of transactions (contributed +0.123); an unusually high number of outgoing payments (contributed +0.122).,Driven by: how tightly-timed the fastest hop was (contributed +0.169); the average time between hops (contributed +0.106); how tightly-timed the slowest hop was (contributed +0.077).,"[Anomaly] Driven by: an unusually high number of incoming payments (contributed +0.158); an atypical number of transactions (contributed +0.123); an unusually high number of outgoing payments (contributed +0.122). [Peeling-chain, P=1.00] Driven by: how tightly-timed the fastest hop was (contributed +0.169); the average time between hops (contributed +0.106); how tightly-timed the slowest hop was (contributed +0.077)."
bc1qo5awlgitiz7tfp3g21cqtp3174gu65s6y5h3o0,3.490546231963774e-05,0.6415476685718545,1.0,1.0,True,peeling,False,Flagged for: statistically anomalous behavior (anomaly score 0.64); participation in a high-confidence peeling chain (probability 1.00).,1.641582574034174,Driven by: an unusually high number of incoming payments (contributed +0.197); an atypical number of transactions (contributed +0.118); an unusually high number of outgoing payments (contributed +0.085).,Driven by: how tightly-timed the fastest hop was (contributed +0.173); the average time between hops (contributed +0.122); how tightly-timed the slowest hop was (contributed +0.084).,"[Anomaly] Driven by: an unusually high number of incoming payments (contributed +0.197); an atypical number of transactions (contributed +0.118); an unusually high number of outgoing payments (contributed +0.085). [Peeling-chain, P=1.00] Driven by: how tightly-timed the fastest hop was (contributed +0.173); the average time between hops (contributed +0.122); how tightly-timed the slowest hop was (contributed +0.084)."
bc1q0as9v7lp1lexdnrgcl0kgdveyxfuvskk1hsnz6,5.3384783530131565e-06,0.6192119524169226,1.0,1.0,True,peeling,False,Flagged for: statistically anomalous behavior (anomaly score 0.62); participation in a high-confidence peeling chain (probability 1.00).,1.6192172908952758,No individual feature stood out; flagged only by combined weak signals.,Driven by: how tightly-timed the fastest hop was (contributed +0.169); the average time between hops (contributed +0.111); how tightly-timed the slowest hop was (contributed +0.077).,"[Anomaly] No individual feature stood out; flagged only by combined weak signals. [Peeling-chain, P=1.00] Driven by: how tightly-timed the fastest hop was (contributed +0.169); the average time between hops (contributed +0.111); how tightly-timed the slowest hop was (contributed +0.077)."
bc1quk18c7j0znruhmezvsq3heykukpxpsbtnbdzri,1.865391521293019e-05,0.6165770384651725,1.0,1.0,True,peeling,False,Flagged for: statistically anomalous behavior (anomaly score 0.62); participation in a high-confidence peeling chain (probability 1.00).,1.6165956923803857,Driven by: an unusually high transaction frequency (contributed +0.113).,Driven by: how tightly-timed the fastest hop was (contributed +0.169); the average time between hops (contributed +0.106); how tightly-timed the slowest hop was (contributed +0.077).,"[Anomaly] Driven by: an unusually high transaction frequency (contributed +0.113). [Peeling-chain, P=1.00] Driven by: how tightly-timed the fastest hop was (contributed +0.169); the average time between hops (contributed +0.106); how tightly-timed the slowest hop was (contributed +0.077)."
bc1qgvzpfcglckwt2e077u55d5q3ov9jydfzdtc5pa,0.0001432959852338,0.615020717281206,1.0,1.0,True,peeling,False,Flagged for: statistically anomalous behavior (anomaly score 0.62); participation in a high-confidence peeling chain (probability 1.00).,1.61516401326644,Driven by: an unusually high number of outgoing payments (contributed +0.172); an unusually high number of incoming payments (contributed +0.167); an atypical number of transactions (contributed +0.152).,Driven by: how tightly-timed the fastest hop was (contributed +0.173); the average time between hops (contributed +0.122); how tightly-timed the slowest hop was (contributed +0.084).,"[Anomaly] Driven by: an unusually high number of outgoing payments (contributed +0.172); an unusually high number of incoming payments (contributed +0.167); an atypical number of transactions (contributed +0.152). [Peeling-chain, P=1.00] Driven by: how tightly-timed the fastest hop was (contributed +0.173); the average time between hops (contributed +0.122); how tightly-timed the slowest hop was (contributed +0.084)."
bc1qagxbbi7ne86zmq0pr72pvk3yuz5h0gk8fkffgf,1.796491614098016e-06,0.6138437698666871,1.0,1.0,True,peeling,False,Flagged for: statistically anomalous behavior (anomaly score 0.61); participation in a high-confidence peeling chain (probability 1.00).,1.6138455663583011,Driven by: an unusually high number of incoming payments (contributed +0.145); an atypical number of transactions (contributed +0.144); an unusually high number of outgoing payments (contributed +0.116).,Driven by: how tightly-timed the fastest hop was (contributed +0.169); the average time between hops (contributed +0.111); how tightly-timed the slowest hop was (contributed +0.077).,"[Anomaly] Driven by: an unusually high number of incoming payments (contributed +0.145); an atypical number of transactions (contributed +0.144); an unusually high number of outgoing payments (contributed +0.116). [Peeling-chain, P=1.00] Driven by: how tightly-timed the fastest hop was (contributed +0.169); the average time between hops (contributed +0.111); how tightly-timed the slowest hop was (contributed +0.077)."
bc1q0982n2atqyyv37dia5u6hc36kof8krd5eqy08p,5.346475651140838e-05,0.6099130971279485,1.0,1.0,True,peeling,False,Flagged for: statistically anomalous behavior (anomaly score 0.61); participation in a high-confidence peeling chain (probability 1.00).,1.60996656188446,Driven by: an unusually high transaction frequency (contributed +0.119); an unusually high number of incoming payments (contributed +0.057); consistently high peer geo-velocity (contributed +0.035).,Driven by: how tightly-timed the fastest hop was (contributed +0.169); the average time between hops (contributed +0.106); how tightly-timed the slowest hop was (contributed +0.077).,"[Anomaly] Driven by: an unusually high transaction frequency (contributed +0.119); an unusually high number of incoming payments (contributed +0.057); consistently high peer geo-velocity (contributed +0.035). [Peeling-chain, P=1.00] Driven by: how tightly-timed the fastest hop was (contributed +0.169); the average time between hops (contributed +0.106); how tightly-timed the slowest hop was (contributed +0.077)."
bc1qlk3e4xyf9igfu8iogxpbwhvnzh13cd5glqj5sx,6.332164839104764e-05,0.605437218207054,1.0,1.0,True,peeling,False,Flagged for: statistically anomalous behavior (anomaly score 0.61); participation in a high-confidence peeling chain (probability 1.00).,1.605500539855445,Driven by: an unusually extreme single transaction amount (contributed +0.190); an unusually high transaction frequency (contributed +0.166); unusually large average transaction amount (contributed +0.128).,Driven by: how tightly-timed the fastest hop was (contributed +0.169); the average time between hops (contributed +0.120); how tightly-timed the slowest hop was (contributed +0.077).,"[Anomaly] Driven by: an unusually extreme single transaction amount (contributed +0.190); an unusually high transaction frequency (contributed +0.166); unusually large average transaction amount (contributed +0.128). [Peeling-chain, P=1.00] Driven by: how tightly-timed the fastest hop was (contributed +0.169); the average time between hops (contributed +0.120); how tightly-timed the slowest hop was (contributed +0.077)."
bc1q9ewo7tcbw5qqb5i92wmsj9uk693p483chelhrx,8.944929526104133e-07,0.5964037154233696,1.0,1.0,True,peeling,False,Flagged for: statistically anomalous behavior (anomaly score 0.60); participation in a high-confidence peeling chain (probability 1.00).,1.596404609916322,Driven by: an unusually high number of outgoing payments (contributed +0.161); an unusually high transaction frequency (contributed +0.071).,Driven by: how tightly-timed the fastest hop was (contributed +0.169); the average time between hops (contributed +0.106); how tightly-timed the slowest hop was (contributed +0.077).,"[Anomaly] Driven by: an unusually high number of outgoing payments (contributed +0.161); an unusually high transaction frequency (contributed +0.071). [Peeling-chain, P=1.00] Driven by: how tightly-timed the fastest hop was (contributed +0.169); the average time between hops (contributed +0.106); how tightly-timed the slowest hop was (contributed +0.077)."
bc1qdou0ze3lnzkf3ikn9ntwjipo86k24zn0mwmkcw,6.008471337174692e-06,0.5950893543763767,1.0,1.0,True,peeling,False,Flagged for: statistically anomalous behavior (anomaly score 0.60); participation in a high-confidence peeling chain (probability 1.00).,1.5950953628477138,Driven by: an unusually high number of outgoing payments (contributed +0.179); an unusually high transaction frequency (contributed +0.053); an atypical time-of-day transaction pattern (contributed +0.013).,Driven by: how tightly-timed the fastest hop was (contributed +0.169); the average time between hops (contributed +0.106); how tightly-timed the slowest hop was (contributed +0.077).,"[Anomaly] Driven by: an unusually high number of outgoing payments (contributed +0.179); an unusually high transaction frequency (contributed +0.053); an atypical time-of-day transaction pattern (contributed +0.013). [Peeling-chain, P=1.00] Driven by: how tightly-timed the fastest hop was (contributed +0.169); the average time between hops (contributed +0.106); how tightly-timed the slowest hop was (contributed +0.077)."
bc1qtzk3ny9v20yar821uzvgww4fyb8dalfyo1750c,1.0053664967389589e-07,0.5899450866640823,1.0,1.0,True,peeling,False,Flagged for: statistically anomalous behavior (anomaly score 0.59); participation in a high-confidence peeling chain (probability 1.00).,1.589945187200732,Driven by: an unusually high transaction frequency (contributed +0.113); consistently high peer geo-velocity (contributed +0.017).,Driven by: how tightly-timed the fastest hop was (contributed +0.169); the average time between hops (contributed +0.111); how tightly-timed the slowest hop was (contributed +0.077).,"[Anomaly] Driven by: an unusually high transaction frequency (contributed +0.113); consistently high peer geo-velocity (contributed +0.017). [Peeling-chain, P=1.00] Driven by: how tightly-timed the fastest hop was (contributed +0.169); the average time between hops (contributed +0.111); how tightly-timed the slowest hop was (contributed +0.077)."
bc1qyxaqafb6qdfe2k3ruuwy9zw5lf30ei0iou8h1b,2.658682267852947e-06,0.586485934535966,1.0,1.0,True,peeling,False,Flagged for: statistically anomalous behavior (anomaly score 0.59); participation in a high-confidence peeling chain (probability 1.00).,1.5864885932182338,Driven by: an unusually high number of incoming payments (contributed +0.194); an atypical number of transactions (contributed +0.106); an unusually high number of outgoing payments (contributed +0.097).,Driven by: how tightly-timed the fastest hop was (contributed +0.169); the average time between hops (contributed +0.111); how tightly-timed the slowest hop was (contributed +0.074).,"[Anomaly] Driven by: an unusually high number of incoming payments (contributed +0.194); an atypical number of transactions (contributed +0.106); an unusually high number of outgoing payments (contributed +0.097). [Peeling-chain, P=1.00] Driven by: how tightly-timed the fastest hop was (contributed +0.169); the average time between hops (contributed +0.111); how tightly-timed the slowest hop was (contributed +0.074)."
bc1qhzocjecb4yhbm2hnsqlnap8meesmcouez7ryc2,6.993827225181109e-06,0.5641029883747648,1.0,1.0,True,peeling,False,Flagged for: statistically anomalous behavior (anomaly score 0.56); participation in a high-confidence peeling chain (probability 1.00).,1.56410998220199,Driven by: an atypical number of transactions (contributed +0.166); an unusually high number of incoming payments (contributed +0.141); an unusually high number of outgoing payments (contributed +0.120).,Driven by: how tightly-timed the fastest hop was (contributed +0.169); the average time between hops (contributed +0.111); how tightly-timed the slowest hop was (contributed +0.077).,"[Anomaly] Driven by: an atypical number of transactions (contributed +0.166); an unusually high number of incoming payments (contributed +0.141); an unusually high number of outgoing payments (contributed +0.120). [Peeling-chain, P=1.00] Driven by: how tightly-timed the fastest hop was (contributed +0.169); the average time between hops (contributed +0.111); how tightly-timed the slowest hop was (contributed +0.077)."
bc1qne9ebhnqqa4p29xb4o6pjhnd3j5h4l1m3tfqco,7.389918399534866e-06,0.5544191850294744,1.0,1.0,True,peeling,False,Flagged for: statistically anomalous behavior (anomaly score 0.55); participation in a high-confidence peeling chain (probability 1.00).,1.554426574947874,Driven by: an atypical number of transactions (contributed +0.161); an unusually high number of incoming payments (contributed +0.129); an unusually high number of outgoing payments (contributed +0.106).,Driven by: how tightly-timed the fastest hop was (contributed +0.169); the average time between hops (contributed +0.114); how tightly-timed the slowest hop was (contributed +0.078).,"[Anomaly] Driven by: an atypical number of transactions (contributed +0.161); an unusually high number of incoming payments (contributed +0.129); an unusually high number of outgoing payments (contributed +0.106). [Peeling-chain, P=1.00] Driven by: how tightly-timed the fastest hop was (contributed +0.169); the average time between hops (contributed +0.114); how tightly-timed the slowest hop was (contributed +0.078)."
bc1q3e6oqe09o8a906k37e4ey9jvb6hpphpm0d5wlw,2.993427261913252e-05,0.5525447116073434,1.0,1.0,True,peeling,False,Flagged for: statistically anomalous behavior (anomaly score 0.55); participation in a high-confidence peeling chain (probability 1.00).,1.5525746458799623,Driven by: an unusually high number of outgoing payments (contributed +0.131); an unusually high transaction frequency (contributed +0.048).,Driven by: how tightly-timed the fastest hop was (contributed +0.169); the average time between hops (contributed +0.106); how tightly-timed the slowest hop was (contributed +0.077).,"[Anomaly] Driven by: an unusually high number of outgoing payments (contributed +0.131); an unusually high transaction frequency (contributed +0.048). [Peeling-chain, P=1.00] Driven by: how tightly-timed the fastest hop was (contributed +0.169); the average time between hops (contributed +0.106); how tightly-timed the slowest hop was (contributed +0.077)."
bc1qyo4rcb1kjtgq01tee13n3bzt9d31k9qm3p91i3,7.547099061590611e-06,0.5404783095082796,1.0,1.0,True,peeling,False,Flagged for: statistically anomalous behavior (anomaly score 0.54); participation in a high-confidence peeling chain (probability 1.00).,1.5404858566073412,Driven by: an unusually extreme single transaction amount (contributed +0.209); unusually large average transaction amount (contributed +0.198); an unusually high transaction frequency (contributed +0.187).,Driven by: how tightly-timed the fastest hop was (contributed +0.169); the average time between hops (contributed +0.120); how tightly-timed the slowest hop was (contributed +0.077).,"[Anomaly] Driven by: an unusually extreme single transaction amount (contributed +0.209); unusually large average transaction amount (contributed +0.198); an unusually high transaction frequency (contributed +0.187). [Peeling-chain, P=1.00] Driven by: how tightly-timed the fastest hop was (contributed +0.169); the average time between hops (contributed +0.120); how tightly-timed the slowest hop was (contributed +0.077)."
bc1q54xreazmce71j9znd8qzv5u7xhruszvd006t5e,7.481806768062752e-06,0.5357102679495255,1.0,1.0,True,peeling,False,Flagged for: statistically anomalous behavior (anomaly score 0.54); participation in a high-confidence peeling chain (probability 1.00).,1.5357177497562935,Driven by: an atypical number of transactions (contributed +0.164); an unusually high number of incoming payments (contributed +0.129); an unusually high number of outgoing payments (contributed +0.111).,Driven by: how tightly-timed the fastest hop was (contributed +0.169); the average time between hops (contributed +0.114); how tightly-timed the slowest hop was (contributed +0.078).,"[Anomaly] Driven by: an atypical number of transactions (contributed +0.164); an unusually high number of incoming payments (contributed +0.129); an unusually high number of outgoing payments (contributed +0.111). [Peeling-chain, P=1.00] Driven by: how tightly-timed the fastest hop was (contributed +0.169); the average time between hops (contributed +0.114); how tightly-timed the slowest hop was (contributed +0.078)."
bc1qrr43ur4mfjhojalbh1nyks9urxijam31bxpgwj,3.2883725027620816e-06,0.5297624731673278,1.0,1.0,True,peeling,False,Flagged for: statistically anomalous behavior (anomaly score 0.53); participation in a high-confidence peeling chain (probability 1.00).,1.5297657615398306,Driven by: unusually large average transaction amount (contributed +0.158); an unusually high transaction frequency (contributed +0.090); an unusually extreme single transaction amount (contributed +0.080).,Driven by: how tightly-timed the fastest hop was (contributed +0.169); the average time between hops (contributed +0.106); how tightly-timed the slowest hop was (contributed +0.077).,"[Anomaly] Driven by: unusually large average transaction amount (contributed +0.158); an unusually high transaction frequency (contributed +0.090); an unusually extreme single transaction amount (contributed +0.080). [Peeling-chain, P=1.00] Driven by: how tightly-timed the fastest hop was (contributed +0.169); the average time between hops (contributed +0.106); how tightly-timed the slowest hop was (contributed +0.077)."
bc1q81bmqf7zk94yxfiblejgublmntfk7orfqla09l,7.092420487029654e-06,0.5154643648639092,1.0,1.0,True,peeling,False,Flagged for: statistically anomalous behavior (anomaly score 0.52); participation in a high-confidence peeling chain (probability 1.00).,1.5154714572843964,Driven by: an atypical number of transactions (contributed +0.169); an unusually high number of incoming payments (contributed +0.159); an unusually high number of outgoing payments (contributed +0.129).,Driven by: how tightly-timed the fastest hop was (contributed +0.169); the average time between hops (contributed +0.120); how tightly-timed the slowest hop was (contributed +0.077).,"[Anomaly] Driven by: an atypical number of transactions (contributed +0.169); an unusually high number of incoming payments (contributed +0.159); an unusually high number of outgoing payments (contributed +0.129). [Peeling-chain, P=1.00] Driven by: how tightly-timed the fastest hop was (contributed +0.169); the average time between hops (contributed +0.120); how tightly-timed the slowest hop was (contributed +0.077)."
bc1qqwfwp9k1uoaa2qyruy4kj8gvskoi4swh0tt9kv,4.144783350484714e-06,0.5050362215090634,1.0,1.0,True,peeling,False,Flagged for: statistically anomalous behavior (anomaly score 0.51); participation in a high-confidence peeling chain (probability 1.00).,1.505040366292414,Driven by: an unusually high number of incoming payments (contributed +0.222); an atypical number of transactions (contributed +0.221); an atypical time-of-day transaction pattern (contributed +0.178).,Driven by: how tightly-timed the fastest hop was (contributed +0.173); the average time between hops (contributed +0.122); how tightly-timed the slowest hop was (contributed +0.084).,"[Anomaly] Driven by: an unusually high number of incoming payments (contributed +0.222); an atypical number of transactions (contributed +0.221); an atypical time-of-day transaction pattern (contributed +0.178). [Peeling-chain, P=1.00] Driven by: how tightly-timed the fastest hop was (contributed +0.173); the average time between hops (contributed +0.122); how tightly-timed the slowest hop was (contributed +0.084)."
bc1qledo515igjzae557o7rci2afi41jip23rb1w0x,3.838000411896583e-06,0.4992498466245264,1.0,1.0,True,peeling,False,Flagged for: participation in a high-confidence peeling chain (probability 1.00).,1.4992536846249382,Driven by: an unusually high number of outgoing payments (contributed +0.140); an unusually high transaction frequency (contributed +0.068); physically implausible peer geo-velocity (contributed +0.012).,Driven by: how tightly-timed the fastest hop was (contributed +0.169); the average time between hops (contributed +0.111); how tightly-timed the slowest hop was (contributed +0.077).,"[Peeling-chain, P=1.00] Driven by: how tightly-timed the fastest hop was (contributed +0.169); the average time between hops (contributed +0.111); how tightly-timed the slowest hop was (contributed +0.077)."
bc1qd2rttdwospe14ot4fpuh7znjzhobhgs59ymzy6,1.7926875709169337e-05,0.4970590249450861,1.0,1.0,True,peeling,False,Flagged for: participation in a high-confidence peeling chain (probability 1.00).,1.4970769518207954,Driven by: an atypical number of transactions (contributed +0.174); an unusually high number of incoming payments (contributed +0.162); an unusually high number of outgoing payments (contributed +0.130).,Driven by: how tightly-timed the fastest hop was (contributed +0.169); the average time between hops (contributed +0.106); how tightly-timed the slowest hop was (contributed +0.077).,"[Peeling-chain, P=1.00] Driven by: how tightly-timed the fastest hop was (contributed +0.169); the average time between hops (contributed +0.106); how tightly-timed the slowest hop was (contributed +0.077)."
bc1q4dqxin67273jyzbb27s9bu1dgej1dg6fwronbv,7.319202263164856e-08,0.496821769108857,1.0,1.0,True,peeling,False,Flagged for: participation in a high-confidence peeling chain (probability 1.00).,1.4968218423008797,Driven by: an unusually high number of incoming payments (contributed +0.180); an atypical number of transactions (contributed +0.173); an unusually high number of outgoing payments (contributed +0.141).,Driven by: how tightly-timed the fastest hop was (contributed +0.169); the average time between hops (contributed +0.111); how tightly-timed the slowest hop was (contributed +0.077).,"[Peeling-chain, P=1.00] Driven by: how tightly-timed the fastest hop was (contributed +0.169); the average time between hops (contributed +0.111); how tightly-timed the slowest hop was (contributed +0.077)."
bc1q1w7kf0fkaiezadesvtyjicvrd7m1v9e79gk0so,8.77992734088299e-07,0.4948849570547641,1.0,1.0,True,peeling,False,Flagged for: participation in a high-confidence peeling chain (probability 1.00).,1.4948858350474985,Driven by: an unusually high number of incoming payments (contributed +0.181); an atypical number of transactions (contributed +0.173); an unusually high number of outgoing payments (contributed +0.141).,Driven by: how tightly-timed the fastest hop was (contributed +0.169); the average time between hops (contributed +0.111); how tightly-timed the slowest hop was (contributed +0.077).,"[Peeling-chain, P=1.00] Driven by: how tightly-timed the fastest hop was (contributed +0.169); the average time between hops (contributed +0.111); how tightly-timed the slowest hop was (contributed +0.077)."
bc1qj0ua9o6h0feeb9i9exbnxdxwbc1jlidiggn92f,1.91101743779683e-05,0.4916292334190937,1.0,1.0,True,peeling,False,Flagged for: participation in a high-confidence peeling chain (probability 1.00).,1.4916483435934715,Driven by: an unusually high transaction frequency (contributed +0.137); an atypical time-of-day transaction pattern (contributed +0.127); an atypical number of transactions (contributed +0.112).,Driven by: how tightly-timed the fastest hop was (contributed +0.169); the average time between hops (contributed +0.106); how tightly-timed the slowest hop was (contributed +0.077).,"[Peeling-chain, P=1.00] Driven by: how tightly-timed the fastest hop was (contributed +0.169); the average time between hops (contributed +0.106); how tightly-timed the slowest hop was (contributed +0.077)."
bc1qd9y9b1yp4bg4w4hp5amvov4oyiz9iycr0l32u5,6.716766773211614e-06,0.4881686039850134,1.0,1.0,True,peeling,False,Flagged for: participation in a high-confidence peeling chain (probability 1.00).,1.4881753207517867,Driven by: an atypical number of transactions (contributed +0.178); an unusually high number of incoming payments (contributed +0.165); an unusually high number of outgoing payments (contributed +0.131).,Driven by: how tightly-timed the fastest hop was (contributed +0.169); the average time between hops (contributed +0.123); how tightly-timed the slowest hop was (contributed +0.078).,"[Peeling-chain, P=1.00] Driven by: how tightly-timed the fastest hop was (contributed +0.169); the average time between hops (contributed +0.123); how tightly-timed the slowest hop was (contributed +0.078)."
bc1qsr3jfyusq1u97rwjvie6dueprtiry3ti0m2q22,2.4645832914870987e-05,0.4876565070865201,1.0,1.0,True,peeling,False,Flagged for: participation in a high-confidence peeling chain (probability 1.00).,1.4876811529194351,Driven by: an unusually extreme single transaction amount (contributed +0.236); an unusually high transaction frequency (contributed +0.178); unusually large average transaction amount (contributed +0.177).,Driven by: how tightly-timed the fastest hop was (contributed +0.173); the average time between hops (contributed +0.122); how tightly-timed the slowest hop was (contributed +0.084).,"[Peeling-chain, P=1.00] Driven by: how tightly-timed the fastest hop was (contributed +0.173); the average time between hops (contributed +0.122); how tightly-timed the slowest hop was (contributed +0.084)."
bc1q46pl5nbti1ncv10x6wm1xrp4jdva787tag2m09,1.9426733866087267e-05,0.483714952479383,1.0,1.0,True,peeling,False,Flagged for: participation in a high-confidence peeling chain (probability 1.00).,1.4837343792132491,Driven by: an unusually high number of incoming payments (contributed +0.177); an atypical number of transactions (contributed +0.172); an unusually high number of outgoing payments (contributed +0.141).,Driven by: how tightly-timed the fastest hop was (contributed +0.169); the average time between hops (contributed +0.106); how tightly-timed the slowest hop was (contributed +0.077).,"[Peeling-chain, P=1.00] Driven by: how tightly-timed the fastest hop was (contributed +0.169); the average time between hops (contributed +0.106); how tightly-timed the slowest hop was (contributed +0.077)."
bc1qit8d9gx2hivdts8mg00crz17a8rnxpwnua6tdx,1.3337354077375402e-06,0.4836443266024338,1.0,1.0,True,peeling,False,Flagged for: participation in a high-confidence peeling chain (probability 1.00).,1.4836456603378416,Driven by: an unusually high number of outgoing payments (contributed +0.199); an unusually high number of incoming payments (contributed +0.190); an atypical number of transactions (contributed +0.178).,Driven by: how tightly-timed the fastest hop was (contributed +0.173); the average time between hops (contributed +0.122); how tightly-timed the slowest hop was (contributed +0.084).,"[Peeling-chain, P=1.00] Driven by: how tightly-timed the fastest hop was (contributed +0.173); the average time between hops (contributed +0.122); how tightly-timed the slowest hop was (contributed +0.084)."
bc1qlba0x9a8f8bor2keg7v48tpg7uv5ipbxmmnr1v,0.0004464444240854,0.4808645904389232,1.0,1.0,True,peeling,False,Flagged for: participation in a high-confidence peeling chain (probability 1.00).,1.4813110348630087,Driven by: an unusually high number of incoming payments (contributed +0.191); an atypical number of transactions (contributed +0.171); an unusually high number of outgoing payments (contributed +0.163).,Driven by: how tightly-timed the fastest hop was (contributed +0.176); the average time between hops (contributed +0.123); how tightly-timed the slowest hop was (contributed +0.081).,"[Peeling-chain, P=1.00] Driven by: how tightly-timed the fastest hop was (contributed +0.176); the average time between hops (contributed +0.123); how tightly-timed the slowest hop was (contributed +0.081)."
bc1qte0y4hi5bhj3kfxsmtsvawnwgxv38pfitcgm6e,2.1677559517679105e-06,0.4791765645149385,1.0,1.0,True,peeling,False,Flagged for: participation in a high-confidence peeling chain (probability 1.00).,1.4791787322708905,Driven by: an unusually high number of incoming payments (contributed +0.202); an unusually high transaction frequency (contributed +0.105); physically implausible peer geo-velocity (contributed +0.041).,Driven by: how tightly-timed the fastest hop was (contributed +0.176); the average time between hops (contributed +0.123); how tightly-timed the slowest hop was (contributed +0.081).,"[Peeling-chain, P=1.00] Driven by: how tightly-timed the fastest hop was (contributed +0.176); the average time between hops (contributed +0.123); how tightly-timed the slowest hop was (contributed +0.081)."
bc1qlmi1j1z322kaioz46te5u9in7ofhepn3vwtkcn,2.2693475174007096e-06,0.47693495335039,1.0,1.0,True,peeling,False,Flagged for: participation in a high-confidence peeling chain (probability 1.00).,1.4769372226979074,Driven by: an unusually high number of incoming payments (contributed +0.195); an atypical number of transactions (contributed +0.094); an unusually high number of outgoing payments (contributed +0.035).,Driven by: how tightly-timed the fastest hop was (contributed +0.168); the average time between hops (contributed +0.126); how tightly-timed the slowest hop was (contributed +0.081).,"[Peeling-chain, P=1.00] Driven by: how tightly-timed the fastest hop was (contributed +0.168); the average time between hops (contributed +0.126); how tightly-timed the slowest hop was (contributed +0.081)."
bc1qd7gd0nwevhvqe5kn0w0brnb84xx9jc01jr5gxq,1.036667500377705e-05,0.4710808094525725,1.0,1.0,True,peeling,False,Flagged for: participation in a high-confidence peeling chain (probability 1.00).,1.4710911761275762,Driven by: an atypical number of transactions (contributed +0.177); an unusually high number of incoming payments (contributed +0.160); an unusually high number of outgoing payments (contributed +0.137).,Driven by: how tightly-timed the fastest hop was (contributed +0.169); the average time between hops (contributed +0.111); how tightly-timed the slowest hop was (contributed +0.074).,"[Peeling-chain, P=1.00] Driven by: how tightly-timed the fastest hop was (contributed +0.169); the average time between hops (contributed +0.111); how tightly-timed the slowest hop was (contributed +0.074)."
bc1qjme129ymwaz5gke1rzt23942irjji6cmyul3di,7.580389118115921e-06,0.4626977302908863,1.0,1.0,True,peeling,False,Flagged for: participation in a high-confidence peeling chain (probability 1.00).,1.4627053106800043,Driven by: an unusually high number of incoming payments (contributed +0.171); an atypical number of transactions (contributed +0.161); an unusually high number of outgoing payments (contributed +0.141).,Driven by: how tightly-timed the fastest hop was (contributed +0.169); the average time between hops (contributed +0.114); how tightly-timed the slowest hop was (contributed +0.078).,"[Peeling-chain, P=1.00] Driven by: how tightly-timed the fastest hop was (contributed +0.169); the average time between hops (contributed +0.114); how tightly-timed the slowest hop was (contributed +0.078)."
bc1q94i1q2g15r83y7418grzrky8raquefimddx13t,7.998389473319227e-06,0.4619779040249276,1.0,1.0,True,peeling,False,Flagged for: participation in a high-confidence peeling chain (probability 1.00).,1.4619859024144009,Driven by: an atypical number of transactions (contributed +0.186); an unusually high number of incoming payments (contributed +0.180); an unusually high number of outgoing payments (contributed +0.134).,Driven by: how tightly-timed the fastest hop was (contributed +0.169); the average time between hops (contributed +0.123); how tightly-timed the slowest hop was (contributed +0.078).,"[Peeling-chain, P=1.00] Driven by: how tightly-timed the fastest hop was (contributed +0.169); the average time between hops (contributed +0.123); how tightly-timed the slowest hop was (contributed +0.078)."
bc1qviy3zt3p6srd84bqq8dywwmoc0bj98uud7kw64,8.277853091697804e-06,0.4602877073519293,1.0,1.0,True,peeling,False,Flagged for: participation in a high-confidence peeling chain (probability 1.00).,1.460295985205021,Driven by: an atypical number of transactions (contributed +0.187); an unusually high number of incoming payments (contributed +0.165); an unusually high number of outgoing payments (contributed +0.133).,Driven by: how tightly-timed the fastest hop was (contributed +0.169); the average time between hops (contributed +0.123); how tightly-timed the slowest hop was (contributed +0.078).,"[Peeling-chain, P=1.00] Driven by: how tightly-timed the fastest hop was (contributed +0.169); the average time between hops (contributed +0.123); how tightly-timed the slowest hop was (contributed +0.078)."
bc1qc6lbpj8t22c50b8y5dnwnguczh9ier7u8h0imj,1.658966394156976e-06,0.4594294205889249,1.0,1.0,True,peeling,False,Flagged for: participation in a high-confidence peeling chain (probability 1.00).,1.4594310795553191,Driven by: an unusually high number of incoming payments (contributed +0.190); an atypical number of transactions (contributed +0.179); an unusually high number of outgoing payments (contributed +0.151).,Driven by: how tightly-timed the fastest hop was (contributed +0.169); the average time between hops (contributed +0.120); how tightly-timed the slowest hop was (contributed +0.077).,"[Peeling-chain, P=1.00] Driven by: how tightly-timed the fastest hop was (contributed +0.169); the average time between hops (contributed +0.120); how tightly-timed the slowest hop was (contributed +0.077)."
bc1q46t5bc1u0zq3g0rrsxqsaaye8s2wcz5g19qguy,7.504079379478636e-06,0.4536948395697018,1.0,1.0,True,peeling,False,Flagged for: participation in a high-confidence peeling chain (probability 1.00).,1.4537023436490812,Driven by: an atypical number of transactions (contributed +0.183); an unusually high number of incoming payments (contributed +0.168); an unusually high number of outgoing payments (contributed +0.135).,Driven by: how tightly-timed the fastest hop was (contributed +0.169); the average time between hops (contributed +0.111); how tightly-timed the slowest hop was (contributed +0.077).,"[Peeling-chain, P=1.00] Driven by: how tightly-timed the fastest hop was (contributed +0.169); the average time between hops (contributed +0.111); how tightly-timed the slowest hop was (contributed +0.077)."
bc1qaard7dq8vdgwmqebn26f4dqwml7o610hlsefgb,0.0017183289282475,0.4510597760934911,1.0,1.0,True,peeling,False,Flagged for: participation in a high-confidence peeling chain (probability 1.00).,1.4527781050217388,Driven by: an unusually high number of incoming payments (contributed +0.197); an atypical number of transactions (contributed +0.179); an unusually high number of outgoing payments (contributed +0.158).,Driven by: how tightly-timed the fastest hop was (contributed +0.169); the average time between hops (contributed +0.111); how tightly-timed the slowest hop was (contributed +0.074).,"[Peeling-chain, P=1.00] Driven by: how tightly-timed the fastest hop was (contributed +0.169); the average time between hops (contributed +0.111); how tightly-timed the slowest hop was (contributed +0.074)."
bc1qc67aibxjunms9m6egzgaap5uvk3oqqwm0dt08n,9.422864896714034e-07,0.4519411821409144,1.0,1.0,True,peeling,False,Flagged for: participation in a high-confidence peeling chain (probability 1.00).,1.451942124427404,Driven by: unusually large average transaction amount (contributed +0.205); an unusually extreme single transaction amount (contributed +0.197).,Driven by: how tightly-timed the fastest hop was (contributed +0.169); the average time between hops (contributed +0.111); how tightly-timed the slowest hop was (contributed +0.077).,"[Peeling-chain, P=1.00] Driven by: how tightly-timed the fastest hop was (contributed +0.169); the average time between hops (contributed +0.111); how tightly-timed the slowest hop was (contributed +0.077)."
bc1qc9qh1j5tac9pfhj1oycfz61i3eyj5q0s9ajygz,3.795278421326577e-05,0.4507283257367395,1.0,1.0,True,peeling,False,Flagged for: participation in a high-confidence peeling chain (probability 1.00).,1.4507662785209527,Driven by: an unusually high number of outgoing payments (contributed +0.200); an atypical number of transactions (contributed +0.192); an unusually high number of incoming payments (contributed +0.180).,Driven by: how tightly-timed the fastest hop was (contributed +0.176); the average time between hops (contributed +0.123); how tightly-timed the slowest hop was (contributed +0.081).,"[Peeling-chain, P=1.00] Driven by: how tightly-timed the fastest hop was (contributed +0.176); the average time between hops (contributed +0.123); how tightly-timed the slowest hop was (contributed +0.081)."
bc1qt1500eeod1vaa4ltv5lx9beahza9t0z6m9zmxz,6.706962165071855e-06,0.447573105200618,1.0,1.0,True,peeling,False,Flagged for: participation in a high-confidence peeling chain (probability 1.00).,1.4475798121627832,Driven by: an unusually high number of outgoing payments (contributed +0.194); an unusually high transaction frequency (contributed +0.161).,Driven by: how tightly-timed the fastest hop was (contributed +0.176); the average time between hops (contributed +0.123); how tightly-timed the slowest hop was (contributed +0.081).,"[Peeling-chain, P=1.00] Driven by: how tightly-timed the fastest hop was (contributed +0.176); the average time between hops (contributed +0.123); how tightly-timed the slowest hop was (contributed +0.081)."
bc1q3wug0rqap37lxmzkg8jwnuk491rz84ems8e809,3.735978631380912e-06,0.4431744882366424,1.0,1.0,True,peeling,False,Flagged for: participation in a high-confidence peeling chain (probability 1.00).,1.443178224215274,Driven by: an atypical number of transactions (contributed +0.185); an unusually high number of incoming payments (contributed +0.166); an unusually high number of outgoing payments (contributed +0.142).,Driven by: how tightly-timed the fastest hop was (contributed +0.169); the average time between hops (contributed +0.123); how tightly-timed the slowest hop was (contributed +0.078).,"[Peeling-chain, P=1.00] Driven by: how tightly-timed the fastest hop was (contributed +0.169); the average time between hops (contributed +0.123); how tightly-timed the slowest hop was (contributed +0.078)."
bc1qhvbfy15k945y9kgmfvf3nys3uui5xbof8yh8km,2.8174168236071507e-06,0.4423713093848179,1.0,1.0,True,peeling,False,Flagged for: participation in a high-confidence peeling chain (probability 1.00).,1.4423741268016417,Driven by: an atypical number of transactions (contributed +0.176); an unusually high number of incoming payments (contributed +0.169); an unusually high number of outgoing payments (contributed +0.147).,Driven by: how tightly-timed the fastest hop was (contributed +0.169); the average time between hops (contributed +0.111); how tightly-timed the slowest hop was (contributed +0.077).,"[Peeling-chain, P=1.00] Driven by: how tightly-timed the fastest hop was (contributed +0.169); the average time between hops (contributed +0.111); how tightly-timed the slowest hop was (contributed +0.077)."
bc1qb7oxyvbz4gjhjj30u2vjf17acwf6pzifs4s5qt,0.0002199492772068,0.4397063777741525,1.0,1.0,True,peeling,False,Flagged for: participation in a high-confidence peeling chain (probability 1.00).,1.4399263270513594,Driven by: unusually large average transaction amount (contributed +0.229); an unusually extreme single transaction amount (contributed +0.193); an unusually high number of outgoing payments (contributed +0.043).,Driven by: how tightly-timed the fastest hop was (contributed +0.169); the average time between hops (contributed +0.111); how tightly-timed the slowest hop was (contributed +0.074).,"[Peeling-chain, P=1.00] Driven by: how tightly-timed the fastest hop was (contributed +0.169); the average time between hops (contributed +0.111); how tightly-timed the slowest hop was (contributed +0.074)."
bc1qd2iptndbbcfcjtqejppttxwgcuu54heaglrhhk,1.2806585751023676e-05,0.4392716274207432,1.0,1.0,True,peeling,False,Flagged for: participation in a high-confidence peeling chain (probability 1.00).,1.4392844340064943,Driven by: an atypical number of transactions (contributed +0.188); an unusually high number of incoming payments (contributed +0.187); an unusually high number of outgoing payments (contributed +0.144).,Driven by: how tightly-timed the fastest hop was (contributed +0.169); the average time between hops (contributed +0.111); how tightly-timed the slowest hop was (contributed +0.077).,"[Peeling-chain, P=1.00] Driven by: how tightly-timed the fastest hop was (contributed +0.169); the average time between hops (contributed +0.111); how tightly-timed the slowest hop was (contributed +0.077)."
bc1q418zitzhx2g7u6x8w1qxsr97jxi6qxcwni30yv,4.105177953249975e-06,0.4334603904323352,1.0,1.0,True,peeling,False,Flagged for: participation in a high-confidence peeling chain (probability 1.00).,1.4334644956102884,Driven by: an unusually high number of incoming payments (contributed +0.184); an atypical number of transactions (contributed +0.173); an unusually high number of outgoing payments (contributed +0.162).,Driven by: how tightly-timed the fastest hop was (contributed +0.169); the average time between hops (contributed +0.111); how tightly-timed the slowest hop was (contributed +0.077).,"[Peeling-chain, P=1.00] Driven by: how tightly-timed the fastest hop was (contributed +0.169); the average time between hops (contributed +0.111); how tightly-timed the slowest hop was (contributed +0.077)."
bc1qk7596d4htuw52rb3bihf19j2vp8c6roczq1fzx,4.813200931418408e-06,0.4333118208896437,1.0,1.0,True,peeling,False,Flagged for: participation in a high-confidence peeling chain (probability 1.00).,1.4333166340905752,Driven by: an atypical number of transactions (contributed +0.189); an unusually high number of incoming payments (contributed +0.187); an unusually high number of outgoing payments (contributed +0.146).,Driven by: how tightly-timed the fastest hop was (contributed +0.169); the average time between hops (contributed +0.123); how tightly-timed the slowest hop was (contributed +0.078).,"[Peeling-chain, P=1.00] Driven by: how tightly-timed the fastest hop was (contributed +0.169); the average time between hops (contributed +0.123); how tightly-timed the slowest hop was (contributed +0.078)."
bc1qpriludqd6od6ih10ejqbeccxhj4wupr4tw5s63,4.061213651666946e-06,0.4326654167541031,1.0,1.0,True,peeling,False,Flagged for: participation in a high-confidence peeling chain (probability 1.00).,1.432669477967755,Driven by: unusually large average transaction amount (contributed +0.214); consistently high peer geo-velocity (contributed +0.118); physically implausible peer geo-velocity (contributed +0.022).,Driven by: how tightly-timed the fastest hop was (contributed +0.176); the average time between hops (contributed +0.123); how tightly-timed the slowest hop was (contributed +0.081).,"[Peeling-chain, P=1.00] Driven by: how tightly-timed the fastest hop was (contributed +0.176); the average time between hops (contributed +0.123); how tightly-timed the slowest hop was (contributed +0.081)."
bc1qtl48ornrfj6ns395pavh9ks02qh4e3u4ooxa8r,1.179579477826926e-05,0.4311234492277621,1.0,1.0,True,peeling,False,Flagged for: participation in a high-confidence peeling chain (probability 1.00).,1.4311352450225403,Driven by: an atypical number of transactions (contributed +0.182); an unusually high number of incoming payments (contributed +0.173); an unusually high number of outgoing payments (contributed +0.145).,Driven by: how tightly-timed the fastest hop was (contributed +0.169); the average time between hops (contributed +0.111); how tightly-timed the slowest hop was (contributed +0.074).,"[Peeling-chain, P=1.00] Driven by: how tightly-timed the fastest hop was (contributed +0.169); the average time between hops (contributed +0.111); how tightly-timed the slowest hop was (contributed +0.074)."
bc1q8q0p5mw1c8n3vo0en9uu2y4ix0hy9kdppeq1zj,6.880146448856274e-06,0.4231948146585605,1.0,1.0,True,peeling,False,Flagged for: participation in a high-confidence peeling chain (probability 1.00).,1.4232016948050092,Driven by: an atypical number of transactions (contributed +0.182); an unusually high number of incoming payments (contributed +0.175); an unusually high number of outgoing payments (contributed +0.144).,Driven by: how tightly-timed the fastest hop was (contributed +0.169); the average time between hops (contributed +0.111); how tightly-timed the slowest hop was (contributed +0.074).,"[Peeling-chain, P=1.00] Driven by: how tightly-timed the fastest hop was (contributed +0.169); the average time between hops (contributed +0.111); how tightly-timed the slowest hop was (contributed +0.074)."
bc1qb1yoa8os23sbkp1l4wfxfmd13ug3zj395eri8d,4.826727481594465e-06,0.4136713853482598,1.0,1.0,True,peeling,False,Flagged for: participation in a high-confidence peeling chain (probability 1.00).,1.4136762120757411,Driven by: an unusually high number of incoming payments (contributed +0.180); an atypical number of transactions (contributed +0.172); an unusually high number of outgoing payments (contributed +0.140).,Driven by: how tightly-timed the fastest hop was (contributed +0.169); the average time between hops (contributed +0.114); how tightly-timed the slowest hop was (contributed +0.078).,"[Peeling-chain, P=1.00] Driven by: how tightly-timed the fastest hop was (contributed +0.169); the average time between hops (contributed +0.114); how tightly-timed the slowest hop was (contributed +0.078)."
bc1qajn23t8agedxqwbmj6v9ic8haj0irsc965qv3q,1.2953544267746607e-06,0.4075993993924311,1.0,1.0,True,peeling,False,Flagged for: participation in a high-confidence peeling chain (probability 1.00).,1.4076006947468578,Driven by: an atypical number of transactions (contributed +0.192); an unusually high number of incoming payments (contributed +0.188); an unusually high number of outgoing payments (contributed +0.142).,Driven by: how tightly-timed the fastest hop was (contributed +0.169); the average time between hops (contributed +0.114); how tightly-timed the slowest hop was (contributed +0.078).,"[Peeling-chain, P=1.00] Driven by: how tightly-timed the fastest hop was (contributed +0.169); the average time between hops (contributed +0.114); how tightly-timed the slowest hop was (contributed +0.078)."
bc1qhr59c81do6ouz1egntb34kuqaaj84rx6pryiej,7.575895942254807e-06,0.4046197352004818,1.0,1.0,True,"coinjoin,peeling",False,Flagged for: participation in a high-confidence peeling chain (probability 1.00).,1.404627311096424,Driven by: an atypical time-of-day transaction pattern (contributed +0.235); an unusually high number of incoming payments (contributed +0.227); an unusually high number of outgoing payments (contributed +0.221).,Driven by: how tightly-timed the fastest hop was (contributed +0.169); the average time between hops (contributed +0.120); how tightly-timed the slowest hop was (contributed +0.077).,"[Peeling-chain, P=1.00] Driven by: how tightly-timed the fastest hop was (contributed +0.169); the average time between hops (contributed +0.120); how tightly-timed the slowest hop was (contributed +0.077)."
bc1qb5gtnobc2f8dnz3lvr26ompi8yh6grbkcy7qfu,0.0004491989716859,0.4032203871852037,1.0,1.0,True,peeling,False,Flagged for: participation in a high-confidence peeling chain (probability 1.00).,1.4036695861568895,Driven by: an unusually high number of incoming payments (contributed +0.206); an atypical number of transactions (contributed +0.199); an unusually high number of outgoing payments (contributed +0.159).,Driven by: how tightly-timed the fastest hop was (contributed +0.169); the average time between hops (contributed +0.111); how tightly-timed the slowest hop was (contributed +0.074).,"[Peeling-chain, P=1.00] Driven by: how tightly-timed the fastest hop was (contributed +0.169); the average time between hops (contributed +0.111); how tightly-timed the slowest hop was (contributed +0.074)."
bc1qrbnvl0os3x23ietyr9x20bw2mrllgu1tlxzb63,6.42126496749572e-06,0.3989494292520119,1.0,1.0,True,peeling,False,Flagged for: participation in a high-confidence peeling chain (probability 1.00).,1.3989558505169797,Driven by: an atypical number of transactions (contributed +0.190); an unusually high number of incoming payments (contributed +0.183); an unusually high number of outgoing payments (contributed +0.144).,Driven by: how tightly-timed the fastest hop was (contributed +0.169); the average time between hops (contributed +0.111); how tightly-timed the slowest hop was (contributed +0.077).,"[Peeling-chain, P=1.00] Driven by: how tightly-timed the fastest hop was (contributed +0.169); the average time between hops (contributed +0.111); how tightly-timed the slowest hop was (contributed +0.077)."
bc1qby7uxu23vd141avye45qz9vx4xsq60mv6w2jgz,7.270267945756473e-06,0.3967111515675862,1.0,1.0,True,peeling,False,Flagged for: participation in a high-confidence peeling chain (probability 1.00).,1.396718421835532,Driven by: an atypical number of transactions (contributed +0.205); an unusually high number of incoming payments (contributed +0.189); an unusually high number of outgoing payments (contributed +0.148).,Driven by: how tightly-timed the fastest hop was (contributed +0.169); the average time between hops (contributed +0.111); how tightly-timed the slowest hop was (contributed +0.077).,"[Peeling-chain, P=1.00] Driven by: how tightly-timed the fastest hop was (contributed +0.169); the average time between hops (contributed +0.111); how tightly-timed the slowest hop was (contributed +0.077)."
bc1qx3t8c7itiouray2ymvl2pjccxgk2ysi9zf3xiz,8.07267622970591e-05,0.3954058229199687,1.0,1.0,True,peeling,False,Flagged for: participation in a high-confidence peeling chain (probability 1.00).,1.3954865496822657,Driven by: an unusually high number of incoming payments (contributed +0.191); an atypical number of transactions (contributed +0.191); an unusually high number of outgoing payments (contributed +0.156).,Driven by: how tightly-timed the fastest hop was (contributed +0.169); the average time between hops (contributed +0.114); how tightly-timed the slowest hop was (contributed +0.078).,"[Peeling-chain, P=1.00] Driven by: how tightly-timed the fastest hop was (contributed +0.169); the average time between hops (contributed +0.114); how tightly-timed the slowest hop was (contributed +0.078)."
bc1qnu1uxf45x0ley2wz6ddy65mox9fxq6s27380uk,3.0486842147342143e-06,0.3937411934314552,1.0,1.0,True,peeling,False,Flagged for: participation in a high-confidence peeling chain (probability 1.00).,1.39374424211567,Driven by: an atypical number of transactions (contributed +0.191); an unusually high number of incoming payments (contributed +0.190); an unusually high number of outgoing payments (contributed +0.150).,Driven by: how tightly-timed the fastest hop was (contributed +0.169); the average time between hops (contributed +0.111); how tightly-timed the slowest hop was (contributed +0.077).,"[Peeling-chain, P=1.00] Driven by: how tightly-timed the fastest hop was (contributed +0.169); the average time between hops (contributed +0.111); how tightly-timed the slowest hop was (contributed +0.077)."
bc1qhzh54g8tbzopso6jprzdi1eodl6urbjsad0j2n,7.479522847253059e-06,0.3932629620724045,1.0,1.0,True,peeling,False,Flagged for: participation in a high-confidence peeling chain (probability 1.00).,1.3932704415952517,Driven by: an unusually high number of incoming payments (contributed +0.193); an atypical number of transactions (contributed +0.188); an unusually high number of outgoing payments (contributed +0.156).,Driven by: how tightly-timed the fastest hop was (contributed +0.169); the average time between hops (contributed +0.123); how tightly-timed the slowest hop was (contributed +0.078).,"[Peeling-chain, P=1.00] Driven by: how tightly-timed the fastest hop was (contributed +0.169); the average time between hops (contributed +0.123); how tightly-timed the slowest hop was (contributed +0.078)."
bc1q06ftlo4qdbxvh7katqydshlv76mf4nnkm95d0p,1.2885101466677372e-05,0.3902046709183669,1.0,1.0,True,peeling,False,Flagged for: participation in a high-confidence peeling chain (probability 1.00).,1.3902175560198335,Driven by: an unusually high number of incoming payments (contributed +0.193); an atypical number of transactions (contributed +0.190); an unusually high number of outgoing payments (contributed +0.157).,Driven by: how tightly-timed the fastest hop was (contributed +0.169); the average time between hops (contributed +0.120); how tightly-timed the slowest hop was (contributed +0.077).,"[Peeling-chain, P=1.00] Driven by: how tightly-timed the fastest hop was (contributed +0.169); the average time between hops (contributed +0.120); how tightly-timed the slowest hop was (contributed +0.077)."
bc1qppqpxykfo7iqxbs000dk4k1nvkeeslvakv3x2c,6.91548387454914e-06,0.3823685853128577,1.0,1.0,True,peeling,False,Flagged for: participation in a high-confidence peeling chain (probability 1.00).,1.3823755007967322,Driven by: an atypical number of transactions (contributed +0.201); an unusually high number of incoming payments (contributed +0.191); an unusually high number of outgoing payments (contributed +0.155).,Driven by: how tightly-timed the fastest hop was (contributed +0.169); the average time between hops (contributed +0.111); how tightly-timed the slowest hop was (contributed +0.077).,"[Peeling-chain, P=1.00] Driven by: how tightly-timed the fastest hop was (contributed +0.169); the average time between hops (contributed +0.111); how tightly-timed the slowest hop was (contributed +0.077)."
bc1qxxwnrsnimux73a4rh7gn938ky4yuowziut00aa,2.274745025712785e-05,0.3783378169524752,1.0,1.0,True,peeling,False,Flagged for: participation in a high-confidence peeling chain (probability 1.00).,1.3783605644027324,Driven by: an atypical number of transactions (contributed +0.205); an unusually high number of incoming payments (contributed +0.191); an unusually high number of outgoing payments (contributed +0.154).,Driven by: how tightly-timed the fastest hop was (contributed +0.169); the average time between hops (contributed +0.114); how tightly-timed the slowest hop was (contributed +0.078).,"[Peeling-chain, P=1.00] Driven by: how tightly-timed the fastest hop was (contributed +0.169); the average time between hops (contributed +0.114); how tightly-timed the slowest hop was (contributed +0.078)."
bc1q71phquz3mpkst69pv6lr0lu57bq0u75cnxle9l,9.760974588176122e-06,0.3733867023478884,1.0,1.0,True,peeling,False,Flagged for: participation in a high-confidence peeling chain (probability 1.00).,1.373396463322477,Driven by: an atypical number of transactions (contributed +0.193); an unusually high number of incoming payments (contributed +0.192); an unusually high number of outgoing payments (contributed +0.147).,Driven by: how tightly-timed the fastest hop was (contributed +0.169); the average time between hops (contributed +0.114); how tightly-timed the slowest hop was (contributed +0.078).,"[Peeling-chain, P=1.00] Driven by: how tightly-timed the fastest hop was (contributed +0.169); the average time between hops (contributed +0.114); how tightly-timed the slowest hop was (contributed +0.078)."
bc1ql745csf0almwnmj0sisj424iq93h5ywl94mopa,4.232520036995397e-06,0.3723861060939344,1.0,1.0,True,peeling,False,Flagged for: participation in a high-confidence peeling chain (probability 1.00).,1.3723903386139715,Driven by: an atypical number of transactions (contributed +0.204); an unusually high number of incoming payments (contributed +0.196); an unusually high number of outgoing payments (contributed +0.159).,Driven by: how tightly-timed the fastest hop was (contributed +0.169); the average time between hops (contributed +0.123); how tightly-timed the slowest hop was (contributed +0.078).,"[Peeling-chain, P=1.00] Driven by: how tightly-timed the fastest hop was (contributed +0.169); the average time between hops (contributed +0.123); how tightly-timed the slowest hop was (contributed +0.078)."
bc1qdo4xxwxj46t9dnzwss9v66dqa4svkxb3ctojtf,1.2308633636574338e-05,0.3719434880782724,1.0,1.0,True,peeling,False,Flagged for: participation in a high-confidence peeling chain (probability 1.00).,1.371955796711909,Driven by: unusually large average transaction amount (contributed +0.254); an unusually high transaction frequency (contributed +0.173); an unusually extreme single transaction amount (contributed +0.126).,Driven by: how tightly-timed the fastest hop was (contributed +0.169); the average time between hops (contributed +0.106); how tightly-timed the slowest hop was (contributed +0.077).,"[Peeling-chain, P=1.00] Driven by: how tightly-timed the fastest hop was (contributed +0.169); the average time between hops (contributed +0.106); how tightly-timed the slowest hop was (contributed +0.077)."
bc1qkuhyd07dvrmy93pomv7mbci56fjpz42q8bz53g,7.912264847923806e-06,0.3707587666673825,1.0,1.0,True,peeling,False,Flagged for: participation in a high-confidence peeling chain (probability 1.00).,1.3707666789322306,Driven by: an atypical number of transactions (contributed +0.210); an unusually high number of incoming payments (contributed +0.200); an unusually high number of outgoing payments (contributed +0.161).,Driven by: how tightly-timed the fastest hop was (contributed +0.169); the average time between hops (contributed +0.111); how tightly-timed the slowest hop was (contributed +0.077).,"[Peeling-chain, P=1.00] Driven by: how tightly-timed the fastest hop was (contributed +0.169); the average time between hops (contributed +0.111); how tightly-timed the slowest hop was (contributed +0.077)."
bc1q811id07t3ljokbzvyx9d18k9vak1vpangw3paj,3.001725301764664e-06,0.3655067499666793,1.0,1.0,True,peeling,False,Flagged for: participation in a high-confidence peeling chain (probability 1.00).,1.3655097516919812,Driven by: an unusually high number of outgoing payments (contributed +0.218); an unusually high number of incoming payments (contributed +0.201); an atypical number of transactions (contributed +0.183).,Driven by: how tightly-timed the fastest hop was (contributed +0.168); the average time between hops (contributed +0.126); how tightly-timed the slowest hop was (contributed +0.081).,"[Peeling-chain, P=1.00] Driven by: how tightly-timed the fastest hop was (contributed +0.168); the average time between hops (contributed +0.126); how tightly-timed the slowest hop was (contributed +0.081)."
bc1qw29py5kh2nxxms3rag0kxxkxnoad78qig6uo3z,4.282922678290293e-06,0.3627532695629215,1.0,1.0,True,peeling,False,Flagged for: participation in a high-confidence peeling chain (probability 1.00).,1.3627575524855997,Driven by: an unusually high number of incoming payments (contributed +0.191); an atypical number of transactions (contributed +0.189); an unusually high number of outgoing payments (contributed +0.154).,Driven by: how tightly-timed the fastest hop was (contributed +0.168); the average time between hops (contributed +0.126); how tightly-timed the slowest hop was (contributed +0.081).,"[Peeling-chain, P=1.00] Driven by: how tightly-timed the fastest hop was (contributed +0.168); the average time between hops (contributed +0.126); how tightly-timed the slowest hop was (contributed +0.081)."
bc1qdzo392ptg8325iupz883lfuok8cysh6xqguudj,7.157233463472989e-06,0.3616840021903811,1.0,1.0,True,peeling,False,Flagged for: participation in a high-confidence peeling chain (probability 1.00).,1.3616911594238446,Driven by: an atypical number of transactions (contributed +0.209); an unusually high number of incoming payments (contributed +0.195); an unusually high number of outgoing payments (contributed +0.161).,Driven by: how tightly-timed the fastest hop was (contributed +0.169); the average time between hops (contributed +0.111); how tightly-timed the slowest hop was (contributed +0.074).,"[Peeling-chain, P=1.00] Driven by: how tightly-timed the fastest hop was (contributed +0.169); the average time between hops (contributed +0.111); how tightly-timed the slowest hop was (contributed +0.074)."
bc1q5hsts68cfff8tx134l8xafsumuxqjctpvev64g,3.917063707453985e-06,0.3591745617011603,1.0,1.0,True,peeling,False,Flagged for: participation in a high-confidence peeling chain (probability 1.00).,1.3591784787648675,Driven by: an unusually high number of incoming payments (contributed +0.170); an unusually high number of outgoing payments (contributed +0.167); an atypical number of transactions (contributed +0.164).,Driven by: how tightly-timed the fastest hop was (contributed +0.168); the average time between hops (contributed +0.126); how tightly-timed the slowest hop was (contributed +0.081).,"[Peeling-chain, P=1.00] Driven by: how tightly-timed the fastest hop was (contributed +0.168); the average time between hops (contributed +0.126); how tightly-timed the slowest hop was (contributed +0.081)."
bc1qrsiv34j008cydvxvxyi1o46mzju1ucvm5o9coo,2.218871687716713e-06,0.3591658160943604,1.0,1.0,True,peeling,False,Flagged for: participation in a high-confidence peeling chain (probability 1.00).,1.3591680349660482,Driven by: an atypical number of transactions (contributed +0.199); an unusually high number of incoming payments (contributed +0.185); an unusually high number of outgoing payments (contributed +0.152).,Driven by: how tightly-timed the fastest hop was (contributed +0.168); the average time between hops (contributed +0.118); how tightly-timed the slowest hop was (contributed +0.081).,"[Peeling-chain, P=1.00] Driven by: how tightly-timed the fastest hop was (contributed +0.168); the average time between hops (contributed +0.118); how tightly-timed the slowest hop was (contributed +0.081)."
bc1qdemm0uez19yei8p4yedn2z2v17tz63rrpncsqc,5.706045620043472e-06,0.3570176459370155,1.0,1.0,True,peeling,False,Flagged for: participation in a high-confidence peeling chain (probability 1.00).,1.3570233519826356,Driven by: an atypical number of transactions (contributed +0.213); an unusually high number of incoming payments (contributed +0.199); an unusually high number of outgoing payments (contributed +0.152).,Driven by: how tightly-timed the fastest hop was (contributed +0.169); the average time between hops (contributed +0.111); how tightly-timed the slowest hop was (contributed +0.077).,"[Peeling-chain, P=1.00] Driven by: how tightly-timed the fastest hop was (contributed +0.169); the average time between hops (contributed +0.111); how tightly-timed the slowest hop was (contributed +0.077)."
bc1q0yn4o5u58pdd8taiauxy9or1ati2huxmozxraz,9.83178854200979e-06,0.3503143236132517,1.0,1.0,True,peeling,False,Flagged for: participation in a high-confidence peeling chain (probability 1.00).,1.3503241554017935,Driven by: an atypical number of transactions (contributed +0.119); an atypical time-of-day transaction pattern (contributed +0.113); consistently high peer geo-velocity (contributed +0.067).,Driven by: how tightly-timed the fastest hop was (contributed +0.169); the average time between hops (contributed +0.111); how tightly-timed the slowest hop was (contributed +0.077).,"[Peeling-chain, P=1.00] Driven by: how tightly-timed the fastest hop was (contributed +0.169); the average time between hops (contributed +0.111); how tightly-timed the slowest hop was (contributed +0.077)."
bc1q31jwz55h7w8fkroufyb7e8v0mtb77meuuydux8,7.371589964429648e-06,0.3463190410312198,1.0,1.0,True,peeling,False,Flagged for: participation in a high-confidence peeling chain (probability 1.00).,1.3463264126211842,Driven by: an unusually high number of incoming payments (contributed +0.206); an atypical number of transactions (contributed +0.203); an unusually high number of outgoing payments (contributed +0.162).,Driven by: how tightly-timed the fastest hop was (contributed +0.169); the average time between hops (contributed +0.111); how tightly-timed the slowest hop was (contributed +0.074).,"[Peeling-chain, P=1.00] Driven by: how tightly-timed the fastest hop was (contributed +0.169); the average time between hops (contributed +0.111); how tightly-timed the slowest hop was (contributed +0.074)."
bc1qfp64thu9qoo3t91aay0a1v9q3r1ss07zp3ufr4,8.265101541272675e-07,0.3375773222263939,1.0,1.0,True,peeling,False,Flagged for: participation in a high-confidence peeling chain (probability 1.00).,1.337578148736548,Driven by: an unusually high number of incoming payments (contributed +0.163); unusually large average transaction amount (contributed +0.145); an unusually high number of outgoing payments (contributed +0.128).,Driven by: how tightly-timed the fastest hop was (contributed +0.169); the average time between hops (contributed +0.123); how tightly-timed the slowest hop was (contributed +0.078).,"[Peeling-chain, P=1.00] Driven by: how tightly-timed the fastest hop was (contributed +0.169); the average time between hops (contributed +0.123); how tightly-timed the slowest hop was (contributed +0.078)."
bc1qbk6dhx16h7009wvnf751vutpqcmsv1r9y7n17l,2.5651647820131645e-06,0.3308738163740923,1.0,1.0,True,peeling,False,Flagged for: participation in a high-confidence peeling chain (probability 1.00).,1.3308763815388744,Driven by: an atypical number of transactions (contributed +0.201); an unusually high number of incoming payments (contributed +0.175); an unusually high number of outgoing payments (contributed +0.169).,Driven by: how tightly-timed the fastest hop was (contributed +0.168); the average time between hops (contributed +0.118); how tightly-timed the slowest hop was (contributed +0.081).,"[Peeling-chain, P=1.00] Driven by: how tightly-timed the fastest hop was (contributed +0.168); the average time between hops (contributed +0.118); how tightly-timed the slowest hop was (contributed +0.081)."
bc1qhb9eeq0cx5j1iipnqrpjz3n3m4lhckxpda6c6w,3.662624254236357e-06,0.3308009201450678,1.0,1.0,True,peeling,False,Flagged for: participation in a high-confidence peeling chain (probability 1.00).,1.330804582769322,Driven by: an unusually high number of outgoing payments (contributed +0.238); an atypical number of transactions (contributed +0.189); an unusually high number of incoming payments (contributed +0.176).,Driven by: how tightly-timed the fastest hop was (contributed +0.168); the average time between hops (contributed +0.118); how tightly-timed the slowest hop was (contributed +0.081).,"[Peeling-chain, P=1.00] Driven by: how tightly-timed the fastest hop was (contributed +0.168); the average time between hops (contributed +0.118); how tightly-timed the slowest hop was (contributed +0.081)."
bc1qpoxrteo2t8fy620n8tteavt8k06moxsfh4gg24,9.915998327634818e-06,0.3244857261040789,1.0,1.0,True,peeling,False,Flagged for: participation in a high-confidence peeling chain (probability 1.00).,1.3244956421024066,Driven by: unusually large average transaction amount (contributed +0.302); an unusually high transaction frequency (contributed +0.167); an unusually extreme single transaction amount (contributed +0.048).,Driven by: how tightly-timed the fastest hop was (contributed +0.168); the average time between hops (contributed +0.126); how tightly-timed the slowest hop was (contributed +0.081).,"[Peeling-chain, P=1.00] Driven by: how tightly-timed the fastest hop was (contributed +0.168); the average time between hops (contributed +0.126); how tightly-timed the slowest hop was (contributed +0.081)."
bc1q5k5dj3rzql0h5qqjvwuptvn29mrqvd7x1jmh6t,1.3607464145484114e-06,0.3136249754596657,1.0,1.0,True,peeling,False,Flagged for: participation in a high-confidence peeling chain (probability 1.00).,1.3136263362060805,Driven by: unusually large average transaction amount (contributed +0.211); an unusually extreme single transaction amount (contributed +0.176); an atypical time-of-day transaction pattern (contributed +0.120).,Driven by: how tightly-timed the fastest hop was (contributed +0.168); the average time between hops (contributed +0.118); how tightly-timed the slowest hop was (contributed +0.081).,"[Peeling-chain, P=1.00] Driven by: how tightly-timed the fastest hop was (contributed +0.168); the average time between hops (contributed +0.118); how tightly-timed the slowest hop was (contributed +0.081)."
bc1q93qnybmc06wrpx7j86fbojpgjjbkdypjz5eicu,0.013219971663794,0.282578539988338,1.0,1.0,False,,False,Flagged for: participation in a high-confidence peeling chain (probability 1.00).,1.295798511652132,Driven by: an unusually extreme single transaction amount (contributed +0.095); an unusually high transaction frequency (contributed +0.080); unusually large average transaction amount (contributed +0.013).,Driven by: how tightly-timed the fastest hop was (contributed +0.169); the average time between hops (contributed +0.111); how tightly-timed the slowest hop was (contributed +0.074).,"[Peeling-chain, P=1.00] Driven by: how tightly-timed the fastest hop was (contributed +0.169); the average time between hops (contributed +0.111); how tightly-timed the slowest hop was (contributed +0.074)."
bc1q8ueno88uogmvv6v3v020iltr9uqrvn2aejgs5j,1.912196463748046e-06,0.2931837442518182,1.0,1.0,True,peeling,False,Flagged for: participation in a high-confidence peeling chain (probability 1.00).,1.293185656448282,Driven by: an unusually high number of incoming payments (contributed +0.209); physically implausible peer geo-velocity (contributed +0.162); an unusually high transaction frequency (contributed +0.160).,Driven by: how tightly-timed the fastest hop was (contributed +0.168); the average time between hops (contributed +0.126); how tightly-timed the slowest hop was (contributed +0.081).,"[Peeling-chain, P=1.00] Driven by: how tightly-timed the fastest hop was (contributed +0.168); the average time between hops (contributed +0.126); how tightly-timed the slowest hop was (contributed +0.081)."
bc1qbq6fwsklws8onkctq7vin5lvdo8yu98gfex6dc,2.177099760033751e-06,0.2905171924669448,1.0,1.0,True,peeling,False,Flagged for: participation in a high-confidence peeling chain (probability 1.00).,1.2905193695667048,Driven by: unusually large average transaction amount (contributed +0.272); consistently high peer geo-velocity (contributed +0.038).,Driven by: how tightly-timed the fastest hop was (contributed +0.169); the average time between hops (contributed +0.111); how tightly-timed the slowest hop was (contributed +0.077).,"[Peeling-chain, P=1.00] Driven by: how tightly-timed the fastest hop was (contributed +0.169); the average time between hops (contributed +0.111); how tightly-timed the slowest hop was (contributed +0.077)."
bc1q1b86isvyyrkpoywm42yjmleqmj1ssqvrua7bl1,7.728690083779834e-06,0.2735394382503323,1.0,1.0,True,peeling,False,Flagged for: participation in a high-confidence peeling chain (probability 1.00).,1.273547166940416,Driven by: an atypical time-of-day transaction pattern (contributed +0.252); an unusually high number of incoming payments (contributed +0.237); an unusually high number of outgoing payments (contributed +0.235).,Driven by: how tightly-timed the fastest hop was (contributed +0.169); the average time between hops (contributed +0.123); how tightly-timed the slowest hop was (contributed +0.078).,"[Peeling-chain, P=1.00] Driven by: how tightly-timed the fastest hop was (contributed +0.169); the average time between hops (contributed +0.123); how tightly-timed the slowest hop was (contributed +0.078)."
bc1q1bb2yaj1wr892kdpyta7d589tocp8fp1k8rzuo,6.865089996700209e-06,0.2689267421790856,1.0,1.0,True,peeling,False,Flagged for: participation in a high-confidence peeling chain (probability 1.00).,1.2689336072690822,Driven by: an unusually high number of outgoing payments (contributed +0.275); an atypical time-of-day transaction pattern (contributed +0.257); an atypical number of transactions (contributed +0.216).,Driven by: how tightly-timed the fastest hop was (contributed +0.169); the average time between hops (contributed +0.111); how tightly-timed the slowest hop was (contributed +0.077).,"[Peeling-chain, P=1.00] Driven by: how tightly-timed the fastest hop was (contributed +0.169); the average time between hops (contributed +0.111); how tightly-timed the slowest hop was (contributed +0.077)."
bc1qin3oeuvtyt8qzpky32orwixz2c9ros7yt2m6tw,2.849187687989688e-06,0.2544010151748879,1.0,1.0,True,peeling,False,Flagged for: participation in a high-confidence peeling chain (probability 1.00).,1.254403864362576,Driven by: unusually large average transaction amount (contributed +0.284); an unusually extreme single transaction amount (contributed +0.275); an unusually high transaction frequency (contributed +0.223).,Driven by: how tightly-timed the fastest hop was (contributed +0.169); the average time between hops (contributed +0.106); how tightly-timed the slowest hop was (contributed +0.077).,"[Peeling-chain, P=1.00] Driven by: how tightly-timed the fastest hop was (contributed +0.169); the average time between hops (contributed +0.106); how tightly-timed the slowest hop was (contributed +0.077)."
bc1qeoz906gnhh4oipr11v127my89sfqeri7b03rag,0.0046869462342424,0.2473450472839882,1.0,1.0,True,peeling,False,Flagged for: participation in a high-confidence peeling chain (probability 1.00).,1.2520319935182307,Driven by: an unusually high transaction frequency (contributed +0.277); an unusually extreme single transaction amount (contributed +0.261); unusually large average transaction amount (contributed +0.226).,Driven by: how tightly-timed the fastest hop was (contributed +0.169); the average time between hops (contributed +0.106); how tightly-timed the slowest hop was (contributed +0.077).,"[Peeling-chain, P=1.00] Driven by: how tightly-timed the fastest hop was (contributed +0.169); the average time between hops (contributed +0.106); how tightly-timed the slowest hop was (contributed +0.077)."
bc1qz4xutxbe5nw8r3mu50cs9qb62j77rueoc7jnx8,7.415664763454266e-07,0.2429282972169828,1.0,1.0,True,peeling,False,Flagged for: participation in a high-confidence peeling chain (probability 1.00).,1.2429290387834593,Driven by: unusually large average transaction amount (contributed +0.242); consistently high peer geo-velocity (contributed +0.096); an unusually extreme single transaction amount (contributed +0.082).,Driven by: how tightly-timed the fastest hop was (contributed +0.169); the average time between hops (contributed +0.123); how tightly-timed the slowest hop was (contributed +0.078).,"[Peeling-chain, P=1.00] Driven by: how tightly-timed the fastest hop was (contributed +0.169); the average time between hops (contributed +0.123); how tightly-timed the slowest hop was (contributed +0.078)."
bc1qzmvutiymr0az0znz3t1wm3eqlsu8mijpw105uv,6.619194195173714e-07,0.2410702643310992,1.0,1.0,True,peeling,False,Flagged for: participation in a high-confidence peeling chain (probability 1.00).,1.2410709262505188,Driven by: an unusually high transaction frequency (contributed +0.282); unusually large average transaction amount (contributed +0.165).,Driven by: how tightly-timed the fastest hop was (contributed +0.173); the average time between hops (contributed +0.122); how tightly-timed the slowest hop was (contributed +0.084).,"[Peeling-chain, P=1.00] Driven by: how tightly-timed the fastest hop was (contributed +0.173); the average time between hops (contributed +0.122); how tightly-timed the slowest hop was (contributed +0.084)."
bc1qw5zs9bk4ufsvuxzuykmg3duvschl80zd8ip5ob,8.581524958249562e-07,0.2102312365051164,1.0,1.0,True,peeling,False,Flagged for: participation in a high-confidence peeling chain (probability 1.00).,1.2102320946576124,Driven by: unusually large average transaction amount (contributed +0.304); an unusually high number of outgoing payments (contributed +0.234); an atypical time-of-day transaction pattern (contributed +0.039).,Driven by: how tightly-timed the fastest hop was (contributed +0.169); the average time between hops (contributed +0.123); how tightly-timed the slowest hop was (contributed +0.078).,"[Peeling-chain, P=1.00] Driven by: how tightly-timed the fastest hop was (contributed +0.169); the average time between hops (contributed +0.123); how tightly-timed the slowest hop was (contributed +0.078)."
bc1qrbc76ub7l8v1zocfi4o6l1f90s9bp4m18o1bj9,0.0005749345652156,0.2008212299107422,1.0,1.0,False,,False,Flagged for: participation in a high-confidence peeling chain (probability 1.00).,1.201396164475958,Driven by: consistently high peer geo-velocity (contributed +0.228); an unusually high transaction frequency (contributed +0.193); unusually large average transaction amount (contributed +0.092).,Driven by: how tightly-timed the fastest hop was (contributed +0.169); the average time between hops (contributed +0.111); how tightly-timed the slowest hop was (contributed +0.074).,"[Peeling-chain, P=1.00] Driven by: how tightly-timed the fastest hop was (contributed +0.169); the average time between hops (contributed +0.111); how tightly-timed the slowest hop was (contributed +0.074)."
bc1q6k8z6r5cqm24bihb24ay2v58f22ejpkc0xtyvr,6.738021263643239e-07,0.1992980246957222,1.0,1.0,True,peeling,False,Flagged for: participation in a high-confidence peeling chain (probability 1.00).,1.1992986984978486,Driven by: an unusually high number of outgoing payments (contributed +0.252); an atypical time-of-day transaction pattern (contributed +0.236); an atypical number of transactions (contributed +0.207).,Driven by: how tightly-timed the fastest hop was (contributed +0.169); the average time between hops (contributed +0.111); how tightly-timed the slowest hop was (contributed +0.077).,"[Peeling-chain, P=1.00] Driven by: how tightly-timed the fastest hop was (contributed +0.169); the average time between hops (contributed +0.111); how tightly-timed the slowest hop was (contributed +0.077)."
bc1qcgspfrj2nwban52v58ng0dlhxbaac6qdcv2iyq,1.0804247382356137e-06,0.1891277613436247,1.0,1.0,True,peeling,False,Flagged for: participation in a high-confidence peeling chain (probability 1.00).,1.189128841768363,Driven by: unusually large average transaction amount (contributed +0.264); an unusually extreme single transaction amount (contributed +0.218); an unusually high transaction frequency (contributed +0.165).,Driven by: how tightly-timed the fastest hop was (contributed +0.169); the average time between hops (contributed +0.114); how tightly-timed the slowest hop was (contributed +0.078).,"[Peeling-chain, P=1.00] Driven by: how tightly-timed the fastest hop was (contributed +0.169); the average time between hops (contributed +0.114); how tightly-timed the slowest hop was (contributed +0.078)."
bc1qfpj0i9wkh5z649hcf4j2bcy7txb60i8c9fn01j,5.425225586634042e-07,0.1671860003056874,1.0,1.0,True,peeling,False,Flagged for: participation in a high-confidence peeling chain (probability 1.00).,1.167186542828246,Driven by: unusually large average transaction amount (contributed +0.251); an atypical time-of-day transaction pattern (contributed +0.245); an unusually high number of outgoing payments (contributed +0.236).,Driven by: how tightly-timed the fastest hop was (contributed +0.169); the average time between hops (contributed +0.111); how tightly-timed the slowest hop was (contributed +0.077).,"[Peeling-chain, P=1.00] Driven by: how tightly-timed the fastest hop was (contributed +0.169); the average time between hops (contributed +0.111); how tightly-timed the slowest hop was (contributed +0.077)."
bc1q4w7rpnkgd8abfs83jq1nkwm3n3e1i0b4dj7n79,7.775969259508821e-06,0.1589621169804854,1.0,1.0,True,peeling,False,Flagged for: participation in a high-confidence peeling chain (probability 1.00).,1.158969892949745,Driven by: an atypical time-of-day transaction pattern (contributed +0.298); an unusually high number of outgoing payments (contributed +0.269); an unusually extreme single transaction amount (contributed +0.238).,Driven by: how tightly-timed the fastest hop was (contributed +0.169); the average time between hops (contributed +0.114); how tightly-timed the slowest hop was (contributed +0.078).,"[Peeling-chain, P=1.00] Driven by: how tightly-timed the fastest hop was (contributed +0.169); the average time between hops (contributed +0.114); how tightly-timed the slowest hop was (contributed +0.078)."
bc1qxx60lxet8sjtnwu9s151vl9rz4d4yji359t8zg,7.162175794643185e-06,0.1492090701145752,1.0,1.0,True,peeling,False,Flagged for: participation in a high-confidence peeling chain (probability 1.00).,1.1492162322903698,Driven by: an unusually high transaction frequency (contributed +0.310); an unusually extreme single transaction amount (contributed +0.289); unusually large average transaction amount (contributed +0.251).,Driven by: how tightly-timed the fastest hop was (contributed +0.173); the average time between hops (contributed +0.122); how tightly-timed the slowest hop was (contributed +0.084).,"[Peeling-chain, P=1.00] Driven by: how tightly-timed the fastest hop was (contributed +0.173); the average time between hops (contributed +0.122); how tightly-timed the slowest hop was (contributed +0.084)."
bc1q1c795rlqiob0nlw0vs52sq3b9so0uswbkok3qp,1.369432022807218e-06,0.1436949052069166,1.0,1.0,True,peeling,False,Flagged for: participation in a high-confidence peeling chain (probability 1.00).,1.1436962746389394,Driven by: unusually large average transaction amount (contributed +0.320); an unusually extreme single transaction amount (contributed +0.293); an unusually high transaction frequency (contributed +0.225).,Driven by: how tightly-timed the fastest hop was (contributed +0.169); the average time between hops (contributed +0.120); how tightly-timed the slowest hop was (contributed +0.077).,"[Peeling-chain, P=1.00] Driven by: how tightly-timed the fastest hop was (contributed +0.169); the average time between hops (contributed +0.120); how tightly-timed the slowest hop was (contributed +0.077)."
bc1q9ozo13jf46de7kios320hmh74uz5lq0nh0rudb,1.1139352872817522e-06,0.1382816892394484,1.0,1.0,True,peeling,False,Flagged for: participation in a high-confidence peeling chain (probability 1.00).,1.1382828031747356,Driven by: unusually large average transaction amount (contributed +0.330); an unusually high transaction frequency (contributed +0.134); consistently high peer geo-velocity (contributed +0.120).,Driven by: how tightly-timed the fastest hop was (contributed +0.168); the average time between hops (contributed +0.118); how tightly-timed the slowest hop was (contributed +0.081).,"[Peeling-chain, P=1.00] Driven by: how tightly-timed the fastest hop was (contributed +0.168); the average time between hops (contributed +0.118); how tightly-timed the slowest hop was (contributed +0.081)."
bc1qw59sqwhbef46rf7bnhjw6qdbtfbsciqup06idi,5.104091710589211e-07,0.1372900201779299,1.0,1.0,True,peeling,False,Flagged for: participation in a high-confidence peeling chain (probability 1.00).,1.137290530587101,Driven by: unusually large average transaction amount (contributed +0.320); an unusually high transaction frequency (contributed +0.263); consistently high peer geo-velocity (contributed +0.238).,Driven by: how tightly-timed the fastest hop was (contributed +0.169); the average time between hops (contributed +0.120); how tightly-timed the slowest hop was (contributed +0.077).,"[Peeling-chain, P=1.00] Driven by: how tightly-timed the fastest hop was (contributed +0.169); the average time between hops (contributed +0.120); how tightly-timed the slowest hop was (contributed +0.077)."
bc1qf0bro5xyt861sechxg7fhi7fhrbksbxwjtvtok,1.4591566994309777e-06,0.1181385657755215,1.0,1.0,True,peeling,False,Flagged for: participation in a high-confidence peeling chain (probability 1.00).,1.118140024932221,Driven by: physically implausible peer geo-velocity (contributed +0.331); an unusually high number of incoming payments (contributed +0.230); an unusually high transaction frequency (contributed +0.199).,Driven by: how tightly-timed the fastest hop was (contributed +0.169); the average time between hops (contributed +0.111); how tightly-timed the slowest hop was (contributed +0.074).,"[Peeling-chain, P=1.00] Driven by: how tightly-timed the fastest hop was (contributed +0.169); the average time between hops (contributed +0.111); how tightly-timed the slowest hop was (contributed +0.074)."
bc1qouqjacpttcrdevcjzxcv21rx6mvfynetuy56h2,2.495504918412931e-06,0.1161422088273689,1.0,1.0,True,peeling,False,Flagged for: participation in a high-confidence peeling chain (probability 1.00).,1.1161447043322874,Driven by: an unusually high number of outgoing payments (contributed +0.239); an unusually high transaction frequency (contributed +0.234); an unusually extreme single transaction amount (contributed +0.229).,Driven by: how tightly-timed the fastest hop was (contributed +0.168); the average time between hops (contributed +0.118); how tightly-timed the slowest hop was (contributed +0.081).,"[Peeling-chain, P=1.00] Driven by: how tightly-timed the fastest hop was (contributed +0.168); the average time between hops (contributed +0.118); how tightly-timed the slowest hop was (contributed +0.081)."
bc1qav3g60992a96gorcpacq5ah9og5bmabuhoqjku,8.229802462948896e-07,0.1149569759504932,1.0,1.0,True,peeling,False,Flagged for: participation in a high-confidence peeling chain (probability 1.00).,1.1149577989307395,Driven by: unusually large average transaction amount (contributed +0.340); an unusually high transaction frequency (contributed +0.285); consistently high peer geo-velocity (contributed +0.105).,Driven by: how tightly-timed the fastest hop was (contributed +0.168); the average time between hops (contributed +0.126); how tightly-timed the slowest hop was (contributed +0.081).,"[Peeling-chain, P=1.00] Driven by: how tightly-timed the fastest hop was (contributed +0.168); the average time between hops (contributed +0.126); how tightly-timed the slowest hop was (contributed +0.081)."
bc1qtgduq6ddtbyrgc8kixccsg4ofdtrc85ehpzrv7,1.52601027481098e-05,0.1060599825667286,1.0,1.0,True,peeling,False,Flagged for: participation in a high-confidence peeling chain (probability 1.00).,1.1060752426694769,Driven by: unusually large average transaction amount (contributed +0.348); an unusually extreme single transaction amount (contributed +0.308); an unusually high number of outgoing payments (contributed +0.228).,Driven by: how tightly-timed the fastest hop was (contributed +0.169); the average time between hops (contributed +0.111); how tightly-timed the slowest hop was (contributed +0.077).,"[Peeling-chain, P=1.00] Driven by: how tightly-timed the fastest hop was (contributed +0.169); the average time between hops (contributed +0.111); how tightly-timed the slowest hop was (contributed +0.077)."
bc1qatdux63rr8jpvq308n32k1ihkpju9hr6f27p6s,2.0202825353625227e-06,0.1043389420525412,1.0,1.0,True,peeling,False,Flagged for: participation in a high-confidence peeling chain (probability 1.00).,1.1043409623350766,Driven by: an atypical time-of-day transaction pattern (contributed +0.317); an unusually high number of outgoing payments (contributed +0.240); an atypical number of transactions (contributed +0.226).,Driven by: how tightly-timed the fastest hop was (contributed +0.168); the average time between hops (contributed +0.118); how tightly-timed the slowest hop was (contributed +0.081).,"[Peeling-chain, P=1.00] Driven by: how tightly-timed the fastest hop was (contributed +0.168); the average time between hops (contributed +0.118); how tightly-timed the slowest hop was (contributed +0.081)."
bc1qo62k5tsg5gqvaugs664fn80m9eweupahl52iru,1.0289939589516944e-06,0.1042045978451521,1.0,1.0,True,peeling,False,Flagged for: participation in a high-confidence peeling chain (probability 1.00).,1.1042056268391112,Driven by: unusually large average transaction amount (contributed +0.301); an unusually extreme single transaction amount (contributed +0.280); an unusually high transaction frequency (contributed +0.225).,Driven by: how tightly-timed the fastest hop was (contributed +0.169); the average time between hops (contributed +0.123); how tightly-timed the slowest hop was (contributed +0.078).,"[Peeling-chain, P=1.00] Driven by: how tightly-timed the fastest hop was (contributed +0.169); the average time between hops (contributed +0.123); how tightly-timed the slowest hop was (contributed +0.078)."
bc1qilpqfbqw1hukb6mxz1yj74q7svoq85t27fz092,1.37514675789024e-06,0.1004088308498911,1.0,1.0,True,peeling,False,Flagged for: participation in a high-confidence peeling chain (probability 1.00).,1.100410205996649,Driven by: unusually large average transaction amount (contributed +0.325); an unusually high transaction frequency (contributed +0.232); an unusually high number of outgoing payments (contributed +0.219).,Driven by: how tightly-timed the fastest hop was (contributed +0.169); the average time between hops (contributed +0.111); how tightly-timed the slowest hop was (contributed +0.077).,"[Peeling-chain, P=1.00] Driven by: how tightly-timed the fastest hop was (contributed +0.169); the average time between hops (contributed +0.111); how tightly-timed the slowest hop was (contributed +0.077)."
bc1q8o34lpqk5fp7ah2csanhapywdrdpmpcejcilpj,1.5688268387215006e-06,0.0846097544981475,1.0,1.0,True,peeling,False,Flagged for: participation in a high-confidence peeling chain (probability 1.00).,1.0846113233249863,Driven by: unusually large average transaction amount (contributed +0.305); an unusually extreme single transaction amount (contributed +0.303); an unusually high transaction frequency (contributed +0.282).,Driven by: how tightly-timed the fastest hop was (contributed +0.169); the average time between hops (contributed +0.106); how tightly-timed the slowest hop was (contributed +0.077).,"[Peeling-chain, P=1.00] Driven by: how tightly-timed the fastest hop was (contributed +0.169); the average time between hops (contributed +0.106); how tightly-timed the slowest hop was (contributed +0.077)."
bc1qxui8lpy058e6plui46hdv8i969sfi30m85yai7,1.9008676020348729e-06,0.0713866454975525,1.0,1.0,True,peeling,False,Flagged for: participation in a high-confidence peeling chain (probability 1.00).,1.0713885463651545,Driven by: physically implausible peer geo-velocity (contributed +0.349); an unusually high number of incoming payments (contributed +0.245); unusually large average transaction amount (contributed +0.229).,Driven by: how tightly-timed the fastest hop was (contributed +0.169); the average time between hops (contributed +0.111); how tightly-timed the slowest hop was (contributed +0.077).,"[Peeling-chain, P=1.00] Driven by: how tightly-timed the fastest hop was (contributed +0.169); the average time between hops (contributed +0.111); how tightly-timed the slowest hop was (contributed +0.077)."
bc1q5dkqbo8pnbifeuo4w2c0pmou6ez96sjmhj6c6a,4.121729194717524e-05,0.0686338438213131,1.0,1.0,True,peeling,False,Flagged for: participation in a high-confidence peeling chain (probability 1.00).,1.0686750611132605,Driven by: physically implausible peer geo-velocity (contributed +0.348); unusually large average transaction amount (contributed +0.259); an unusually high number of incoming payments (contributed +0.243).,Driven by: how tightly-timed the fastest hop was (contributed +0.169); the average time between hops (contributed +0.111); how tightly-timed the slowest hop was (contributed +0.074).,"[Peeling-chain, P=1.00] Driven by: how tightly-timed the fastest hop was (contributed +0.169); the average time between hops (contributed +0.111); how tightly-timed the slowest hop was (contributed +0.074)."
bc1qr2zehkbicicdbpu4d4niv12dkz49foeffo48ea,6.874778045682248e-08,0.0676349188318407,1.0,1.0,True,peeling,False,Flagged for: participation in a high-confidence peeling chain (probability 1.00).,1.0676349875796212,Driven by: physically implausible peer geo-velocity (contributed +0.350); an unusually high number of incoming payments (contributed +0.245); unusually large average transaction amount (contributed +0.235).,Driven by: how tightly-timed the fastest hop was (contributed +0.169); the average time between hops (contributed +0.111); how tightly-timed the slowest hop was (contributed +0.077).,"[Peeling-chain, P=1.00] Driven by: how tightly-timed the fastest hop was (contributed +0.169); the average time between hops (contributed +0.111); how tightly-timed the slowest hop was (contributed +0.077)."
bc1qj4pki46ji5enmmpvckjmxcmhycsxf1gehw9rh3,0.000110715768424,0.0673672934232617,1.0,1.0,False,,False,Flagged for: participation in a high-confidence peeling chain (probability 1.00).,1.0674780091916858,Driven by: physically implausible peer geo-velocity (contributed +0.353); an unusually high number of incoming payments (contributed +0.245); unusually large average transaction amount (contributed +0.241).,Driven by: how tightly-timed the fastest hop was (contributed +0.169); the average time between hops (contributed +0.111); how tightly-timed the slowest hop was (contributed +0.074).,"[Peeling-chain, P=1.00] Driven by: how tightly-timed the fastest hop was (contributed +0.169); the average time between hops (contributed +0.111); how tightly-timed the slowest hop was (contributed +0.074)."
bc1qjy193at6mdvbo10ggov1crmgvgq2uokff5v7ij,1.2398222388219489e-06,0.0600275966724385,1.0,1.0,True,peeling,False,Flagged for: participation in a high-confidence peeling chain (probability 1.00).,1.0600288364946773,Driven by: physically implausible peer geo-velocity (contributed +0.350); unusually large average transaction amount (contributed +0.318); an unusually high number of incoming payments (contributed +0.248).,Driven by: how tightly-timed the fastest hop was (contributed +0.169); the average time between hops (contributed +0.111); how tightly-timed the slowest hop was (contributed +0.074).,"[Peeling-chain, P=1.00] Driven by: how tightly-timed the fastest hop was (contributed +0.169); the average time between hops (contributed +0.111); how tightly-timed the slowest hop was (contributed +0.074)."
bc1q682yf7qtz1ruy5r8t9450xpoi73t2gqyltx182,1.0,0.0600275966724385,0.0,1.0,False,,True,Flagged for: network proximity to known cash-out wallets (propagated risk 1.00).,1.0600275966724386,Driven by: physically implausible peer geo-velocity (contributed +0.350); unusually large average transaction amount (contributed +0.318); an unusually high number of incoming payments (contributed +0.248).,,[Network] Proximity to known cash-out wallets (propagated risk 1.00).
bc1q9arau76uxv2o2qszo1i736mv3t0kg6umh4gblc,7.314114084771473e-07,0.0532950484228894,1.0,1.0,True,peeling,False,Flagged for: participation in a high-confidence peeling chain (probability 1.00).,1.053295779834298,Driven by: an atypical time-of-day transaction pattern (contributed +0.308); unusually large average transaction amount (contributed +0.289); an unusually high transaction frequency (contributed +0.229).,Driven by: how tightly-timed the fastest hop was (contributed +0.169); the average time between hops (contributed +0.111); how tightly-timed the slowest hop was (contributed +0.077).,"[Peeling-chain, P=1.00] Driven by: how tightly-timed the fastest hop was (contributed +0.169); the average time between hops (contributed +0.111); how tightly-timed the slowest hop was (contributed +0.077)."
bc1qd1xmxb9yo18pajssuuqo1vsmado8e7flqhrrpz,2.7735897986889904e-07,0.0439551491954112,1.0,1.0,True,peeling,False,Flagged for: participation in a high-confidence peeling chain (probability 1.00).,1.043955426554391,Driven by: an atypical time-of-day transaction pattern (contributed +0.310); an unusually extreme single transaction amount (contributed +0.275); an unusually high number of incoming payments (contributed +0.254).,Driven by: how tightly-timed the fastest hop was (contributed +0.173); the average time between hops (contributed +0.122); how tightly-timed the slowest hop was (contributed +0.084).,"[Peeling-chain, P=1.00] Driven by: how tightly-timed the fastest hop was (contributed +0.173); the average time between hops (contributed +0.122); how tightly-timed the slowest hop was (contributed +0.084)."
bc1qz2y3c0eq4aw8jhe5s517dxj17x6xda71ebvfwb,5.007719616704948e-07,0.0305920639103731,1.0,1.0,True,peeling,False,Flagged for: participation in a high-confidence peeling chain (probability 1.00).,1.0305925646823348,Driven by: unusually large average transaction amount (contributed +0.380); physically implausible peer geo-velocity (contributed +0.378); an unusually high number of incoming payments (contributed +0.252).,Driven by: how tightly-timed the fastest hop was (contributed +0.168); the average time between hops (contributed +0.126); how tightly-timed the slowest hop was (contributed +0.081).,"[Peeling-chain, P=1.00] Driven by: how tightly-timed the fastest hop was (contributed +0.168); the average time between hops (contributed +0.126); how tightly-timed the slowest hop was (contributed +0.081)."
bc1qp7xhz2fdnptwefkf4hn6mgwnomfug7lvv0kk1r,1.0252469235992765e-06,0.0278765429269809,1.0,1.0,True,peeling,False,Flagged for: participation in a high-confidence peeling chain (probability 1.00).,1.0278775681739043,Driven by: unusually large average transaction amount (contributed +0.394); physically implausible peer geo-velocity (contributed +0.384); an unusually high number of incoming payments (contributed +0.258).,Driven by: how tightly-timed the fastest hop was (contributed +0.169); the average time between hops (contributed +0.114); how tightly-timed the slowest hop was (contributed +0.078).,"[Peeling-chain, P=1.00] Driven by: how tightly-timed the fastest hop was (contributed +0.169); the average time between hops (contributed +0.114); how tightly-timed the slowest hop was (contributed +0.078)."
bc1qj1wjbd48ajzr8mezrrcfplbxl30kaszbvye1ii,6.357190289896638e-07,0.0278643454511882,1.0,1.0,True,peeling,False,Flagged for: participation in a high-confidence peeling chain (probability 1.00).,1.0278649811702172,Driven by: unusually large average transaction amount (contributed +0.397); physically implausible peer geo-velocity (contributed +0.382); an unusually high number of incoming payments (contributed +0.258).,Driven by: how tightly-timed the fastest hop was (contributed +0.169); the average time between hops (contributed +0.111); how tightly-timed the slowest hop was (contributed +0.077).,"[Peeling-chain, P=1.00] Driven by: how tightly-timed the fastest hop was (contributed +0.169); the average time between hops (contributed +0.111); how tightly-timed the slowest hop was (contributed +0.077)."
bc1qtpwd0g2vorfsl0jjmby6i17etmysbtl03710me,4.305808801707738e-07,0.0273392788255395,1.0,1.0,True,peeling,False,Flagged for: participation in a high-confidence peeling chain (probability 1.00).,1.0273397094064198,Driven by: unusually large average transaction amount (contributed +0.402); physically implausible peer geo-velocity (contributed +0.377); an unusually high number of incoming payments (contributed +0.259).,Driven by: how tightly-timed the fastest hop was (contributed +0.168); the average time between hops (contributed +0.118); how tightly-timed the slowest hop was (contributed +0.081).,"[Peeling-chain, P=1.00] Driven by: how tightly-timed the fastest hop was (contributed +0.168); the average time between hops (contributed +0.118); how tightly-timed the slowest hop was (contributed +0.081)."
bc1q88nv6yyx0102ottx57lyq9vj2vdy6beg22418i,2.369311364899875e-07,0.0229944462040801,1.0,1.0,True,peeling,False,Flagged for: participation in a high-confidence peeling chain (probability 1.00).,1.0229946831352166,Driven by: physically implausible peer geo-velocity (contributed +0.386); unusually large average transaction amount (contributed +0.372); an unusually extreme single transaction amount (contributed +0.264).,Driven by: how tightly-timed the fastest hop was (contributed +0.169); the average time between hops (contributed +0.123); how tightly-timed the slowest hop was (contributed +0.078).,"[Peeling-chain, P=1.00] Driven by: how tightly-timed the fastest hop was (contributed +0.169); the average time between hops (contributed +0.123); how tightly-timed the slowest hop was (contributed +0.078)."
bc1qbyk9l1wdx68c4nr1h69m0gakaskdst7ojbqplb,7.551380360480926e-07,0.0187265585214063,1.0,1.0,True,peeling,False,Flagged for: participation in a high-confidence peeling chain (probability 1.00).,1.0187273136594424,Driven by: physically implausible peer geo-velocity (contributed +0.388); unusually large average transaction amount (contributed +0.386); an unusually extreme single transaction amount (contributed +0.295).,Driven by: how tightly-timed the fastest hop was (contributed +0.169); the average time between hops (contributed +0.114); how tightly-timed the slowest hop was (contributed +0.078).,"[Peeling-chain, P=1.00] Driven by: how tightly-timed the fastest hop was (contributed +0.169); the average time between hops (contributed +0.114); how tightly-timed the slowest hop was (contributed +0.078)."
bc1qxa23bt0jwi0p91lerver2yzrgf29il1o5g5u6j,4.60748318581614e-07,0.0169749349841154,1.0,1.0,True,peeling,False,Flagged for: participation in a high-confidence peeling chain (probability 1.00).,1.016975395732434,Driven by: unusually large average transaction amount (contributed +0.392); physically implausible peer geo-velocity (contributed +0.388); an unusually extreme single transaction amount (contributed +0.301).,Driven by: how tightly-timed the fastest hop was (contributed +0.169); the average time between hops (contributed +0.111); how tightly-timed the slowest hop was (contributed +0.074).,"[Peeling-chain, P=1.00] Driven by: how tightly-timed the fastest hop was (contributed +0.169); the average time between hops (contributed +0.111); how tightly-timed the slowest hop was (contributed +0.074)."
bc1qgsy5ybipdlbg7t0lshgdkh8dhx09z9cpcywc9i,4.769684178823556e-07,0.0152145421205905,1.0,1.0,True,peeling,False,Flagged for: participation in a high-confidence peeling chain (probability 1.00).,1.0152150190890084,Driven by: physically implausible peer geo-velocity (contributed +0.395); unusually large average transaction amount (contributed +0.388); an unusually extreme single transaction amount (contributed +0.309).,Driven by: how tightly-timed the fastest hop was (contributed +0.169); the average time between hops (contributed +0.111); how tightly-timed the slowest hop was (contributed +0.074).,"[Peeling-chain, P=1.00] Driven by: how tightly-timed the fastest hop was (contributed +0.169); the average time between hops (contributed +0.111); how tightly-timed the slowest hop was (contributed +0.074)."
bc1q7hdijwpy51fs1ois1wbscyg037gbkk3ilvs5uo,6.872714909364841e-07,0.014503619716197,1.0,1.0,True,peeling,False,Flagged for: participation in a high-confidence peeling chain (probability 1.00).,1.014504306987688,Driven by: unusually large average transaction amount (contributed +0.406); physically implausible peer geo-velocity (contributed +0.398); an unusually extreme single transaction amount (contributed +0.299).,Driven by: how tightly-timed the fastest hop was (contributed +0.169); the average time between hops (contributed +0.114); how tightly-timed the slowest hop was (contributed +0.078).,"[Peeling-chain, P=1.00] Driven by: how tightly-timed the fastest hop was (contributed +0.169); the average time between hops (contributed +0.114); how tightly-timed the slowest hop was (contributed +0.078)."
bc1qdzup68c656831fez0msg1b3jsu4vylcgauai0j,0.9626943621543748,0.0369653055499425,0.97,0.9989222012936824,True,peeling,True,Flagged for: network proximity to known cash-out wallets (propagated risk 0.96); participation in a high-confidence peeling chain (probability 0.97).,1.9696596677043168,Driven by: physically implausible peer geo-velocity (contributed +0.369); unusually large average transaction amount (contributed +0.356); an unusually high number of incoming payments (contributed +0.252).,Driven by: how tightly-timed the fastest hop was (contributed +0.179); the average time between hops (contributed +0.115); chain length (contributed +0.049).,"[Network] Proximity to known cash-out wallets (propagated risk 0.96). [Peeling-chain, P=0.97] Driven by: how tightly-timed the fastest hop was (contributed +0.179); the average time between hops (contributed +0.115); chain length (contributed +0.049)."
bc1qw9xa3kx7eedtjvzhwjr64dpja1wj0tpac56t4u,0.0017860094606506,0.996648127027272,0.1093333333333333,0.9970199304276628,False,,False,Flagged for: statistically anomalous behavior (anomaly score 1.00).,1.107767469821256,No individual feature stood out; flagged only by combined weak signals.,Driven by: the consistency of the peel-to-remainder ratio (contributed +0.013); the size of the starting balance (contributed +0.011); chain length (contributed +0.011).,[Anomaly] No individual feature stood out; flagged only by combined weak signals.
bc1qmszr0mzrd5d7vkc5bnz72wuma4800hersosp89,3.762482476010835e-08,0.432703782871696,0.99,0.9943270380421612,True,peeling,False,Flagged for: participation in a high-confidence peeling chain (probability 0.99).,1.4227038204965208,Driven by: an atypical number of transactions (contributed +0.201); an unusually high number of outgoing payments (contributed +0.196); an unusually high number of incoming payments (contributed +0.182).,Driven by: how tightly-timed the fastest hop was (contributed +0.176); the average time between hops (contributed +0.126); how tightly-timed the slowest hop was (contributed +0.085).,"[Peeling-chain, P=0.99] Driven by: how tightly-timed the fastest hop was (contributed +0.176); the average time between hops (contributed +0.126); how tightly-timed the slowest hop was (contributed +0.085)."
bc1q9z9e076wyk3x5zn9c56b1ubb25k9qhzgirickw,1.3193348270289977e-08,0.36653771432467,0.99,0.9936653772268216,True,peeling,False,Flagged for: participation in a high-confidence peeling chain (probability 0.99).,1.3565377275180182,Driven by: an unusually high number of incoming payments (contributed +0.210); an atypical time-of-day transaction pattern (contributed +0.210); an unusually high number of outgoing payments (contributed +0.205).,Driven by: how tightly-timed the fastest hop was (contributed +0.176); the average time between hops (contributed +0.126); how tightly-timed the slowest hop was (contributed +0.085).,"[Peeling-chain, P=0.99] Driven by: how tightly-timed the fastest hop was (contributed +0.176); the average time between hops (contributed +0.126); how tightly-timed the slowest hop was (contributed +0.085)."
bc1q956jd1bpo49im4knpi91py9t27yfzrklsppczu,1.4817199480331091e-08,0.3550007557628203,0.99,0.993550007653199,True,peeling,False,Flagged for: participation in a high-confidence peeling chain (probability 0.99).,1.3450007705800198,Driven by: an atypical number of transactions (contributed +0.195); an unusually high number of incoming payments (contributed +0.191); an unusually high number of outgoing payments (contributed +0.165).,Driven by: how tightly-timed the fastest hop was (contributed +0.176); the average time between hops (contributed +0.126); how tightly-timed the slowest hop was (contributed +0.085).,"[Peeling-chain, P=0.99] Driven by: how tightly-timed the fastest hop was (contributed +0.176); the average time between hops (contributed +0.126); how tightly-timed the slowest hop was (contributed +0.085)."
bc1q12q4x0808xgbde6tez66190ruiijc57v3wpxwd,2.381209540305199e-07,0.2729356236202331,0.99,0.992729357967495,True,peeling,False,Flagged for: participation in a high-confidence peeling chain (probability 0.99).,1.2629358617411872,Driven by: an unusually high number of incoming payments (contributed +0.213); an unusually high transaction frequency (contributed +0.171); physically implausible peer geo-velocity (contributed +0.169).,Driven by: how tightly-timed the fastest hop was (contributed +0.176); the average time between hops (contributed +0.126); how tightly-timed the slowest hop was (contributed +0.085).,"[Peeling-chain, P=0.99] Driven by: how tightly-timed the fastest hop was (contributed +0.176); the average time between hops (contributed +0.126); how tightly-timed the slowest hop was (contributed +0.085)."
bc1q6qjiujv6oh9sdbdw2pcn9t84azytjxepq85jsg,1.9524567542333084e-05,0.5408822264363073,0.9833333333333334,0.9923481865085382,True,peeling,False,Flagged for: statistically anomalous behavior (anomaly score 0.54); participation in a high-confidence peeling chain (probability 0.98).,1.524235084337183,Driven by: an unusually high transaction frequency (contributed +0.150); consistently high peer geo-velocity (contributed +0.112); physically implausible peer geo-velocity (contributed +0.085).,Driven by: how tightly-timed the fastest hop was (contributed +0.169); the average time between hops (contributed +0.132); how tightly-timed the slowest hop was (contributed +0.085).,"[Anomaly] Driven by: an unusually high transaction frequency (contributed +0.150); consistently high peer geo-velocity (contributed +0.112); physically implausible peer geo-velocity (contributed +0.085). [Peeling-chain, P=0.98] Driven by: how tightly-timed the fastest hop was (contributed +0.169); the average time between hops (contributed +0.132); how tightly-timed the slowest hop was (contributed +0.085)."
bc1q6x3b9kyhkzh6ejebhbw9kckwdhx5wgtm16ymbn,0.0001590596154198,0.110744459354009,0.99,0.9911088590399832,True,peeling,False,Flagged for: participation in a high-confidence peeling chain (probability 0.99).,1.100903518969429,Driven by: an unusually extreme single transaction amount (contributed +0.308); unusually large average transaction amount (contributed +0.247); an unusually high transaction frequency (contributed +0.239).,Driven by: how tightly-timed the fastest hop was (contributed +0.176); the average time between hops (contributed +0.126); how tightly-timed the slowest hop was (contributed +0.085).,"[Peeling-chain, P=0.99] Driven by: how tightly-timed the fastest hop was (contributed +0.176); the average time between hops (contributed +0.126); how tightly-timed the slowest hop was (contributed +0.085)."
bc1qyf84z7ht7ryme6psrb6y2s79vicmnia2y7vfhp,4.4745814400023165e-06,0.3903654534603957,0.9833333333333334,0.9898394696886638,True,peeling,False,Flagged for: participation in a high-confidence peeling chain (probability 0.98).,1.373703261375169,Driven by: an atypical number of transactions (contributed +0.212); an unusually high number of incoming payments (contributed +0.187); an unusually high number of outgoing payments (contributed +0.175).,Driven by: how tightly-timed the fastest hop was (contributed +0.169); the average time between hops (contributed +0.132); how tightly-timed the slowest hop was (contributed +0.085).,"[Peeling-chain, P=0.98] Driven by: how tightly-timed the fastest hop was (contributed +0.169); the average time between hops (contributed +0.132); how tightly-timed the slowest hop was (contributed +0.085)."
bc1q0s5rmjpcza3sfgho4qhcg7fd143xrv8df2f5nk,4.32336969477619e-06,0.3560527024493715,0.9833333333333334,0.9892675914411936,True,peeling,False,Flagged for: participation in a high-confidence peeling chain (probability 0.98).,1.3393903591523997,Driven by: an atypical number of transactions (contributed +0.220); an unusually high number of incoming payments (contributed +0.208); an unusually high number of outgoing payments (contributed +0.173).,Driven by: how tightly-timed the fastest hop was (contributed +0.169); the average time between hops (contributed +0.132); how tightly-timed the slowest hop was (contributed +0.085).,"[Peeling-chain, P=0.98] Driven by: how tightly-timed the fastest hop was (contributed +0.169); the average time between hops (contributed +0.132); how tightly-timed the slowest hop was (contributed +0.085)."
bc1q45pu2pitt8bo7jfm03tdv0iqf1g5fu3hxk13c3,5.178727827681968e-06,0.3533812161316397,0.9833333333333334,0.9892230760799056,True,peeling,False,Flagged for: participation in a high-confidence peeling chain (probability 0.98).,1.3367197281928007,Driven by: an atypical number of transactions (contributed +0.206); an unusually high number of incoming payments (contributed +0.204); an unusually high number of outgoing payments (contributed +0.162).,Driven by: how tightly-timed the fastest hop was (contributed +0.169); the average time between hops (contributed +0.132); how tightly-timed the slowest hop was (contributed +0.085).,"[Peeling-chain, P=0.98] Driven by: how tightly-timed the fastest hop was (contributed +0.169); the average time between hops (contributed +0.132); how tightly-timed the slowest hop was (contributed +0.085)."
bc1q4ve41w4s6fuyc5atdzyumnqizkqoelu8a3pwjt,3.0611993434871446e-06,0.6133850692157101,0.97,0.9884015875816324,True,peeling,False,Flagged for: statistically anomalous behavior (anomaly score 0.61); participation in a high-confidence peeling chain (probability 0.97).,1.5833881304150537,Driven by: an atypical number of transactions (contributed +0.150); an unusually high number of incoming payments (contributed +0.140); an unusually high number of outgoing payments (contributed +0.109).,Driven by: how tightly-timed the fastest hop was (contributed +0.179); the average time between hops (contributed +0.115); chain length (contributed +0.049).,"[Anomaly] Driven by: an atypical number of transactions (contributed +0.150); an unusually high number of incoming payments (contributed +0.140); an unusually high number of outgoing payments (contributed +0.109). [Peeling-chain, P=0.97] Driven by: how tightly-timed the fastest hop was (contributed +0.179); the average time between hops (contributed +0.115); chain length (contributed +0.049)."
bc1qbjjuidce74ahjoysj8oyrhkknnaeo0142jfutg,0.0005097553102375,0.5803905921651961,0.97,0.987418134708672,True,peeling,False,Flagged for: statistically anomalous behavior (anomaly score 0.58); participation in a high-confidence peeling chain (probability 0.97).,1.5509003474754337,Driven by: an unusually high number of incoming payments (contributed +0.153); an atypical number of transactions (contributed +0.150); an unusually high number of outgoing payments (contributed +0.121).,Driven by: how tightly-timed the fastest hop was (contributed +0.179); the average time between hops (contributed +0.115); chain length (contributed +0.049).,"[Anomaly] Driven by: an unusually high number of incoming payments (contributed +0.153); an atypical number of transactions (contributed +0.150); an unusually high number of outgoing payments (contributed +0.121). [Peeling-chain, P=0.97] Driven by: how tightly-timed the fastest hop was (contributed +0.179); the average time between hops (contributed +0.115); chain length (contributed +0.049)."
bc1qvj0va0stka0914abazd84vf16185ibjubi6mgh,4.9131820719191245e-06,0.2394925441676428,0.9833333333333334,0.9873249380113208,True,peeling,False,Flagged for: participation in a high-confidence peeling chain (probability 0.98).,1.222830790683048,Driven by: an unusually high transaction frequency (contributed +0.195); physically implausible peer geo-velocity (contributed +0.153); consistently high peer geo-velocity (contributed +0.135).,Driven by: how tightly-timed the fastest hop was (contributed +0.169); the average time between hops (contributed +0.132); how tightly-timed the slowest hop was (contributed +0.085).,"[Peeling-chain, P=0.98] Driven by: how tightly-timed the fastest hop was (contributed +0.169); the average time between hops (contributed +0.132); how tightly-timed the slowest hop was (contributed +0.085)."
bc1qppyr6epm47whkumcisyoxomtf075g514a9969t,6.500104315194597e-06,0.5145166413186459,0.97,0.9854355939103336,True,peeling,False,Flagged for: statistically anomalous behavior (anomaly score 0.51); participation in a high-confidence peeling chain (probability 0.97).,1.4845231414229612,Driven by: an unusually high number of incoming payments (contributed +0.197); an unusually high transaction frequency (contributed +0.093); physically implausible peer geo-velocity (contributed +0.027).,Driven by: how tightly-timed the fastest hop was (contributed +0.179); the average time between hops (contributed +0.115); chain length (contributed +0.049).,"[Anomaly] Driven by: an unusually high number of incoming payments (contributed +0.197); an unusually high transaction frequency (contributed +0.093); physically implausible peer geo-velocity (contributed +0.027). [Peeling-chain, P=0.97] Driven by: how tightly-timed the fastest hop was (contributed +0.179); the average time between hops (contributed +0.115); chain length (contributed +0.049)."
bc1qlu1eao1l9nypu87h0posqf4tiinjv5s1hhw9in,4.6923267608267846e-05,0.4817109800969948,0.97,0.9844520589973412,True,peeling,False,Flagged for: participation in a high-confidence peeling chain (probability 0.97).,1.451757903364603,Driven by: an unusually high number of incoming payments (contributed +0.191); an atypical number of transactions (contributed +0.165); an unusually high number of outgoing payments (contributed +0.149).,Driven by: how tightly-timed the fastest hop was (contributed +0.179); the average time between hops (contributed +0.115); chain length (contributed +0.049).,"[Peeling-chain, P=0.97] Driven by: how tightly-timed the fastest hop was (contributed +0.179); the average time between hops (contributed +0.115); chain length (contributed +0.049)."
bc1qmyofqewaouaxeqbnhl1n13jcat9mx2x18hafey,0.0005459083983348,0.8263232208107227,0.906,0.9836832950477692,True,peeling,False,Flagged for: statistically anomalous behavior (anomaly score 0.83); participation in a high-confidence peeling chain (probability 0.91).,1.7328691292090574,Driven by: an unusually high transaction frequency (contributed +0.123).,Driven by: how tightly-timed the fastest hop was (contributed +0.223); variability in time between hops (contributed +0.079); chain length (contributed +0.056).,"[Anomaly] Driven by: an unusually high transaction frequency (contributed +0.123). [Peeling-chain, P=0.91] Driven by: how tightly-timed the fastest hop was (contributed +0.223); variability in time between hops (contributed +0.079); chain length (contributed +0.056)."
bc1q7s44z78iy664l90fxv2yrelzawr7zj8fn2be6o,2.7108239354620222e-06,0.4050782875349819,0.97,0.98215239700789,True,peeling,False,Flagged for: participation in a high-confidence peeling chain (probability 0.97).,1.3750809983589174,Driven by: an unusually high number of outgoing payments (contributed +0.221); an unusually high number of incoming payments (contributed +0.210); an atypical number of transactions (contributed +0.205).,Driven by: how tightly-timed the fastest hop was (contributed +0.179); the average time between hops (contributed +0.115); chain length (contributed +0.049).,"[Peeling-chain, P=0.97] Driven by: how tightly-timed the fastest hop was (contributed +0.179); the average time between hops (contributed +0.115); chain length (contributed +0.049)."
bc1q4u7s0kdy8lwkhrzfdyxsx2yp7vnsgolcbtl97p,9.036676359613391e-06,0.4042410306594635,0.97,0.9821273924302136,True,peeling,False,Flagged for: participation in a high-confidence peeling chain (probability 0.97).,1.3742500673358231,Driven by: an unusually high number of incoming payments (contributed +0.204); an atypical number of transactions (contributed +0.200); an unusually high number of outgoing payments (contributed +0.164).,Driven by: how tightly-timed the fastest hop was (contributed +0.179); the average time between hops (contributed +0.115); chain length (contributed +0.049).,"[Peeling-chain, P=0.97] Driven by: how tightly-timed the fastest hop was (contributed +0.179); the average time between hops (contributed +0.115); chain length (contributed +0.049)."
bc1qzklookep7y6wktakpuxqphr62gdswm31yihair,6.723550245918761e-06,0.6946019779018694,0.9233333333333336,0.9765863090633292,True,"fanout,peeling",False,Flagged for: statistically anomalous behavior (anomaly score 0.69); participation in a high-confidence peeling chain (probability 0.92).,1.6179420347854487,Driven by: an unusually high transaction frequency (contributed +0.110); consistently high peer geo-velocity (contributed +0.062); physically implausible peer geo-velocity (contributed +0.051).,Driven by: how tightly-timed the fastest hop was (contributed +0.181); the average time between hops (contributed +0.089); chain length (contributed +0.066).,"[Anomaly] Driven by: an unusually high transaction frequency (contributed +0.110); consistently high peer geo-velocity (contributed +0.062); physically implausible peer geo-velocity (contributed +0.051). [Peeling-chain, P=0.92] Driven by: how tightly-timed the fastest hop was (contributed +0.181); the average time between hops (contributed +0.089); chain length (contributed +0.066)."
bc1qzmpjrht7zewviytwbozd1at7o75rh8lx6dut07,0.0004234998819313,0.8451719219955222,0.826,0.97307132355028,True,peeling,False,Flagged for: statistically anomalous behavior (anomaly score 0.85); participation in a high-confidence peeling chain (probability 0.83).,1.6715954218774534,Driven by: an unusually high transaction frequency (contributed +0.106).,Driven by: how tightly-timed the fastest hop was (contributed +0.216); variability in time between hops (contributed +0.079); chain length (contributed +0.041).,"[Anomaly] Driven by: an unusually high transaction frequency (contributed +0.106). [Peeling-chain, P=0.83] Driven by: how tightly-timed the fastest hop was (contributed +0.216); variability in time between hops (contributed +0.079); chain length (contributed +0.041)."
bc1qpki7p5tb94874frhocn9j2qp89uzfk8ut0cvs4,4.660348170565777e-06,0.4581893432553988,0.95,0.972909593414085,True,peeling,False,Flagged for: participation in a high-confidence peeling chain (probability 0.95).,1.4081940036035694,Driven by: an unusually high transaction frequency (contributed +0.189); consistently high peer geo-velocity (contributed +0.128); physically implausible peer geo-velocity (contributed +0.084).,Driven by: how tightly-timed the fastest hop was (contributed +0.175); the average time between hops (contributed +0.138); how tightly-timed the slowest hop was (contributed +0.085).,"[Peeling-chain, P=0.95] Driven by: how tightly-timed the fastest hop was (contributed +0.175); the average time between hops (contributed +0.138); how tightly-timed the slowest hop was (contributed +0.085)."
bc1qlc254zh0qa1lszkzn0lyimoes1ai9a44yzlxoe,5.476647346884238e-05,0.0806849546121166,0.97,0.9724220590676548,True,peeling,False,Flagged for: participation in a high-confidence peeling chain (probability 0.97).,1.0507397210855856,Driven by: an unusually extreme single transaction amount (contributed +0.259); consistently high peer geo-velocity (contributed +0.250); unusually large average transaction amount (contributed +0.223).,Driven by: how tightly-timed the fastest hop was (contributed +0.179); the average time between hops (contributed +0.115); chain length (contributed +0.049).,"[Peeling-chain, P=0.97] Driven by: how tightly-timed the fastest hop was (contributed +0.179); the average time between hops (contributed +0.115); chain length (contributed +0.049)."
bc1qnbi5e0l1q9rvsf0s60kqhj9zu0f5e47rhow59q,3.816887082698785e-07,0.0750758499932919,0.97,0.9722522860907918,True,peeling,False,Flagged for: participation in a high-confidence peeling chain (probability 0.97).,1.045076231682,Driven by: an atypical time-of-day transaction pattern (contributed +0.300); an unusually high number of outgoing payments (contributed +0.234); unusually large average transaction amount (contributed +0.217).,Driven by: how tightly-timed the fastest hop was (contributed +0.179); the average time between hops (contributed +0.115); chain length (contributed +0.049).,"[Peeling-chain, P=0.97] Driven by: how tightly-timed the fastest hop was (contributed +0.179); the average time between hops (contributed +0.115); chain length (contributed +0.049)."
bc1q095tkiziwwl0a9gq2ycqhcfb4mfpvk4wyziqou,3.036343785639893e-06,0.4080731160515468,0.95,0.9704037456672532,True,peeling,False,Flagged for: participation in a high-confidence peeling chain (probability 0.95).,1.3580761523953324,Driven by: an unusually high number of outgoing payments (contributed +0.209); an unusually high number of incoming payments (contributed +0.203); an atypical number of transactions (contributed +0.194).,Driven by: how tightly-timed the fastest hop was (contributed +0.175); the average time between hops (contributed +0.138); how tightly-timed the slowest hop was (contributed +0.085).,"[Peeling-chain, P=0.95] Driven by: how tightly-timed the fastest hop was (contributed +0.175); the average time between hops (contributed +0.138); how tightly-timed the slowest hop was (contributed +0.085)."
bc1q9gntdwhmbun6xbelko48dhcbzcxqud8m829a7z,2.7195411347606545e-06,0.3772757286256422,0.95,0.9688638711074956,True,peeling,False,Flagged for: participation in a high-confidence peeling chain (probability 0.95).,1.327278448166777,Driven by: an atypical number of transactions (contributed +0.214); an unusually high number of incoming payments (contributed +0.206); an unusually high number of outgoing payments (contributed +0.168).,Driven by: how tightly-timed the fastest hop was (contributed +0.175); the average time between hops (contributed +0.138); how tightly-timed the slowest hop was (contributed +0.085).,"[Peeling-chain, P=0.95] Driven by: how tightly-timed the fastest hop was (contributed +0.175); the average time between hops (contributed +0.138); how tightly-timed the slowest hop was (contributed +0.085)."
bc1qd5kgf39wf58yj9ohnjypogx49jmz43d3zb28mc,7.293905852092102e-06,0.3608563976984424,0.95,0.9680430529775852,True,peeling,False,Flagged for: participation in a high-confidence peeling chain (probability 0.95).,1.3108636916042946,Driven by: an atypical number of transactions (contributed +0.204); an unusually high number of incoming payments (contributed +0.186); an unusually high number of outgoing payments (contributed +0.165).,Driven by: how tightly-timed the fastest hop was (contributed +0.175); the average time between hops (contributed +0.138); how tightly-timed the slowest hop was (contributed +0.085).,"[Peeling-chain, P=0.95] Driven by: how tightly-timed the fastest hop was (contributed +0.175); the average time between hops (contributed +0.138); how tightly-timed the slowest hop was (contributed +0.085)."
bc1qkhhuz83yuxyp3hbrbjeqvviaa2uaqe8btsmaq3,0.0001052113792456,0.6322712004290613,0.906,0.9654371296302257,True,peeling,False,Flagged for: statistically anomalous behavior (anomaly score 0.63); participation in a high-confidence peeling chain (probability 0.91).,1.538376411808307,Driven by: an unusually high number of outgoing payments (contributed +0.154).,Driven by: how tightly-timed the fastest hop was (contributed +0.223); variability in time between hops (contributed +0.079); chain length (contributed +0.056).,"[Anomaly] Driven by: an unusually high number of outgoing payments (contributed +0.154). [Peeling-chain, P=0.91] Driven by: how tightly-timed the fastest hop was (contributed +0.223); variability in time between hops (contributed +0.079); chain length (contributed +0.056)."
bc1qhbn5elb45l6d10a1whhkt1yjfe8udttj72ugl6,9.0093583844369e-06,0.7905236192032946,0.826,0.9635514381224884,True,"fanin,fanout",False,Flagged for: statistically anomalous behavior (anomaly score 0.79); participation in a high-confidence peeling chain (probability 0.83).,1.616532628561679,Driven by: an unusually extreme single transaction amount (contributed +0.140); unusually large average transaction amount (contributed +0.112); an unusually high transaction frequency (contributed +0.030).,Driven by: how tightly-timed the fastest hop was (contributed +0.216); variability in time between hops (contributed +0.079); chain length (contributed +0.041).,"[Anomaly] Driven by: an unusually extreme single transaction amount (contributed +0.140); unusually large average transaction amount (contributed +0.112); an unusually high transaction frequency (contributed +0.030). [Peeling-chain, P=0.83] Driven by: how tightly-timed the fastest hop was (contributed +0.216); variability in time between hops (contributed +0.079); chain length (contributed +0.041)."
bc1q0m1shrskr6l5a2lse3v3czbsq5mbl8l24w3zxo,1.1030028883607293e-06,0.4441501824257362,0.9233333333333336,0.957384894323943,True,peeling,False,Flagged for: participation in a high-confidence peeling chain (probability 0.92).,1.367484618761958,Driven by: an unusually high number of incoming payments (contributed +0.171); an atypical number of transactions (contributed +0.164); an unusually high number of outgoing payments (contributed +0.141).,Driven by: how tightly-timed the fastest hop was (contributed +0.181); the average time between hops (contributed +0.089); chain length (contributed +0.066).,"[Peeling-chain, P=0.92] Driven by: how tightly-timed the fastest hop was (contributed +0.181); the average time between hops (contributed +0.089); chain length (contributed +0.066)."
bc1qweyuk6bcdfqvdpmm9xagi30cn89yxjh8kgyzm5,5.327441997427965e-07,0.1475226267713961,0.95,0.9573761540461886,True,peeling,False,Flagged for: participation in a high-confidence peeling chain (probability 0.95).,1.097523159515596,Driven by: physically implausible peer geo-velocity (contributed +0.305); an unusually high number of incoming payments (contributed +0.226); an unusually high transaction frequency (contributed +0.200).,Driven by: how tightly-timed the fastest hop was (contributed +0.175); the average time between hops (contributed +0.138); how tightly-timed the slowest hop was (contributed +0.085).,"[Peeling-chain, P=0.95] Driven by: how tightly-timed the fastest hop was (contributed +0.175); the average time between hops (contributed +0.138); how tightly-timed the slowest hop was (contributed +0.085)."
bc1qhokm948iy00g0bf8zq1vkvv411qizrmt0nhb62,9.600329860033347e-07,0.4211959884163902,0.9233333333333336,0.955625068380029,True,peeling,False,Flagged for: participation in a high-confidence peeling chain (probability 0.92).,1.3445302817827096,Driven by: an unusually high number of incoming payments (contributed +0.152); an atypical number of transactions (contributed +0.135); an unusually high number of outgoing payments (contributed +0.113).,Driven by: how tightly-timed the fastest hop was (contributed +0.181); the average time between hops (contributed +0.089); chain length (contributed +0.066).,"[Peeling-chain, P=0.92] Driven by: how tightly-timed the fastest hop was (contributed +0.181); the average time between hops (contributed +0.089); chain length (contributed +0.066)."
bc1qk0xl26f1poasvba8pl5qyzenpt1h3jwbxzwaiu,1.2747449134346088e-06,0.4076063899388153,0.9233333333333336,0.954583214456866,True,peeling,False,Flagged for: participation in a high-confidence peeling chain (probability 0.92).,1.3309409980170623,Driven by: an atypical number of transactions (contributed +0.188); an unusually high number of incoming payments (contributed +0.175); an unusually high number of outgoing payments (contributed +0.139).,Driven by: how tightly-timed the fastest hop was (contributed +0.181); the average time between hops (contributed +0.089); chain length (contributed +0.066).,"[Peeling-chain, P=0.92] Driven by: how tightly-timed the fastest hop was (contributed +0.181); the average time between hops (contributed +0.089); chain length (contributed +0.066)."
bc1qf0h74isrcaxhcyep5zplyo0su0r7g0sgq9werx,8.446136886839241e-07,0.4052124459125435,0.9233333333333336,0.9543996593679996,True,peeling,False,Flagged for: participation in a high-confidence peeling chain (probability 0.92).,1.3285466238595656,Driven by: an unusually high number of incoming payments (contributed +0.184); an atypical number of transactions (contributed +0.161); an unusually high number of outgoing payments (contributed +0.124).,Driven by: how tightly-timed the fastest hop was (contributed +0.181); the average time between hops (contributed +0.089); chain length (contributed +0.066).,"[Peeling-chain, P=0.92] Driven by: how tightly-timed the fastest hop was (contributed +0.181); the average time between hops (contributed +0.089); chain length (contributed +0.066)."
bc1ql0ijkcu5x0hc8cah3gdhvs41lqfs6hn95s2gkf,7.866181134949649e-06,0.5036496194432046,0.906,0.9533434312395692,True,peeling,False,Flagged for: statistically anomalous behavior (anomaly score 0.50); participation in a high-confidence peeling chain (probability 0.91).,1.4096574856243396,Driven by: an unusually high number of incoming payments (contributed +0.184); an atypical number of transactions (contributed +0.173); an unusually high number of outgoing payments (contributed +0.157).,Driven by: how tightly-timed the fastest hop was (contributed +0.223); variability in time between hops (contributed +0.079); chain length (contributed +0.056).,"[Anomaly] Driven by: an unusually high number of incoming payments (contributed +0.184); an atypical number of transactions (contributed +0.173); an unusually high number of outgoing payments (contributed +0.157). [Peeling-chain, P=0.91] Driven by: how tightly-timed the fastest hop was (contributed +0.223); variability in time between hops (contributed +0.079); chain length (contributed +0.056)."
bc1qk9rx647di3e950id033tayb5bbkjy2nz7velfv,1.2939406943089678e-05,0.4950511422977243,0.906,0.952535421547429,True,peeling,False,Flagged for: participation in a high-confidence peeling chain (probability 0.91).,1.4010640817046671,Driven by: an unusually high transaction frequency (contributed +0.180); physically implausible peer geo-velocity (contributed +0.070); consistently high peer geo-velocity (contributed +0.057).,Driven by: how tightly-timed the fastest hop was (contributed +0.223); variability in time between hops (contributed +0.079); chain length (contributed +0.056).,"[Peeling-chain, P=0.91] Driven by: how tightly-timed the fastest hop was (contributed +0.223); variability in time between hops (contributed +0.079); chain length (contributed +0.056)."
bc1qh4lv73qi3urnjek91kegj52t2pm318giyrnq1m,2.034737053583523e-06,0.3527811121299591,0.9233333333333336,0.950379986227183,True,peeling,False,Flagged for: participation in a high-confidence peeling chain (probability 0.92).,1.2761164802003462,Driven by: an unusually extreme single transaction amount (contributed +0.206); an atypical number of transactions (contributed +0.186); an unusually high number of incoming payments (contributed +0.167).,Driven by: how tightly-timed the fastest hop was (contributed +0.181); the average time between hops (contributed +0.089); chain length (contributed +0.066).,"[Peeling-chain, P=0.92] Driven by: how tightly-timed the fastest hop was (contributed +0.181); the average time between hops (contributed +0.089); chain length (contributed +0.066)."
bc1qwlok7gbupl5roszhx14a80q15fqjit6f5q4myi,3.3244299794625125e-06,0.432900227219967,0.9083333333333334,0.9480160269794832,True,peeling,False,Flagged for: participation in a high-confidence peeling chain (probability 0.91).,1.34123688498328,Driven by: an unusually high number of incoming payments (contributed +0.207); an unusually extreme single transaction amount (contributed +0.163); an atypical number of transactions (contributed +0.032).,Driven by: how tightly-timed the fastest hop was (contributed +0.172); the average time between hops (contributed +0.136); how tightly-timed the slowest hop was (contributed +0.085).,"[Peeling-chain, P=0.91] Driven by: how tightly-timed the fastest hop was (contributed +0.172); the average time between hops (contributed +0.136); how tightly-timed the slowest hop was (contributed +0.085)."
bc1qxmvmtyglfs9awkc1imek33dc5sggceuddva3pq,4.935134997432577e-06,0.4270612865351789,0.9083333333333334,0.947480877122632,True,peeling,False,Flagged for: participation in a high-confidence peeling chain (probability 0.91).,1.3353995550035098,Driven by: an unusually high number of incoming payments (contributed +0.196); an atypical number of transactions (contributed +0.029).,Driven by: how tightly-timed the fastest hop was (contributed +0.172); the average time between hops (contributed +0.136); how tightly-timed the slowest hop was (contributed +0.085).,"[Peeling-chain, P=0.91] Driven by: how tightly-timed the fastest hop was (contributed +0.172); the average time between hops (contributed +0.136); how tightly-timed the slowest hop was (contributed +0.085)."
bc1qgbxqj7dpfssbjdx0pkovtrpyx8hbbjcdiwzod0,5.558997731982915e-06,0.4138137152508727,0.906,0.9448987955427554,True,peeling,False,Flagged for: participation in a high-confidence peeling chain (probability 0.91).,1.3198192742486046,Driven by: an unusually high number of incoming payments (contributed +0.232); an unusually high number of outgoing payments (contributed +0.205); an atypical time-of-day transaction pattern (contributed +0.200).,Driven by: how tightly-timed the fastest hop was (contributed +0.223); variability in time between hops (contributed +0.079); chain length (contributed +0.056).,"[Peeling-chain, P=0.91] Driven by: how tightly-timed the fastest hop was (contributed +0.223); variability in time between hops (contributed +0.079); chain length (contributed +0.056)."
bc1q3i1rd31tb0515f9mz99zjuk9qs57wc8mmferft,3.1727611216250367e-08,0.3377749357747483,0.906,0.9377508459378432,False,,False,Flagged for: participation in a high-confidence peeling chain (probability 0.91).,1.2437749675023595,Driven by: an unusually extreme single transaction amount (contributed +0.227); an unusually high number of incoming payments (contributed +0.168); an unusually high number of outgoing payments (contributed +0.110).,Driven by: how tightly-timed the fastest hop was (contributed +0.223); variability in time between hops (contributed +0.079); chain length (contributed +0.056).,"[Peeling-chain, P=0.91] Driven by: how tightly-timed the fastest hop was (contributed +0.223); variability in time between hops (contributed +0.079); chain length (contributed +0.056)."
bc1qppp4kyz6sex7geoqgfa32j5ufvfcwgq8x2mpxt,6.420758775769634e-06,0.1574132789684512,0.9233333333333336,0.9354020994911144,True,peeling,False,Flagged for: participation in a high-confidence peeling chain (probability 0.92).,1.0807530330605604,Driven by: physically implausible peer geo-velocity (contributed +0.300); an unusually high number of incoming payments (contributed +0.228); an unusually high transaction frequency (contributed +0.192).,Driven by: how tightly-timed the fastest hop was (contributed +0.181); the average time between hops (contributed +0.089); chain length (contributed +0.066).,"[Peeling-chain, P=0.92] Driven by: how tightly-timed the fastest hop was (contributed +0.181); the average time between hops (contributed +0.089); chain length (contributed +0.066)."
bc1qygtmov6ki4epxr9ogjegxeyeb900yeh8uxz3ad,9.467708423577252e-07,0.1287359365350625,0.9233333333333336,0.9332031517090564,True,peeling,False,Flagged for: participation in a high-confidence peeling chain (probability 0.92).,1.0520702166392384,Driven by: unusually large average transaction amount (contributed +0.284); an unusually high transaction frequency (contributed +0.244); an unusually extreme single transaction amount (contributed +0.217).,Driven by: how tightly-timed the fastest hop was (contributed +0.181); the average time between hops (contributed +0.089); chain length (contributed +0.066).,"[Peeling-chain, P=0.92] Driven by: how tightly-timed the fastest hop was (contributed +0.181); the average time between hops (contributed +0.089); chain length (contributed +0.066)."
bc1qhysbz0oc7vuwkxt0azqg91z4pe05sa9c2ltwi0,2.152313688653892e-05,0.0944688387217808,0.9233333333333336,0.9305774385254572,False,,False,Flagged for: participation in a high-confidence peeling chain (probability 0.92).,1.0178236951920008,Driven by: an unusually extreme single transaction amount (contributed +0.247); an unusually high number of outgoing payments (contributed +0.230); unusually large average transaction amount (contributed +0.219).,Driven by: how tightly-timed the fastest hop was (contributed +0.181); the average time between hops (contributed +0.089); chain length (contributed +0.066).,"[Peeling-chain, P=0.92] Driven by: how tightly-timed the fastest hop was (contributed +0.181); the average time between hops (contributed +0.089); chain length (contributed +0.066)."
bc1qsnles1d3q9540h2yiwby2vg6c7nnlknwt9yxy1,1.666515236576344e-06,0.0773647970163371,0.9233333333333336,0.9292647523194838,False,,False,Flagged for: participation in a high-confidence peeling chain (probability 0.92).,1.0006997968649072,Driven by: an atypical time-of-day transaction pattern (contributed +0.342); an unusually extreme single transaction amount (contributed +0.327); an unusually high number of incoming payments (contributed +0.278).,Driven by: how tightly-timed the fastest hop was (contributed +0.181); the average time between hops (contributed +0.089); chain length (contributed +0.066).,"[Peeling-chain, P=0.92] Driven by: how tightly-timed the fastest hop was (contributed +0.181); the average time between hops (contributed +0.089); chain length (contributed +0.066)."
bc1q1n5t844qh2btufdoapmlqs8lxsol15m9gqjanq,8.253739713964529e-06,0.5835873808832951,0.826,0.927544802304972,True,peeling,False,Flagged for: statistically anomalous behavior (anomaly score 0.58); participation in a high-confidence peeling chain (probability 0.83).,1.409595634623009,Driven by: an unusually high number of incoming payments (contributed +0.201); an atypical number of transactions (contributed +0.125); an unusually high number of outgoing payments (contributed +0.093).,Driven by: how tightly-timed the fastest hop was (contributed +0.216); variability in time between hops (contributed +0.079); chain length (contributed +0.041).,"[Anomaly] Driven by: an unusually high number of incoming payments (contributed +0.201); an atypical number of transactions (contributed +0.125); an unusually high number of outgoing payments (contributed +0.093). [Peeling-chain, P=0.83] Driven by: how tightly-timed the fastest hop was (contributed +0.216); variability in time between hops (contributed +0.079); chain length (contributed +0.041)."
bc1quq1ik8238xkexnbtbcgtijst72v3m4lkmswvbc,4.074285534183056e-06,0.2092906282826075,0.9083333333333334,0.9275186029036832,True,peeling,False,Flagged for: participation in a high-confidence peeling chain (probability 0.91).,1.1176280359014752,Driven by: an atypical time-of-day transaction pattern (contributed +0.293); an unusually high number of incoming payments (contributed +0.249); an atypical number of transactions (contributed +0.246).,Driven by: how tightly-timed the fastest hop was (contributed +0.172); the average time between hops (contributed +0.136); how tightly-timed the slowest hop was (contributed +0.085).,"[Peeling-chain, P=0.91] Driven by: how tightly-timed the fastest hop was (contributed +0.172); the average time between hops (contributed +0.136); how tightly-timed the slowest hop was (contributed +0.085)."
bc1qs9kt9ez29gu65m7aa62dbksrpams126i93cvf9,1.931405581649133e-07,0.0246235636447907,0.9233333333333336,0.9252211543222648,True,peeling,False,Flagged for: participation in a high-confidence peeling chain (probability 0.92).,0.9479570901186825,Driven by: unusually large average transaction amount (contributed +0.410); physically implausible peer geo-velocity (contributed +0.378); an unusually high number of incoming payments (contributed +0.259).,Driven by: how tightly-timed the fastest hop was (contributed +0.181); the average time between hops (contributed +0.089); chain length (contributed +0.066).,"[Peeling-chain, P=0.92] Driven by: how tightly-timed the fastest hop was (contributed +0.181); the average time between hops (contributed +0.089); chain length (contributed +0.066)."
bc1qilj42cw9j51kpsz6w8wbzo547gfpqeqqr7d6e5,1.065144666155268e-07,0.01515736727244,0.9233333333333336,0.9244954061998862,True,peeling,False,Flagged for: participation in a high-confidence peeling chain (probability 0.92).,0.93849080712024,Driven by: unusually large average transaction amount (contributed +0.411); physically implausible peer geo-velocity (contributed +0.389); an unusually extreme single transaction amount (contributed +0.300).,Driven by: how tightly-timed the fastest hop was (contributed +0.181); the average time between hops (contributed +0.089); chain length (contributed +0.066).,"[Peeling-chain, P=0.92] Driven by: how tightly-timed the fastest hop was (contributed +0.181); the average time between hops (contributed +0.089); chain length (contributed +0.066)."
bc1q1dpiwpzxs12fzxotcszy0rcnj6brjdna0c0fos,2.1901083364573785e-07,0.0147344490986669,0.9233333333333336,0.9244629909743248,True,peeling,False,Flagged for: participation in a high-confidence peeling chain (probability 0.92).,0.938068001442834,Driven by: physically implausible peer geo-velocity (contributed +0.395); unusually large average transaction amount (contributed +0.388); an unusually extreme single transaction amount (contributed +0.313).,Driven by: how tightly-timed the fastest hop was (contributed +0.181); the average time between hops (contributed +0.089); chain length (contributed +0.066).,"[Peeling-chain, P=0.92] Driven by: how tightly-timed the fastest hop was (contributed +0.181); the average time between hops (contributed +0.089); chain length (contributed +0.066)."
bc1q2sw24wjt8hdpwvbz7cn0eqwmi6kti221xj7wwu,4.278734883420357e-06,0.1905960415813732,0.906,0.9239163534517943,False,,False,Flagged for: participation in a high-confidence peeling chain (probability 0.91).,1.0966003203162566,Driven by: an unusually high transaction frequency (contributed +0.234); unusually large average transaction amount (contributed +0.175); consistently high peer geo-velocity (contributed +0.173).,Driven by: how tightly-timed the fastest hop was (contributed +0.223); variability in time between hops (contributed +0.079); chain length (contributed +0.056).,"[Peeling-chain, P=0.91] Driven by: how tightly-timed the fastest hop was (contributed +0.223); variability in time between hops (contributed +0.079); chain length (contributed +0.056)."
bc1qj7o6rhd5e9jlwxwu1r0dn952b5ikro8ua4nuth,3.942328946485401e-06,0.1562971525020996,0.9083333333333334,0.922660877210157,True,peeling,False,Flagged for: participation in a high-confidence peeling chain (probability 0.91).,1.0646344281643796,Driven by: physically implausible peer geo-velocity (contributed +0.303); an unusually high number of incoming payments (contributed +0.229); an unusually high transaction frequency (contributed +0.191).,Driven by: how tightly-timed the fastest hop was (contributed +0.172); the average time between hops (contributed +0.136); how tightly-timed the slowest hop was (contributed +0.085).,"[Peeling-chain, P=0.91] Driven by: how tightly-timed the fastest hop was (contributed +0.172); the average time between hops (contributed +0.136); how tightly-timed the slowest hop was (contributed +0.085)."
bc1qktior4v1og07vscqmpd7z4kso03w2mrop2byee,9.368538036071522e-05,0.1699779649073526,0.906,0.9219852382287173,True,fanin,False,Flagged for: participation in a high-confidence peeling chain (probability 0.91).,1.0760716502877132,Driven by: an unusually high transaction frequency (contributed +0.279); an unusually extreme single transaction amount (contributed +0.230); consistently high peer geo-velocity (contributed +0.221).,Driven by: how tightly-timed the fastest hop was (contributed +0.223); variability in time between hops (contributed +0.079); chain length (contributed +0.056).,"[Peeling-chain, P=0.91] Driven by: how tightly-timed the fastest hop was (contributed +0.223); variability in time between hops (contributed +0.079); chain length (contributed +0.056)."
bc1q1wmfpt00e2qmk3uhk6hmrtiehc2yix79pbrtg6,1.3455593724643485e-07,0.1498532133320513,0.906,0.9200862128060888,False,,False,Flagged for: participation in a high-confidence peeling chain (probability 0.91).,1.0558533478879886,Driven by: an atypical time-of-day transaction pattern (contributed +0.304); an unusually high number of outgoing payments (contributed +0.248); unusually large average transaction amount (contributed +0.232).,Driven by: how tightly-timed the fastest hop was (contributed +0.223); variability in time between hops (contributed +0.079); chain length (contributed +0.056).,"[Peeling-chain, P=0.91] Driven by: how tightly-timed the fastest hop was (contributed +0.223); variability in time between hops (contributed +0.079); chain length (contributed +0.056)."
bc1qhfvsv3v4bnax29w7rpp9cwnbil8b5l9jpa21e5,2.599830790304616e-07,0.0175548802982914,0.9083333333333334,0.9099425541074284,True,peeling,False,Flagged for: participation in a high-confidence peeling chain (probability 0.91).,0.925888473614704,Driven by: physically implausible peer geo-velocity (contributed +0.393); unusually large average transaction amount (contributed +0.361); an unusually extreme single transaction amount (contributed +0.340).,Driven by: how tightly-timed the fastest hop was (contributed +0.172); the average time between hops (contributed +0.136); how tightly-timed the slowest hop was (contributed +0.085).,"[Peeling-chain, P=0.91] Driven by: how tightly-timed the fastest hop was (contributed +0.172); the average time between hops (contributed +0.136); how tightly-timed the slowest hop was (contributed +0.085)."
bc1q7f638zkrg6wmz0zcssf8hstrlt4csnc0zjxoq9,5.1481288788229554e-05,0.4538217580158422,0.826,0.9049698784197626,True,peeling,False,Flagged for: participation in a high-confidence peeling chain (probability 0.83).,1.2798732393046304,Driven by: an unusually high number of outgoing payments (contributed +0.202); an unusually high number of incoming payments (contributed +0.195); an atypical number of transactions (contributed +0.186).,Driven by: how tightly-timed the fastest hop was (contributed +0.216); variability in time between hops (contributed +0.079); chain length (contributed +0.041).,"[Peeling-chain, P=0.83] Driven by: how tightly-timed the fastest hop was (contributed +0.216); variability in time between hops (contributed +0.079); chain length (contributed +0.041)."
bc1qegok01tnzrf5a7qy8yb7w8p74mjdxo100vhmyg,9.56646815165932e-06,0.3797719348232719,0.826,0.8920813490694629,False,,False,Flagged for: participation in a high-confidence peeling chain (probability 0.83).,1.2057815012914237,Driven by: an unusually high transaction frequency (contributed +0.219); consistently high peer geo-velocity (contributed +0.146); physically implausible peer geo-velocity (contributed +0.137).,Driven by: how tightly-timed the fastest hop was (contributed +0.216); variability in time between hops (contributed +0.079); chain length (contributed +0.041).,"[Peeling-chain, P=0.83] Driven by: how tightly-timed the fastest hop was (contributed +0.216); variability in time between hops (contributed +0.079); chain length (contributed +0.041)."
bc1qf65j1vrkf4ht69a14350q8obw3j6sog2lbwtbv,7.720247988670454e-06,0.3132795760172744,0.826,0.8805115687144488,True,peeling,False,Flagged for: participation in a high-confidence peeling chain (probability 0.83).,1.1392872962652631,Driven by: an unusually high transaction frequency (contributed +0.224); consistently high peer geo-velocity (contributed +0.092); physically implausible peer geo-velocity (contributed +0.064).,Driven by: how tightly-timed the fastest hop was (contributed +0.216); variability in time between hops (contributed +0.079); chain length (contributed +0.041).,"[Peeling-chain, P=0.83] Driven by: how tightly-timed the fastest hop was (contributed +0.216); variability in time between hops (contributed +0.079); chain length (contributed +0.041)."
bc1qx3bid6v1lk4aglbd0xqtqv8elspj6sfas04lx5,5.811952956165325e-06,0.2911382105223457,0.826,0.876658765488507,True,peeling,False,Flagged for: participation in a high-confidence peeling chain (probability 0.83).,1.1171440224753018,Driven by: an atypical time-of-day transaction pattern (contributed +0.246); an unusually high number of incoming payments (contributed +0.230); an unusually high number of outgoing payments (contributed +0.226).,Driven by: how tightly-timed the fastest hop was (contributed +0.216); variability in time between hops (contributed +0.079); chain length (contributed +0.041).,"[Peeling-chain, P=0.83] Driven by: how tightly-timed the fastest hop was (contributed +0.216); variability in time between hops (contributed +0.079); chain length (contributed +0.041)."
bc1qxfq8myx444nlz15bcw790pdw5py6b2knftu2gc,1.1433717969996736e-05,0.8683647526133098,0.04,0.8736316073858592,True,"fanin,fanout",False,Flagged for: statistically anomalous behavior (anomaly score 0.87).,0.9083761863312798,Driven by: an unusually high transaction frequency (contributed +0.126).,Driven by: chain length (contributed +0.012); how much the balance declined end-to-end (contributed +0.008); the fee pattern across hops (contributed +0.002).,[Anomaly] Driven by: an unusually high transaction frequency (contributed +0.126).
bc1q8e9rivh6t1ntmjsrd9q46nouhfj7upfln4rxyj,1.9768097859406933e-06,0.8374392122793983,0.1093333333333333,0.8552128112874814,True,"coinjoin,fanin",False,Flagged for: statistically anomalous behavior (anomaly score 0.84).,0.9467745224225176,Driven by: an unusually high transaction frequency (contributed +0.091).,Driven by: the consistency of the peel-to-remainder ratio (contributed +0.013); the size of the starting balance (contributed +0.011); chain length (contributed +0.011).,[Anomaly] Driven by: an unusually high transaction frequency (contributed +0.091).
bc1qs6gkj71k16y0upu536lzms804bfpv0v6443ktx,1.5139152057584164e-06,0.1294748477922334,0.826,0.8485288528306687,True,peeling,False,Flagged for: participation in a high-confidence peeling chain (probability 0.83).,0.9554763617074392,Driven by: unusually large average transaction amount (contributed +0.311); an unusually high transaction frequency (contributed +0.295); an atypical time-of-day transaction pattern (contributed +0.107).,Driven by: how tightly-timed the fastest hop was (contributed +0.216); variability in time between hops (contributed +0.079); chain length (contributed +0.041).,"[Peeling-chain, P=0.83] Driven by: how tightly-timed the fastest hop was (contributed +0.216); variability in time between hops (contributed +0.079); chain length (contributed +0.041)."
bc1qj6sb053akzxfp5ke09jneftz53c5dwumjacypz,1.0170593648291907e-05,0.1047029122307754,0.826,0.844219891120455,True,peeling,False,Flagged for: participation in a high-confidence peeling chain (probability 0.83).,0.9307130828244236,Driven by: an atypical time-of-day transaction pattern (contributed +0.307); an unusually high transaction frequency (contributed +0.242); an atypical number of transactions (contributed +0.239).,Driven by: how tightly-timed the fastest hop was (contributed +0.216); variability in time between hops (contributed +0.079); chain length (contributed +0.041).,"[Peeling-chain, P=0.83] Driven by: how tightly-timed the fastest hop was (contributed +0.216); variability in time between hops (contributed +0.079); chain length (contributed +0.041)."
bc1q65kxvf1t2tala753lc58drc11ertj5pht0hl9x,1.774844058655195e-05,0.7832032703359624,0.0,0.7832071181398381,False,,False,Flagged for: statistically anomalous behavior (anomaly score 0.78).,0.7832210187765489,Driven by: an unusually extreme single transaction amount (contributed +0.160); unusually large average transaction amount (contributed +0.138); an unusually high transaction frequency (contributed +0.061).,,[Anomaly] Driven by: an unusually extreme single transaction amount (contributed +0.160); unusually large average transaction amount (contributed +0.138); an unusually high transaction frequency (contributed +0.061).
bc1qi5ldslcb8qsspye9r1f63ai9hasez2nx1wvbd4,3.0784406969184614e-06,0.6395854235969395,0.28,0.7405023038405243,True,"fanin,fanout",False,Flagged for: statistically anomalous behavior (anomaly score 0.64).,0.9195885020376364,Driven by: an unusually high transaction frequency (contributed +0.137).,Driven by: how tightly-timed the slowest hop was (contributed +0.023); variability in the peel-to-remainder ratio (contributed +0.008).,[Anomaly] Driven by: an unusually high transaction frequency (contributed +0.137).
bc1q4u89yjb1qx6gvwrdmly4lyk83tqll8os9xtogn,1.0769782413475864e-05,0.7373983653052499,0.01,0.7400271815330398,False,,False,Flagged for: statistically anomalous behavior (anomaly score 0.74).,0.7474091350876634,Driven by: an unusually extreme single transaction amount (contributed +0.207); an unusually high transaction frequency (contributed +0.129); unusually large average transaction amount (contributed +0.082).,No individual feature stood out; flagged only by combined weak signals.,[Anomaly] Driven by: an unusually extreme single transaction amount (contributed +0.207); an unusually high transaction frequency (contributed +0.129); unusually large average transaction amount (contributed +0.082).
bc1qpseimvihcwi64ciyhe7ur23gdppq0y9dom5igq,0.0286784480483231,0.7014999488384267,0.0,0.7100604670480857,False,,False,Flagged for: statistically anomalous behavior (anomaly score 0.70).,0.7301783968867498,Driven by: an unusually extreme single transaction amount (contributed +0.202); unusually large average transaction amount (contributed +0.131); an unusually high transaction frequency (contributed +0.077).,,[Anomaly] Driven by: an unusually extreme single transaction amount (contributed +0.202); unusually large average transaction amount (contributed +0.131); an unusually high transaction frequency (contributed +0.077).
bc1qaqvkizzqy72wx7ptx63cfl0ukeyz7srcbpljd8,1.4167966027909074e-05,0.6979515763406086,0.01,0.7009762971948896,False,,False,Flagged for: statistically anomalous behavior (anomaly score 0.70).,0.7079657443066365,Driven by: an unusually high transaction frequency (contributed +0.135); unusually large average transaction amount (contributed +0.048); consistently high peer geo-velocity (contributed +0.011).,Driven by: the consistency of the peel-to-remainder ratio (contributed +0.013).,[Anomaly] Driven by: an unusually high transaction frequency (contributed +0.135); unusually large average transaction amount (contributed +0.048); consistently high peer geo-velocity (contributed +0.011).
bc1q9enulqjidknwi5flul1rsrla8s8hmbr5xqt4p5,0.0037869527896925,0.5642727239800466,0.28,0.6874644178745312,True,"fanin,fanout",False,Flagged for: statistically anomalous behavior (anomaly score 0.56).,0.8480596767697391,Driven by: an unusually extreme single transaction amount (contributed +0.235); an unusually high transaction frequency (contributed +0.182); unusually large average transaction amount (contributed +0.161).,Driven by: how tightly-timed the slowest hop was (contributed +0.023); variability in the peel-to-remainder ratio (contributed +0.008).,[Anomaly] Driven by: an unusually extreme single transaction amount (contributed +0.235); an unusually high transaction frequency (contributed +0.182); unusually large average transaction amount (contributed +0.161).
bc1qktsg7fxzv4u3bbxux1oxrwk8r2ykccprhvlz04,1.2508876381519094e-07,0.6762666396689088,0.01,0.6795040133626715,False,,False,Flagged for: statistically anomalous behavior (anomaly score 0.68).,0.6862667647576726,Driven by: an unusually high transaction frequency (contributed +0.140); unusually large average transaction amount (contributed +0.129); consistently high peer geo-velocity (contributed +0.049).,Driven by: the consistency of the peel-to-remainder ratio (contributed +0.013).,[Anomaly] Driven by: an unusually high transaction frequency (contributed +0.140); unusually large average transaction amount (contributed +0.129); consistently high peer geo-velocity (contributed +0.049).
bc1q1arxabofloaz1ro03ciny2et9mkb9xn4m41kht,1.3548922748402612e-05,0.6794922387562539,0.0,0.6794965812911512,True,fanin,False,Flagged for: statistically anomalous behavior (anomaly score 0.68).,0.6795057876790023,Driven by: an unusually high transaction frequency (contributed +0.144); an unusually extreme single transaction amount (contributed +0.136).,,[Anomaly] Driven by: an unusually high transaction frequency (contributed +0.144); an unusually extreme single transaction amount (contributed +0.136).
bc1q6g5g79or7875aud9k9tr74qgefqjg02u1g463s,7.125899226041168e-05,0.6596719530370017,0.04,0.6733083562918396,False,,False,Flagged for: statistically anomalous behavior (anomaly score 0.66).,0.6997432120292622,Driven by: an unusually high transaction frequency (contributed +0.122); consistently high peer geo-velocity (contributed +0.064); unusually large average transaction amount (contributed +0.014).,Driven by: chain length (contributed +0.012); how much the balance declined end-to-end (contributed +0.008); the fee pattern across hops (contributed +0.002).,[Anomaly] Driven by: an unusually high transaction frequency (contributed +0.122); consistently high peer geo-velocity (contributed +0.064); unusually large average transaction amount (contributed +0.014).
bc1qs3kkv9rftmttqlgzui1b0z3nx39rbsv55psq0o,3.670635919754004e-06,0.6693847115257759,0.0,0.6693859250941294,True,fanout,False,Flagged for: statistically anomalous behavior (anomaly score 0.67).,0.6693883821616957,Driven by: an unusually high transaction frequency (contributed +0.108).,,[Anomaly] Driven by: an unusually high transaction frequency (contributed +0.108).
bc1q1w1ht7pze9vifttd96qe3rzsj49itn7s55j2o7,1.7785169304611553e-05,0.6331310076162474,0.09,0.6661551545234845,False,,False,Flagged for: statistically anomalous behavior (anomaly score 0.63).,0.723148792785552,Driven by: an unusually high transaction frequency (contributed +0.150); consistently high peer geo-velocity (contributed +0.047).,Driven by: chain length (contributed +0.044); how much the balance declined end-to-end (contributed +0.024); the size of the starting balance (contributed +0.002).,[Anomaly] Driven by: an unusually high transaction frequency (contributed +0.150); consistently high peer geo-velocity (contributed +0.047).
bc1qxaji0y6dpbhsahxthv3a3zmf8mdd4v30t9nt3w,0.0001151849488986,0.6067085687347619,0.0,0.6067538699881745,False,,False,Flagged for: statistically anomalous behavior (anomaly score 0.61).,0.6068237536836605,Driven by: an unusually extreme single transaction amount (contributed +0.197); unusually large average transaction amount (contributed +0.151); an unusually high transaction frequency (contributed +0.127).,,[Anomaly] Driven by: an unusually extreme single transaction amount (contributed +0.197); unusually large average transaction amount (contributed +0.151); an unusually high transaction frequency (contributed +0.127).
bc1qi2clp81l51flmnavycs44phh62myz9vlu8wpfq,2.640433144055244e-05,0.5443986457644804,0.1093333333333333,0.5942217750798842,False,,False,Flagged for: statistically anomalous behavior (anomaly score 0.54).,0.6537583834292542,Driven by: an unusually high transaction frequency (contributed +0.188); consistently high peer geo-velocity (contributed +0.002).,Driven by: the consistency of the peel-to-remainder ratio (contributed +0.013); the size of the starting balance (contributed +0.011); chain length (contributed +0.011).,[Anomaly] Driven by: an unusually high transaction frequency (contributed +0.188); consistently high peer geo-velocity (contributed +0.002).
bc1q6nix9twu52iybhk3h3ys1duafa0xrjal1tpnsq,2.9834606628105007e-05,0.5763810206994769,0.0,0.5763936592050846,False,,False,Flagged for: statistically anomalous behavior (anomaly score 0.58).,0.576410855306105,Driven by: an unusually high number of incoming payments (contributed +0.197); an unusually high transaction frequency (contributed +0.051); physically implausible peer geo-velocity (contributed +0.030).,,[Anomaly] Driven by: an unusually high number of incoming payments (contributed +0.197); an unusually high transaction frequency (contributed +0.051); physically implausible peer geo-velocity (contributed +0.030).
bc1q1swjckjlteiyzcotohp6vz41nam148p0tvhhpb,9.979777643706193e-07,0.5685028197575751,0.0,0.5685032503821663,True,"fanin,fanout",False,Flagged for: statistically anomalous behavior (anomaly score 0.57).,0.5685038177353394,Driven by: an unusually extreme single transaction amount (contributed +0.180); an unusually high transaction frequency (contributed +0.067); unusually large average transaction amount (contributed +0.050).,,[Anomaly] Driven by: an unusually extreme single transaction amount (contributed +0.180); an unusually high transaction frequency (contributed +0.067); unusually large average transaction amount (contributed +0.050).
bc1qo2rntjlmz04x0qzfhomtzzf8adf7pchcbn9wsz,1.5754882503817675e-05,0.5031111141126045,0.04,0.5229941848370743,False,,False,Flagged for: statistically anomalous behavior (anomaly score 0.50).,0.5431268689951083,Driven by: an unusually high transaction frequency (contributed +0.183); consistently high peer geo-velocity (contributed +0.103); physically implausible peer geo-velocity (contributed +0.100).,Driven by: chain length (contributed +0.012); how much the balance declined end-to-end (contributed +0.008); the fee pattern across hops (contributed +0.002).,[Anomaly] Driven by: an unusually high transaction frequency (contributed +0.183); consistently high peer geo-velocity (contributed +0.103); physically implausible peer geo-velocity (contributed +0.100).
bc1q87xw69hzgopjdn8ezp7qyezg52kre4v9kypofk,3.5762402986582107e-06,0.4605820827042497,0.1093333333333333,0.5195601598363806,False,,False,No single strong signal; flagged only due to combined weak evidence.,0.5699189922778818,Driven by: an unusually high transaction frequency (contributed +0.160); consistently high peer geo-velocity (contributed +0.138); physically implausible peer geo-velocity (contributed +0.060).,Driven by: the consistency of the peel-to-remainder ratio (contributed +0.013); the size of the starting balance (contributed +0.011); chain length (contributed +0.011).,No single strong signal; flagged only due to combined weak evidence.
bc1qy36ddfgs3jonou9iy4x41dntcagrp2u4dtbh55,5.230300811717232e-07,0.5190711998195049,0.0,0.5190714513597343,True,coinjoin,False,Flagged for: statistically anomalous behavior (anomaly score 0.52).,0.519071722849586,Driven by: unusually large average transaction amount (contributed +0.216); an unusually extreme single transaction amount (contributed +0.203); an unusually high transaction frequency (contributed +0.174).,,[Anomaly] Driven by: unusually large average transaction amount (contributed +0.216); an unusually extreme single transaction amount (contributed +0.203); an unusually high transaction frequency (contributed +0.174).
bc1q0hpmnz1udbfwyjxrpj1epkyrybovakhejla0gn,1.426764032094872e-07,0.4966747668295008,0.04,0.5168078450964495,False,,False,No single strong signal; flagged only due to combined weak evidence.,0.536674909505904,Driven by: an unusually extreme single transaction amount (contributed +0.228); an unusually high transaction frequency (contributed +0.186); unusually large average transaction amount (contributed +0.106).,Driven by: variability in the peel-to-remainder ratio (contributed +0.008).,No single strong signal; flagged only due to combined weak evidence.
bc1qvni8e61493685efzvmt4fvmypj2nnoc3arpyyf,0.2916411726452687,0.3102529596002364,0.0,0.511411595291027,False,,False,No single strong signal; flagged only due to combined weak evidence.,0.6018941322455051,Driven by: an unusually extreme single transaction amount (contributed +0.269); an unusually high transaction frequency (contributed +0.260); unusually large average transaction amount (contributed +0.238).,,No single strong signal; flagged only due to combined weak evidence.
bc1qpqo2lngixmc4sx27dcbhhlk3yjz99106ak32oo,2.032069924024028e-06,0.446411040014914,0.1093333333333333,0.5069377682455846,False,,False,No single strong signal; flagged only due to combined weak evidence.,0.5557464054181714,Driven by: consistently high peer geo-velocity (contributed +0.243); an unusually high transaction frequency (contributed +0.191); physically implausible peer geo-velocity (contributed +0.177).,Driven by: the consistency of the peel-to-remainder ratio (contributed +0.013); the size of the starting balance (contributed +0.011); chain length (contributed +0.011).,No single strong signal; flagged only due to combined weak evidence.
bc1q2zl15s74nddafs1iym90pkr1ifsi159i3hz3zs,0.0374568242990537,0.4865621927791443,0.0,0.5057939425127074,True,"fanin,fanout",False,No single strong signal; flagged only due to combined weak evidence.,0.524019017078198,Driven by: an unusually extreme single transaction amount (contributed +0.210); an unusually high transaction frequency (contributed +0.202); unusually large average transaction amount (contributed +0.167).,,No single strong signal; flagged only due to combined weak evidence.
bc1q6q3xlrfcd6mzsgippsfnkomv2xcdyk0x65mufm,0.0,0.5044745716395701,0.0,0.5044745716395701,False,,False,Flagged for: statistically anomalous behavior (anomaly score 0.50).,0.5044745716395701,Driven by: an atypical time-of-day transaction pattern (contributed +0.153); an unusually high transaction frequency (contributed +0.131); an atypical number of transactions (contributed +0.125).,,[Anomaly] Driven by: an atypical time-of-day transaction pattern (contributed +0.153); an unusually high transaction frequency (contributed +0.131); an atypical number of transactions (contributed +0.125).
bc1qsqc38seootuia4tndgdbnl7nfpe5hdpvqg527v,4.9632780486381696e-05,0.4994817497165508,0.0,0.4995065918289967,False,,False,No single strong signal; flagged only due to combined weak evidence.,0.4995313824970372,Driven by: an unusually extreme single transaction amount (contributed +0.204); unusually large average transaction amount (contributed +0.102); an atypical number of transactions (contributed +0.003).,,No single strong signal; flagged only due to combined weak evidence.
bc1qw3c1qkbhb7s9tj1gm25len606n9rr7s20cv3tl,2.0739324359644865e-05,0.4934087009092361,0.0,0.4934192072705057,False,,False,No single strong signal; flagged only due to combined weak evidence.,0.4934294402335957,Driven by: an unusually high transaction frequency (contributed +0.066); consistently high peer geo-velocity (contributed +0.058); unusually large average transaction amount (contributed +0.039).,Driven by: the consistency of the peel-to-remainder ratio (contributed +0.013); variability in the peel-to-remainder ratio (contributed +0.006).,No single strong signal; flagged only due to combined weak evidence.
bc1qvoi8uyyf1irym81cmftdrluxm60an0jbzutrut,1.6075452327366105e-05,0.4921523587297882,0.0,0.492160522610335,True,coinjoin,False,No single strong signal; flagged only due to combined weak evidence.,0.4921684341821156,Driven by: an unusually extreme single transaction amount (contributed +0.244); an unusually high transaction frequency (contributed +0.210); unusually large average transaction amount (contributed +0.190).,Driven by: variability in the peel-to-remainder ratio (contributed +0.005).,No single strong signal; flagged only due to combined weak evidence.
bc1q4ygyflq8xpa95g1amra5rbaykis11d2mrmtxjq,2.5375175330483344e-05,0.292116229099889,0.28,0.4903366180777763,True,"fanin,fanout",False,No single strong signal; flagged only due to combined weak evidence.,0.5721416042752194,Driven by: an unusually high transaction frequency (contributed +0.274); an unusually extreme single transaction amount (contributed +0.234); unusually large average transaction amount (contributed +0.173).,Driven by: how tightly-timed the slowest hop was (contributed +0.023); variability in the peel-to-remainder ratio (contributed +0.008).,No single strong signal; flagged only due to combined weak evidence.
bc1qcgmiurpv2wj6o6u9179b9nt5dxi7qodsu9f16x,0.000208356307884,0.4395693479273508,0.09,0.4901143666418459,False,,False,No single strong signal; flagged only due to combined weak evidence.,0.5297777042352348,Driven by: an unusually high number of outgoing payments (contributed +0.201); physically implausible peer geo-velocity (contributed +0.086); consistently high peer geo-velocity (contributed +0.005).,Driven by: chain length (contributed +0.044); how much the balance declined end-to-end (contributed +0.024); the size of the starting balance (contributed +0.002).,No single strong signal; flagged only due to combined weak evidence.
bc1qyil8sa3idy3c7rm6j8y6rh05hhiwfd7yxw1tbr,7.442044353167609e-06,0.4869934054866801,0.0,0.4869972233045099,True,fanin,False,No single strong signal; flagged only due to combined weak evidence.,0.4870008475310332,Driven by: an unusually high transaction frequency (contributed +0.202); unusually large average transaction amount (contributed +0.110); an unusually extreme single transaction amount (contributed +0.055).,,No single strong signal; flagged only due to combined weak evidence.
bc1qnidp9mgyh523ggodlught7ehmgoloqc3xnchkv,2.121852834107361e-05,0.4312920535075553,0.09,0.4824867497944445,False,,False,No single strong signal; flagged only due to combined weak evidence.,0.5213132720358964,Driven by: an unusually high transaction frequency (contributed +0.190); consistently high peer geo-velocity (contributed +0.014).,Driven by: chain length (contributed +0.044); how much the balance declined end-to-end (contributed +0.024); the size of the starting balance (contributed +0.002).,No single strong signal; flagged only due to combined weak evidence.
bc1qy4vy32i3pj7k99bv2j3t4h8qfdtn0plcfr7cl6,1.818664077008717e-07,0.4795525148664618,0.0,0.4795526095183764,False,,False,No single strong signal; flagged only due to combined weak evidence.,0.4795526967328695,Driven by: an unusually high number of incoming payments (contributed +0.161); an unusually extreme single transaction amount (contributed +0.125); an atypical number of transactions (contributed +0.098).,,No single strong signal; flagged only due to combined weak evidence.
bc1qaj8x2bh2ns8jr1vmymlinov953a5o47aet81iq,2.3317715113427405e-05,0.4774848226940885,0.0,0.4774970065541353,True,"fanin,fanout",False,No single strong signal; flagged only due to combined weak evidence.,0.4775081404092019,Driven by: an unusually high transaction frequency (contributed +0.133).,,No single strong signal; flagged only due to combined weak evidence.
bc1qyvy96qzusofvd2ml0lrk4t0rdx0gh9q7i2hkr6,5.583178228894642e-06,0.4735362230217655,0.0,0.4735391623628634,False,,False,No single strong signal; flagged only due to combined weak evidence.,0.4735418061999945,Driven by: an unusually extreme single transaction amount (contributed +0.138); an atypical number of transactions (contributed +0.011).,,No single strong signal; flagged only due to combined weak evidence.
bc1qi15cqzcuctsuflsehuds3qsqcq30o30ubmc97c,9.500429201369076e-05,0.4631999739371332,0.0,0.4632509722435624,False,,False,No single strong signal; flagged only due to combined weak evidence.,0.4632949782291469,Driven by: an unusually high transaction frequency (contributed +0.211); an unusually extreme single transaction amount (contributed +0.207); unusually large average transaction amount (contributed +0.150).,,No single strong signal; flagged only due to combined weak evidence.
bc1q5uqpgb7r3ocwbfuk9e1v2isqp49kwv08hhxfgc,8.845806118178754e-06,0.4537066795042109,0.0,0.4537115119090077,True,coinjoin,False,No single strong signal; flagged only due to combined weak evidence.,0.4537155253103291,Driven by: an unusually high transaction frequency (contributed +0.202); unusually large average transaction amount (contributed +0.140).,,No single strong signal; flagged only due to combined weak evidence.
bc1qnsvsojrpp7r93fezez5ehr07n8voeubfn9kr2f,1.231650342270325e-05,0.4533867155062911,0.0,0.4533934478706806,False,,False,No single strong signal; flagged only due to combined weak evidence.,0.4533990320097139,Driven by: an unusually high transaction frequency (contributed +0.213).,,No single strong signal; flagged only due to combined weak evidence.
bc1qjc2r07lp7dfjcp0tlz1xgpxahkudiz1xevo7q5,2.2878300576529e-05,0.3989824376717801,0.09,0.4530865310183227,False,,False,No single strong signal; flagged only due to combined weak evidence.,0.4890053159723566,Driven by: an unusually high transaction frequency (contributed +0.207); consistently high peer geo-velocity (contributed +0.195); physically implausible peer geo-velocity (contributed +0.154).,Driven by: chain length (contributed +0.044); how much the balance declined end-to-end (contributed +0.024); the size of the starting balance (contributed +0.002).,No single strong signal; flagged only due to combined weak evidence.
bc1qfel6246hid25owf75935a0l7253j2d54i3qk2i,1.4547331234568345e-05,0.3845768195046731,0.1093333333333333,0.4518710611680606,False,,False,No single strong signal; flagged only due to combined weak evidence.,0.493924700169241,Driven by: consistently high peer geo-velocity (contributed +0.190); an unusually high transaction frequency (contributed +0.152); physically implausible peer geo-velocity (contributed +0.125).,Driven by: the consistency of the peel-to-remainder ratio (contributed +0.013); the size of the starting balance (contributed +0.011); chain length (contributed +0.011).,No single strong signal; flagged only due to combined weak evidence.
bc1qvy74zq50op7xmr8fhydrgfr27riu9mjyg4s3me,0.0006750187805822,0.4503578934357088,0.0,0.4507289121802386,False,,False,No single strong signal; flagged only due to combined weak evidence.,0.4510329122162911,Driven by: an unusually high transaction frequency (contributed +0.206); unusually large average transaction amount (contributed +0.027).,,No single strong signal; flagged only due to combined weak evidence.
bc1qi0ycm90f89vxg7nvkbjn7fdtgskegdez18x4ry,5.835925852885779e-06,0.4485912682008517,0.0,0.4485944861813251,False,,False,No single strong signal; flagged only due to combined weak evidence.,0.4485971041267046,Driven by: an unusually high number of incoming payments (contributed +0.204); an unusually high transaction frequency (contributed +0.112); physically implausible peer geo-velocity (contributed +0.062).,,No single strong signal; flagged only due to combined weak evidence.
bc1qrmhrcnbh6nqqb9lzs34jtgxnx4sn6sm5rrvsff,2.7553595223501056e-06,0.4250618632868072,0.04,0.4480609095501539,False,,False,No single strong signal; flagged only due to combined weak evidence.,0.4650646186463295,Driven by: an unusually extreme single transaction amount (contributed +0.243); unusually large average transaction amount (contributed +0.232); an unusually high transaction frequency (contributed +0.220).,Driven by: chain length (contributed +0.012); how much the balance declined end-to-end (contributed +0.008); the fee pattern across hops (contributed +0.002).,No single strong signal; flagged only due to combined weak evidence.
bc1qwyqmlh13c71ud2zdlx1q8f6jng7l4lrcer4kmu,2.927354663080546e-05,0.4469151307710471,0.0,0.4469313215267574,False,,False,No single strong signal; flagged only due to combined weak evidence.,0.4469444043176779,Driven by: unusually large average transaction amount (contributed +0.229); an unusually high transaction frequency (contributed +0.228); an unusually extreme single transaction amount (contributed +0.088).,,No single strong signal; flagged only due to combined weak evidence.
bc1qmd478mfs0iuduahgk6t9dhsznvp8gmnhie9ede,0.0279056092356747,0.4291483433548607,0.0,0.4450783066167375,False,,False,No single strong signal; flagged only due to combined weak evidence.,0.4570539525905355,Driven by: an unusually high number of incoming payments (contributed +0.149); an unusually extreme single transaction amount (contributed +0.134); an atypical number of transactions (contributed +0.096).,,No single strong signal; flagged only due to combined weak evidence.
bc1q9lny2svhotqf74rqvfx2zvl9e9zr3rzn9l3h03,1.7292363607216337e-05,0.4197223538072573,0.04,0.4429430926521361,False,,False,No single strong signal; flagged only due to combined weak evidence.,0.4597396461708645,Driven by: an unusually high transaction frequency (contributed +0.215).,Driven by: variability in the peel-to-remainder ratio (contributed +0.008).,No single strong signal; flagged only due to combined weak evidence.
bc1qvcjxn7prwmoegpcp03yys14imd01n1t7nrqh4s,1.742563524831802e-05,0.3779108435983355,0.09,0.4339087323463308,False,,False,No single strong signal; flagged only due to combined weak evidence.,0.4679282692335837,Driven by: consistently high peer geo-velocity (contributed +0.153); an unusually high transaction frequency (contributed +0.151); unusually large average transaction amount (contributed +0.145).,Driven by: chain length (contributed +0.044); how much the balance declined end-to-end (contributed +0.024); the size of the starting balance (contributed +0.002).,No single strong signal; flagged only due to combined weak evidence.
bc1qf8cgvyie6ivwpvs7hzioykl1cq99chj755nf4z,6.664189113084099e-07,0.4174652687682083,0.0,0.4174656569803697,False,,False,No single strong signal; flagged only due to combined weak evidence.,0.4174659351871196,Driven by: an unusually extreme single transaction amount (contributed +0.269); unusually large average transaction amount (contributed +0.096); consistently high peer geo-velocity (contributed +0.040).,,No single strong signal; flagged only due to combined weak evidence.
bc1qjhe9fi3m5rpbla6szo61lqonewrx4me6xkjupq,1.1615221177960476e-05,0.4150947935075335,0.0,0.4151015873108751,False,,False,No single strong signal; flagged only due to combined weak evidence.,0.4151064087287114,Driven by: an unusually extreme single transaction amount (contributed +0.239); unusually large average transaction amount (contributed +0.170); an atypical time-of-day transaction pattern (contributed +0.106).,,No single strong signal; flagged only due to combined weak evidence.
bc1q13m9npk2v014jponzv1v8pdewd6l5hrjae8qk4,4.745656831465593e-06,0.4147010724579272,0.0,0.4147038500857811,False,,False,No single strong signal; flagged only due to combined weak evidence.,0.4147058181147587,Driven by: an atypical time-of-day transaction pattern (contributed +0.108); unusually large average transaction amount (contributed +0.093); an atypical number of transactions (contributed +0.057).,,No single strong signal; flagged only due to combined weak evidence.
bc1qfwcs4bju8oxm9f4oheun5a8xaejgnzfzunq2w9,9.366886748684469e-05,0.4106848514471113,0.0,0.4107400519296691,False,,False,No single strong signal; flagged only due to combined weak evidence.,0.4107785203145982,Driven by: an unusually high transaction frequency (contributed +0.231); consistently high peer geo-velocity (contributed +0.166); physically implausible peer geo-velocity (contributed +0.047).,,No single strong signal; flagged only due to combined weak evidence.
bc1qy4k7bpgyvyv2gqu7dknncptkezjsszwd0w9ry7,1.3123190993662755e-06,0.4107286163588391,0.0,0.4107293896709305,False,,False,No single strong signal; flagged only due to combined weak evidence.,0.4107299286779385,Driven by: an unusually extreme single transaction amount (contributed +0.259); unusually large average transaction amount (contributed +0.059); an unusually high transaction frequency (contributed +0.030).,,No single strong signal; flagged only due to combined weak evidence.
bc1q5uzbikcidkwnnhj7xvg0fn9xuy41ibljh75lxo,3.7525827970401418e-06,0.4079597670103469,0.0,0.4079619886903405,False,,False,No single strong signal; flagged only due to combined weak evidence.,0.407963519593144,Driven by: an unusually extreme single transaction amount (contributed +0.241); an unusually high transaction frequency (contributed +0.152); unusually large average transaction amount (contributed +0.148).,No individual feature stood out; flagged only by combined weak signals.,No single strong signal; flagged only due to combined weak evidence.
bc1qie0rnujjq9k6re4q6qdy4lmct64z7w2sehe2at,1.2587484150751148e-06,0.4078605157911861,0.0,0.4078612611458233,False,,False,No single strong signal; flagged only due to combined weak evidence.,0.4078617745396012,Driven by: an unusually extreme single transaction amount (contributed +0.276); an unusually high transaction frequency (contributed +0.153); unusually large average transaction amount (contributed +0.148).,,No single strong signal; flagged only due to combined weak evidence.
bc1q930i6g61pcwe4c1v47lzn9uhjpkhf33guwyh36,4.4767827345045173e-07,0.1713156206869328,0.28,0.403347514003066,False,,False,No single strong signal; flagged only due to combined weak evidence.,0.4513160683652063,Driven by: an unusually extreme single transaction amount (contributed +0.289); an unusually high transaction frequency (contributed +0.282); consistently high peer geo-velocity (contributed +0.188).,Driven by: how tightly-timed the slowest hop was (contributed +0.023); variability in the peel-to-remainder ratio (contributed +0.008).,No single strong signal; flagged only due to combined weak evidence.
bc1qfwojq44g23tyifjhs1jqedli5vlmq4vbgr3ajn,0.0002897332798533,0.4015940264900791,0.0,0.401767404615468,False,,False,No single strong signal; flagged only due to combined weak evidence.,0.4018837597699324,Driven by: an unusually high transaction frequency (contributed +0.156); consistently high peer geo-velocity (contributed +0.045).,,No single strong signal; flagged only due to combined weak evidence.
bc1qcxlvpymb5m9j98cwn2y8fv2bc2nnuvy8n1utox,8.648185037005008e-06,0.4006542171218216,0.0,0.4006594003750531,True,coinjoin,False,No single strong signal; flagged only due to combined weak evidence.,0.4006628653068586,Driven by: an unusually extreme single transaction amount (contributed +0.262); an unusually high transaction frequency (contributed +0.210); unusually large average transaction amount (contributed +0.122).,,No single strong signal; flagged only due to combined weak evidence.
bc1qxtf52bwhnybjk8jv7ojmp6o6f7n2elmv5e71g4,8.534776960724649e-07,0.4005229455950511,0.0,0.4005234572353463,False,,False,No single strong signal; flagged only due to combined weak evidence.,0.4005237990727471,Driven by: an unusually high number of incoming payments (contributed +0.184); an unusually extreme single transaction amount (contributed +0.144); an atypical number of transactions (contributed +0.108).,,No single strong signal; flagged only due to combined weak evidence.
bc1qurlzh6a50nooo0nl9c59e7f1811mzwncnpir7n,2.0110275293058705e-06,0.3979267157526464,0.0,0.3979279265385956,True,fanin,False,No single strong signal; flagged only due to combined weak evidence.,0.3979287267801756,Driven by: an unusually extreme single transaction amount (contributed +0.205); an unusually high transaction frequency (contributed +0.187).,,No single strong signal; flagged only due to combined weak evidence.
bc1qi1uz5zcfpvw4nh81tjrt2rmc967fd2ybnmzogq,3.254789122907295e-06,0.375542156752697,0.03,0.3942778635543541,True,"fanin,fanout",False,No single strong signal; flagged only due to combined weak evidence.,0.4055454115418199,Driven by: an unusually high transaction frequency (contributed +0.168); consistently high peer geo-velocity (contributed +0.122); physically implausible peer geo-velocity (contributed +0.110).,Driven by: the size of the starting balance (contributed +0.012).,No single strong signal; flagged only due to combined weak evidence.
bc1qdo7002g3yu6vk0ucc1m3o55ixva1nkbtfshb0o,0.107816015824022,0.3192412015292068,0.0,0.392637902917476,True,"fanin,fanout",False,No single strong signal; flagged only due to combined weak evidence.,0.4270572173532289,Driven by: an unusually high transaction frequency (contributed +0.249); an unusually extreme single transaction amount (contributed +0.242); consistently high peer geo-velocity (contributed +0.049).,Driven by: variability in the peel-to-remainder ratio (contributed +0.005).,No single strong signal; flagged only due to combined weak evidence.
bc1qrgrewds0hprwzbywwimt8545yrwvtkh861pqip,1.3336636056175464e-05,0.3907852571816836,0.0,0.3907933820569886,False,,False,No single strong signal; flagged only due to combined weak evidence.,0.3907985938177398,Driven by: an unusually high transaction frequency (contributed +0.205); consistently high peer geo-velocity (contributed +0.138); physically implausible peer geo-velocity (contributed +0.094).,,No single strong signal; flagged only due to combined weak evidence.
bc1qagl58kxo9t7e8g8jdp0lvsnujza7tz0yncxll4,1.981689272740844e-05,0.3647076616697303,0.04,0.3901314411422556,False,,False,No single strong signal; flagged only due to combined weak evidence.,0.4047274785624577,Driven by: an unusually high transaction frequency (contributed +0.258); unusually large average transaction amount (contributed +0.141); consistently high peer geo-velocity (contributed +0.052).,Driven by: chain length (contributed +0.012); how much the balance declined end-to-end (contributed +0.008); the fee pattern across hops (contributed +0.002).,No single strong signal; flagged only due to combined weak evidence.
bc1qz7ko0ql4tc9yvrzmwpl00acma2h5csrrqsx696,1.2646622214453725e-06,0.3897995543510979,0.0,0.3898003260485491,False,,False,No single strong signal; flagged only due to combined weak evidence.,0.3898008190133193,Driven by: an unusually high number of incoming payments (contributed +0.201); unusually large average transaction amount (contributed +0.056); physically implausible peer geo-velocity (contributed +0.041).,,No single strong signal; flagged only due to combined weak evidence.
bc1q0j1mnyw0yfkoe2hk724d6gq2wipp101yqt061a,0.0883138926209488,0.3276470020997933,0.0,0.3870251125597251,True,coinjoin,False,No single strong signal; flagged only due to combined weak evidence.,0.4159608947207421,Driven by: an unusually extreme single transaction amount (contributed +0.273); unusually large average transaction amount (contributed +0.155).,,No single strong signal; flagged only due to combined weak evidence.
bc1qr0aymk99jcjn9978imoe0sy5ypuplvqexuyhey,5.6473603025573465e-06,0.3805730394588376,0.01,0.3867707722102042,False,,False,No single strong signal; flagged only due to combined weak evidence.,0.3905786868191401,Driven by: an unusually extreme single transaction amount (contributed +0.259); an unusually high transaction frequency (contributed +0.205); unusually large average transaction amount (contributed +0.123).,No individual feature stood out; flagged only by combined weak signals.,No single strong signal; flagged only due to combined weak evidence.
bc1qmcd6xhmk0ufucguw0v0i1itqpq4bw34s764623,7.49970034409353e-06,0.3865591767661357,0.0,0.3865637773884889,False,,False,No single strong signal; flagged only due to combined weak evidence.,0.3865666764664798,Driven by: an unusually high number of incoming payments (contributed +0.207); an unusually high transaction frequency (contributed +0.118); physically implausible peer geo-velocity (contributed +0.098).,,No single strong signal; flagged only due to combined weak evidence.
bc1q8zov7ln23y30ysxpnngh8riec4d145bm1enf31,2.490794923399078e-06,0.3830024661786853,0.0,0.3830040029930103,False,,False,No single strong signal; flagged only due to combined weak evidence.,0.3830049569736087,Driven by: an unusually extreme single transaction amount (contributed +0.248); an unusually high transaction frequency (contributed +0.227); unusually large average transaction amount (contributed +0.206).,,No single strong signal; flagged only due to combined weak evidence.
bc1qx15dtoz5sthslmwa6tj3kps04jse17quami0uz,5.820516466909461e-06,0.3828721418015018,0.0,0.3828757338043626,False,,False,No single strong signal; flagged only due to combined weak evidence.,0.3828779623179687,Driven by: unusually large average transaction amount (contributed +0.233); an unusually high transaction frequency (contributed +0.232); an unusually extreme single transaction amount (contributed +0.217).,,No single strong signal; flagged only due to combined weak evidence.
bc1ql44y9ik01l0vdp6orsnc2czo2sug5hcbbmhnqo,8.516612567878512e-06,0.3824806775378868,0.0,0.3824859367107094,False,,False,No single strong signal; flagged only due to combined weak evidence.,0.3824891941504547,Driven by: an unusually high transaction frequency (contributed +0.157); consistently high peer geo-velocity (contributed +0.119); physically implausible peer geo-velocity (contributed +0.034).,,No single strong signal; flagged only due to combined weak evidence.
bc1qozrzuwqffp5ny1li8are104rp59q6pu4y6dm5n,2.4627932737110403e-08,0.3811523021826403,0.0,0.3811523174235798,False,,False,No single strong signal; flagged only due to combined weak evidence.,0.3811523268105731,Driven by: an unusually extreme single transaction amount (contributed +0.215); an unusually high number of incoming payments (contributed +0.172); an unusually high number of outgoing payments (contributed +0.112).,,No single strong signal; flagged only due to combined weak evidence.
bc1qfdzltoczcecert7awrpmehrtvce3skso6dkfla,7.910248463098175e-10,0.379116332132378,0.0,0.3791163326235124,True,"fanin,fanout",False,No single strong signal; flagged only due to combined weak evidence.,0.3791163329234029,Driven by: an unusually high number of outgoing payments (contributed +0.206); an atypical number of transactions (contributed +0.200); an unusually high number of incoming payments (contributed +0.162).,,No single strong signal; flagged only due to combined weak evidence.
bc1qo893envrjq9he6vb7hfg5lu7pkhel706hoqq0r,5.847979023992297e-06,0.3780722838076757,0.0,0.3780759208279145,False,,False,No single strong signal; flagged only due to combined weak evidence.,0.3780781317866997,Driven by: an unusually extreme single transaction amount (contributed +0.250); unusually large average transaction amount (contributed +0.204); consistently high peer geo-velocity (contributed +0.168).,,No single strong signal; flagged only due to combined weak evidence.
bc1qrm7pyxdw2zcfzw0ldalmjegqtoamdvlnknd669,0.0,0.3767302596586662,0.0,0.3767302596586661,False,,False,No single strong signal; flagged only due to combined weak evidence.,0.3767302596586662,Driven by: physically implausible peer geo-velocity (contributed +0.108); an unusually high transaction frequency (contributed +0.066); consistently high peer geo-velocity (contributed +0.027).,,No single strong signal; flagged only due to combined weak evidence.
bc1qeg1y9xca6qs0szaa1eipicerhnxi09p5el2b2o,3.6895852441728274e-05,0.3764795190741543,0.0,0.3765025243938129,False,,False,No single strong signal; flagged only due to combined weak evidence.,0.376516414926596,Driven by: an unusually extreme single transaction amount (contributed +0.241); an unusually high transaction frequency (contributed +0.240); unusually large average transaction amount (contributed +0.210).,,No single strong signal; flagged only due to combined weak evidence.
bc1q6t94ow3litnt0mq8abkae6a9hl1737suudqfj6,1.0404276531067228e-06,0.3750524741318251,0.0,0.3750531243445127,True,"fanin,fanout",False,No single strong signal; flagged only due to combined weak evidence.,0.3750535145594782,Driven by: an unusually extreme single transaction amount (contributed +0.230); an unusually high transaction frequency (contributed +0.157).,,No single strong signal; flagged only due to combined weak evidence.
bc1q0jdcli6978v0bjwkon8uujs75eltfebe5407k5,1.1247063072951981e-07,0.1296653794867789,0.28,0.3733591437091811,False,,False,No single strong signal; flagged only due to combined weak evidence.,0.4096654919574096,Driven by: an unusually extreme single transaction amount (contributed +0.308); an unusually high transaction frequency (contributed +0.194); consistently high peer geo-velocity (contributed +0.127).,Driven by: how tightly-timed the slowest hop was (contributed +0.023); variability in the peel-to-remainder ratio (contributed +0.008).,No single strong signal; flagged only due to combined weak evidence.
bc1q01nouhtcs1k9ye9o2m71hssbelrqvslwf90km3,1.807038507093989e-06,0.3726592573681208,0.0,0.3726603909969999,False,,False,No single strong signal; flagged only due to combined weak evidence.,0.3726610644066279,Driven by: an unusually high transaction frequency (contributed +0.205); consistently high peer geo-velocity (contributed +0.190); physically implausible peer geo-velocity (contributed +0.110).,,No single strong signal; flagged only due to combined weak evidence.
bc1quhz1gv0e38daly8ozcywd14ve92mpnsm43d8w3,0.0,0.3710162887977394,0.0,0.3710162887977394,False,,False,No single strong signal; flagged only due to combined weak evidence.,0.3710162887977394,Driven by: an unusually extreme single transaction amount (contributed +0.265); unusually large average transaction amount (contributed +0.245); an unusually high transaction frequency (contributed +0.131).,,No single strong signal; flagged only due to combined weak evidence.
bc1qxj3y1xc2i92pv07uj4fqksd7gdp9ii37y3d2fn,3.432901166929962e-05,0.3686198588980688,0.0,0.3686415335543005,False,,False,No single strong signal; flagged only due to combined weak evidence.,0.3686541879097381,Driven by: an unusually high number of outgoing payments (contributed +0.199); an atypical time-of-day transaction pattern (contributed +0.167); an atypical number of transactions (contributed +0.151).,,No single strong signal; flagged only due to combined weak evidence.
bc1qzrmpgx44qx1clmmvh71hw3gm7q6lfj18lm6s0z,8.78191099336659e-06,0.3675665864093269,0.0,0.3675721403832743,False,,False,No single strong signal; flagged only due to combined weak evidence.,0.3675753683203202,Driven by: an unusually high transaction frequency (contributed +0.168); an atypical time-of-day transaction pattern (contributed +0.108); an atypical number of transactions (contributed +0.102).,,No single strong signal; flagged only due to combined weak evidence.
bc1qfbffheyzqqxbv0deoegezq0x717hw0bupmtxq5,7.333281487804064e-07,0.3641934643610187,0.0,0.3641939306158485,True,"fanin,fanout",False,No single strong signal; flagged only due to combined weak evidence.,0.3641941976891675,Driven by: an unusually high number of incoming payments (contributed +0.185); an atypical number of transactions (contributed +0.183); an unusually extreme single transaction amount (contributed +0.151).,,No single strong signal; flagged only due to combined weak evidence.
bc1qzp08j3trp0j43d5iqvnb4gh2m5zja8dzr1yxr2,1.3014857355778502e-05,0.3574326223098401,0.01,0.3638665753802762,True,fanin,False,No single strong signal; flagged only due to combined weak evidence.,0.3674456371671958,Driven by: an unusually extreme single transaction amount (contributed +0.243); an unusually high transaction frequency (contributed +0.223); unusually large average transaction amount (contributed +0.214).,No individual feature stood out; flagged only by combined weak signals.,No single strong signal; flagged only due to combined weak evidence.
bc1q1d1kdk2ywfmax9fke4vzn8z4c0x2hyvezrad8e,7.333281487804064e-07,0.3635371302801627,0.0,0.3635375970163007,True,"fanin,fanout",False,No single strong signal; flagged only due to combined weak evidence.,0.3635378636083115,Driven by: an unusually high number of outgoing payments (contributed +0.202); an unusually extreme single transaction amount (contributed +0.194); an atypical number of transactions (contributed +0.191).,,No single strong signal; flagged only due to combined weak evidence.
bc1qna2fqztio4m7pp0pnnlo0hhgh5xw6t1oxhfdxk,1.754508962572083e-06,0.3611348702452265,0.0,0.3611359911398225,False,,False,No single strong signal; flagged only due to combined weak evidence.,0.361136624754189,Driven by: an unusually extreme single transaction amount (contributed +0.261); unusually large average transaction amount (contributed +0.181); an unusually high transaction frequency (contributed +0.114).,,No single strong signal; flagged only due to combined weak evidence.
bc1q4teq3cyfwp5wlf0llya85bektjepgyap9eib0t,2.790451999118278e-05,0.361079264427511,0.0,0.3610970932039495,False,,False,No single strong signal; flagged only due to combined weak evidence.,0.3611071689475022,Driven by: an unusually high transaction frequency (contributed +0.150); unusually large average transaction amount (contributed +0.140).,,No single strong signal; flagged only due to combined weak evidence.
bc1qkhw8gakh3ycqe8xavmnkw7wvy9rmjr211pv58y,2.1636362044920384e-05,0.3572730049512822,0.0,0.3572869112252431,True,coinjoin,False,No single strong signal; flagged only due to combined weak evidence.,0.3572946413133271,Driven by: an unusually high transaction frequency (contributed +0.245); consistently high peer geo-velocity (contributed +0.171); unusually large average transaction amount (contributed +0.153).,,No single strong signal; flagged only due to combined weak evidence.
bc1qdsctxo6we815vn8lt25cdzbgqox54k7ynk76k9,1.4353126074598105e-05,0.3571859816965929,0.0,0.35719520808724,False,,False,No single strong signal; flagged only due to combined weak evidence.,0.3572003348226675,Driven by: an unusually high number of outgoing payments (contributed +0.222); an unusually extreme single transaction amount (contributed +0.144).,,No single strong signal; flagged only due to combined weak evidence.
bc1qubatpz00h4fl7q15whqmn7d922wahdo61xn8dk,0.000111400997054,0.3559511546406745,0.0,0.3560229023241992,False,,False,No single strong signal; flagged only due to combined weak evidence.,0.3560625556377286,Driven by: an unusually high transaction frequency (contributed +0.160); consistently high peer geo-velocity (contributed +0.105).,,No single strong signal; flagged only due to combined weak evidence.
bc1qbobcd11r89d842zsa6ha3vmot4saymwr03v867,1.2218060378439994e-05,0.3531463420872703,0.0,0.3531542453843186,True,coinjoin,False,No single strong signal; flagged only due to combined weak evidence.,0.3531585601476487,Driven by: an atypical number of transactions (contributed +0.197); an unusually high number of incoming payments (contributed +0.190); an unusually high number of outgoing payments (contributed +0.164).,,No single strong signal; flagged only due to combined weak evidence.
bc1qiqknppajiyryyiqezrp1482gqt1kaywq9p94jt,2.2047633916162226e-05,0.3511987529552752,0.0,0.3512130574876544,False,,False,No single strong signal; flagged only due to combined weak evidence.,0.3512208005891914,Driven by: unusually large average transaction amount (contributed +0.120); an atypical time-of-day transaction pattern (contributed +0.118); an atypical number of transactions (contributed +0.071).,,No single strong signal; flagged only due to combined weak evidence.
bc1qm4t8bp6nlnqbu4kzrezrdyxyur4sor8wm9lbb4,1.206005301891394e-05,0.3468153761402744,0.0,0.3468232535814693,False,,False,No single strong signal; flagged only due to combined weak evidence.,0.3468274361932933,Driven by: an unusually high transaction frequency (contributed +0.218); unusually large average transaction amount (contributed +0.183); an unusually extreme single transaction amount (contributed +0.126).,,No single strong signal; flagged only due to combined weak evidence.
bc1quyfliuf4pjdf8129tc6cgelvd3dd4sijzv07ey,4.739301503150332e-07,0.345621087713982,0.0,0.3456213978438783,False,,False,No single strong signal; flagged only due to combined weak evidence.,0.3456215616441323,Driven by: an unusually extreme single transaction amount (contributed +0.256); an unusually high number of incoming payments (contributed +0.216); unusually large average transaction amount (contributed +0.156).,,No single strong signal; flagged only due to combined weak evidence.
bc1q025ju26sphncasljsi3uduurwudkbu0t369o8w,1.033007629302776e-05,0.3448091084634421,0.0,0.3448158766353382,False,,False,No single strong signal; flagged only due to combined weak evidence.,0.3448194385397351,Driven by: an unusually high transaction frequency (contributed +0.168).,,No single strong signal; flagged only due to combined weak evidence.
bc1q7bo119xp9n56nyxtxmgtt0iaakytt3imj70e3p,3.656243525999707e-08,0.3441836985469162,0.0,0.3441837225251573,False,,False,No single strong signal; flagged only due to combined weak evidence.,0.3441837351093514,Driven by: an unusually extreme single transaction amount (contributed +0.265); unusually large average transaction amount (contributed +0.147); an unusually high transaction frequency (contributed +0.127).,,No single strong signal; flagged only due to combined weak evidence.
bc1qstrmzrmt8am1kbw6giokoqs8d6kyb27xjx6yy6,2.9422843658881037e-05,0.3432256116661664,0.0,0.3432449358363135,False,,False,No single strong signal; flagged only due to combined weak evidence.,0.3432550345098252,Driven by: consistently high peer geo-velocity (contributed +0.180); an unusually high transaction frequency (contributed +0.123); physically implausible peer geo-velocity (contributed +0.110).,,No single strong signal; flagged only due to combined weak evidence.
bc1qkp748ffoywwadsq32ql5g0trhc76wiz6p51pub,7.440628835806198e-07,0.3432248116027223,0.0,0.3432253002847628,False,,False,No single strong signal; flagged only due to combined weak evidence.,0.3432255556656059,Driven by: an unusually extreme single transaction amount (contributed +0.266); an unusually high number of incoming payments (contributed +0.214); unusually large average transaction amount (contributed +0.184).,,No single strong signal; flagged only due to combined weak evidence.
bc1q7u2mrix5vcmgjvc2smtc0d6qj2onveox3akv62,3.01301668608313e-07,0.3414035537191326,0.0,0.3414037521553409,False,,False,No single strong signal; flagged only due to combined weak evidence.,0.3414038550208012,Driven by: an unusually high number of incoming payments (contributed +0.167); unusually large average transaction amount (contributed +0.136); an unusually high number of outgoing payments (contributed +0.116).,,No single strong signal; flagged only due to combined weak evidence.
bc1q7xp2kugeorl0yb9c55c5mwbwacj28msabbkazj,9.141222904529576e-06,0.341114397698159,0.0,0.3411204207183181,False,,False,No single strong signal; flagged only due to combined weak evidence.,0.3411235389210635,Driven by: an unusually high number of incoming payments (contributed +0.217); an atypical number of transactions (contributed +0.099); an unusually high number of outgoing payments (contributed +0.071).,,No single strong signal; flagged only due to combined weak evidence.
bc1q1phjhddqef0s9kai1x2iuxorjgru9td57rezw3,6.659879846324365e-07,0.3128715074001624,0.04,0.3403570864187032,False,,False,No single strong signal; flagged only due to combined weak evidence.,0.3528721733881471,Driven by: an unusually extreme single transaction amount (contributed +0.255); unusually large average transaction amount (contributed +0.196); an atypical time-of-day transaction pattern (contributed +0.121).,Driven by: variability in the peel-to-remainder ratio (contributed +0.008).,No single strong signal; flagged only due to combined weak evidence.
bc1qj7q4kfmm0qpop1o8m291azhzknl2luhhs4dilr,9.044931962509148e-05,0.3401684799255799,0.0,0.3402281612376379,False,,False,No single strong signal; flagged only due to combined weak evidence.,0.340258929245205,Driven by: consistently high peer geo-velocity (contributed +0.229); an unusually high transaction frequency (contributed +0.194); physically implausible peer geo-velocity (contributed +0.156).,,No single strong signal; flagged only due to combined weak evidence.
bc1q115zg80zwvhyjeedp2nafh6q9y4yzkmru4eesz,7.910248463098175e-10,0.3368645549701149,0.0,0.3368645554946716,True,"fanin,fanout",False,No single strong signal; flagged only due to combined weak evidence.,0.3368645557611398,Driven by: an unusually high number of outgoing payments (contributed +0.215); an atypical number of transactions (contributed +0.201); an unusually high number of incoming payments (contributed +0.170).,,No single strong signal; flagged only due to combined weak evidence.
bc1q5d3nmyb4bomzqb09uw8pdwxezihzvzgmffohk9,6.306897456751996e-07,0.3346983181990054,0.0,0.3346987377979539,False,,False,No single strong signal; flagged only due to combined weak evidence.,0.334698948888751,Driven by: an unusually extreme single transaction amount (contributed +0.229); an unusually high number of incoming payments (contributed +0.223); unusually large average transaction amount (contributed +0.138).,,No single strong signal; flagged only due to combined weak evidence.
bc1qimyn4u9bxf445cri8bixoiq2q4qerxdouadvwk,2.25432339211015e-06,0.334671674290134,0.0,0.334673174155342,False,,False,No single strong signal; flagged only due to combined weak evidence.,0.3346739286135261,Driven by: an unusually high transaction frequency (contributed +0.192); consistently high peer geo-velocity (contributed +0.049).,Driven by: the consistency of the peel-to-remainder ratio (contributed +0.003).,No single strong signal; flagged only due to combined weak evidence.
bc1q0yc1ne2ooatyyxz90vqszxpgbmczdbraeiu5ax,2.495897571684297e-06,0.2615488207336061,0.09,0.3280111040872212,False,,False,No single strong signal; flagged only due to combined weak evidence.,0.3515513166311778,Driven by: an unusually high transaction frequency (contributed +0.227); an unusually high number of outgoing payments (contributed +0.218); physically implausible peer geo-velocity (contributed +0.056).,Driven by: chain length (contributed +0.044); how much the balance declined end-to-end (contributed +0.024); the size of the starting balance (contributed +0.002).,No single strong signal; flagged only due to combined weak evidence.
bc1quacotfvan0fvel57obvlxuiiy3xgwk1gpcxway,2.485639971071828e-06,0.3270543706062223,0.0,0.327056043306777,False,,False,No single strong signal; flagged only due to combined weak evidence.,0.3270568562461933,Driven by: an unusually extreme single transaction amount (contributed +0.239); unusually large average transaction amount (contributed +0.233); an unusually high transaction frequency (contributed +0.231).,,No single strong signal; flagged only due to combined weak evidence.
bc1qrsufv3dzwavmc0kjy4guz9lisybw6mzkntk3ih,3.873449427782637e-06,0.3266530994756918,0.0,0.3266557076508583,False,,False,No single strong signal; flagged only due to combined weak evidence.,0.3266569729251196,Driven by: an unusually extreme single transaction amount (contributed +0.295); unusually large average transaction amount (contributed +0.242); an unusually high number of outgoing payments (contributed +0.139).,,No single strong signal; flagged only due to combined weak evidence.
bc1q2lofn1r4kz36u8ueihx74d0gjyv5g10ur5l8a7,2.052620410133487e-06,0.2408005729596194,0.1093333333333333,0.3238077649515327,False,,False,No single strong signal; flagged only due to combined weak evidence.,0.3501359589133629,Driven by: an unusually high transaction frequency (contributed +0.278); unusually large average transaction amount (contributed +0.242); consistently high peer geo-velocity (contributed +0.119).,Driven by: the consistency of the peel-to-remainder ratio (contributed +0.013); the size of the starting balance (contributed +0.011); chain length (contributed +0.011).,No single strong signal; flagged only due to combined weak evidence.
bc1qfdtzj2l72v08ktrpw3hhigvummwcmzx8j5ms20,2.708211399824719e-09,0.3234389109795597,0.0,0.3234389128118301,False,,False,No single strong signal; flagged only due to combined weak evidence.,0.323438913687771,Driven by: an unusually extreme single transaction amount (contributed +0.241); an unusually high number of incoming payments (contributed +0.171); an unusually high number of outgoing payments (contributed +0.123).,,No single strong signal; flagged only due to combined weak evidence.
bc1qn0ajufqymbnw8bkxcgw1vgll42jzntmfek2o7f,7.688888425994071e-05,0.323030914165956,0.0,0.3230829655636442,False,,False,No single strong signal; flagged only due to combined weak evidence.,0.3231078030502159,Driven by: an unusually extreme single transaction amount (contributed +0.224); unusually large average transaction amount (contributed +0.160); consistently high peer geo-velocity (contributed +0.138).,Driven by: the consistency of the peel-to-remainder ratio (contributed +0.013); variability in the peel-to-remainder ratio (contributed +0.006).,No single strong signal; flagged only due to combined weak evidence.
bc1qxhl5v32bh1a4ogn378vpcayp9ypdax6kdd49ik,1.2298738793726124e-07,0.3215844089693278,0.0,0.3215844924058892,False,,False,No single strong signal; flagged only due to combined weak evidence.,0.3215845319567157,Driven by: an atypical time-of-day transaction pattern (contributed +0.251); an unusually high number of incoming payments (contributed +0.240); an atypical number of transactions (contributed +0.215).,,No single strong signal; flagged only due to combined weak evidence.
bc1qzvrctlt4q9bc2be3yqy5fu7bfxq7bzegbl2qgv,9.352296075741658e-06,0.3211875496978751,0.0,0.3211938981528902,False,,False,No single strong signal; flagged only due to combined weak evidence.,0.3211969019939509,Driven by: an unusually extreme single transaction amount (contributed +0.260); unusually large average transaction amount (contributed +0.244); an unusually high transaction frequency (contributed +0.190).,Driven by: the consistency of the peel-to-remainder ratio (contributed +0.003).,No single strong signal; flagged only due to combined weak evidence.
bc1qx5zphw7lhxol0iuod0fuviv6txomi8co2xzdir,2.612371309848374e-05,0.3207179321887726,0.0,0.320735677558625,False,,False,No single strong signal; flagged only due to combined weak evidence.,0.320744055901871,Driven by: unusually large average transaction amount (contributed +0.219); an unusually high transaction frequency (contributed +0.190); an unusually extreme single transaction amount (contributed +0.132).,,No single strong signal; flagged only due to combined weak evidence.
bc1q0kz4z7whwkmy9x8sylemruyp04k43safyh1fkj,2.827887857060844e-06,0.3204183950845956,0.0,0.320420316865164,False,,False,No single strong signal; flagged only due to combined weak evidence.,0.3204212229724527,Driven by: unusually large average transaction amount (contributed +0.287); an unusually extreme single transaction amount (contributed +0.234); an unusually high transaction frequency (contributed +0.234).,,No single strong signal; flagged only due to combined weak evidence.
bc1qdkmu6u4pllgf309hsuwdkejp5k7917xfh41a68,8.814179749627028e-07,0.318766290987716,0.0,0.3187668914393523,True,"fanin,fanout",False,No single strong signal; flagged only due to combined weak evidence.,0.3187671724056909,Driven by: an unusually extreme single transaction amount (contributed +0.256); an unusually high transaction frequency (contributed +0.220); unusually large average transaction amount (contributed +0.064).,,No single strong signal; flagged only due to combined weak evidence.
bc1quv1ffofq1rucl37pr5a5hfsh6qrnv3hlw3zfes,3.529993737241007e-05,0.3185273835541014,0.0,0.3185514394947829,True,fanin,False,No single strong signal; flagged only due to combined weak evidence.,0.3185626834914738,Driven by: an unusually extreme single transaction amount (contributed +0.231); an unusually high transaction frequency (contributed +0.228); an unusually high number of outgoing payments (contributed +0.155).,Driven by: variability in the peel-to-remainder ratio (contributed +0.005).,No single strong signal; flagged only due to combined weak evidence.
bc1qhd2orwhp6wqfk6xw4emm9vasjevts1hn6bedye,1.3806317510197892e-05,0.2895361051804764,0.04,0.3179640775077644,False,,False,No single strong signal; flagged only due to combined weak evidence.,0.3295499114979866,Driven by: an unusually high transaction frequency (contributed +0.247); consistently high peer geo-velocity (contributed +0.130).,Driven by: variability in time between hops (contributed +0.002).,No single strong signal; flagged only due to combined weak evidence.
bc1qp8hqmabsi9nb74x2ek3zezqacj4t0sekkbp2qd,0.0,0.3169549679452146,0.0,0.3169549679452146,True,coinjoin,False,No single strong signal; flagged only due to combined weak evidence.,0.3169549679452146,Driven by: unusually large average transaction amount (contributed +0.267); an unusually extreme single transaction amount (contributed +0.267); consistently high peer geo-velocity (contributed +0.006).,,No single strong signal; flagged only due to combined weak evidence.
bc1qh1joqnuvk6jopzdtjxaf16yfeiq7ka8obm5ry6,1.889405381842525e-06,0.3160150120589428,0.0,0.3160163043838602,False,,False,No single strong signal; flagged only due to combined weak evidence.,0.3160169014643246,Driven by: an unusually high number of incoming payments (contributed +0.231); an atypical number of transactions (contributed +0.229); an atypical time-of-day transaction pattern (contributed +0.221).,,No single strong signal; flagged only due to combined weak evidence.
bc1q3ifhv1xg1r11q7uww5wfcpkjcslqc3c54wsqt2,1.0232174537956506e-05,0.3076748958316305,0.01,0.314605160024704,False,,False,No single strong signal; flagged only due to combined weak evidence.,0.3176851280061685,Driven by: an unusually high transaction frequency (contributed +0.158); an atypical time-of-day transaction pattern (contributed +0.045); an unusually high number of incoming payments (contributed +0.023).,Driven by: the consistency of the peel-to-remainder ratio (contributed +0.013).,No single strong signal; flagged only due to combined weak evidence.
bc1qjsfpfmnf7uiwjta882jozibp9of9svca3dc9e6,1.2685822077735476e-05,0.314497846628087,0.0,0.3145065427864385,True,fanin,False,No single strong signal; flagged only due to combined weak evidence.,0.3145105324501647,Driven by: an unusually extreme single transaction amount (contributed +0.274); an unusually high transaction frequency (contributed +0.178); an unusually high number of outgoing payments (contributed +0.153).,,No single strong signal; flagged only due to combined weak evidence.
bc1q22hr5sosc0whs14eci9rtj6u5a2x54u44qunf5,3.6961551024255513e-06,0.3121751312259917,0.0,0.31217767353339,False,,False,No single strong signal; flagged only due to combined weak evidence.,0.3121788273810941,Driven by: an unusually extreme single transaction amount (contributed +0.263); unusually large average transaction amount (contributed +0.198); an unusually high number of outgoing payments (contributed +0.190).,,No single strong signal; flagged only due to combined weak evidence.
bc1q3b0hxz8y8k25gp0a8d2odkwdgseotp5or4nn9n,4.252944085900606e-06,0.2430349404834458,0.09,0.3111647254303022,False,,False,No single strong signal; flagged only due to combined weak evidence.,0.3330391934275317,Driven by: an unusually high transaction frequency (contributed +0.233); an unusually high number of outgoing payments (contributed +0.222); consistently high peer geo-velocity (contributed +0.089).,Driven by: chain length (contributed +0.044); how much the balance declined end-to-end (contributed +0.024); the size of the starting balance (contributed +0.002).,No single strong signal; flagged only due to combined weak evidence.
bc1qhszdimopw9i93t3m5txcx7ly6yv0916pjpvwp8,9.619085750322006e-06,0.3106849349558471,0.0,0.3106915655365668,False,,False,No single strong signal; flagged only due to combined weak evidence.,0.3106945540415974,Driven by: an unusually high transaction frequency (contributed +0.178); unusually large average transaction amount (contributed +0.107); an atypical time-of-day transaction pattern (contributed +0.020).,,No single strong signal; flagged only due to combined weak evidence.
bc1qjovhwt3ubjvjkxxkm79pplg1tq1v53hd78rswe,0.0560939957663596,0.2686356972576702,0.0,0.309660843359365,False,,False,No single strong signal; flagged only due to combined weak evidence.,0.3247296930240299,Driven by: unusually large average transaction amount (contributed +0.286); an unusually extreme single transaction amount (contributed +0.192); an unusually high transaction frequency (contributed +0.022).,,No single strong signal; flagged only due to combined weak evidence.
bc1qx7lju6adqc59z6nsm3v3dqju7asxb25t0fw5jd,2.753645816890974e-06,0.3089158859764632,0.0,0.308917788977343,False,,False,No single strong signal; flagged only due to combined weak evidence.,0.3089186396222801,Driven by: an atypical time-of-day transaction pattern (contributed +0.241); an unusually high number of incoming payments (contributed +0.217); an atypical number of transactions (contributed +0.190).,,No single strong signal; flagged only due to combined weak evidence.
bc1q5wi6fqjja26yfpmvxpj4hnriuu9k9xjuy0bvr6,1.3591021333624992e-06,0.3064759020178217,0.0,0.3064768445879028,True,coinjoin,False,No single strong signal; flagged only due to combined weak evidence.,0.306477261119955,Driven by: an unusually high transaction frequency (contributed +0.251); consistently high peer geo-velocity (contributed +0.171); physically implausible peer geo-velocity (contributed +0.171).,,No single strong signal; flagged only due to combined weak evidence.
bc1qrln36v1mzb3i4fieecy2c11bd2scejcy127h6g,0.0926266346941987,0.2310127645961381,0.0,0.3022414643343935,False,,False,No single strong signal; flagged only due to combined weak evidence.,0.3236393992903369,Driven by: an unusually high number of outgoing payments (contributed +0.229); an atypical time-of-day transaction pattern (contributed +0.226); unusually large average transaction amount (contributed +0.179).,,No single strong signal; flagged only due to combined weak evidence.
bc1qgx5y7zjc7r1qoohf59she953a8b5yk7e315h9h,7.910248463098175e-10,0.3020042417032212,0.0,0.3020042422553533,True,"fanin,fanout",False,No single strong signal; flagged only due to combined weak evidence.,0.3020042424942461,Driven by: an unusually high number of outgoing payments (contributed +0.227); an atypical number of transactions (contributed +0.204); an unusually extreme single transaction amount (contributed +0.190).,,No single strong signal; flagged only due to combined weak evidence.
bc1qh5hzwr73yao3s0eoarrwws4fzrg4pb7qu3054o,0.0030289538089492,0.2997176591545958,0.0,0.3018387820182394,True,coinjoin,False,No single strong signal; flagged only due to combined weak evidence.,0.3027466129635451,Driven by: an unusually high number of outgoing payments (contributed +0.103); consistently high peer geo-velocity (contributed +0.102); physically implausible peer geo-velocity (contributed +0.077).,Driven by: variability in the peel-to-remainder ratio (contributed +0.005).,No single strong signal; flagged only due to combined weak evidence.
bc1qd6oi9di53cd0znuajpbpkvcm2cd1w6rud5wc9f,0.0035213136815234,0.2964222542253126,0.0,0.2988997721675244,True,coinjoin,False,No single strong signal; flagged only due to combined weak evidence.,0.2999435679068361,Driven by: an unusually high number of incoming payments (contributed +0.213); an unusually high transaction frequency (contributed +0.159); physically implausible peer geo-velocity (contributed +0.154).,,No single strong signal; flagged only due to combined weak evidence.
bc1qzzg9bcdc25dmup1yvwqj8vv457gnvba43ijwef,0.0035213136815234,0.2964222542253126,0.0,0.2988997721675244,True,coinjoin,False,No single strong signal; flagged only due to combined weak evidence.,0.2999435679068361,Driven by: an unusually high number of incoming payments (contributed +0.213); an unusually high transaction frequency (contributed +0.159); physically implausible peer geo-velocity (contributed +0.154).,,No single strong signal; flagged only due to combined weak evidence.
bc1qam0yws4rhbr3i93qf2hp4c3fx6lbqmlfp36jh8,2.915668859938148e-05,0.2979644209462065,0.0,0.2979848899789707,False,,False,No single strong signal; flagged only due to combined weak evidence.,0.2979935776348059,Driven by: an unusually high number of incoming payments (contributed +0.211); an unusually high transaction frequency (contributed +0.159); physically implausible peer geo-velocity (contributed +0.158).,,No single strong signal; flagged only due to combined weak evidence.
bc1q3vna31xbidfwa88d0mzhrupflfcywe3dks4f6a,1.3120073169107052e-06,0.2109553830542461,0.1093333333333333,0.2972251832205599,False,,False,No single strong signal; flagged only due to combined weak evidence.,0.3202900283948964,Driven by: unusually large average transaction amount (contributed +0.332); an unusually high transaction frequency (contributed +0.279); consistently high peer geo-velocity (contributed +0.234).,Driven by: the consistency of the peel-to-remainder ratio (contributed +0.013); the size of the starting balance (contributed +0.011); chain length (contributed +0.011).,No single strong signal; flagged only due to combined weak evidence.
bc1q7ndcwdhnlbx1z75gbotxxgsh4vwtv7k5uglxkr,8.834811659688784e-08,0.2950486642282704,0.0,0.2950487265093932,False,,False,No single strong signal; flagged only due to combined weak evidence.,0.295048752576387,Driven by: an unusually extreme single transaction amount (contributed +0.246); an unusually high number of incoming payments (contributed +0.190); an unusually high number of outgoing payments (contributed +0.122).,,No single strong signal; flagged only due to combined weak evidence.
bc1qv6ckmalq5u6jzv9nou3dyms1mwnpr424tkb9oi,0.0016282491277762,0.2922884658860109,0.0,0.2934407965741492,False,,False,No single strong signal; flagged only due to combined weak evidence.,0.2939167150137871,Driven by: unusually large average transaction amount (contributed +0.223); an unusually high transaction frequency (contributed +0.192); consistently high peer geo-velocity (contributed +0.104).,No individual feature stood out; flagged only by combined weak signals.,No single strong signal; flagged only due to combined weak evidence.
bc1qk2vmwwyzx4w6xlpu0dk0get8t63j3r30me8f84,5.730519046485411e-07,0.2234803468624949,0.09,0.2933675205821906,False,,False,No single strong signal; flagged only due to combined weak evidence.,0.3134809199143996,Driven by: an unusually high transaction frequency (contributed +0.135); consistently high peer geo-velocity (contributed +0.134); an unusually high number of incoming payments (contributed +0.061).,Driven by: chain length (contributed +0.044); how much the balance declined end-to-end (contributed +0.024); the size of the starting balance (contributed +0.002).,No single strong signal; flagged only due to combined weak evidence.
bc1qe7ajul7w8cof3138i2xog4c8j6e07fpy1aeldw,0.0012743506060064,0.2898243149216006,0.0,0.2907293277362514,True,coinjoin,False,No single strong signal; flagged only due to combined weak evidence.,0.291098665527607,Driven by: an unusually high transaction frequency (contributed +0.272); unusually large average transaction amount (contributed +0.237); an unusually extreme single transaction amount (contributed +0.139).,,No single strong signal; flagged only due to combined weak evidence.
bc1qnoqu9y3z2t4h20rape6wtlrj4bdfhj4d0jmu3m,1.006228351095942e-05,0.2903760609620666,0.0,0.2903832013993275,False,,False,No single strong signal; flagged only due to combined weak evidence.,0.2903861232455776,Driven by: an unusually high transaction frequency (contributed +0.261); unusually large average transaction amount (contributed +0.253); an unusually extreme single transaction amount (contributed +0.210).,,No single strong signal; flagged only due to combined weak evidence.
bc1q3no3aamtfpw6m9hkhjg4ihgjd3ex5mhqnngs2w,0.0009972021457667,0.2886617121856383,0.0,0.2893710602526128,False,,False,No single strong signal; flagged only due to combined weak evidence.,0.2896589143314051,Driven by: consistently high peer geo-velocity (contributed +0.220); an unusually high transaction frequency (contributed +0.219); unusually large average transaction amount (contributed +0.082).,,No single strong signal; flagged only due to combined weak evidence.
bc1qds7kvk1xv1jl7tg6cd2ipe7ykrz3fu0luzj486,5.913440199989104e-06,0.2886460537032362,0.0,0.2886502602522587,False,,False,No single strong signal; flagged only due to combined weak evidence.,0.2886519671434362,Driven by: an unusually high number of incoming payments (contributed +0.213); an unusually high transaction frequency (contributed +0.163); physically implausible peer geo-velocity (contributed +0.154).,,No single strong signal; flagged only due to combined weak evidence.
bc1qvh30qbkern6yjmk3tgmalwvmb0idd0wpj8yi34,0.0035161156879021,0.2848846361579537,0.0,0.2873990645074186,False,,False,No single strong signal; flagged only due to combined weak evidence.,0.2884007518458559,Driven by: an unusually high transaction frequency (contributed +0.265); unusually large average transaction amount (contributed +0.264); an unusually extreme single transaction amount (contributed +0.262).,,No single strong signal; flagged only due to combined weak evidence.
bc1qu41vsvdt7663c42xcv96q3qzd2lguqionmc7ic,4.222689680213375e-06,0.2868808932897729,0.0,0.2868839045704655,False,,False,No single strong signal; flagged only due to combined weak evidence.,0.2868851159794531,Driven by: an atypical time-of-day transaction pattern (contributed +0.261); an unusually high number of outgoing payments (contributed +0.255); an unusually high number of incoming payments (contributed +0.212).,Driven by: the consistency of the peel-to-remainder ratio (contributed +0.003).,No single strong signal; flagged only due to combined weak evidence.
bc1q21ej2vhak2x9pf16o8bjmigj6hm3j5uesl4pd8,2.17303052647784e-05,0.2852127215251108,0.0,0.2852282540708714,False,,False,No single strong signal; flagged only due to combined weak evidence.,0.2852344518303756,Driven by: unusually large average transaction amount (contributed +0.177); an atypical time-of-day transaction pattern (contributed +0.142); an atypical number of transactions (contributed +0.079).,Driven by: variability in the peel-to-remainder ratio (contributed +0.005).,No single strong signal; flagged only due to combined weak evidence.
bc1qsicvpdqe97n6y2c2bvpdcb4owo52wqqpwdxyas,0.0029896297775751,0.2828275584495648,0.0,0.2849716385364802,True,coinjoin,False,No single strong signal; flagged only due to combined weak evidence.,0.28581718822714,Driven by: an unusually high transaction frequency (contributed +0.224); consistently high peer geo-velocity (contributed +0.142).,No individual feature stood out; flagged only by combined weak signals.,No single strong signal; flagged only due to combined weak evidence.
bc1qpif8rdzrq8eb7u6606u00dmdlm9nwjwfdhtf1r,2.526643421870969e-07,0.2848041985887084,0.0,0.2848043792931851,False,,False,No single strong signal; flagged only due to combined weak evidence.,0.2848044512530506,Driven by: an unusually extreme single transaction amount (contributed +0.275); an unusually high number of outgoing payments (contributed +0.207); an atypical time-of-day transaction pattern (contributed +0.185).,,No single strong signal; flagged only due to combined weak evidence.
bc1q7kb7iyno667vgp52f1johkk7qg24dsysymmq8q,4.320513087436299e-06,0.284392506033236,0.0,0.2843955978247792,False,,False,No single strong signal; flagged only due to combined weak evidence.,0.2843968265463235,Driven by: an unusually extreme single transaction amount (contributed +0.282); unusually large average transaction amount (contributed +0.202); an unusually high transaction frequency (contributed +0.147).,,No single strong signal; flagged only due to combined weak evidence.
bc1q63dc0vsvits03l38gx8m8ct71wb0bjhppipg6a,8.986652343088009e-06,0.2837876641703736,0.0,0.2837941005216395,False,,False,No single strong signal; flagged only due to combined weak evidence.,0.2837966508227167,Driven by: unusually large average transaction amount (contributed +0.276); an unusually high transaction frequency (contributed +0.220); an unusually extreme single transaction amount (contributed +0.116).,,No single strong signal; flagged only due to combined weak evidence.
bc1qk9azu9pk42ud2dtbzxmuuca7r6d2x6lod6d8e2,1.888268912071117e-05,0.2836487982863629,0.0,0.2836623249234061,False,,False,No single strong signal; flagged only due to combined weak evidence.,0.2836676809754836,Driven by: consistently high peer geo-velocity (contributed +0.143); physically implausible peer geo-velocity (contributed +0.082); an atypical time-of-day transaction pattern (contributed +0.045).,,No single strong signal; flagged only due to combined weak evidence.
bc1qdhylurtp0lzjjeget1ghr09skdgigatj9tze5r,1.777177470660667e-05,0.2826933870099826,0.0,0.2827061348215042,False,,False,No single strong signal; flagged only due to combined weak evidence.,0.2827111587846893,Driven by: unusually large average transaction amount (contributed +0.283); an unusually extreme single transaction amount (contributed +0.272); an unusually high transaction frequency (contributed +0.259).,,No single strong signal; flagged only due to combined weak evidence.
bc1qxzeanpgxuj3so5xj5i2mt71raih0nogzeon9sz,4.84599362573548e-06,0.2824760712255318,0.0,0.282479548341917,False,,False,No single strong signal; flagged only due to combined weak evidence.,0.2824809172191575,Driven by: an unusually extreme single transaction amount (contributed +0.164); unusually large average transaction amount (contributed +0.114); an atypical time-of-day transaction pattern (contributed +0.111).,,No single strong signal; flagged only due to combined weak evidence.
bc1qgfxamhv1f070vk32rgwhgxmd7qcq3za8e83mte,7.423038000135784e-06,0.2823484349802862,0.0,0.2823537621351243,False,,False,No single strong signal; flagged only due to combined weak evidence.,0.2823558580182863,Driven by: an unusually extreme single transaction amount (contributed +0.274); unusually large average transaction amount (contributed +0.204); consistently high peer geo-velocity (contributed +0.102).,,No single strong signal; flagged only due to combined weak evidence.
bc1qdv6nyycj4q0rr1l9gvbmqq749q6qf1pafl9woa,5.499369696470468e-06,0.2821460891322961,0.0,0.2821500368763401,False,,False,No single strong signal; flagged only due to combined weak evidence.,0.2821515885019925,Driven by: an unusually high number of outgoing payments (contributed +0.239); an atypical time-of-day transaction pattern (contributed +0.207); an unusually high number of incoming payments (contributed +0.195).,Driven by: the consistency of the peel-to-remainder ratio (contributed +0.013); variability in the peel-to-remainder ratio (contributed +0.006).,No single strong signal; flagged only due to combined weak evidence.
bc1qsmvvbjb1jven2z7mb41g877fxv7a7kx7mr9vqi,2.5173078521106224e-05,0.2807419100948973,0.0,0.2807600160352714,True,"fanin,fanout",False,No single strong signal; flagged only due to combined weak evidence.,0.2807670831734184,Driven by: an unusually high number of outgoing payments (contributed +0.233); an unusually extreme single transaction amount (contributed +0.201); an unusually high transaction frequency (contributed +0.155).,,No single strong signal; flagged only due to combined weak evidence.
bc1qb890zm8jkx2y5l3eowr8j0jmmyr77yh3y8a6m9,0.1333164705989854,0.1696127264789793,0.0,0.2803170270151162,False,,False,No single strong signal; flagged only due to combined weak evidence.,0.3029291970779648,Driven by: physically implausible peer geo-velocity (contributed +0.280); an unusually high number of incoming payments (contributed +0.232); an unusually extreme single transaction amount (contributed +0.204).,,No single strong signal; flagged only due to combined weak evidence.
bc1qi5482q78e5sfe0x7h2cpcc3zkgyr58mx4yqq14,0.0087003967497417,0.2734507973936396,0.0,0.2797720637145234,True,fanin,False,No single strong signal; flagged only due to combined weak evidence.,0.2821511941433814,Driven by: an unusually high number of outgoing payments (contributed +0.217); an unusually high transaction frequency (contributed +0.140); an atypical time-of-day transaction pattern (contributed +0.027).,,No single strong signal; flagged only due to combined weak evidence.
bc1q68uuj2g430lr3oozit4mm186zudnmopg8ux018,9.987968399824356e-06,0.2795356036474984,0.0,0.2795427996231223,False,,False,No single strong signal; flagged only due to combined weak evidence.,0.2795455916158982,Driven by: unusually large average transaction amount (contributed +0.296); an unusually extreme single transaction amount (contributed +0.285); an unusually high transaction frequency (contributed +0.140).,,No single strong signal; flagged only due to combined weak evidence.
bc1qpig3yvr2eu4kb57l1376qwvgfri7fz5xbiguj9,4.941084181923193e-05,0.2785873714195278,0.0,0.2786230170248049,False,,False,No single strong signal; flagged only due to combined weak evidence.,0.2786367822613471,Driven by: an unusually high transaction frequency (contributed +0.116); an atypical time-of-day transaction pattern (contributed +0.111); an atypical number of transactions (contributed +0.098).,,No single strong signal; flagged only due to combined weak evidence.
bc1q58cuij0yxiyqbvtdg3c6scivuqt2lwhedhthru,1.6437836688177962e-06,0.2064330633197334,0.09,0.2778552746726147,False,,False,No single strong signal; flagged only due to combined weak evidence.,0.2964347071034022,Driven by: an unusually extreme single transaction amount (contributed +0.280); an unusually high transaction frequency (contributed +0.270); consistently high peer geo-velocity (contributed +0.216).,Driven by: chain length (contributed +0.044); how much the balance declined end-to-end (contributed +0.024); the size of the starting balance (contributed +0.002).,No single strong signal; flagged only due to combined weak evidence.
bc1q04j3m9iqbq9j2h1tlom344mw04i3dzxlrgnjzm,8.719799914567446e-06,0.2758378067821956,0.0,0.2758441213316261,False,,False,No single strong signal; flagged only due to combined weak evidence.,0.2758465265821102,Driven by: an unusually high transaction frequency (contributed +0.238); consistently high peer geo-velocity (contributed +0.219); physically implausible peer geo-velocity (contributed +0.133).,,No single strong signal; flagged only due to combined weak evidence.
bc1qvdb828192v4dusgehn0z1r5fn3eh81a4rkgjzo,1.6616981901910105e-06,0.2756496181457007,0.0,0.2756508217974193,False,,False,No single strong signal; flagged only due to combined weak evidence.,0.275651279843891,Driven by: an unusually high number of outgoing payments (contributed +0.225); an atypical time-of-day transaction pattern (contributed +0.222); an atypical number of transactions (contributed +0.174).,,No single strong signal; flagged only due to combined weak evidence.
bc1qcmblepso1gs58pkjousk57qntpapcjpuf7vxqo,2.789146627997885e-06,0.2736090436286384,0.0,0.2736110696395251,False,,False,No single strong signal; flagged only due to combined weak evidence.,0.2736118327752664,Driven by: an unusually high number of outgoing payments (contributed +0.236); an atypical time-of-day transaction pattern (contributed +0.234); an unusually high number of incoming payments (contributed +0.179).,,No single strong signal; flagged only due to combined weak evidence.
bc1qhn14eb8753ayeqahthsjr0fzauxbgk2wbxanj4,9.032461730507448e-07,0.2735067307956532,0.0,0.2735073869979184,True,fanin,False,No single strong signal; flagged only due to combined weak evidence.,0.2735076340418263,Driven by: an unusually extreme single transaction amount (contributed +0.232); an unusually high transaction frequency (contributed +0.135); an unusually high number of outgoing payments (contributed +0.129).,,No single strong signal; flagged only due to combined weak evidence.
bc1q07hdhjo5ctzetrij2frnlx6b02b7yjnxz6ytip,5.687987659506067e-06,0.2651774234219934,0.01,0.2725297870529035,False,,False,No single strong signal; flagged only due to combined weak evidence.,0.2751831114096529,Driven by: an unusually extreme single transaction amount (contributed +0.258); an unusually high transaction frequency (contributed +0.253); consistently high peer geo-velocity (contributed +0.155).,No individual feature stood out; flagged only by combined weak signals.,No single strong signal; flagged only due to combined weak evidence.
bc1qfl8mpj4zgu5w4633566dzgg3etivmdh1jilhbi,4.421954777223648e-07,0.2722555265705106,0.0,0.2722558483758257,False,,False,No single strong signal; flagged only due to combined weak evidence.,0.2722559687659883,Driven by: consistently high peer geo-velocity (contributed +0.160); an unusually high transaction frequency (contributed +0.150); physically implausible peer geo-velocity (contributed +0.088).,,No single strong signal; flagged only due to combined weak evidence.
bc1qbi86mtzhsp3v5vs0jzwlsd4tr4gse74v5dm5nq,1.222872593508694e-05,0.2714576669938157,0.0,0.2714665761383381,True,coinjoin,False,No single strong signal; flagged only due to combined weak evidence.,0.2714698957197508,Driven by: consistently high peer geo-velocity (contributed +0.171); physically implausible peer geo-velocity (contributed +0.090); an unusually high number of incoming payments (contributed +0.014).,,No single strong signal; flagged only due to combined weak evidence.
bc1qzi5sgwcr8b97egt2hspqfhpvku8h5r8mnqpvpf,1.7634301592775108e-05,0.2383197681235825,0.04,0.2687998718296083,True,"fanin,fanout",False,No single strong signal; flagged only due to combined weak evidence.,0.2783374024251753,Driven by: an unusually extreme single transaction amount (contributed +0.296); an unusually high transaction frequency (contributed +0.260); unusually large average transaction amount (contributed +0.256).,No individual feature stood out; flagged only by combined weak signals.,No single strong signal; flagged only due to combined weak evidence.
bc1qzfvb9ektr1t05qxs2u4oj7g4ebc94e6nkar1h1,7.489663988498354e-05,0.2599082654090499,0.01,0.2673640588352457,False,,False,No single strong signal; flagged only due to combined weak evidence.,0.2699831620489348,Driven by: an unusually high transaction frequency (contributed +0.261); an unusually extreme single transaction amount (contributed +0.245); unusually large average transaction amount (contributed +0.179).,No individual feature stood out; flagged only by combined weak signals.,No single strong signal; flagged only due to combined weak evidence.
bc1qzs13hdnh4nred6m42fq4t7phi0ezf0zpbdurvf,1.4466140902085796e-05,0.2658253935332665,0.0,0.2658360142065704,False,,False,No single strong signal; flagged only due to combined weak evidence.,0.2658398596741686,Driven by: an unusually high transaction frequency (contributed +0.285); an unusually extreme single transaction amount (contributed +0.272); consistently high peer geo-velocity (contributed +0.166).,,No single strong signal; flagged only due to combined weak evidence.
bc1qtnkziy75itdl35jrj9r3vp8lim06etcqr3ev1r,9.533786093938822e-05,0.2649187394536097,0.0,0.2649888205286068,False,,False,No single strong signal; flagged only due to combined weak evidence.,0.2650140773145491,Driven by: unusually large average transaction amount (contributed +0.309); an unusually extreme single transaction amount (contributed +0.272); an unusually high transaction frequency (contributed +0.209).,,No single strong signal; flagged only due to combined weak evidence.
bc1qb4eyq1s4dj9dv3uy5evszzsu8e6xfwz73whcf5,0.0016249650955805,0.2624035257642896,0.0,0.2636020942895458,False,,False,No single strong signal; flagged only due to combined weak evidence.,0.2640284908598702,Driven by: an atypical time-of-day transaction pattern (contributed +0.130); an atypical number of transactions (contributed +0.106); an unusually high transaction frequency (contributed +0.091).,,No single strong signal; flagged only due to combined weak evidence.
bc1qjfppzje6xg541mpw57gn79hmhvl66sajxxo9zj,0.0001089341073807,0.263358671518153,0.0,0.263438916883731,True,coinjoin,False,No single strong signal; flagged only due to combined weak evidence.,0.2634676056255338,Driven by: an unusually high number of outgoing payments (contributed +0.230); an atypical time-of-day transaction pattern (contributed +0.221); an atypical number of transactions (contributed +0.201).,,No single strong signal; flagged only due to combined weak evidence.
bc1q72j8np9s8e9gf2fxx9xjue6ihruj9ycsrk5sls,2.822397378096945e-07,0.2630675651877053,0.0,0.2630677731793225,False,,False,No single strong signal; flagged only due to combined weak evidence.,0.2630678474274431,Driven by: an atypical time-of-day transaction pattern (contributed +0.262); an unusually high number of incoming payments (contributed +0.220); an atypical number of transactions (contributed +0.187).,,No single strong signal; flagged only due to combined weak evidence.
bc1qqjsqcz0n04oae7l0rcti8f34gadktoc1yfmhby,0.0004060015479047,0.2623839341072459,0.0,0.2626834073717577,False,,False,No single strong signal; flagged only due to combined weak evidence.,0.2627899356551506,Driven by: unusually large average transaction amount (contributed +0.286); an unusually high transaction frequency (contributed +0.275); an unusually extreme single transaction amount (contributed +0.260).,,No single strong signal; flagged only due to combined weak evidence.
bc1qer3urev2z1k3bdgrb2d5lo9j5rwhhi4pjhl5nz,0.0012788613940068,0.2603168570708448,0.0,0.2612628092861345,False,,False,No single strong signal; flagged only due to combined weak evidence.,0.2615957184648517,Driven by: an unusually high number of outgoing payments (contributed +0.230); an atypical time-of-day transaction pattern (contributed +0.226); an atypical number of transactions (contributed +0.175).,,No single strong signal; flagged only due to combined weak evidence.
bc1qotuo4uw590z92jn67lm8e49ite92srl3vzzxt9,2.87232834195695e-07,0.258189024426972,0.0,0.2581892374994409,False,,False,No single strong signal; flagged only due to combined weak evidence.,0.2581893116598062,Driven by: an unusually extreme single transaction amount (contributed +0.285); an unusually high transaction frequency (contributed +0.255); unusually large average transaction amount (contributed +0.183).,,No single strong signal; flagged only due to combined weak evidence.
bc1qvuupltxu3yf15z08n10hlinh8jv7fxp323c9nu,1.0053399262105972e-05,0.2560515101578023,0.0,0.2560589893690012,False,,False,No single strong signal; flagged only due to combined weak evidence.,0.2560615635570645,Driven by: an atypical time-of-day transaction pattern (contributed +0.251); an unusually high number of outgoing payments (contributed +0.237); an unusually high number of incoming payments (contributed +0.195).,,No single strong signal; flagged only due to combined weak evidence.
bc1q9nzhqhzedcj9zqnkyp1m2vc8bzbo3fasemuhjq,1.68756018581991e-06,0.2558034286442692,0.0,0.2558046845207734,False,,False,No single strong signal; flagged only due to combined weak evidence.,0.255805116204455,Driven by: an unusually extreme single transaction amount (contributed +0.250); unusually large average transaction amount (contributed +0.208); an unusually high transaction frequency (contributed +0.191).,,No single strong signal; flagged only due to combined weak evidence.
bc1qg3y2t5ovjyzxfuj7xn1ypqpmqk8sz7iwdl14wc,0.0083279915619388,0.2492722662105166,0.0,0.255524320442829,False,,False,No single strong signal; flagged only due to combined weak evidence.,0.2576002577724555,Driven by: an unusually high transaction frequency (contributed +0.247); consistently high peer geo-velocity (contributed +0.219); physically implausible peer geo-velocity (contributed +0.112).,Driven by: the consistency of the peel-to-remainder ratio (contributed +0.013); variability in the peel-to-remainder ratio (contributed +0.006).,No single strong signal; flagged only due to combined weak evidence.
bc1qehlxslg6mm1zxyvgiui9kkhzlm72jeyn9382kk,0.0009190010647974,0.2542664147405951,0.0,0.2549517446995037,False,,False,No single strong signal; flagged only due to combined weak evidence.,0.2551854158053925,Driven by: an unusually high transaction frequency (contributed +0.256); an unusually extreme single transaction amount (contributed +0.253); unusually large average transaction amount (contributed +0.224).,,No single strong signal; flagged only due to combined weak evidence.
bc1qyrmjljx8xgsic43olfark6o0u93mzywr7mkgxu,2.588200164527182e-06,0.2540010609780492,0.0,0.2540029917726258,False,,False,No single strong signal; flagged only due to combined weak evidence.,0.2540036491782138,Driven by: an unusually extreme single transaction amount (contributed +0.278); an unusually high transaction frequency (contributed +0.269); unusually large average transaction amount (contributed +0.231).,,No single strong signal; flagged only due to combined weak evidence.
bc1qcro04byv5jhurr8iqrt007pceaseh5e5rwsf5p,1.101848556641619e-06,0.25336055398824,0.0,0.2533613766718359,False,,False,No single strong signal; flagged only due to combined weak evidence.,0.2533616558367966,Driven by: an unusually extreme single transaction amount (contributed +0.288); unusually large average transaction amount (contributed +0.183); an unusually high transaction frequency (contributed +0.175).,,No single strong signal; flagged only due to combined weak evidence.
bc1q38xrg2gzr7txcb48y1o4izasnwywrratatj9a3,7.537966415228355e-10,0.2524310150875912,0.0,0.2524310156511062,False,,False,No single strong signal; flagged only due to combined weak evidence.,0.2524310158413878,Driven by: unusually large average transaction amount (contributed +0.295); an unusually extreme single transaction amount (contributed +0.245); an unusually high transaction frequency (contributed +0.183).,,No single strong signal; flagged only due to combined weak evidence.
bc1q2tbw4pyx3s63lc6p0drqfvfa5qub00mf9awrzv,0.0035213973711744,0.2471435723135892,0.0,0.2497946789589159,True,coinjoin,False,No single strong signal; flagged only due to combined weak evidence.,0.2506649696847637,Driven by: an unusually high transaction frequency (contributed +0.149); consistently high peer geo-velocity (contributed +0.121); an atypical time-of-day transaction pattern (contributed +0.116).,,No single strong signal; flagged only due to combined weak evidence.
bc1q0fodro8bnp84dyt9moge4qxxva2ieuc1hh5lf6,2.5710631259082148e-06,0.2492612743869506,0.0,0.2492632045836053,False,,False,No single strong signal; flagged only due to combined weak evidence.,0.2492638454500765,Driven by: an unusually extreme single transaction amount (contributed +0.269); an unusually high transaction frequency (contributed +0.184); unusually large average transaction amount (contributed +0.152).,,No single strong signal; flagged only due to combined weak evidence.
bc1qwafftouhylu6k7p9mda9oekntbz3m55izolnnt,0.0002645491485748,0.2484124511320857,0.0,0.2486112829782182,True,"fanin,fanout",False,No single strong signal; flagged only due to combined weak evidence.,0.2486770002806606,Driven by: consistently high peer geo-velocity (contributed +0.247); an unusually high transaction frequency (contributed +0.238); an unusually extreme single transaction amount (contributed +0.212).,,No single strong signal; flagged only due to combined weak evidence.
bc1qryztbvhuazun6fht60kusfhvmljekbvxsogb20,0.0003656264813198,0.2475615272095979,0.0,0.2478366386408139,False,,False,No single strong signal; flagged only due to combined weak evidence.,0.2479271536909178,Driven by: an unusually extreme single transaction amount (contributed +0.283); an unusually high transaction frequency (contributed +0.275); unusually large average transaction amount (contributed +0.160).,,No single strong signal; flagged only due to combined weak evidence.
bc1q2abg9sho5d5afql0dgh6m3sgur4pu6w93k8ekt,5.307820412161663e-05,0.2473820634217988,0.0,0.2474220110302621,True,"fanin,fanout",False,No single strong signal; flagged only due to combined weak evidence.,0.2474351416259204,Driven by: an unusually extreme single transaction amount (contributed +0.243); an atypical time-of-day transaction pattern (contributed +0.076); unusually large average transaction amount (contributed +0.068).,,No single strong signal; flagged only due to combined weak evidence.
bc1qm19attkprehvyronadcvmsak0ojw1jvaa08d71,0.0015029688712991,0.2461021928205571,0.0,0.2472352777568884,False,,False,No single strong signal; flagged only due to combined weak evidence.,0.2476051616918562,Driven by: an unusually extreme single transaction amount (contributed +0.299); unusually large average transaction amount (contributed +0.217); consistently high peer geo-velocity (contributed +0.053).,,No single strong signal; flagged only due to combined weak evidence.
bc1qmx15z8vmuhxid4n1u3493wxa73jgzlma5uofwb,1.570037119896076e-05,0.2464140280536429,0.0,0.2464258596331328,False,,False,No single strong signal; flagged only due to combined weak evidence.,0.2464297284248419,Driven by: an unusually extreme single transaction amount (contributed +0.258); an unusually high transaction frequency (contributed +0.257); unusually large average transaction amount (contributed +0.239).,,No single strong signal; flagged only due to combined weak evidence.
bc1q6hhwmf1gzvg042mz8m6xhigx1pzgsvanry632i,6.219877118302872e-05,0.1709916452464997,0.09,0.2456493197781939,False,,False,No single strong signal; flagged only due to combined weak evidence.,0.2610538440176828,Driven by: an unusually high transaction frequency (contributed +0.295); consistently high peer geo-velocity (contributed +0.206); physically implausible peer geo-velocity (contributed +0.091).,Driven by: chain length (contributed +0.044); how much the balance declined end-to-end (contributed +0.024); the size of the starting balance (contributed +0.002).,No single strong signal; flagged only due to combined weak evidence.
bc1qhfy40jotv7h10b8vk9qkav8c3pq5u74ij643yu,3.311658158131356e-05,0.2449605531367681,0.0,0.2449855574622073,False,,False,No single strong signal; flagged only due to combined weak evidence.,0.2449936697183494,Driven by: an unusually high transaction frequency (contributed +0.226); consistently high peer geo-velocity (contributed +0.141); physically implausible peer geo-velocity (contributed +0.092).,,No single strong signal; flagged only due to combined weak evidence.
bc1qnipg43tlrcelmdz5vaiegd572i2f8rpjx0wuzl,0.0009551577061477,0.2438162020323717,0.0,0.2445384768142645,False,,False,No single strong signal; flagged only due to combined weak evidence.,0.2447713597385194,Driven by: consistently high peer geo-velocity (contributed +0.218); an unusually high transaction frequency (contributed +0.193); an atypical time-of-day transaction pattern (contributed +0.093).,,No single strong signal; flagged only due to combined weak evidence.
bc1qmigovr9ahembh4vsk23afpybuxhwrrvaxgumdf,0.0004511496958488,0.2441389634982136,0.0,0.2444799699749353,True,coinjoin,False,No single strong signal; flagged only due to combined weak evidence.,0.2445901131940625,Driven by: an unusually high transaction frequency (contributed +0.277); an unusually extreme single transaction amount (contributed +0.262); consistently high peer geo-velocity (contributed +0.199).,,No single strong signal; flagged only due to combined weak evidence.
bc1q9t6m7rjbn9qb1jfegh1vowd186t2pxm8ec4nnz,9.760764950332316e-06,0.2443861959623237,0.0,0.2443935713310581,False,,False,No single strong signal; flagged only due to combined weak evidence.,0.244395956727274,Driven by: an unusually extreme single transaction amount (contributed +0.243); an atypical time-of-day transaction pattern (contributed +0.122); unusually large average transaction amount (contributed +0.080).,,No single strong signal; flagged only due to combined weak evidence.
bc1qmp9a9uri7ev4dh9ugf10oo1pvlnd581lto4rq3,6.307319637080329e-06,0.2426665004323914,0.0,0.2426712771768451,False,,False,No single strong signal; flagged only due to combined weak evidence.,0.2426728077520285,Driven by: unusually large average transaction amount (contributed +0.291); an unusually extreme single transaction amount (contributed +0.279); an unusually high transaction frequency (contributed +0.247).,,No single strong signal; flagged only due to combined weak evidence.
bc1qxe0jdcz1oa3vf02gvllsajhjxqkd8ur6tiaron,4.2112858238257233e-07,0.2409319888770861,0.0,0.2409323085423215,False,,False,No single strong signal; flagged only due to combined weak evidence.,0.2409324100056685,Driven by: an unusually high number of outgoing payments (contributed +0.241); an atypical time-of-day transaction pattern (contributed +0.220); an unusually high number of incoming payments (contributed +0.180).,,No single strong signal; flagged only due to combined weak evidence.
bc1qmt4c46p9nbav4vjhp60iq7sddvxylfu2faw2xc,2.26376774536488e-06,0.2409042209314979,0.0,0.2409059393480381,False,,False,No single strong signal; flagged only due to combined weak evidence.,0.2409064846992432,Driven by: an unusually high transaction frequency (contributed +0.244); consistently high peer geo-velocity (contributed +0.066); an unusually extreme single transaction amount (contributed +0.051).,,No single strong signal; flagged only due to combined weak evidence.
bc1qep9p9w4j66cnoljq52wspofv177udktmonrvbj,0.0001205431527754,0.2403726663561952,0.0,0.240464234229927,False,,False,No single strong signal; flagged only due to combined weak evidence.,0.2404932095089707,Driven by: unusually large average transaction amount (contributed +0.270); an unusually high transaction frequency (contributed +0.222); an unusually extreme single transaction amount (contributed +0.202).,,No single strong signal; flagged only due to combined weak evidence.
bc1q8p8o85biofu2ncu22kb8ohl1zumkvgg4np4d8j,0.0003108051658333,0.2400010508797719,0.0,0.2402372624791863,False,,False,No single strong signal; flagged only due to combined weak evidence.,0.2403118560456053,Driven by: unusually large average transaction amount (contributed +0.314); an unusually high transaction frequency (contributed +0.271); an unusually extreme single transaction amount (contributed +0.265).,,No single strong signal; flagged only due to combined weak evidence.
bc1qulthycx8ae0jxyo6hfd7lttc954ai2278eqe12,3.753752976514325e-05,0.239077940332762,0.0,0.2391065034672257,False,,False,No single strong signal; flagged only due to combined weak evidence.,0.2391154778625272,Driven by: unusually large average transaction amount (contributed +0.262); an unusually extreme single transaction amount (contributed +0.260); an unusually high transaction frequency (contributed +0.255).,,No single strong signal; flagged only due to combined weak evidence.
bc1qq9vjuhbp9vrnegn2b4jtj27yh6uamwjpiwujt4,1.7848753919823803e-05,0.2376193259241609,0.0,0.2376329334692059,False,,False,No single strong signal; flagged only due to combined weak evidence.,0.2376371746780808,Driven by: an unusually high number of incoming payments (contributed +0.223); an atypical number of transactions (contributed +0.128); an unusually high number of outgoing payments (contributed +0.091).,,No single strong signal; flagged only due to combined weak evidence.
bc1q4cowgzrixa11dpg8sbi4q2y9v86wzs3t60rjiw,1.6284624520865106e-08,0.2365902150058146,0.0,0.2365902274376562,False,,False,No single strong signal; flagged only due to combined weak evidence.,0.2365902312904391,Driven by: an unusually extreme single transaction amount (contributed +0.282); unusually large average transaction amount (contributed +0.187); an unusually high number of incoming payments (contributed +0.146).,,No single strong signal; flagged only due to combined weak evidence.
bc1q7yirq8rtm4j3dab42hhihxs58yreg2iv7zzj64,2.642433203419866e-06,0.2355082877488724,0.0,0.2355103078671566,False,,False,No single strong signal; flagged only due to combined weak evidence.,0.2355109301820758,Driven by: an unusually extreme single transaction amount (contributed +0.287); an unusually high transaction frequency (contributed +0.264); unusually large average transaction amount (contributed +0.107).,,No single strong signal; flagged only due to combined weak evidence.
bc1q10q2lg1zhqunue7a34mpyo2tla27f8lwvv59ho,2.735592226910859e-05,0.2344810657360481,0.0,0.2345020072125093,False,,False,No single strong signal; flagged only due to combined weak evidence.,0.2345084216583172,Driven by: an unusually extreme single transaction amount (contributed +0.270); unusually large average transaction amount (contributed +0.262); an unusually high transaction frequency (contributed +0.244).,,No single strong signal; flagged only due to combined weak evidence.
bc1qt1dx6ta7ypp5zp7r1m264upj16dvtja0assnh2,1.0547420309856314e-05,0.2016189731470835,0.04,0.2335622982470475,False,,False,No single strong signal; flagged only due to combined weak evidence.,0.2416295205673934,Driven by: an unusually high transaction frequency (contributed +0.240); consistently high peer geo-velocity (contributed +0.147); physically implausible peer geo-velocity (contributed +0.058).,Driven by: chain length (contributed +0.012); how much the balance declined end-to-end (contributed +0.008); the fee pattern across hops (contributed +0.002).,No single strong signal; flagged only due to combined weak evidence.
bc1qv4bktcv1ltwbj9uu2bl7amkoh109zdo0d3fvnv,6.3104107182556e-06,0.2307869398636207,0.0,0.2307917939139601,False,,False,No single strong signal; flagged only due to combined weak evidence.,0.2307932502743389,Driven by: unusually large average transaction amount (contributed +0.249); an unusually extreme single transaction amount (contributed +0.233); an unusually high transaction frequency (contributed +0.148).,,No single strong signal; flagged only due to combined weak evidence.
bc1q1cgwj9s8u287m5c6reaguucqb39bw4q46derg8,3.781014178503069e-06,0.2300064538127416,0.0,0.230009365169257,False,,False,No single strong signal; flagged only due to combined weak evidence.,0.2300102348269201,Driven by: physically implausible peer geo-velocity (contributed +0.235); an unusually high number of incoming payments (contributed +0.226); an unusually high transaction frequency (contributed +0.166).,,No single strong signal; flagged only due to combined weak evidence.
bc1qhkcqwb00n114py4fngbg4pdfcopzfzz5t6v8vl,1.1308100563810022e-05,0.2282379624329503,0.0,0.2282466895956825,False,,False,No single strong signal; flagged only due to combined weak evidence.,0.2282492705335141,Driven by: unusually large average transaction amount (contributed +0.250); an unusually extreme single transaction amount (contributed +0.194); an unusually high transaction frequency (contributed +0.170).,,No single strong signal; flagged only due to combined weak evidence.
bc1qs9dwd7oi0pesgbm65q57te8tvq05pxt6ridlof,2.683433493253172e-07,0.2280009566993058,0.0,0.2280011638601148,False,,False,No single strong signal; flagged only due to combined weak evidence.,0.2280012250426552,Driven by: unusually large average transaction amount (contributed +0.333); an unusually extreme single transaction amount (contributed +0.286); an unusually high transaction frequency (contributed +0.195).,,No single strong signal; flagged only due to combined weak evidence.
bc1qv6j9rufivipv8mswrr90909jfjfl12z4yjdkei,1.8445964435139815e-06,0.2276279845002017,0.0,0.2276294092148745,False,,False,No single strong signal; flagged only due to combined weak evidence.,0.2276298290966452,Driven by: an unusually high number of outgoing payments (contributed +0.249); an unusually extreme single transaction amount (contributed +0.248); unusually large average transaction amount (contributed +0.211).,,No single strong signal; flagged only due to combined weak evidence.
bc1q16dkpmvno9i1s6xh7abm4ml2iqr2ahnyrvfont,1.0345195881987462e-06,0.2273106342078966,0.0,0.2273114335701811,False,,False,No single strong signal; flagged only due to combined weak evidence.,0.2273116687274848,Driven by: an unusually extreme single transaction amount (contributed +0.295); unusually large average transaction amount (contributed +0.165); consistently high peer geo-velocity (contributed +0.111).,,No single strong signal; flagged only due to combined weak evidence.
bc1q8xvi673kllzcuh1i8yatye737fentd7kfn8k6p,4.193266848138853e-07,0.2269047957841481,0.0,0.2269051199635972,True,"fanin,fanout",False,No single strong signal; flagged only due to combined weak evidence.,0.2269052151108329,Driven by: an unusually high transaction frequency (contributed +0.242); an unusually extreme single transaction amount (contributed +0.238); unusually large average transaction amount (contributed +0.185).,,No single strong signal; flagged only due to combined weak evidence.
bc1qvw7njkhvyqdk9xma5vixr4dto8uflv4ba7obbc,9.61047269855546e-05,0.2242809570141748,0.0,0.2243555072810185,False,,False,No single strong signal; flagged only due to combined weak evidence.,0.2243770617411603,Driven by: unusually large average transaction amount (contributed +0.272); an unusually extreme single transaction amount (contributed +0.170); consistently high peer geo-velocity (contributed +0.130).,,No single strong signal; flagged only due to combined weak evidence.
bc1q015oop767j2dg1wjuiiymyrsvzn4regb1ajo09,3.4911433108672725e-06,0.2240789385750748,0.0,0.2240816474266981,False,,False,No single strong signal; flagged only due to combined weak evidence.,0.2240824297183856,Driven by: an unusually extreme single transaction amount (contributed +0.293); an unusually high transaction frequency (contributed +0.201); unusually large average transaction amount (contributed +0.154).,,No single strong signal; flagged only due to combined weak evidence.
bc1qkh5nnaubfwapukhl6j3yvhwb2asflxezxpfhak,0.0004159372693519,0.2236850082052343,0.0,0.2240079065430784,False,,False,No single strong signal; flagged only due to combined weak evidence.,0.2241009454745862,Driven by: physically implausible peer geo-velocity (contributed +0.244); an unusually high number of incoming payments (contributed +0.225); an unusually high transaction frequency (contributed +0.162).,,No single strong signal; flagged only due to combined weak evidence.
bc1qty3addqhkgad7x48wze4ex6u86zjq7w7jp61lf,6.590012646896452e-06,0.2235275210016847,0.0,0.2235326379651413,True,fanin,False,No single strong signal; flagged only due to combined weak evidence.,0.2235341110143316,Driven by: an unusually extreme single transaction amount (contributed +0.142); an unusually high transaction frequency (contributed +0.139); an atypical time-of-day transaction pattern (contributed +0.127).,,No single strong signal; flagged only due to combined weak evidence.
bc1qtmo11if24hyg1hb3z30zbtvfh7b0ahi1ywt3hk,7.83542117570661e-07,0.223074932441603,0.0,0.2230755411951156,False,,False,No single strong signal; flagged only due to combined weak evidence.,0.2230757159837205,Driven by: an unusually extreme single transaction amount (contributed +0.278); unusually large average transaction amount (contributed +0.275); consistently high peer geo-velocity (contributed +0.173).,,No single strong signal; flagged only due to combined weak evidence.
bc1qo3xt083rwr3ow37gjnxi5p2qfs7glb82motz60,1.5200960433352133e-06,0.2228708024873793,0.0,0.2228719837983976,False,,False,No single strong signal; flagged only due to combined weak evidence.,0.2228723225834227,Driven by: an unusually extreme single transaction amount (contributed +0.327); an unusually high transaction frequency (contributed +0.255); unusually large average transaction amount (contributed +0.121).,,No single strong signal; flagged only due to combined weak evidence.
bc1qlk4ktcm2vss666cevpoui0omoms98z2n4xxzu3,8.152545992475456e-05,0.2224129844494184,0.0,0.2224763775884928,True,coinjoin,False,No single strong signal; flagged only due to combined weak evidence.,0.2224945099093432,Driven by: an unusually extreme single transaction amount (contributed +0.182); an unusually high number of outgoing payments (contributed +0.158); an unusually high transaction frequency (contributed +0.156).,,No single strong signal; flagged only due to combined weak evidence.
bc1qh4kymhvkcxallssfk7qirjqr0u09xox3mslzar,1.3788263467088231e-06,0.2221968547782754,0.0,0.2221979272337445,False,,False,No single strong signal; flagged only due to combined weak evidence.,0.2221982336046221,Driven by: an unusually extreme single transaction amount (contributed +0.286); an unusually high number of outgoing payments (contributed +0.235); an atypical time-of-day transaction pattern (contributed +0.234).,,No single strong signal; flagged only due to combined weak evidence.
bc1qemdf3jphnb5vngblcqzj82zqyjm3ppsohxf823,3.244755072115878e-06,0.2221280627855743,0.0,0.2221305867894879,False,,False,No single strong signal; flagged only due to combined weak evidence.,0.2221313075406464,Driven by: physically implausible peer geo-velocity (contributed +0.246); an unusually high number of incoming payments (contributed +0.225); an unusually high transaction frequency (contributed +0.162).,,No single strong signal; flagged only due to combined weak evidence.
bc1qwpgbgqfqe6rp9uqezfmhk403uxh9a1g7irdlk9,0.0671846864556984,0.1658397063410043,0.0,0.2218825041242773,False,,False,No single strong signal; flagged only due to combined weak evidence.,0.2330243927967027,Driven by: unusually large average transaction amount (contributed +0.232); consistently high peer geo-velocity (contributed +0.178); an unusually high transaction frequency (contributed +0.173).,,No single strong signal; flagged only due to combined weak evidence.
bc1q1y2d6unuwixuy3opa59f96ls9tzj9vfa9sxvf1,0.0013716102147597,0.2195857964098068,0.0,0.2206562205031947,False,,False,No single strong signal; flagged only due to combined weak evidence.,0.2209574066245666,Driven by: an unusually high number of outgoing payments (contributed +0.249); an atypical time-of-day transaction pattern (contributed +0.242); an atypical number of transactions (contributed +0.228).,,No single strong signal; flagged only due to combined weak evidence.
bc1q1v4kfiwkesvr022wgn51nsgzsr8ruw2xh6qihp,2.7512795621216068e-08,0.2203065417717532,0.0,0.2203065632233,False,,False,No single strong signal; flagged only due to combined weak evidence.,0.2203065692845488,Driven by: an unusually extreme single transaction amount (contributed +0.296); an unusually high transaction frequency (contributed +0.184); unusually large average transaction amount (contributed +0.158).,,No single strong signal; flagged only due to combined weak evidence.
bc1q0sqcnf9w5n9c70pa8jx54pegjks4i2nr1p02jy,0.0028585721928245,0.2175905363801181,0.0,0.2198271103162246,False,,False,No single strong signal; flagged only due to combined weak evidence.,0.2204491085729426,Driven by: unusually large average transaction amount (contributed +0.292); an unusually high number of outgoing payments (contributed +0.217); an unusually extreme single transaction amount (contributed +0.164).,,No single strong signal; flagged only due to combined weak evidence.
bc1qcjwtl9tqvdz4x1zhqimqodpxnf7c3dd03uvule,2.1684925961799084e-06,0.2188424670605936,0.0,0.2188441609949202,False,,False,No single strong signal; flagged only due to combined weak evidence.,0.2188446355531898,Driven by: an unusually extreme single transaction amount (contributed +0.275); unusually large average transaction amount (contributed +0.192); an unusually high transaction frequency (contributed +0.161).,,No single strong signal; flagged only due to combined weak evidence.
bc1q0lgrpzrxep46agyggfmnuf8z3hjeym4um75w15,1.2097394330018714e-05,0.2186514493562642,0.0,0.2186609016377906,False,,False,No single strong signal; flagged only due to combined weak evidence.,0.2186635467505942,Driven by: consistently high peer geo-velocity (contributed +0.191); an unusually extreme single transaction amount (contributed +0.180); an unusually high number of outgoing payments (contributed +0.120).,,No single strong signal; flagged only due to combined weak evidence.
bc1qzdo74v1qx8ertb74rs7gu0env5sn961j88qeoz,8.776142884336153e-06,0.2156233520032403,0.0,0.2156302358047782,False,,False,No single strong signal; flagged only due to combined weak evidence.,0.2156321281461246,Driven by: an unusually high transaction frequency (contributed +0.236); an unusually extreme single transaction amount (contributed +0.144); consistently high peer geo-velocity (contributed +0.141).,,No single strong signal; flagged only due to combined weak evidence.
bc1qjojwlrkxjtmyswe1ga6srg1yd5my3gdilk1qy7,0.0001515906835134,0.2152358374811333,0.0,0.2153548004169264,False,,False,No single strong signal; flagged only due to combined weak evidence.,0.2153874281646468,Driven by: an unusually extreme single transaction amount (contributed +0.283); unusually large average transaction amount (contributed +0.223); an unusually high transaction frequency (contributed +0.126).,,No single strong signal; flagged only due to combined weak evidence.
bc1q3h8g8t922d0nx5wt3hju31fi0n6dgg5gr0xafg,1.8854391750287493e-06,0.1183629145867158,0.1093333333333333,0.2147567164564749,False,,False,No single strong signal; flagged only due to combined weak evidence.,0.2276981333592242,Driven by: an unusually high transaction frequency (contributed +0.301); consistently high peer geo-velocity (contributed +0.281); unusually large average transaction amount (contributed +0.255).,Driven by: the consistency of the peel-to-remainder ratio (contributed +0.013); the size of the starting balance (contributed +0.011); chain length (contributed +0.011).,No single strong signal; flagged only due to combined weak evidence.
bc1qbkski19ur8nzjee1b34rqvzyie8mylacydctq1,1.3420339993788308e-05,0.2140980428002006,0.0,0.214108589871668,False,,False,No single strong signal; flagged only due to combined weak evidence.,0.2141114631401944,Driven by: physically implausible peer geo-velocity (contributed +0.238); an unusually high number of incoming payments (contributed +0.226); an unusually extreme single transaction amount (contributed +0.196).,,No single strong signal; flagged only due to combined weak evidence.
bc1qz7e5rdeky820icfmq0ycy6bdzsgu4w8wiv5hhq,7.503778348522699e-07,0.2140929099451678,0.0,0.2140934996724285,True,"fanin,fanout",False,No single strong signal; flagged only due to combined weak evidence.,0.2140936603230026,Driven by: an unusually extreme single transaction amount (contributed +0.281); an unusually high transaction frequency (contributed +0.251); unusually large average transaction amount (contributed +0.201).,,No single strong signal; flagged only due to combined weak evidence.
bc1q36mhcclxntxlpup0t2k5clf0xsz6xj3anq6v09,0.0001470876680677,0.2137240273174339,0.0,0.2138396788167135,False,,False,No single strong signal; flagged only due to combined weak evidence.,0.2138711149855017,Driven by: physically implausible peer geo-velocity (contributed +0.245); an unusually high number of incoming payments (contributed +0.224); an unusually high transaction frequency (contributed +0.177).,,No single strong signal; flagged only due to combined weak evidence.
bc1qardaaw2afi63ovwumzt2eoda5jjvk2ky6oc8fy,0.000199478492237,0.2129138629572548,0.0,0.2130708697131329,False,,False,No single strong signal; flagged only due to combined weak evidence.,0.2131133414494919,Driven by: physically implausible peer geo-velocity (contributed +0.252); an unusually high number of incoming payments (contributed +0.226); an unusually high transaction frequency (contributed +0.166).,,No single strong signal; flagged only due to combined weak evidence.
bc1qjx084dehnsb02lnnw139mxfgbl0m3i1689want,0.0003948522450094,0.2106928115702807,0.0,0.2110044712856343,False,,False,No single strong signal; flagged only due to combined weak evidence.,0.2110876638152901,Driven by: physically implausible peer geo-velocity (contributed +0.241); an unusually high number of incoming payments (contributed +0.228); an unusually high transaction frequency (contributed +0.189).,,No single strong signal; flagged only due to combined weak evidence.
bc1q7ixhhkffn16db0ic1kxgjw2wzoiv10jh6zaz50,8.471910418058386e-06,0.2108283818296491,0.0,0.2108350676209027,False,,False,No single strong signal; flagged only due to combined weak evidence.,0.2108368537400671,Driven by: an unusually extreme single transaction amount (contributed +0.270); an unusually high transaction frequency (contributed +0.203); unusually large average transaction amount (contributed +0.181).,,No single strong signal; flagged only due to combined weak evidence.
bc1qe7cxsuo874ohl5thlvjyqtaybgi0rr0tiaxufv,3.49235105431145e-05,0.2102005818467261,0.0,0.2102281644150329,False,,False,No single strong signal; flagged only due to combined weak evidence.,0.2102355053572692,Driven by: an unusually high number of outgoing payments (contributed +0.250); an atypical time-of-day transaction pattern (contributed +0.246); an atypical number of transactions (contributed +0.205).,,No single strong signal; flagged only due to combined weak evidence.
bc1qrtmpv5lmq15fbs4wvt3f2f3hycpesbda7xfizm,6.355342914435897e-06,0.2102094000031811,0.0,0.2102144193932746,False,,False,No single strong signal; flagged only due to combined weak evidence.,0.2102157553460955,Driven by: an unusually extreme single transaction amount (contributed +0.302); unusually large average transaction amount (contributed +0.212); an unusually high transaction frequency (contributed +0.204).,,No single strong signal; flagged only due to combined weak evidence.
bc1q3618leu6zu1tozhdv5ojzto7d835kuc9pbtyjr,1.7765366645114135e-05,0.2098260213386152,0.0,0.2098400590690595,False,,False,No single strong signal; flagged only due to combined weak evidence.,0.2098437867052603,Driven by: unusually large average transaction amount (contributed +0.319); an unusually high transaction frequency (contributed +0.256); an unusually extreme single transaction amount (contributed +0.237).,,No single strong signal; flagged only due to combined weak evidence.
bc1qzeeqnsn2s8nn16uxf5gzpl1qweehwjq4ta5ivr,1.564004326281725e-05,0.209375146251874,0.0,0.2093875116587913,False,,False,No single strong signal; flagged only due to combined weak evidence.,0.2093907862951368,Driven by: an unusually high transaction frequency (contributed +0.257); unusually large average transaction amount (contributed +0.227); consistently high peer geo-velocity (contributed +0.184).,,No single strong signal; flagged only due to combined weak evidence.
bc1qvnnvbzw5apmxd6lqga3qupo4jnmyk8516sp18o,3.7312660979889553e-06,0.1299481006424847,0.09,0.2082557258042526,False,,False,No single strong signal; flagged only due to combined weak evidence.,0.2199518319085827,Driven by: unusually large average transaction amount (contributed +0.305); an unusually high transaction frequency (contributed +0.268); an unusually extreme single transaction amount (contributed +0.197).,Driven by: chain length (contributed +0.044); how much the balance declined end-to-end (contributed +0.024); the size of the starting balance (contributed +0.002).,No single strong signal; flagged only due to combined weak evidence.
bc1qskxlojsyt5wsgrx37jw34670chqi014o46w4jk,2.2198117562709275e-06,0.2081289776284296,0.0,0.2081307354330346,False,,False,No single strong signal; flagged only due to combined weak evidence.,0.2081311974401859,Driven by: an unusually high transaction frequency (contributed +0.221); an unusually high number of outgoing payments (contributed +0.214); consistently high peer geo-velocity (contributed +0.189).,,No single strong signal; flagged only due to combined weak evidence.
bc1qa7zp8pwn40e1jjdzcya1jusshu1bacxf6rnh5e,7.7891889526687e-06,0.2070929629469985,0.0,0.2070991390497321,False,,False,No single strong signal; flagged only due to combined weak evidence.,0.2071007521359512,Driven by: physically implausible peer geo-velocity (contributed +0.242); an unusually high number of incoming payments (contributed +0.223); an unusually high transaction frequency (contributed +0.179).,,No single strong signal; flagged only due to combined weak evidence.
bc1qyuxczaumapqppmj6jfhvsthbnbizfwtjsjffp5,1.0803869184293116e-05,0.1979982374468224,0.01,0.2060268331472612,False,,False,No single strong signal; flagged only due to combined weak evidence.,0.2080090413160067,Driven by: an unusually extreme single transaction amount (contributed +0.272); an unusually high transaction frequency (contributed +0.270); unusually large average transaction amount (contributed +0.268).,No individual feature stood out; flagged only by combined weak signals.,No single strong signal; flagged only due to combined weak evidence.
bc1qjvrqvqlq93bvmy7twy6h7tnvokeynjtps9o5sr,5.575422184237692e-05,0.2048971667801766,0.0,0.2049414971199274,False,,False,No single strong signal; flagged only due to combined weak evidence.,0.204952921002019,Driven by: an unusually high number of outgoing payments (contributed +0.245); an atypical time-of-day transaction pattern (contributed +0.241); an atypical number of transactions (contributed +0.221).,,No single strong signal; flagged only due to combined weak evidence.
bc1qa6ar1ar6ufcmvq9oat0leupk9iphptmqk0ymxn,1.2402762558428668e-07,0.2046312702469856,0.0,0.2046313688946806,False,,False,No single strong signal; flagged only due to combined weak evidence.,0.2046313942746112,Driven by: an unusually extreme single transaction amount (contributed +0.270); an unusually high transaction frequency (contributed +0.184); unusually large average transaction amount (contributed +0.171).,,No single strong signal; flagged only due to combined weak evidence.
bc1q82sfr23c60cjbmuvhgqk820ps5i5ftojtbpgt9,1.963144917754893e-06,0.1708254589075199,0.04,0.203994003229414,False,,False,No single strong signal; flagged only due to combined weak evidence.,0.2108274220524377,Driven by: unusually large average transaction amount (contributed +0.324); consistently high peer geo-velocity (contributed +0.187); an unusually extreme single transaction amount (contributed +0.185).,Driven by: variability in time between hops (contributed +0.002).,No single strong signal; flagged only due to combined weak evidence.
bc1qtj54696qz6cp7savzebu2y0oy58f1n2ojgfhz5,1.5146161394076762e-06,0.2037876187522656,0.0,0.2037888247083886,False,,False,No single strong signal; flagged only due to combined weak evidence.,0.2037891333684049,Driven by: an unusually extreme single transaction amount (contributed +0.296); an unusually high transaction frequency (contributed +0.212); unusually large average transaction amount (contributed +0.205).,,No single strong signal; flagged only due to combined weak evidence.
bc1qco2jep91oxjcbyhgmn9ztdy61aa0c5hdfub4rc,0.0001830796550442,0.2024065583866859,0.0,0.2025525815188421,True,coinjoin,False,No single strong signal; flagged only due to combined weak evidence.,0.2025896380417302,Driven by: physically implausible peer geo-velocity (contributed +0.245); an unusually high number of incoming payments (contributed +0.229); an unusually high transaction frequency (contributed +0.190).,,No single strong signal; flagged only due to combined weak evidence.
bc1q1gbz30v0vsgqg034l4kv2ra0t51lc8a4oc1cqb,2.9124427992739857e-06,0.2017147738735234,0.0,0.201717098833582,False,,False,No single strong signal; flagged only due to combined weak evidence.,0.2017176863163227,Driven by: unusually large average transaction amount (contributed +0.245); an unusually high transaction frequency (contributed +0.201); consistently high peer geo-velocity (contributed +0.123).,,No single strong signal; flagged only due to combined weak evidence.
bc1qarpkfzqfo5yvmtd503779u7c1a7yj8hqde7m7h,7.682786356161962e-06,0.1999085314237784,0.0,0.199914678355597,True,coinjoin,False,No single strong signal; flagged only due to combined weak evidence.,0.1999162142101346,Driven by: an unusually high transaction frequency (contributed +0.271); consistently high peer geo-velocity (contributed +0.245); an atypical time-of-day transaction pattern (contributed +0.015).,,No single strong signal; flagged only due to combined weak evidence.
bc1qd97oie00ejhrmbl4otpt318yw1dgtg6zom2oyh,3.138816255591925e-06,0.1996185799323972,0.0,0.1996210921826092,False,,False,No single strong signal; flagged only due to combined weak evidence.,0.1996217187486528,Driven by: physically implausible peer geo-velocity (contributed +0.265); an unusually high number of incoming payments (contributed +0.224); an unusually high transaction frequency (contributed +0.175).,,No single strong signal; flagged only due to combined weak evidence.
bc1qjglwmk6sf9nrmozl65x4wu1i7xxeq58wzuaczr,5.306386812583235e-06,0.1987933793316732,0.0,0.1987976308439193,False,,False,No single strong signal; flagged only due to combined weak evidence.,0.1987986857184858,Driven by: an atypical time-of-day transaction pattern (contributed +0.300); an unusually high number of outgoing payments (contributed +0.266); an atypical number of transactions (contributed +0.230).,Driven by: the consistency of the peel-to-remainder ratio (contributed +0.003).,No single strong signal; flagged only due to combined weak evidence.
bc1q6vgtvyfyk3md6x73zca7fxloz2rcu8kd9gnlpy,3.155623850655801e-07,0.1972144068438707,0.0,0.1972146601728073,False,,False,No single strong signal; flagged only due to combined weak evidence.,0.1972147224062558,Driven by: an unusually extreme single transaction amount (contributed +0.305); an unusually high transaction frequency (contributed +0.228); unusually large average transaction amount (contributed +0.177).,,No single strong signal; flagged only due to combined weak evidence.
bc1q1prf3l4jxgyfr3op2ldyr3kvgnqd7j3h2wmdl3,6.61152345609303e-05,0.1966303548761782,0.0,0.1966834698487047,False,,False,No single strong signal; flagged only due to combined weak evidence.,0.1966964701107391,Driven by: an unusually extreme single transaction amount (contributed +0.281); unusually large average transaction amount (contributed +0.232); consistently high peer geo-velocity (contributed +0.210).,,No single strong signal; flagged only due to combined weak evidence.
bc1qkdm6z6xtb80u10kwccimnschlsxjxrqmbbxdo7,4.2987053948932304e-05,0.1960219256965262,0.0,0.1960564863453799,True,fanin,False,No single strong signal; flagged only due to combined weak evidence.,0.1960649127504751,Driven by: an unusually extreme single transaction amount (contributed +0.260); an unusually high number of outgoing payments (contributed +0.231); an unusually high transaction frequency (contributed +0.191).,,No single strong signal; flagged only due to combined weak evidence.
bc1qw6b9w5zqw6l87psch8q7qrerika7lxx08dw54i,1.8526164531410037e-07,0.1957284610271015,0.0,0.1957286100277701,False,,False,No single strong signal; flagged only due to combined weak evidence.,0.1957286462887468,Driven by: an unusually extreme single transaction amount (contributed +0.290); an atypical time-of-day transaction pattern (contributed +0.245); an unusually high number of outgoing payments (contributed +0.242).,,No single strong signal; flagged only due to combined weak evidence.
bc1q2lhgcsotdhhlmh1t939ayq6ww8yl68ntk63n2q,0.0060659464532476,0.1902763352393307,0.0,0.1951880756316963,False,,False,No single strong signal; flagged only due to combined weak evidence.,0.1963422816925784,Driven by: unusually large average transaction amount (contributed +0.355); an unusually extreme single transaction amount (contributed +0.294); an unusually high transaction frequency (contributed +0.207).,,No single strong signal; flagged only due to combined weak evidence.
bc1q6n0tgiyi04cvunxfamadgp56efiq0g2lwl0tqf,2.792216050437302e-06,0.1942353609845656,0.0,0.1942376108535236,False,,False,No single strong signal; flagged only due to combined weak evidence.,0.194238153200616,Driven by: an atypical time-of-day transaction pattern (contributed +0.270); an unusually high number of outgoing payments (contributed +0.243); an unusually high number of incoming payments (contributed +0.204).,,No single strong signal; flagged only due to combined weak evidence.
bc1q53pixdi0qiv55rcd48p6eh2y205kh0405crzet,4.62473005170005e-07,0.1937533352884126,0.0,0.1937537081557306,False,,False,No single strong signal; flagged only due to combined weak evidence.,0.1937537977614178,Driven by: physically implausible peer geo-velocity (contributed +0.264); an unusually high number of incoming payments (contributed +0.224); an unusually high transaction frequency (contributed +0.176).,,No single strong signal; flagged only due to combined weak evidence.
bc1qnj8u81nwytau731qx4q7xolxcy6fd627dtq9ru,2.375293947393363e-06,0.1929626103499802,0.0,0.1929645273010073,False,,False,No single strong signal; flagged only due to combined weak evidence.,0.1929649856439276,Driven by: an unusually extreme single transaction amount (contributed +0.301); unusually large average transaction amount (contributed +0.203); an unusually high transaction frequency (contributed +0.134).,,No single strong signal; flagged only due to combined weak evidence.
bc1qdhh2ks1cbcifl79r9kpu8o9onsrhdvnff2wcfi,9.402361873307016e-07,0.1925920193955607,0.0,0.1925927785497619,False,,False,No single strong signal; flagged only due to combined weak evidence.,0.192592959631748,Driven by: an unusually extreme single transaction amount (contributed +0.293); an unusually high transaction frequency (contributed +0.161); consistently high peer geo-velocity (contributed +0.105).,,No single strong signal; flagged only due to combined weak evidence.
bc1q60yup1shntcvl0yqzdubb9mit3vhtn7su62j8l,2.428508362796728e-06,0.1839940681370526,0.01,0.1921560893161394,False,,False,No single strong signal; flagged only due to combined weak evidence.,0.1939964966454154,Driven by: an unusually extreme single transaction amount (contributed +0.301); an unusually high transaction frequency (contributed +0.264); unusually large average transaction amount (contributed +0.183).,Driven by: variability in the peel-to-remainder ratio (contributed +0.008).,No single strong signal; flagged only due to combined weak evidence.
bc1qd60ajbv6jnsczkm9x9e82i5x65um4yrv8voygh,0.0045126389771433,0.1883859053569402,0.0,0.1920484267548253,False,,False,No single strong signal; flagged only due to combined weak evidence.,0.1928985443340835,Driven by: unusually large average transaction amount (contributed +0.233); an unusually high transaction frequency (contributed +0.192); an unusually extreme single transaction amount (contributed +0.140).,,No single strong signal; flagged only due to combined weak evidence.
bc1q10ljrnicd0sqpzygwezuv263fl2aze5ezkjs7m,1.0493295487032623e-06,0.1918912633462643,0.0,0.1918921113186403,False,,False,No single strong signal; flagged only due to combined weak evidence.,0.191892312675813,Driven by: an unusually extreme single transaction amount (contributed +0.278); an atypical time-of-day transaction pattern (contributed +0.253); an unusually high number of outgoing payments (contributed +0.243).,,No single strong signal; flagged only due to combined weak evidence.
bc1qb9c2zufdnu4i5ymqt3dgd8opocmvh0eqt8fhu9,3.6366089157682114e-07,0.1916626756815533,0.0,0.1916629696422255,False,,False,No single strong signal; flagged only due to combined weak evidence.,0.1916630393424449,Driven by: an unusually extreme single transaction amount (contributed +0.291); unusually large average transaction amount (contributed +0.237); an atypical time-of-day transaction pattern (contributed +0.126).,,No single strong signal; flagged only due to combined weak evidence.
bc1qxu6m9deocirio74jlys7jd6z6pq1auf0tj5jgz,6.501136810753698e-09,0.1913476892038024,0.0,0.1913476944609617,False,,False,No single strong signal; flagged only due to combined weak evidence.,0.1913476957049392,Driven by: an unusually extreme single transaction amount (contributed +0.267); an atypical time-of-day transaction pattern (contributed +0.255); an unusually high number of outgoing payments (contributed +0.239).,,No single strong signal; flagged only due to combined weak evidence.
bc1q5ev5925uak3j16cuashezj9v9ligzkczequbnl,0.0004727149791899,0.1891964834617272,0.0,0.1895797624291748,False,,False,No single strong signal; flagged only due to combined weak evidence.,0.1896691984409172,Driven by: unusually large average transaction amount (contributed +0.287); an atypical time-of-day transaction pattern (contributed +0.258); an unusually high number of incoming payments (contributed +0.251).,,No single strong signal; flagged only due to combined weak evidence.
bc1qt3t9lp2e2asoevgkh250cvgfgm1tm27o19qtg1,9.836527329068791e-10,0.1881950659061779,0.0,0.1881950667047121,False,,False,No single strong signal; flagged only due to combined weak evidence.,0.1881950668898306,Driven by: an unusually extreme single transaction amount (contributed +0.278); an unusually high number of incoming payments (contributed +0.242); unusually large average transaction amount (contributed +0.190).,,No single strong signal; flagged only due to combined weak evidence.
bc1qcituf8cyotwg7nfdinu31eiwucx67xkwq0ywm9,1.15323028808502e-06,0.1879834520890995,0.0,0.1879843885311769,True,"fanin,fanout",False,No single strong signal; flagged only due to combined weak evidence.,0.1879846053193876,Driven by: an unusually extreme single transaction amount (contributed +0.249); an unusually high transaction frequency (contributed +0.248); unusually large average transaction amount (contributed +0.090).,,No single strong signal; flagged only due to combined weak evidence.
bc1qyuztw32atxab0g3yvolllmju1bzqw29asaj7sr,6.552082329447539e-06,0.1869657178960006,0.0,0.1869710449635537,False,,False,No single strong signal; flagged only due to combined weak evidence.,0.1869722699783301,Driven by: physically implausible peer geo-velocity (contributed +0.256); an unusually high number of incoming payments (contributed +0.226); an unusually high transaction frequency (contributed +0.193).,,No single strong signal; flagged only due to combined weak evidence.
bc1qlfqajgojcvj0s121mjdsrr2ku2nnu8uy5mruo0,0.0004838832936321,0.1861481704368976,0.0,0.1865419797407151,False,,False,No single strong signal; flagged only due to combined weak evidence.,0.1866320537305298,Driven by: physically implausible peer geo-velocity (contributed +0.261); an unusually high number of incoming payments (contributed +0.230); an unusually extreme single transaction amount (contributed +0.221).,,No single strong signal; flagged only due to combined weak evidence.
bc1qz91playybgrxh5lqxxeglziubhuhrtpmo841lc,1.3438624405321657e-06,0.186313101303955,0.0,0.1863141947872165,False,,False,No single strong signal; flagged only due to combined weak evidence.,0.1863144451663955,Driven by: an atypical time-of-day transaction pattern (contributed +0.312); an unusually high number of outgoing payments (contributed +0.248); an atypical number of transactions (contributed +0.222).,,No single strong signal; flagged only due to combined weak evidence.
bc1qlj2twc5kqqljwqrlvc35ty40qculvuksvzoots,4.0896875970939484e-06,0.186084822541775,0.0,0.1860881512005814,False,,False,No single strong signal; flagged only due to combined weak evidence.,0.1860889122293721,Driven by: unusually large average transaction amount (contributed +0.254); an unusually high number of incoming payments (contributed +0.244); an unusually extreme single transaction amount (contributed +0.219).,,No single strong signal; flagged only due to combined weak evidence.
bc1q550kqpga8vc1j2t2tngtg2lgj3s6ogq4ivn2qq,1.1276973750381806e-05,0.1777580453505826,0.01,0.1859896445740064,False,,False,No single strong signal; flagged only due to combined weak evidence.,0.187769322324333,Driven by: unusually large average transaction amount (contributed +0.320); an unusually high transaction frequency (contributed +0.309); consistently high peer geo-velocity (contributed +0.183).,No individual feature stood out; flagged only by combined weak signals.,No single strong signal; flagged only due to combined weak evidence.
bc1q110bs6to8wyaqtflvm8nyzhhizebg9k4ssb1pb,7.235488442368289e-06,0.1851237506069665,0.0,0.1851296466346509,False,,False,No single strong signal; flagged only due to combined weak evidence.,0.1851309860954089,Driven by: an unusually high transaction frequency (contributed +0.278); consistently high peer geo-velocity (contributed +0.197); physically implausible peer geo-velocity (contributed +0.099).,Driven by: the consistency of the peel-to-remainder ratio (contributed +0.003).,No single strong signal; flagged only due to combined weak evidence.
bc1qzxfmx9iyhosdqe3nhwvl9v73puwsxvti2v0zsl,2.002601111478142e-05,0.1832582806709006,0.0,0.1832746367496498,False,,False,No single strong signal; flagged only due to combined weak evidence.,0.1832783066820154,Driven by: physically implausible peer geo-velocity (contributed +0.277); an unusually high number of incoming payments (contributed +0.223); an unusually high transaction frequency (contributed +0.185).,,No single strong signal; flagged only due to combined weak evidence.
bc1qow60zz0i0835tvv8y5sic4s8pnne6it1ekkh0u,6.096779052531768e-06,0.1825286314902385,0.0,0.182533615432554,False,,False,No single strong signal; flagged only due to combined weak evidence.,0.182534728269291,Driven by: an unusually high transaction frequency (contributed +0.263); unusually large average transaction amount (contributed +0.250); consistently high peer geo-velocity (contributed +0.070).,,No single strong signal; flagged only due to combined weak evidence.
bc1q57jyf8jshl96ept6aar17qr0apxp8iqfvapr4w,6.717626282129837e-06,0.1823983686361489,0.0,0.1824038609783561,False,,False,No single strong signal; flagged only due to combined weak evidence.,0.1824050862624311,Driven by: an unusually high transaction frequency (contributed +0.242); an unusually high number of outgoing payments (contributed +0.231); consistently high peer geo-velocity (contributed +0.159).,,No single strong signal; flagged only due to combined weak evidence.
bc1qvfq6d6suzrddn7p29euq3puzhhorblb8tnjxcm,6.291366200996887e-10,0.1820590191195254,0.0,0.182059019634122,True,fanin,False,No single strong signal; flagged only due to combined weak evidence.,0.182059019748662,Driven by: physically implausible peer geo-velocity (contributed +0.269); an unusually high number of incoming payments (contributed +0.230); an unusually extreme single transaction amount (contributed +0.208).,,No single strong signal; flagged only due to combined weak evidence.
bc1q9phwn8ddinz298l4jm8c9tfldy3ygqaop37728,1.6287212144769349e-06,0.1819976056007749,0.0,0.1819989378986282,False,,False,No single strong signal; flagged only due to combined weak evidence.,0.1819992343219894,Driven by: unusually large average transaction amount (contributed +0.296); an unusually high transaction frequency (contributed +0.163); an unusually extreme single transaction amount (contributed +0.159).,,No single strong signal; flagged only due to combined weak evidence.
bc1q6oq7qh96ycfnhp39lqt9ngq6tlv0gub5kb3pkb,1.0745199394928486e-05,0.1815415668899929,0.0,0.1815503613890531,True,coinjoin,False,No single strong signal; flagged only due to combined weak evidence.,0.1815523120893878,Driven by: an unusually high transaction frequency (contributed +0.276); consistently high peer geo-velocity (contributed +0.260); unusually large average transaction amount (contributed +0.212).,,No single strong signal; flagged only due to combined weak evidence.
bc1q2tdo1dfsts3yqfbz9zqhbqiqicb5ntjk2gzaug,2.51422708377947e-06,0.1804045999633675,0.0,0.18040666061232,True,fanin,False,No single strong signal; flagged only due to combined weak evidence.,0.1804071141904513,Driven by: an unusually high transaction frequency (contributed +0.312); an unusually extreme single transaction amount (contributed +0.285); unusually large average transaction amount (contributed +0.151).,,No single strong signal; flagged only due to combined weak evidence.
bc1q97lcpxxvk0qqxc9u2ho755lz2l2e9eu0g8lwdk,0.0015713858975512,0.178898686675281,0.0,0.1801889536995004,False,,False,No single strong signal; flagged only due to combined weak evidence.,0.1804700725728323,Driven by: unusually large average transaction amount (contributed +0.274); consistently high peer geo-velocity (contributed +0.220); an unusually extreme single transaction amount (contributed +0.143).,,No single strong signal; flagged only due to combined weak evidence.
bc1q83dyj6s5ibgg2tgg48lefx70h1dffpnnqk0gm5,8.660602801939995e-06,0.1800445711669268,0.0,0.1800516724752112,False,,False,No single strong signal; flagged only due to combined weak evidence.,0.1800532317697288,Driven by: an atypical time-of-day transaction pattern (contributed +0.292); an unusually high number of incoming payments (contributed +0.233); an atypical number of transactions (contributed +0.226).,,No single strong signal; flagged only due to combined weak evidence.
bc1qezfrxymm2798p7prjhhzh139q0ep8v1uc8eanr,3.235621944485286e-06,0.1800244945823343,0.0,0.1800271477130735,False,,False,No single strong signal; flagged only due to combined weak evidence.,0.1800277302042787,Driven by: physically implausible peer geo-velocity (contributed +0.277); an unusually high number of incoming payments (contributed +0.223); an unusually high transaction frequency (contributed +0.185).,,No single strong signal; flagged only due to combined weak evidence.
bc1qdeg3zgarfi44td1fpe60qraqik3omd4poru09b,7.765030957636398e-06,0.1799828008300156,0.0,0.1799891682889529,False,,False,No single strong signal; flagged only due to combined weak evidence.,0.1799905658609732,Driven by: unusually large average transaction amount (contributed +0.290); an unusually high transaction frequency (contributed +0.286); consistently high peer geo-velocity (contributed +0.249).,,No single strong signal; flagged only due to combined weak evidence.
bc1q0kz6xnomb42o3q825q30zx815g5fjd5mbfsrkh,6.345664175054347e-06,0.1713300321269343,0.01,0.1796219376823797,False,,False,No single strong signal; flagged only due to combined weak evidence.,0.1813363777911094,Driven by: an unusually high transaction frequency (contributed +0.269); consistently high peer geo-velocity (contributed +0.155); physically implausible peer geo-velocity (contributed +0.105).,Driven by: variability in the peel-to-remainder ratio (contributed +0.008).,No single strong signal; flagged only due to combined weak evidence.
bc1q3fm348ni747x202vmbmp050orneee0jq9rvn97,2.039569980246123e-07,0.1792281265596558,0.0,0.1792282939618231,False,,False,No single strong signal; flagged only due to combined weak evidence.,0.1792283305166538,Driven by: an unusually extreme single transaction amount (contributed +0.293); unusually large average transaction amount (contributed +0.212); an unusually high number of incoming payments (contributed +0.064).,,No single strong signal; flagged only due to combined weak evidence.
bc1qdnf4x13qinf2p091pqfmpah3qn21r91r0hrlia,5.906663883212663e-06,0.179127558816894,0.0,0.1791324074344951,False,,False,No single strong signal; flagged only due to combined weak evidence.,0.1791334654807772,Driven by: an unusually high transaction frequency (contributed +0.276); unusually large average transaction amount (contributed +0.224); an unusually extreme single transaction amount (contributed +0.216).,,No single strong signal; flagged only due to combined weak evidence.
bc1qeiqetk5lp9c5so79h4ha0mvf4s2ni8tndfww41,0.0002473981628843,0.17040550446749,0.01,0.1789046371754075,False,,False,No single strong signal; flagged only due to combined weak evidence.,0.1806529026303743,Driven by: an unusually extreme single transaction amount (contributed +0.291); unusually large average transaction amount (contributed +0.283); an unusually high transaction frequency (contributed +0.257).,Driven by: variability in the peel-to-remainder ratio (contributed +0.008).,No single strong signal; flagged only due to combined weak evidence.
bc1qycxneam5cspm0os2c4xn98uncqs6519eyinyco,3.6100836424479353e-06,0.1774673718442118,0.0,0.1774703412557982,False,,False,No single strong signal; flagged only due to combined weak evidence.,0.1774709819278543,Driven by: an atypical time-of-day transaction pattern (contributed +0.251); an unusually high number of outgoing payments (contributed +0.235); an unusually extreme single transaction amount (contributed +0.234).,,No single strong signal; flagged only due to combined weak evidence.
bc1qfzrlgq9azhdqdwvcw5magk6p0n17uxhvdhgues,0.0001499084843414,0.176541769587723,0.0,0.1766652129629626,True,coinjoin,False,No single strong signal; flagged only due to combined weak evidence.,0.1766916780720645,Driven by: an unusually high number of outgoing payments (contributed +0.226); an unusually extreme single transaction amount (contributed +0.200); an unusually high transaction frequency (contributed +0.188).,,No single strong signal; flagged only due to combined weak evidence.
bc1qawcud3i2iwmc07lblwvf36zpi288h23tu8lm7x,0.0005747147196527,0.1759574630747409,0.0,0.1764310524503318,False,,False,No single strong signal; flagged only due to combined weak evidence.,0.1765321777943937,Driven by: an atypical time-of-day transaction pattern (contributed +0.298); an unusually high number of incoming payments (contributed +0.224); an atypical number of transactions (contributed +0.222).,,No single strong signal; flagged only due to combined weak evidence.
bc1q04c5cjb3gex0sutbh7w5glo1bxba22jyqmwt0i,5.044443799999512e-06,0.0947658401380841,0.09,0.1762410699522458,False,,False,No single strong signal; flagged only due to combined weak evidence.,0.1847708845818841,Driven by: unusually large average transaction amount (contributed +0.290); an unusually high transaction frequency (contributed +0.280); an unusually high number of outgoing payments (contributed +0.216).,Driven by: chain length (contributed +0.044); how much the balance declined end-to-end (contributed +0.024); the size of the starting balance (contributed +0.002).,No single strong signal; flagged only due to combined weak evidence.
bc1qot7txkdotrbad3wrdhw9re2q6jxnnngbpj4ufz,2.1723352822188867e-06,0.1756596447606523,0.0,0.1756614355042906,False,,False,No single strong signal; flagged only due to combined weak evidence.,0.1756618170959345,Driven by: an unusually extreme single transaction amount (contributed +0.287); an unusually high transaction frequency (contributed +0.277); unusually large average transaction amount (contributed +0.277).,,No single strong signal; flagged only due to combined weak evidence.
bc1qzhz3e88seby8en00bgbb1r3yqs5pyyz5ymit72,1.1866564879765077e-06,0.1751342222266634,0.0,0.1751352010589902,True,"fanin,fanout",False,No single strong signal; flagged only due to combined weak evidence.,0.1751354088831514,Driven by: an unusually high transaction frequency (contributed +0.287); an unusually extreme single transaction amount (contributed +0.281); consistently high peer geo-velocity (contributed +0.149).,,No single strong signal; flagged only due to combined weak evidence.
bc1qlz0o158j8h19yx6yinw4uf3s9m8yi038z2fs1o,4.938464017178594e-06,0.1741575554359974,0.0,0.1741616338291938,False,,False,No single strong signal; flagged only due to combined weak evidence.,0.1741624939000146,Driven by: an atypical time-of-day transaction pattern (contributed +0.287); an unusually high number of outgoing payments (contributed +0.269); an atypical number of transactions (contributed +0.231).,,No single strong signal; flagged only due to combined weak evidence.
bc1qctzgwkidnfe9o1xgjngvspj0lxwtr1ueiaq3j9,1.0737904309570918e-06,0.1728701816321037,0.0,0.1728710697961878,False,,False,No single strong signal; flagged only due to combined weak evidence.,0.1728712554225347,Driven by: unusually large average transaction amount (contributed +0.257); an unusually high number of incoming payments (contributed +0.239); an unusually extreme single transaction amount (contributed +0.209).,,No single strong signal; flagged only due to combined weak evidence.
bc1qnwd0jfneo2s9nblgu0tbqoivwqm91284sec275,7.428446454542702e-07,0.1727745202795732,0.0,0.1727751347795915,True,"fanin,fanout",False,No single strong signal; flagged only due to combined weak evidence.,0.1727752631242187,Driven by: an unusually extreme single transaction amount (contributed +0.299); an unusually high transaction frequency (contributed +0.244); unusually large average transaction amount (contributed +0.069).,,No single strong signal; flagged only due to combined weak evidence.
bc1qjt660j08xtr5igzgxoiyfoy0sxylka51e04pd8,6.134013528095857e-08,0.1720405046946399,0.0,0.1720405554817874,False,,False,No single strong signal; flagged only due to combined weak evidence.,0.1720405660347752,Driven by: an unusually high transaction frequency (contributed +0.290); an unusually extreme single transaction amount (contributed +0.286); consistently high peer geo-velocity (contributed +0.206).,,No single strong signal; flagged only due to combined weak evidence.
bc1qs0hcn1d53i0qaoyrxxo1id2cpdd8l0aihegyir,8.06084883463801e-06,0.171727826403868,0.0,0.1717345029806533,False,,False,No single strong signal; flagged only due to combined weak evidence.,0.1717358872527026,Driven by: physically implausible peer geo-velocity (contributed +0.277); an unusually high number of incoming payments (contributed +0.236); an unusually extreme single transaction amount (contributed +0.219).,,No single strong signal; flagged only due to combined weak evidence.
bc1q23ba9incu2lqm585u7d2xg770xdhj5sc36u9cy,1.5919107902924363e-05,0.1715701835263298,0.0,0.1715833713899683,True,"fanin,fanout",False,No single strong signal; flagged only due to combined weak evidence.,0.1715861026342327,Driven by: an unusually extreme single transaction amount (contributed +0.290); unusually large average transaction amount (contributed +0.260); an unusually high transaction frequency (contributed +0.244).,,No single strong signal; flagged only due to combined weak evidence.
bc1q953467wcdpi2eyenyjym9oo2tp5hqkjnz057h5,5.2475604883234387e-08,0.1708791253357558,0.0,0.1708791688443751,False,,False,No single strong signal; flagged only due to combined weak evidence.,0.1708791778113607,Driven by: an unusually extreme single transaction amount (contributed +0.305); an unusually high number of outgoing payments (contributed +0.215); an unusually high transaction frequency (contributed +0.213).,,No single strong signal; flagged only due to combined weak evidence.
bc1qcokz5syj3d6m1fmpryfzmyoa2vcywl9700lfqf,6.160898703925381e-06,0.1706148366108673,0.0,0.1706199463688456,False,,False,No single strong signal; flagged only due to combined weak evidence.,0.1706209975095713,Driven by: an unusually high transaction frequency (contributed +0.309); an unusually extreme single transaction amount (contributed +0.283); unusually large average transaction amount (contributed +0.252).,,No single strong signal; flagged only due to combined weak evidence.
bc1qdnobk8hup3ftj6ac4jrcq97rcq6w948ju63lxs,7.966974239005126e-06,0.1689799687315925,0.0,0.1689865894467737,False,,False,No single strong signal; flagged only due to combined weak evidence.,0.1689879357058315,Driven by: an unusually high transaction frequency (contributed +0.297); unusually large average transaction amount (contributed +0.251); consistently high peer geo-velocity (contributed +0.218).,,No single strong signal; flagged only due to combined weak evidence.
bc1q7r1bllypgw00jyj2dsaexmojd85dw1nn9f7qa1,0.0035213136815234,0.1659411948242347,0.0,0.1688781775060953,True,coinjoin,False,No single strong signal; flagged only due to combined weak evidence.,0.1694625085057582,Driven by: an atypical time-of-day transaction pattern (contributed +0.343); an unusually high number of outgoing payments (contributed +0.253); an atypical number of transactions (contributed +0.246).,,No single strong signal; flagged only due to combined weak evidence.
bc1q9ey5qwqmkqi028h1v8svwudj9vhqcnjbps0qcu,9.340719258591566e-07,0.1688560542204228,0.0,0.1688568305686488,False,,False,No single strong signal; flagged only due to combined weak evidence.,0.1688569882923486,Driven by: unusually large average transaction amount (contributed +0.292); an unusually extreme single transaction amount (contributed +0.248); an unusually high number of outgoing payments (contributed +0.247).,,No single strong signal; flagged only due to combined weak evidence.
bc1q84baxy8qegexas2r8lriubr6d6nwtv79bke94x,7.3508795032781505e-06,0.1685611366345556,0.0,0.1685672484414546,False,,False,No single strong signal; flagged only due to combined weak evidence.,0.1685684875140588,Driven by: physically implausible peer geo-velocity (contributed +0.278); an unusually high number of incoming payments (contributed +0.232); an unusually extreme single transaction amount (contributed +0.199).,,No single strong signal; flagged only due to combined weak evidence.
bc1quzs1xke1kwonrrlrnr2kyb3gd60uglbb8nmt3y,0.0001004148717813,0.1679857821057244,0.0,0.1680693287067346,False,,False,No single strong signal; flagged only due to combined weak evidence.,0.1680861969775058,Driven by: an unusually high transaction frequency (contributed +0.285); consistently high peer geo-velocity (contributed +0.235); unusually large average transaction amount (contributed +0.204).,Driven by: variability in the peel-to-remainder ratio (contributed +0.005).,No single strong signal; flagged only due to combined weak evidence.
bc1qqmutwxpiwhwu6yhvwnlbs0umiffvmam3jkx2ka,6.089506803668276e-05,0.1677710203604624,0.0,0.1678216990007998,False,,False,No single strong signal; flagged only due to combined weak evidence.,0.1678319154284991,Driven by: an unusually high transaction frequency (contributed +0.279); unusually large average transaction amount (contributed +0.275); an atypical time-of-day transaction pattern (contributed +0.083).,,No single strong signal; flagged only due to combined weak evidence.
bc1qhwswczt0lfj4b121y50df0wcyr2p6xcw8afmne,0.0114901194784298,0.1573547570236237,0.0,0.1670368515433529,False,,False,No single strong signal; flagged only due to combined weak evidence.,0.1688448765020536,Driven by: unusually large average transaction amount (contributed +0.302); an unusually high transaction frequency (contributed +0.234); consistently high peer geo-velocity (contributed +0.200).,,No single strong signal; flagged only due to combined weak evidence.
bc1qjoznhe8ifxdnm655ck3tb94cllsad0ucswnqmw,6.986243323229481e-06,0.1580400543865773,0.01,0.1664654771583895,False,,False,No single strong signal; flagged only due to combined weak evidence.,0.1680470406299005,Driven by: an atypical time-of-day transaction pattern (contributed +0.267); an unusually high number of outgoing payments (contributed +0.236); an atypical number of transactions (contributed +0.207).,No individual feature stood out; flagged only by combined weak signals.,No single strong signal; flagged only due to combined weak evidence.
bc1qlso2z6m81rjwpx5zj2o4q067cszvutbt6ao3fj,4.158922655316287e-06,0.1658520651213429,0.0,0.165855534278087,False,,False,No single strong signal; flagged only due to combined weak evidence.,0.1658562240439982,Driven by: an unusually high transaction frequency (contributed +0.294); unusually large average transaction amount (contributed +0.289); an unusually extreme single transaction amount (contributed +0.114).,,No single strong signal; flagged only due to combined weak evidence.
bc1qs04sju6uqvl7erdtompsdwx96ach245l5do3gq,4.771016117222099e-06,0.1654469190448793,0.0,0.1654509007110791,False,,False,No single strong signal; flagged only due to combined weak evidence.,0.1654516900609965,Driven by: an unusually high number of outgoing payments (contributed +0.227); an unusually high transaction frequency (contributed +0.220); an unusually extreme single transaction amount (contributed +0.169).,,No single strong signal; flagged only due to combined weak evidence.
bc1q3tdw7v1qsa11ptkftuwfv2ttuswetyx2cb2pn4,2.571433059439631e-06,0.1653857540987478,0.0,0.1653879002534117,False,,False,No single strong signal; flagged only due to combined weak evidence.,0.1653883255318073,Driven by: an unusually extreme single transaction amount (contributed +0.297); an unusually high transaction frequency (contributed +0.250); an unusually high number of outgoing payments (contributed +0.187).,,No single strong signal; flagged only due to combined weak evidence.
bc1qrtcvmujp8uuhnykyfjnbif9yrodt2dtoohuain,0.0004093023233807,0.1647729235481257,0.0,0.165114783931068,False,,False,No single strong signal; flagged only due to combined weak evidence.,0.1651822258715065,Driven by: physically implausible peer geo-velocity (contributed +0.309); an unusually high number of incoming payments (contributed +0.222); an unusually high transaction frequency (contributed +0.201).,,No single strong signal; flagged only due to combined weak evidence.
bc1qkn646uw7ye46f7761xs1cxdcwgk6rzlch2xrnw,3.1008066294012835e-08,0.1651129322564906,0.0,0.1651129581447241,False,,False,No single strong signal; flagged only due to combined weak evidence.,0.1651129632645569,Driven by: an unusually extreme single transaction amount (contributed +0.281); an atypical time-of-day transaction pattern (contributed +0.260); an unusually high number of outgoing payments (contributed +0.242).,,No single strong signal; flagged only due to combined weak evidence.
bc1qxsv4daund14bkbfc142ae21761j0345zyrdb14,9.130474489005937e-08,0.1649982445321091,0.0,0.1649983207717315,False,,False,No single strong signal; flagged only due to combined weak evidence.,0.164998335836854,Driven by: an unusually extreme single transaction amount (contributed +0.317); an atypical time-of-day transaction pattern (contributed +0.292); an unusually high number of incoming payments (contributed +0.256).,,No single strong signal; flagged only due to combined weak evidence.
bc1qajneq5d5dui7a6cv41cowftahqbbu55dva51nn,1.8391325063125567e-09,0.1649015797550205,0.0,0.1649015812908771,False,,False,No single strong signal; flagged only due to combined weak evidence.,0.164901581594153,Driven by: an unusually extreme single transaction amount (contributed +0.275); an atypical time-of-day transaction pattern (contributed +0.263); an unusually high number of outgoing payments (contributed +0.243).,,No single strong signal; flagged only due to combined weak evidence.
bc1qxnu4v80w6haih7wfrac8e3pqk1io1zm4lcvhfw,0.0001089438412421,0.1644457997116276,0.0,0.1645368281957731,True,coinjoin,False,No single strong signal; flagged only due to combined weak evidence.,0.1645547435528697,Driven by: an unusually extreme single transaction amount (contributed +0.265); an unusually high transaction frequency (contributed +0.215); unusually large average transaction amount (contributed +0.182).,,No single strong signal; flagged only due to combined weak evidence.
bc1q3o9ycm9po2fknvzddh16359ll2j2ng1gag5t3l,2.0507241460153133e-05,0.1644049474199322,0.0,0.1644220831694385,False,,False,No single strong signal; flagged only due to combined weak evidence.,0.1644254546613923,Driven by: physically implausible peer geo-velocity (contributed +0.307); an unusually high number of incoming payments (contributed +0.227); an unusually high transaction frequency (contributed +0.207).,,No single strong signal; flagged only due to combined weak evidence.
bc1qpuc8eylb0wvy2jkqqnj0rocmqxtjbldwv7naqg,6.601206896548559e-05,0.1643446708274521,0.0,0.1643998341646728,False,,False,No single strong signal; flagged only due to combined weak evidence.,0.1644106828964175,Driven by: physically implausible peer geo-velocity (contributed +0.309); an unusually high number of incoming payments (contributed +0.222); an unusually high transaction frequency (contributed +0.203).,,No single strong signal; flagged only due to combined weak evidence.
bc1qrt2l2ieo9uvj3bsy3onx3f86ugyfunmad1bx6a,6.5204910190765695e-06,0.1639587710213101,0.0,0.1639642224206352,False,,False,No single strong signal; flagged only due to combined weak evidence.,0.1639652915123291,Driven by: physically implausible peer geo-velocity (contributed +0.291); an unusually high number of incoming payments (contributed +0.236); an unusually high transaction frequency (contributed +0.195).,,No single strong signal; flagged only due to combined weak evidence.
bc1qro37u9ssbu7ge3ai6aynpe6swyu2rnadkn2k7i,2.228515315224029e-05,0.1635812027284152,0.0,0.1635998424494119,False,,False,No single strong signal; flagged only due to combined weak evidence.,0.1636034878815674,Driven by: an unusually high transaction frequency (contributed +0.311); an unusually extreme single transaction amount (contributed +0.285); unusually large average transaction amount (contributed +0.232).,,No single strong signal; flagged only due to combined weak evidence.
bc1qzrv2h24p1avftxxzufzrdix2bv50m3nvyx9t80,1.214826288654718e-05,0.1634553146397887,0.0,0.1634654772045427,True,coinjoin,False,No single strong signal; flagged only due to combined weak evidence.,0.1634674629026752,Driven by: physically implausible peer geo-velocity (contributed +0.305); an unusually high number of incoming payments (contributed +0.226); an unusually high transaction frequency (contributed +0.202).,,No single strong signal; flagged only due to combined weak evidence.
bc1qsujckuh1dl1zl8g0esoy2z1ogy0t5fxpmdzcp3,1.214826288654718e-05,0.1634553146397887,0.0,0.1634654772045427,True,coinjoin,False,No single strong signal; flagged only due to combined weak evidence.,0.1634674629026752,Driven by: physically implausible peer geo-velocity (contributed +0.305); an unusually high number of incoming payments (contributed +0.226); an unusually high transaction frequency (contributed +0.202).,,No single strong signal; flagged only due to combined weak evidence.
bc1q2spxkklj7hax23180qkxkp43mdhohgn48ipbqm,1.214826288654718e-05,0.1634553146397887,0.0,0.1634654772045427,True,coinjoin,False,No single strong signal; flagged only due to combined weak evidence.,0.1634674629026752,Driven by: physically implausible peer geo-velocity (contributed +0.305); an unusually high number of incoming payments (contributed +0.226); an unusually high transaction frequency (contributed +0.202).,,No single strong signal; flagged only due to combined weak evidence.
bc1qocjpztc09zgnx3vpf9pavcedtcxnmj5ian8nd7,7.529734143804019e-06,0.1632137046197852,0.0,0.1632200053981245,False,,False,No single strong signal; flagged only due to combined weak evidence.,0.163221234353929,Driven by: an unusually extreme single transaction amount (contributed +0.293); unusually large average transaction amount (contributed +0.271); an unusually high transaction frequency (contributed +0.197).,,No single strong signal; flagged only due to combined weak evidence.
bc1qjyot59he2ahozlv48pqxkzkjfs59h9xdelltrq,0.0002309915346404,0.1620750807253357,0.0,0.1622686342883524,False,,False,No single strong signal; flagged only due to combined weak evidence.,0.1623060722599762,Driven by: physically implausible peer geo-velocity (contributed +0.290); an unusually high number of incoming payments (contributed +0.237); an unusually high transaction frequency (contributed +0.194).,,No single strong signal; flagged only due to combined weak evidence.
bc1q493dxwor17dpubkpiqnhqe86o3z0anik5j42oi,3.21185226612271e-05,0.1533961636196902,0.01,0.1618891217313521,False,,False,No single strong signal; flagged only due to combined weak evidence.,0.1634282821423514,Driven by: unusually large average transaction amount (contributed +0.324); an unusually high transaction frequency (contributed +0.300); consistently high peer geo-velocity (contributed +0.272).,Driven by: variability in the peel-to-remainder ratio (contributed +0.008).,No single strong signal; flagged only due to combined weak evidence.
bc1qs49mi9zu1eh3366sqmqqwhh3tt255kcmg2k87b,2.984674095467636e-05,0.1608800584991989,0.0,0.1609051034947227,False,,False,No single strong signal; flagged only due to combined weak evidence.,0.1609099052401535,Driven by: an unusually extreme single transaction amount (contributed +0.267); an unusually high number of outgoing payments (contributed +0.231); consistently high peer geo-velocity (contributed +0.193).,,No single strong signal; flagged only due to combined weak evidence.
bc1q8t6aidizs3j0evzymkx9khh83gsv5e033dzqq5,9.516151008824431e-06,0.160651078158442,0.0,0.1606590655295313,False,,False,No single strong signal; flagged only due to combined weak evidence.,0.1606605943094509,Driven by: unusually large average transaction amount (contributed +0.324); an unusually extreme single transaction amount (contributed +0.290); consistently high peer geo-velocity (contributed +0.245).,,No single strong signal; flagged only due to combined weak evidence.
bc1qb9j52oyyr2ozz9z76mh8pu9jn01n3p6egkazal,6.874599287402482e-07,0.1606368586684069,0.0,0.1606374356969322,False,,False,No single strong signal; flagged only due to combined weak evidence.,0.1606375461283357,Driven by: an unusually extreme single transaction amount (contributed +0.286); an unusually high transaction frequency (contributed +0.269); consistently high peer geo-velocity (contributed +0.223).,,No single strong signal; flagged only due to combined weak evidence.
bc1qqph8a51gzfz7yhtd6oo7g5b0l8o9ics9jrmbk3,1.6688231681932283e-06,0.1605644210720359,0.0,0.1605658219415783,False,,False,No single strong signal; flagged only due to combined weak evidence.,0.1605660898952041,Driven by: physically implausible peer geo-velocity (contributed +0.313); an unusually high number of incoming payments (contributed +0.223); an unusually high transaction frequency (contributed +0.204).,,No single strong signal; flagged only due to combined weak evidence.
bc1qg9t6jznue5rau33x58pzj3mnhtzqttaazvorq5,8.06942141810255e-08,0.1602820948509117,0.0,0.1602821626112882,False,,False,No single strong signal; flagged only due to combined weak evidence.,0.1602821755451259,Driven by: an unusually extreme single transaction amount (contributed +0.302); an atypical time-of-day transaction pattern (contributed +0.262); an unusually high number of outgoing payments (contributed +0.245).,,No single strong signal; flagged only due to combined weak evidence.
bc1q9y5edm228gn0gx4ozv6zvnsoj9uhgv9m58tgtu,0.000275307295292,0.1585749576464537,0.0,0.1588066080990551,False,,False,No single strong signal; flagged only due to combined weak evidence.,0.1588502649417457,Driven by: physically implausible peer geo-velocity (contributed +0.309); an unusually high number of incoming payments (contributed +0.223); an unusually high transaction frequency (contributed +0.200).,,No single strong signal; flagged only due to combined weak evidence.
bc1qxxy6wkhvpp55u1r8a5j8ur63nyir1dkf84qyup,0.0005757088180052,0.1581886606260422,0.0,0.1586732988372166,False,,False,No single strong signal; flagged only due to combined weak evidence.,0.1587643694440474,Driven by: physically implausible peer geo-velocity (contributed +0.309); an unusually high number of incoming payments (contributed +0.223); an unusually high transaction frequency (contributed +0.200).,,No single strong signal; flagged only due to combined weak evidence.
bc1qf6te8cp9k02psoi373dzwi7plc1kjg7dp5ulp2,1.812606634326088e-06,0.1585749576464537,0.0,0.1585764828190679,False,,False,No single strong signal; flagged only due to combined weak evidence.,0.158576770253088,Driven by: physically implausible peer geo-velocity (contributed +0.309); an unusually high number of incoming payments (contributed +0.223); an unusually high transaction frequency (contributed +0.200).,,No single strong signal; flagged only due to combined weak evidence.
bc1qxcijqn6c4w713qnvy4h03b27lak0pntkluuj7k,1.3121091703273996e-05,0.1582730768901213,0.0,0.1582841212662684,False,,False,No single strong signal; flagged only due to combined weak evidence.,0.1582861979818245,Driven by: physically implausible peer geo-velocity (contributed +0.307); an unusually high number of incoming payments (contributed +0.228); an unusually high transaction frequency (contributed +0.206).,,No single strong signal; flagged only due to combined weak evidence.
bc1qh8hyf87sw1k9m94uzxy4g8on3w9hx6i62r2cxt,4.344615360535753e-06,0.1582285370629018,0.0,0.1582321942361298,False,,False,No single strong signal; flagged only due to combined weak evidence.,0.1582328816782623,Driven by: an atypical time-of-day transaction pattern (contributed +0.276); an unusually high number of incoming payments (contributed +0.243); an atypical number of transactions (contributed +0.210).,,No single strong signal; flagged only due to combined weak evidence.
bc1qhn3f9zxqerbkn3dkvr5nbhgpbktmav6763v1m3,1.6852598458894783e-06,0.158004000286395,0.0,0.1580054192684437,False,,False,No single strong signal; flagged only due to combined weak evidence.,0.1580056855462409,Driven by: an unusually extreme single transaction amount (contributed +0.293); an unusually high transaction frequency (contributed +0.192); unusually large average transaction amount (contributed +0.169).,,No single strong signal; flagged only due to combined weak evidence.
bc1qnwbhkvjz09owgmf4ln5rgsg6a8mlik22xmq664,0.0003742722125814,0.157617012481302,0.0,0.1579322930258817,False,,False,No single strong signal; flagged only due to combined weak evidence.,0.1579912846938835,Driven by: an unusually high transaction frequency (contributed +0.270); unusually large average transaction amount (contributed +0.246); consistently high peer geo-velocity (contributed +0.230).,,No single strong signal; flagged only due to combined weak evidence.
bc1qhpl2iljl8vj61tyjavf61dm78ui5mgab1w1hgw,0.0001830796550442,0.1574130856137916,0.0,0.1575673461354222,True,coinjoin,False,No single strong signal; flagged only due to combined weak evidence.,0.1575961652688359,Driven by: an atypical time-of-day transaction pattern (contributed +0.327); an unusually high number of incoming payments (contributed +0.268); an atypical number of transactions (contributed +0.259).,,No single strong signal; flagged only due to combined weak evidence.
bc1qwnac1pmadfa0goajb6ru3t28sie7coc0wkn4w1,2.8285745742700773e-08,0.1570420698640747,0.0,0.1570420937077683,False,,False,No single strong signal; flagged only due to combined weak evidence.,0.1570420981498204,Driven by: physically implausible peer geo-velocity (contributed +0.278); an unusually high number of incoming payments (contributed +0.245); an unusually extreme single transaction amount (contributed +0.238).,,No single strong signal; flagged only due to combined weak evidence.
bc1qob7nbqw35f5sayrszqussjhmotoy9qjs7i58up,0.0035213136815234,0.1537910749846102,0.0,0.1567708420496942,True,coinjoin,False,No single strong signal; flagged only due to combined weak evidence.,0.1573123886661337,Driven by: an atypical time-of-day transaction pattern (contributed +0.312); an unusually high number of outgoing payments (contributed +0.252); an atypical number of transactions (contributed +0.233).,,No single strong signal; flagged only due to combined weak evidence.
bc1qfyiifa2lr9p6hjb2jtxb02b6lkc86y5o44iuse,9.854794052482517e-07,0.1563410884556529,0.0,0.1563419198641352,False,,False,No single strong signal; flagged only due to combined weak evidence.,0.1563420739350581,Driven by: an unusually high transaction frequency (contributed +0.287); an unusually extreme single transaction amount (contributed +0.282); unusually large average transaction amount (contributed +0.275).,,No single strong signal; flagged only due to combined weak evidence.
bc1qifrml29q2l48c1cqg433e1i1p0bq1s9ryllwb7,1.036458671652382e-06,0.1562179797766791,0.0,0.1562188543218708,False,,False,No single strong signal; flagged only due to combined weak evidence.,0.1562190162353507,Driven by: an unusually extreme single transaction amount (contributed +0.290); an unusually high transaction frequency (contributed +0.239); consistently high peer geo-velocity (contributed +0.188).,,No single strong signal; flagged only due to combined weak evidence.
bc1q0shdkkg1r1cqkih548jrpe2xn9txfjnjd5sloc,3.949110545373771e-07,0.1554602309091111,0.0,0.155460564427202,False,,False,No single strong signal; flagged only due to combined weak evidence.,0.1554606258201657,Driven by: unusually large average transaction amount (contributed +0.295); an atypical time-of-day transaction pattern (contributed +0.287); an unusually high number of incoming payments (contributed +0.255).,,No single strong signal; flagged only due to combined weak evidence.
bc1q9e8cdk9x0740c98uzzy00ew9jzf4epm7zdng61,1.868625998412433e-06,0.155347575015359,0.0,0.1553491533548399,False,,False,No single strong signal; flagged only due to combined weak evidence.,0.1553494436413574,Driven by: an unusually extreme single transaction amount (contributed +0.297); an unusually high transaction frequency (contributed +0.262); consistently high peer geo-velocity (contributed +0.197).,,No single strong signal; flagged only due to combined weak evidence.
bc1qa44tbidsechu3ycpkavm96n7kbnkfvdhlz02z7,4.9103553534380335e-06,0.1546325266336663,0.0,0.1546366776883647,False,,False,No single strong signal; flagged only due to combined weak evidence.,0.1546374369890198,Driven by: an unusually extreme single transaction amount (contributed +0.304); an unusually high transaction frequency (contributed +0.281); unusually large average transaction amount (contributed +0.148).,,No single strong signal; flagged only due to combined weak evidence.
bc1q4bn7j5ukr8ieu122jn86taip1kelbu8pt8tagi,1.3989020155529711e-06,0.1538898376798054,0.0,0.1538910213050169,False,,False,No single strong signal; flagged only due to combined weak evidence.,0.1538912365818209,Driven by: physically implausible peer geo-velocity (contributed +0.303); an unusually high number of incoming payments (contributed +0.226); an unusually high transaction frequency (contributed +0.198).,,No single strong signal; flagged only due to combined weak evidence.
bc1qghdomspfqlfqebiwrcqla6m04yprpaqccgzdn5,2.414140645207428e-06,0.1535912061819002,0.0,0.1535932495317719,False,,False,No single strong signal; flagged only due to combined weak evidence.,0.1535936203225454,Driven by: an atypical time-of-day transaction pattern (contributed +0.296); an unusually high number of incoming payments (contributed +0.240); an atypical number of transactions (contributed +0.218).,,No single strong signal; flagged only due to combined weak evidence.
bc1qiiennngvdlv0wgd4hkpwi25y4xvrydafv87vo2,1.226766448662168e-06,0.153513626249706,0.0,0.1535146646907885,False,,False,No single strong signal; flagged only due to combined weak evidence.,0.1535148530161547,Driven by: an unusually extreme single transaction amount (contributed +0.300); an unusually high transaction frequency (contributed +0.270); consistently high peer geo-velocity (contributed +0.219).,Driven by: the consistency of the peel-to-remainder ratio (contributed +0.003).,No single strong signal; flagged only due to combined weak evidence.
bc1q9shq8bc4pw8zw7nhpgjx19emf8rsjrrw24ivsr,7.1392846467879405e-06,0.153391330614092,0.0,0.1533973747943672,False,,False,No single strong signal; flagged only due to combined weak evidence.,0.1533984698987388,Driven by: an unusually extreme single transaction amount (contributed +0.276); consistently high peer geo-velocity (contributed +0.238); unusually large average transaction amount (contributed +0.134).,,No single strong signal; flagged only due to combined weak evidence.
bc1qqhacmeyp17x89nadhe709hkd6k7rmnzsyhripv,2.5074389543976786e-06,0.1532221079016003,0.0,0.1532242311454726,False,,False,No single strong signal; flagged only due to combined weak evidence.,0.1532246153405546,Driven by: unusually large average transaction amount (contributed +0.300); an unusually extreme single transaction amount (contributed +0.284); consistently high peer geo-velocity (contributed +0.266).,,No single strong signal; flagged only due to combined weak evidence.
bc1qyyom0f6qepyohakc37wmfpta7ls9b7ry0cgq4h,1.5892930827386845e-05,0.1522960829300862,0.0,0.1523095554298023,False,,False,No single strong signal; flagged only due to combined weak evidence.,0.1523119758609136,Driven by: unusually large average transaction amount (contributed +0.290); consistently high peer geo-velocity (contributed +0.245); an unusually high transaction frequency (contributed +0.203).,,No single strong signal; flagged only due to combined weak evidence.
bc1qr5xej2vbqkuw37j9ggfwj6jyidr6x0accho6v8,0.0001830796550442,0.1520569202115997,0.0,0.1522121613381446,True,coinjoin,False,No single strong signal; flagged only due to combined weak evidence.,0.152239999866644,Driven by: an atypical time-of-day transaction pattern (contributed +0.283); an unusually high number of outgoing payments (contributed +0.276); an atypical number of transactions (contributed +0.245).,,No single strong signal; flagged only due to combined weak evidence.
bc1qg5yxzouup1kzvjh5ozyr4n26smmqz6nev8soty,4.527460022395808e-06,0.1515374244666296,0.0,0.1515412658470208,False,,False,No single strong signal; flagged only due to combined weak evidence.,0.1515419519266519,Driven by: physically implausible peer geo-velocity (contributed +0.310); an unusually high number of incoming payments (contributed +0.227); an unusually high transaction frequency (contributed +0.200).,,No single strong signal; flagged only due to combined weak evidence.
bc1qwc3bnecjq427u1nvmeagwp82h6sgl5wr6zebcv,3.615008782697581e-06,0.1514587038984905,0.0,0.1514617713827283,False,,False,No single strong signal; flagged only due to combined weak evidence.,0.1514623189072732,Driven by: an unusually extreme single transaction amount (contributed +0.320); an unusually high number of outgoing payments (contributed +0.219); an unusually high transaction frequency (contributed +0.199).,,No single strong signal; flagged only due to combined weak evidence.
bc1q802xvxitifxziu6hulprx05h3k7ujj31w0gq34,2.3028128046534564e-05,0.151405792164699,0.0,0.1514253337007766,False,,False,No single strong signal; flagged only due to combined weak evidence.,0.1514288202927455,Driven by: an unusually high transaction frequency (contributed +0.291); consistently high peer geo-velocity (contributed +0.276); an unusually extreme single transaction amount (contributed +0.266).,,No single strong signal; flagged only due to combined weak evidence.
bc1q3rzidvrifuvzlfy1u7n4vaq6jc15gyiccwbpoy,2.0813879186882474e-06,0.1513766392027763,0.0,0.1513784055171869,False,,False,No single strong signal; flagged only due to combined weak evidence.,0.151378720590695,Driven by: an unusually extreme single transaction amount (contributed +0.323); an atypical time-of-day transaction pattern (contributed +0.293); an unusually high number of incoming payments (contributed +0.268).,,No single strong signal; flagged only due to combined weak evidence.
bc1qe8a54hbph1ve8susfh70m9ohdsrs8anp8dmlc8,3.737583302187955e-06,0.1509179644710789,0.0,0.1509211379859171,False,,False,No single strong signal; flagged only due to combined weak evidence.,0.1509217020543811,Driven by: an unusually extreme single transaction amount (contributed +0.320); unusually large average transaction amount (contributed +0.313); an unusually high transaction frequency (contributed +0.282).,,No single strong signal; flagged only due to combined weak evidence.
bc1q6j3vme942hqfxclq08jt6gk3lv323xqpluyg3h,0.0035213136815234,0.1476577868071757,0.0,0.1506591511038316,True,coinjoin,False,No single strong signal; flagged only due to combined weak evidence.,0.1511791004886992,Driven by: an atypical time-of-day transaction pattern (contributed +0.319); an unusually high number of outgoing payments (contributed +0.254); an atypical number of transactions (contributed +0.234).,,No single strong signal; flagged only due to combined weak evidence.
bc1qgmdrdsferfxiokpg3dp4fmpm5hgbo06fhrxjpt,0.0005611978112625,0.1499471209250522,0.0,0.1504241687402465,False,,False,No single strong signal; flagged only due to combined weak evidence.,0.1505083187363148,Driven by: an unusually high transaction frequency (contributed +0.306); unusually large average transaction amount (contributed +0.285); consistently high peer geo-velocity (contributed +0.261).,,No single strong signal; flagged only due to combined weak evidence.
bc1qzbl5kzhcmz2rno6cysvuhiwzwt994pn8qix43i,4.072768238953227e-06,0.1482616362902494,0.0,0.1482651052232051,False,,False,No single strong signal; flagged only due to combined weak evidence.,0.1482657090584884,Driven by: unusually large average transaction amount (contributed +0.337); an unusually high transaction frequency (contributed +0.278); consistently high peer geo-velocity (contributed +0.191).,,No single strong signal; flagged only due to combined weak evidence.
bc1q4ulpqp81ycegnnjmxwepu44tm1quanx0h6vy9r,8.088582984979587e-07,0.1478305715090291,0.0,0.147831260793343,False,,False,No single strong signal; flagged only due to combined weak evidence.,0.1478313803673276,Driven by: an atypical time-of-day transaction pattern (contributed +0.310); an unusually high number of outgoing payments (contributed +0.242); an unusually extreme single transaction amount (contributed +0.242).,,No single strong signal; flagged only due to combined weak evidence.
bc1q8zzkk4j1o5hd4hsbrebndycpn0p1xs910baf4j,1.075492359855969e-06,0.1474321392471659,0.0,0.1474330561773865,False,,False,No single strong signal; flagged only due to combined weak evidence.,0.1474332147395258,Driven by: an unusually extreme single transaction amount (contributed +0.289); physically implausible peer geo-velocity (contributed +0.251); an unusually high number of incoming payments (contributed +0.248).,,No single strong signal; flagged only due to combined weak evidence.
bc1qzrp9dxoq2vpgstqmgvu4isotn9uzeryf0992qc,2.665593180337178e-06,0.1473799441242027,0.0,0.147382216862409,False,,False,No single strong signal; flagged only due to combined weak evidence.,0.147382609717383,Driven by: an unusually extreme single transaction amount (contributed +0.285); an unusually high transaction frequency (contributed +0.247); consistently high peer geo-velocity (contributed +0.246).,,No single strong signal; flagged only due to combined weak evidence.
bc1qu5jslhgmrzzqo17rv2y7cdabbajaq08dnx80nk,2.855497843849496e-06,0.1383553918354067,0.01,0.1469742737371301,False,,False,No single strong signal; flagged only due to combined weak evidence.,0.1483582473332505,Driven by: unusually large average transaction amount (contributed +0.330); an unusually high transaction frequency (contributed +0.271); consistently high peer geo-velocity (contributed +0.236).,No individual feature stood out; flagged only by combined weak signals.,No single strong signal; flagged only due to combined weak evidence.
bc1qa7b1bb61pdbhf3suthk9oe7te8rtmsy77bmbvm,6.507335943743289e-08,0.1466342957743051,0.0,0.1466343513056783,False,,False,No single strong signal; flagged only due to combined weak evidence.,0.1466343608476645,Driven by: an unusually extreme single transaction amount (contributed +0.308); an atypical time-of-day transaction pattern (contributed +0.295); an unusually high number of outgoing payments (contributed +0.246).,,No single strong signal; flagged only due to combined weak evidence.
bc1q9jrd4hqfghdiluvnhdczp0nwntj5r2slrw4vnz,3.678324539557452e-06,0.1465936438043956,0.0,0.1465967829099378,False,,False,No single strong signal; flagged only due to combined weak evidence.,0.1465973221289352,Driven by: unusually large average transaction amount (contributed +0.312); an unusually extreme single transaction amount (contributed +0.290); an unusually high transaction frequency (contributed +0.285).,,No single strong signal; flagged only due to combined weak evidence.
bc1q5nyq3yhgmlt43e90eqeihuo63wedplhrtc7i85,3.386059252332112e-05,0.1454609192272256,0.0,0.1454898544268349,False,,False,No single strong signal; flagged only due to combined weak evidence.,0.1454947798197489,Driven by: physically implausible peer geo-velocity (contributed +0.308); an unusually high number of incoming payments (contributed +0.226); an unusually high transaction frequency (contributed +0.201).,,No single strong signal; flagged only due to combined weak evidence.
bc1q7h0ums48iw5xnqdz98jhe17o7pnud53qe5eeaz,1.0090044141023926e-06,0.1454160320900749,0.0,0.1454168943690708,False,,False,No single strong signal; flagged only due to combined weak evidence.,0.145417041094489,Driven by: an atypical time-of-day transaction pattern (contributed +0.315); an unusually high number of outgoing payments (contributed +0.247); an unusually high number of incoming payments (contributed +0.210).,,No single strong signal; flagged only due to combined weak evidence.
bc1qmmk4wl656d1biob6ffrlkwlq3tnpp2vpfh22cp,1.426198394836162e-05,0.1451483996868362,0.0,0.1451605915666382,False,,False,No single strong signal; flagged only due to combined weak evidence.,0.1451626616707846,Driven by: an atypical time-of-day transaction pattern (contributed +0.324); an unusually high number of outgoing payments (contributed +0.267); an atypical number of transactions (contributed +0.228).,,No single strong signal; flagged only due to combined weak evidence.
bc1qdlqh1cv2xb402nmsikji92xpi865eo9w6ya8jb,4.1793723048865535e-06,0.1446768197771329,0.0,0.1446803944911441,False,,False,No single strong signal; flagged only due to combined weak evidence.,0.1446809991494378,Driven by: consistently high peer geo-velocity (contributed +0.267); an unusually high transaction frequency (contributed +0.226); unusually large average transaction amount (contributed +0.179).,,No single strong signal; flagged only due to combined weak evidence.
bc1qnozemdmz5rgoi9wm1sav9cng8tana6u48gwghm,8.524633846579073e-07,0.1444171991749106,0.0,0.1444179285279208,False,,False,No single strong signal; flagged only due to combined weak evidence.,0.1444180516382952,Driven by: physically implausible peer geo-velocity (contributed +0.307); an unusually high number of incoming payments (contributed +0.227); an unusually high transaction frequency (contributed +0.201).,,No single strong signal; flagged only due to combined weak evidence.
bc1qa54vdjpca12j8z8do3p0amts7ynxj5yhy8n59u,7.739089474541108e-06,0.1441364606263663,0.0,0.1441430842308755,False,,False,No single strong signal; flagged only due to combined weak evidence.,0.1441441997158408,Driven by: unusually large average transaction amount (contributed +0.301); an unusually high transaction frequency (contributed +0.213); consistently high peer geo-velocity (contributed +0.109).,,No single strong signal; flagged only due to combined weak evidence.
bc1qh5cfgk7h3i8no7nqotsvfk2knelwl8u8pn74fy,1.8830259864353484e-08,0.1435945835376184,0.0,0.143594599663955,True,"fanin,fanout",False,No single strong signal; flagged only due to combined weak evidence.,0.1435946023678782,Driven by: an unusually high transaction frequency (contributed +0.247); an unusually high number of outgoing payments (contributed +0.228); an unusually extreme single transaction amount (contributed +0.215).,,No single strong signal; flagged only due to combined weak evidence.
bc1qp7swvtqqkljqkcjev9zuyh97y8pzl99uj6safk,5.489296663360947e-07,0.1432690869603782,0.0,0.1432695572453926,True,coinjoin,False,No single strong signal; flagged only due to combined weak evidence.,0.1432696358900446,Driven by: an atypical time-of-day transaction pattern (contributed +0.318); an unusually high number of incoming payments (contributed +0.233); an atypical number of transactions (contributed +0.229).,,No single strong signal; flagged only due to combined weak evidence.
bc1qaont75ez6iz8er6u0estie6sv5itmtjlegp4h2,4.150555803450952e-06,0.1423305026964976,0.0,0.142334062501607,False,,False,No single strong signal; flagged only due to combined weak evidence.,0.1423346532523011,Driven by: an unusually high transaction frequency (contributed +0.288); unusually large average transaction amount (contributed +0.257); consistently high peer geo-velocity (contributed +0.167).,,No single strong signal; flagged only due to combined weak evidence.
bc1qdji1oahnox8fk2076vmdnhqnjvdpngwds9yxz7,1.7686237505591074e-05,0.1418445627474147,0.0,0.1418597402882947,False,,False,No single strong signal; flagged only due to combined weak evidence.,0.1418622489849203,Driven by: unusually large average transaction amount (contributed +0.327); an unusually extreme single transaction amount (contributed +0.316); an unusually high transaction frequency (contributed +0.192).,,No single strong signal; flagged only due to combined weak evidence.
bc1q03iqhycvpnx4yk1w031mpyynq66q73smql2tbe,0.0001830796550442,0.1413997443210063,0.0,0.1415569365596369,True,coinjoin,False,No single strong signal; flagged only due to combined weak evidence.,0.1415828239760506,Driven by: an atypical time-of-day transaction pattern (contributed +0.325); an unusually high number of outgoing payments (contributed +0.279); an atypical number of transactions (contributed +0.248).,,No single strong signal; flagged only due to combined weak evidence.
bc1qff7so8w5038hvqrhofu1wsgy7vcneas6y3vg6v,2.1337769762667126e-06,0.1047838384342612,0.04,0.1405943186808597,False,,False,No single strong signal; flagged only due to combined weak evidence.,0.1447859722112374,Driven by: unusually large average transaction amount (contributed +0.329); consistently high peer geo-velocity (contributed +0.270); an unusually high transaction frequency (contributed +0.221).,Driven by: chain length (contributed +0.012); how much the balance declined end-to-end (contributed +0.008); the fee pattern across hops (contributed +0.002).,No single strong signal; flagged only due to combined weak evidence.
bc1qxoycg1fjgbvyow47lueq4d7d7gdlwagawq57ly,0.0001089341073807,0.1400542488753952,0.0,0.1401479262981899,True,coinjoin,False,No single strong signal; flagged only due to combined weak evidence.,0.140163182982776,Driven by: an atypical time-of-day transaction pattern (contributed +0.285); an unusually high number of outgoing payments (contributed +0.241); an atypical number of transactions (contributed +0.199).,,No single strong signal; flagged only due to combined weak evidence.
bc1qh4z8d2vfhzpqvjldnhm63q68jov58toe3pgihn,1.3912098072949166e-06,0.139620269543284,0.0,0.1396214665120029,False,,False,No single strong signal; flagged only due to combined weak evidence.,0.1396216607530913,Driven by: unusually large average transaction amount (contributed +0.323); an unusually high transaction frequency (contributed +0.264); an unusually extreme single transaction amount (contributed +0.247).,,No single strong signal; flagged only due to combined weak evidence.
bc1q7nwuqiq9vobgggkycsnu966wqx1n6ph1raemyd,2.773738368276255e-06,0.1390998756035365,0.0,0.1391022635152429,False,,False,No single strong signal; flagged only due to combined weak evidence.,0.1391026493419048,Driven by: an atypical time-of-day transaction pattern (contributed +0.309); an unusually high number of outgoing payments (contributed +0.263); an atypical number of transactions (contributed +0.224).,,No single strong signal; flagged only due to combined weak evidence.
bc1quusfn07ea28ditmownx23veuljgqpq8r4hc7jv,0.0017099427108851,0.1014247859005502,0.04,0.1388428461165585,False,,False,No single strong signal; flagged only due to combined weak evidence.,0.1431347286114354,Driven by: an unusually extreme single transaction amount (contributed +0.315); an unusually high transaction frequency (contributed +0.294); consistently high peer geo-velocity (contributed +0.289).,No individual feature stood out; flagged only by combined weak signals.,No single strong signal; flagged only due to combined weak evidence.
bc1qd33i7ops2rrtxvf4z1846849a7zvd8h3chufeu,1.527789100178667e-05,0.1382787209873142,0.0,0.1382918862710888,False,,False,No single strong signal; flagged only due to combined weak evidence.,0.138293998878316,Driven by: an unusually extreme single transaction amount (contributed +0.306); an unusually high transaction frequency (contributed +0.160); consistently high peer geo-velocity (contributed +0.154).,,No single strong signal; flagged only due to combined weak evidence.
bc1q1qicxbr8iybatolodlonkcp8ov5nwvsjjcaxod,8.689082537142485e-06,0.1382084195498242,0.0,0.1382159077279965,False,,False,No single strong signal; flagged only due to combined weak evidence.,0.1382171086323613,Driven by: an atypical time-of-day transaction pattern (contributed +0.318); an unusually high number of incoming payments (contributed +0.260); an atypical number of transactions (contributed +0.235).,,No single strong signal; flagged only due to combined weak evidence.
bc1qqu0k5qzzkw3gi60q6guo8i5jwk6z0hr9t9cd1l,2.3890092208694934e-05,0.1378499628116379,0.0,0.1378705596555242,False,,False,No single strong signal; flagged only due to combined weak evidence.,0.1378738529038466,Driven by: an atypical time-of-day transaction pattern (contributed +0.336); an unusually extreme single transaction amount (contributed +0.280); an atypical number of transactions (contributed +0.250).,,No single strong signal; flagged only due to combined weak evidence.
bc1q4i5vgd1x8l3jda0hxv2zottsmznms8ijjunwu1,1.672765471235954e-05,0.1370441561622104,0.0,0.1370585913895982,False,,False,No single strong signal; flagged only due to combined weak evidence.,0.1370608838169227,Driven by: physically implausible peer geo-velocity (contributed +0.316); an unusually high number of incoming payments (contributed +0.226); an unusually high transaction frequency (contributed +0.197).,,No single strong signal; flagged only due to combined weak evidence.
bc1qio16um6tt9h9l80hnsfe1v0onrnvwx994wah3q,1.7908047791714434e-06,0.1362395125733436,0.0,0.1362410593997525,False,,False,No single strong signal; flagged only due to combined weak evidence.,0.1362413033781227,Driven by: an unusually extreme single transaction amount (contributed +0.303); an atypical time-of-day transaction pattern (contributed +0.270); an unusually high number of outgoing payments (contributed +0.260).,,No single strong signal; flagged only due to combined weak evidence.
bc1qcgaghft9zzcgl9fwvvskp30tx8j1ccm0w3c1za,7.946368756606151e-07,0.1353092009589222,0.0,0.1353098880741171,False,,False,No single strong signal; flagged only due to combined weak evidence.,0.1353099955957978,Driven by: unusually large average transaction amount (contributed +0.318); an unusually extreme single transaction amount (contributed +0.273); an unusually high transaction frequency (contributed +0.267).,Driven by: the consistency of the peel-to-remainder ratio (contributed +0.013); variability in the peel-to-remainder ratio (contributed +0.006).,No single strong signal; flagged only due to combined weak evidence.
bc1qhop0e62n3pp1vm3i0gxhc660ujrihz8eekc8u0,1.097458670043351e-06,0.1347508265227107,0.0,0.1347517760979178,False,,False,No single strong signal; flagged only due to combined weak evidence.,0.1347519239813807,Driven by: an unusually extreme single transaction amount (contributed +0.305); an unusually high transaction frequency (contributed +0.276); unusually large average transaction amount (contributed +0.102).,,No single strong signal; flagged only due to combined weak evidence.
bc1q5pdtz91x70fqldb2uuijnwpaytxw1vzc7d2kd1,5.233883819926768e-06,0.1333485659406697,0.0,0.1333531018935879,False,,False,No single strong signal; flagged only due to combined weak evidence.,0.1333537998244897,Driven by: an unusually high transaction frequency (contributed +0.294); an unusually extreme single transaction amount (contributed +0.291); unusually large average transaction amount (contributed +0.288).,,No single strong signal; flagged only due to combined weak evidence.
bc1q2cdrxu9435o1l8wj6zgylkcs2yx1zdnqsamctx,8.485920244668375e-06,0.1327731649224477,0.0,0.1327805241402042,False,,False,No single strong signal; flagged only due to combined weak evidence.,0.1327816508426924,Driven by: an atypical time-of-day transaction pattern (contributed +0.316); an atypical number of transactions (contributed +0.253); an unusually high number of incoming payments (contributed +0.242).,,No single strong signal; flagged only due to combined weak evidence.
bc1qt3ppe690cwbke4hs0lt59hhpzuyr7vhtclr452,0.000398343896244,0.1306090764672313,0.0,0.1309553930350706,False,,False,No single strong signal; flagged only due to combined weak evidence.,0.1310074203634754,Driven by: consistently high peer geo-velocity (contributed +0.299); an unusually high transaction frequency (contributed +0.295); an unusually extreme single transaction amount (contributed +0.262).,,No single strong signal; flagged only due to combined weak evidence.
bc1qrtqhnol3obopab05dwjate4vv9c0xfevmy1qnq,8.908819082179496e-07,0.1308165223286622,0.0,0.1308172966684975,False,,False,No single strong signal; flagged only due to combined weak evidence.,0.1308174132105705,Driven by: unusually large average transaction amount (contributed +0.301); an atypical time-of-day transaction pattern (contributed +0.290); an unusually high number of incoming payments (contributed +0.253).,,No single strong signal; flagged only due to combined weak evidence.
bc1ql5nfltq680cog1zn1riamwu28rl5h3g7vkc5ss,0.000375438052866,0.1304477474882908,0.0,0.1307742104928391,False,,False,No single strong signal; flagged only due to combined weak evidence.,0.1308231855411569,Driven by: an atypical time-of-day transaction pattern (contributed +0.296); an unusually high number of outgoing payments (contributed +0.275); an unusually extreme single transaction amount (contributed +0.255).,No individual feature stood out; flagged only by combined weak signals.,No single strong signal; flagged only due to combined weak evidence.
bc1q4jgsqof3wgi8y0423h7t6udojy6g107g8o8g8h,1.0807648828288147e-06,0.1305126182694084,0.0,0.1305135579808366,False,,False,No single strong signal; flagged only due to combined weak evidence.,0.1305136990342912,Driven by: an unusually high transaction frequency (contributed +0.302); an unusually extreme single transaction amount (contributed +0.285); unusually large average transaction amount (contributed +0.191).,,No single strong signal; flagged only due to combined weak evidence.
bc1qw0te52vxslhu6l29il9yq8ocucnri2i397i6yx,9.570005561823944e-06,0.129873488664097,0.0,0.12988181577965,False,,False,No single strong signal; flagged only due to combined weak evidence.,0.1298830586696588,Driven by: unusually large average transaction amount (contributed +0.323); an unusually extreme single transaction amount (contributed +0.302); an unusually high transaction frequency (contributed +0.287).,Driven by: variability in the peel-to-remainder ratio (contributed +0.005).,No single strong signal; flagged only due to combined weak evidence.
bc1q88rbywcybo1y97jylaqs4fusnzdwp73wuqaygi,1.8373118133491364e-05,0.1297517338192678,0.0,0.1297677229934677,False,,False,No single strong signal; flagged only due to combined weak evidence.,0.1297701069374013,Driven by: physically implausible peer geo-velocity (contributed +0.320); an unusually high number of incoming payments (contributed +0.228); an unusually high transaction frequency (contributed +0.200).,,No single strong signal; flagged only due to combined weak evidence.
bc1q13zp84jrh8iptc16ze7blp7dgt60pv7tiqijb3,2.8273575761457173e-06,0.1296586218972132,0.0,0.1296610826635026,False,,False,No single strong signal; flagged only due to combined weak evidence.,0.1296614492547894,Driven by: physically implausible peer geo-velocity (contributed +0.320); an unusually high number of incoming payments (contributed +0.228); an unusually high transaction frequency (contributed +0.200).,,No single strong signal; flagged only due to combined weak evidence.
bc1qhd1qsmpm675bnkafpcxede4nabh41m4i299ij2,7.512489774226007e-06,0.1294053509948843,0.0,0.1294118913282825,False,,False,No single strong signal; flagged only due to combined weak evidence.,0.1294128634846585,Driven by: physically implausible peer geo-velocity (contributed +0.319); an unusually high number of incoming payments (contributed +0.227); an unusually high transaction frequency (contributed +0.195).,,No single strong signal; flagged only due to combined weak evidence.
bc1q8yc8gzkdf6j76biviss8jltcbw6atvd1xeuq4s,5.98853770705031e-06,0.1293992809233214,0.0,0.1294044945485554,False,,False,No single strong signal; flagged only due to combined weak evidence.,0.1294052694610284,Driven by: an unusually extreme single transaction amount (contributed +0.292); unusually large average transaction amount (contributed +0.286); an unusually high transaction frequency (contributed +0.271).,,No single strong signal; flagged only due to combined weak evidence.
bc1qfs0gd5ml524hiarmle6nphvoxj0au1armx6z7v,9.443523359370493e-05,0.1284247082674612,0.0,0.1285070156837305,False,,False,No single strong signal; flagged only due to combined weak evidence.,0.1285191435010549,Driven by: an unusually extreme single transaction amount (contributed +0.263); an unusually high transaction frequency (contributed +0.222); consistently high peer geo-velocity (contributed +0.141).,,No single strong signal; flagged only due to combined weak evidence.
bc1qe576mouze66vw9b0mqoq4kreg167d6vnxnpsv8,0.0003155110232272,0.127972478092714,0.0,0.1282476123884333,False,,False,No single strong signal; flagged only due to combined weak evidence.,0.1282879891159413,Driven by: unusually large average transaction amount (contributed +0.302); an unusually high transaction frequency (contributed +0.299); consistently high peer geo-velocity (contributed +0.224).,,No single strong signal; flagged only due to combined weak evidence.
bc1qo3lfln7ft5hkojj9vynhccy7b0u2hvmbn4hzwc,1.2859159136946698e-06,0.1278786190962304,0.0,0.1278797405709927,False,,False,No single strong signal; flagged only due to combined weak evidence.,0.1278799050121441,Driven by: physically implausible peer geo-velocity (contributed +0.325); an unusually high number of incoming payments (contributed +0.228); an unusually high transaction frequency (contributed +0.201).,,No single strong signal; flagged only due to combined weak evidence.
bc1qsqry1eyn70w1pfxmbesb2lcrz3rj4biohk0vey,3.299187080627059e-09,0.1277438085643652,0.0,0.1277438114421014,False,,False,No single strong signal; flagged only due to combined weak evidence.,0.1277438118635523,Driven by: an unusually extreme single transaction amount (contributed +0.295); an atypical time-of-day transaction pattern (contributed +0.282); an unusually high number of outgoing payments (contributed +0.262).,,No single strong signal; flagged only due to combined weak evidence.
bc1qomyvuxt9kls1qcwq85x7pwo6cmlxzvo5270sqg,2.786272033674575e-06,0.127146906931186,0.0,0.1271493389373488,False,,False,No single strong signal; flagged only due to combined weak evidence.,0.1271496932032197,Driven by: an atypical time-of-day transaction pattern (contributed +0.279); an unusually high number of incoming payments (contributed +0.235); an atypical number of transactions (contributed +0.180).,,No single strong signal; flagged only due to combined weak evidence.
bc1q5wnwlc83gy1fkoldxb7gbdgbxnrwvbhza7x73q,1.1706281595333144e-08,0.1260428878376382,0.0,0.1260428980684264,False,,False,No single strong signal; flagged only due to combined weak evidence.,0.1260428995439198,Driven by: an atypical time-of-day transaction pattern (contributed +0.314); an unusually extreme single transaction amount (contributed +0.302); an unusually high number of incoming payments (contributed +0.265).,,No single strong signal; flagged only due to combined weak evidence.
bc1qn6mbypjdfaw1lxxd8t18s1saxt8jh34udtlvr7,4.129043338677626e-07,0.1256085059932571,0.0,0.1256088670332944,False,,False,No single strong signal; flagged only due to combined weak evidence.,0.1256089188975909,Driven by: an unusually extreme single transaction amount (contributed +0.305); an unusually high transaction frequency (contributed +0.251); consistently high peer geo-velocity (contributed +0.191).,,No single strong signal; flagged only due to combined weak evidence.
bc1qcz75t6xdo7l5dl0ed8a6b3odf76img7zd3q0e0,2.88239511202176e-06,0.1252398390917681,0.0,0.1252423604961802,False,,False,No single strong signal; flagged only due to combined weak evidence.,0.1252427214868801,Driven by: an unusually extreme single transaction amount (contributed +0.321); unusually large average transaction amount (contributed +0.293); an unusually high transaction frequency (contributed +0.271).,,No single strong signal; flagged only due to combined weak evidence.
bc1qvw2oxenfrrybcn78hzffghf3obs0swv5qd8c1a,5.264549971937305e-06,0.1247358076221609,0.0,0.1247404154942404,False,,False,No single strong signal; flagged only due to combined weak evidence.,0.1247410721721328,Driven by: an unusually extreme single transaction amount (contributed +0.302); unusually large average transaction amount (contributed +0.181); an unusually high transaction frequency (contributed +0.174).,,No single strong signal; flagged only due to combined weak evidence.
bc1q21xg77flv7ejm1r1qjqmfd2smd7kl9intuo1r3,1.3064551860742698e-07,0.1243847107059629,0.0,0.1243848251011766,False,,False,No single strong signal; flagged only due to combined weak evidence.,0.1243848413514816,Driven by: an atypical time-of-day transaction pattern (contributed +0.308); an unusually extreme single transaction amount (contributed +0.276); an unusually high number of outgoing payments (contributed +0.267).,,No single strong signal; flagged only due to combined weak evidence.
bc1qb9boqcpl72u22eftixdwr024lpo6gf9xxwnkpz,5.05987139800114e-06,0.1240352519219878,0.0,0.1240396841909622,False,,False,No single strong signal; flagged only due to combined weak evidence.,0.1240403117933858,Driven by: an atypical time-of-day transaction pattern (contributed +0.285); an unusually high number of outgoing payments (contributed +0.228); an unusually high transaction frequency (contributed +0.217).,,No single strong signal; flagged only due to combined weak evidence.
bc1qxuxnb9dssrkfi53llp0nfdd2pj0mmug8xjk31d,1.7741162894673254e-06,0.1239704231160368,0.0,0.1239719772943791,False,,False,No single strong signal; flagged only due to combined weak evidence.,0.1239721972323262,Driven by: an unusually high transaction frequency (contributed +0.282); unusually large average transaction amount (contributed +0.279); an unusually extreme single transaction amount (contributed +0.254).,,No single strong signal; flagged only due to combined weak evidence.
bc1q5f6y1nm7935krnm7th9iiukcum8smqp72t4yur,0.0001830796550442,0.1237745945330359,0.0,0.1239350135780098,True,coinjoin,False,No single strong signal; flagged only due to combined weak evidence.,0.1239576741880802,Driven by: an atypical time-of-day transaction pattern (contributed +0.320); an unusually high number of outgoing payments (contributed +0.280); an atypical number of transactions (contributed +0.238).,,No single strong signal; flagged only due to combined weak evidence.
bc1qpts0mmbbsu04w4jsnym31sk0540sejokilp4vn,2.07184807514759e-06,0.1238617843141176,0.0,0.1238635995393933,False,,False,No single strong signal; flagged only due to combined weak evidence.,0.1238638561621927,Driven by: physically implausible peer geo-velocity (contributed +0.328); an unusually high number of incoming payments (contributed +0.229); an unusually high transaction frequency (contributed +0.201).,,No single strong signal; flagged only due to combined weak evidence.
bc1qjkd9ucegyua4qgvmdvmwtrshrbsh103uf8ri3p,0.0007953719384425,0.1226507862436513,0.0,0.1233486051884877,False,,False,No single strong signal; flagged only due to combined weak evidence.,0.1234461581820938,Driven by: physically implausible peer geo-velocity (contributed +0.331); an unusually high number of incoming payments (contributed +0.228); an unusually high transaction frequency (contributed +0.201).,,No single strong signal; flagged only due to combined weak evidence.
bc1qf3d4d32nkx5zt5tt9ka1dluclle4a2g76rwr3s,9.604044317357307e-07,0.1231020294032291,0.0,0.1231028715799262,False,,False,No single strong signal; flagged only due to combined weak evidence.,0.1231029898076608,Driven by: an atypical time-of-day transaction pattern (contributed +0.285); an unusually high number of outgoing payments (contributed +0.235); an atypical number of transactions (contributed +0.229).,,No single strong signal; flagged only due to combined weak evidence.
bc1qet3h7psxmdx52f7gfppsyazhxdo3gtxyz8akv3,4.484447095253365e-06,0.1226051225410944,0.0,0.1226090571720039,False,,False,No single strong signal; flagged only due to combined weak evidence.,0.1226096069881897,Driven by: an atypical time-of-day transaction pattern (contributed +0.298); an unusually high number of outgoing payments (contributed +0.230); an atypical number of transactions (contributed +0.229).,,No single strong signal; flagged only due to combined weak evidence.
bc1q1amisu1o67u61o85vo1tk5ezs96kw0pn524ksk,5.582350905740296e-06,0.1224524337564652,0.0,0.1224573325349164,False,,False,No single strong signal; flagged only due to combined weak evidence.,0.1224580161073709,Driven by: an unusually extreme single transaction amount (contributed +0.324); unusually large average transaction amount (contributed +0.294); an unusually high transaction frequency (contributed +0.288).,,No single strong signal; flagged only due to combined weak evidence.
bc1qw1qxph1y3bqhok3zy5sro0l9layke3zcxu11to,4.021009750758925e-06,0.1223284763756052,0.0,0.1223320055013597,False,,False,No single strong signal; flagged only due to combined weak evidence.,0.122332497385356,Driven by: an unusually high transaction frequency (contributed +0.293); unusually large average transaction amount (contributed +0.267); consistently high peer geo-velocity (contributed +0.220).,,No single strong signal; flagged only due to combined weak evidence.
bc1qfk0ilbhvab8ckqc4lfsi0lj7zkxewv000pn58i,1.6374944956972482e-07,0.1221120733695976,0.0,0.1221122171232623,False,,False,No single strong signal; flagged only due to combined weak evidence.,0.1221122371190472,Driven by: an atypical time-of-day transaction pattern (contributed +0.279); an unusually high number of outgoing payments (contributed +0.262); an unusually extreme single transaction amount (contributed +0.245).,,No single strong signal; flagged only due to combined weak evidence.
bc1qbfv9xomigc3j3yc6wz8l6m5wk3bneguarhjrhe,1.863140651244951e-06,0.1216027916616691,0.0,0.1216044282392158,False,,False,No single strong signal; flagged only due to combined weak evidence.,0.1216046548023204,Driven by: an unusually extreme single transaction amount (contributed +0.319); unusually large average transaction amount (contributed +0.316); an unusually high transaction frequency (contributed +0.295).,,No single strong signal; flagged only due to combined weak evidence.
bc1q9txadn2tvdnhbobvgyihuivgayiuqgx8uwtk7s,6.387511415314421e-07,0.120565441867347,0.0,0.1205660036071749,False,,False,No single strong signal; flagged only due to combined weak evidence.,0.1205660806184886,Driven by: an atypical time-of-day transaction pattern (contributed +0.264); an unusually high number of outgoing payments (contributed +0.263); unusually large average transaction amount (contributed +0.263).,,No single strong signal; flagged only due to combined weak evidence.
bc1qdn7zi6gaxlkkvpjrmeyy1em30vvijvddwvb853,1.2667654950028005e-05,0.1201984182626671,0.0,0.1202095632855291,False,,False,No single strong signal; flagged only due to combined weak evidence.,0.1202110859176172,Driven by: unusually large average transaction amount (contributed +0.301); an unusually extreme single transaction amount (contributed +0.300); an unusually high transaction frequency (contributed +0.204).,,No single strong signal; flagged only due to combined weak evidence.
bc1q2s530tj2t9o5a439gf5lxk2g5eol0ta8rd05n9,5.766658848339577e-05,0.1197433795268526,0.0,0.1197941409231452,False,,False,No single strong signal; flagged only due to combined weak evidence.,0.119801046115336,Driven by: an atypical time-of-day transaction pattern (contributed +0.290); an unusually high number of incoming payments (contributed +0.233); an atypical number of transactions (contributed +0.220).,,No single strong signal; flagged only due to combined weak evidence.
bc1qapun9woqih029nlklog2arxxlhy4uxmwa178fx,2.4584881031391175e-07,0.1192434044707624,0.0,0.1192436210037236,False,,False,No single strong signal; flagged only due to combined weak evidence.,0.1192436503195727,Driven by: an atypical time-of-day transaction pattern (contributed +0.283); an unusually extreme single transaction amount (contributed +0.277); an unusually high number of outgoing payments (contributed +0.252).,,No single strong signal; flagged only due to combined weak evidence.
bc1qd61098cjnjz9g6dvnq49440dclqgdd0dilxn48,2.713794788092554e-07,0.1190519252858075,0.0,0.1190521643570369,False,,False,No single strong signal; flagged only due to combined weak evidence.,0.1190521966652863,Driven by: an unusually extreme single transaction amount (contributed +0.299); consistently high peer geo-velocity (contributed +0.244); an unusually high transaction frequency (contributed +0.215).,,No single strong signal; flagged only due to combined weak evidence.
bc1qnvqebwuwqheyto5f9m969f5gcl9lcqh1uf22ep,1.694512136694733e-06,0.1190332200437605,0.0,0.1190347128526613,False,,False,No single strong signal; flagged only due to combined weak evidence.,0.1190349145558972,Driven by: unusually large average transaction amount (contributed +0.380); an unusually high transaction frequency (contributed +0.223); consistently high peer geo-velocity (contributed +0.221).,,No single strong signal; flagged only due to combined weak evidence.
bc1qs2e6lzkwe9cztartgbjbi9za57hwue4gnya55h,4.287221931498749e-06,0.1189911925293097,0.0,0.118994969609591,False,,False,No single strong signal; flagged only due to combined weak evidence.,0.1189954797512412,Driven by: an atypical time-of-day transaction pattern (contributed +0.323); an unusually high transaction frequency (contributed +0.236); an unusually high number of incoming payments (contributed +0.233).,,No single strong signal; flagged only due to combined weak evidence.
bc1qzzw6b2klvhn4ozodil01av2r2a95c434dt6un6,8.676129940284994e-05,0.1188109733117226,0.0,0.1188874264166977,False,,False,No single strong signal; flagged only due to combined weak evidence.,0.1188977346111255,Driven by: an atypical time-of-day transaction pattern (contributed +0.326); an unusually high transaction frequency (contributed +0.237); an unusually high number of incoming payments (contributed +0.231).,,No single strong signal; flagged only due to combined weak evidence.
bc1ql12qfaf5kcihdiy4nrmqyz6y3z1de1e1630poc,4.9905088515391135e-06,0.1185313894701664,0.0,0.1185357884470696,False,,False,No single strong signal; flagged only due to combined weak evidence.,0.118536379979018,Driven by: an atypical time-of-day transaction pattern (contributed +0.289); an atypical number of transactions (contributed +0.240); an unusually high number of outgoing payments (contributed +0.232).,,No single strong signal; flagged only due to combined weak evidence.
bc1qw5oxio25na8ky60p0hzwcykvmqybxpfyjl4ykf,2.022664454335049e-06,0.1089766417718929,0.01,0.1178886595730359,False,,False,No single strong signal; flagged only due to combined weak evidence.,0.1189786644363472,Driven by: an unusually extreme single transaction amount (contributed +0.288); an unusually high number of outgoing payments (contributed +0.226); unusually large average transaction amount (contributed +0.149).,No individual feature stood out; flagged only by combined weak signals.,No single strong signal; flagged only due to combined weak evidence.
bc1qgpw3o4dp632f93ntcunbdzcf5akd95bu1etllg,3.9283019323497385e-08,0.1175648624977913,0.0,0.1175648971625078,False,,False,No single strong signal; flagged only due to combined weak evidence.,0.1175649017808106,Driven by: an atypical time-of-day transaction pattern (contributed +0.293); an unusually extreme single transaction amount (contributed +0.284); an unusually high number of outgoing payments (contributed +0.252).,,No single strong signal; flagged only due to combined weak evidence.
bc1qhra1361bgmy4iqz6df08upnzasywdrkupcj8mo,2.6973679780760905e-05,0.1169865881854833,0.0,0.1170104063064956,False,,False,No single strong signal; flagged only due to combined weak evidence.,0.117013561865264,Driven by: an unusually high transaction frequency (contributed +0.272); unusually large average transaction amount (contributed +0.257); an unusually extreme single transaction amount (contributed +0.256).,,No single strong signal; flagged only due to combined weak evidence.
bc1qhjr6eet0dy571vxnz0nxu43iedd070en48uact,3.763890047340953e-06,0.1161953119897258,0.0,0.1161986385333948,False,,False,No single strong signal; flagged only due to combined weak evidence.,0.1161990758797732,Driven by: an unusually high transaction frequency (contributed +0.282); unusually large average transaction amount (contributed +0.277); consistently high peer geo-velocity (contributed +0.233).,,No single strong signal; flagged only due to combined weak evidence.
bc1qqy3ot760rs6c4x56v3dgs9gt0r0vip35t54gyl,5.141856568934715e-06,0.116057841855164,0.0,0.1160623869589565,True,coinjoin,False,No single strong signal; flagged only due to combined weak evidence.,0.116062983711733,Driven by: an atypical time-of-day transaction pattern (contributed +0.334); an unusually high number of incoming payments (contributed +0.244); an unusually high number of outgoing payments (contributed +0.213).,,No single strong signal; flagged only due to combined weak evidence.
bc1qikgeq20hwobm3hxyjckt1elou83g47rrbefq56,8.360506469108154e-07,0.1157903868242043,0.0,0.1157911260682235,False,,False,No single strong signal; flagged only due to combined weak evidence.,0.1157912228748512,Driven by: an atypical time-of-day transaction pattern (contributed +0.313); an unusually high number of incoming payments (contributed +0.232); an atypical number of transactions (contributed +0.205).,,No single strong signal; flagged only due to combined weak evidence.
bc1qpnfircvcz8p5aiekx6mj53yxhzkiew6or6xn6l,6.327679144402441e-06,0.1154474677012694,0.0,0.1154530648658802,True,fanin,False,No single strong signal; flagged only due to combined weak evidence.,0.1154537953804138,Driven by: an atypical time-of-day transaction pattern (contributed +0.323); an unusually extreme single transaction amount (contributed +0.281); an atypical number of transactions (contributed +0.273).,,No single strong signal; flagged only due to combined weak evidence.
bc1qsvolctylh82jpllq7s1oraz0oy44tfw0znmvns,4.74045018978383e-06,0.1153019231361903,0.0,0.1153061170033568,False,,False,No single strong signal; flagged only due to combined weak evidence.,0.1153066635863801,Driven by: an atypical time-of-day transaction pattern (contributed +0.288); an unusually high number of outgoing payments (contributed +0.240); an atypical number of transactions (contributed +0.236).,,No single strong signal; flagged only due to combined weak evidence.
bc1qrv4a3m1xgb1botm1cd4zyefg5odhdgqnxskyz8,0.0012876659461121,0.1140380285213747,0.0,0.1151788515815981,False,,False,No single strong signal; flagged only due to combined weak evidence.,0.1153256944674868,Driven by: an atypical time-of-day transaction pattern (contributed +0.303); an unusually high number of incoming payments (contributed +0.233); an unusually high transaction frequency (contributed +0.217).,,No single strong signal; flagged only due to combined weak evidence.
bc1q52e77dyvgdgfwmqx327ycif8r2bc9r4x1v4dx6,0.0001050241925304,0.1146953556698197,0.0,0.114788334075234,False,,False,No single strong signal; flagged only due to combined weak evidence.,0.1148003798623502,Driven by: unusually large average transaction amount (contributed +0.331); consistently high peer geo-velocity (contributed +0.291); an unusually high transaction frequency (contributed +0.287).,No individual feature stood out; flagged only by combined weak signals.,No single strong signal; flagged only due to combined weak evidence.
bc1q67st8li72w4oebmqpjbmwmnohg3vtl1drz0xv6,5.557311236301557e-06,0.1143793996930818,0.0,0.114384321362395,False,,False,No single strong signal; flagged only due to combined weak evidence.,0.1143849570043182,Driven by: an atypical time-of-day transaction pattern (contributed +0.285); an unusually high number of outgoing payments (contributed +0.239); an atypical number of transactions (contributed +0.235).,,No single strong signal; flagged only due to combined weak evidence.
bc1qskbcbdpdxujjcsexggoc5kvqywj85gg0v5dtae,1.135670217654028e-06,0.1143335946984714,0.0,0.1143346005234308,False,,False,No single strong signal; flagged only due to combined weak evidence.,0.1143347303686891,Driven by: an unusually high transaction frequency (contributed +0.294); an unusually extreme single transaction amount (contributed +0.254); unusually large average transaction amount (contributed +0.252).,,No single strong signal; flagged only due to combined weak evidence.
bc1qd143mo2op6vmjobru2qlc65q2efhazmiq5pxlg,3.9499697908086985e-08,0.1143203734514335,0.0,0.1143204084355112,False,,False,No single strong signal; flagged only due to combined weak evidence.,0.1143204129511314,Driven by: an unusually extreme single transaction amount (contributed +0.286); an atypical time-of-day transaction pattern (contributed +0.280); an unusually high number of outgoing payments (contributed +0.254).,,No single strong signal; flagged only due to combined weak evidence.
bc1qszwymx9djoyohaz7t0uum3i8qoagsusmesjt2j,5.142554681784214e-06,0.1136754502880238,0.0,0.1136800082604865,True,coinjoin,False,No single strong signal; flagged only due to combined weak evidence.,0.1136805928427056,Driven by: unusually large average transaction amount (contributed +0.291); an unusually extreme single transaction amount (contributed +0.284); an unusually high transaction frequency (contributed +0.280).,,No single strong signal; flagged only due to combined weak evidence.
bc1q77ih0fuojjfaf8edjm7w4hxiobcfphg4bc2fvf,6.994494183694904e-07,0.1132411094339722,0.0,0.1132417296769625,False,,False,No single strong signal; flagged only due to combined weak evidence.,0.1132418088833906,Driven by: an unusually extreme single transaction amount (contributed +0.337); an atypical time-of-day transaction pattern (contributed +0.311); an unusually high number of incoming payments (contributed +0.268).,,No single strong signal; flagged only due to combined weak evidence.
bc1qenh6be8xohav66m8m89bvv2j2cgq7af9vhu7ak,1.1098753869276275e-06,0.112321916089988,0.0,0.1123229013020449,False,,False,No single strong signal; flagged only due to combined weak evidence.,0.1123230259653749,Driven by: an atypical time-of-day transaction pattern (contributed +0.326); an unusually high number of outgoing payments (contributed +0.263); unusually large average transaction amount (contributed +0.240).,,No single strong signal; flagged only due to combined weak evidence.
bc1qdh9ptfnm88ua3a6s5zxqomts1egpgvtn4ypkw7,6.808451418202789e-06,0.1118905502303333,0.0,0.1118965968803761,False,,False,No single strong signal; flagged only due to combined weak evidence.,0.1118973586817515,Driven by: unusually large average transaction amount (contributed +0.277); consistently high peer geo-velocity (contributed +0.259); an unusually high number of outgoing payments (contributed +0.234).,,No single strong signal; flagged only due to combined weak evidence.
bc1qr90mwb4ll3k4bk8ejnfmoctclka9lz57v4ndjm,2.5023915174173704e-06,0.1012751077281947,0.01,0.1102645831228442,False,,False,No single strong signal; flagged only due to combined weak evidence.,0.1112776101197121,Driven by: an unusually extreme single transaction amount (contributed +0.318); an unusually high transaction frequency (contributed +0.270); an unusually high number of outgoing payments (contributed +0.224).,Driven by: variability in the peel-to-remainder ratio (contributed +0.008).,No single strong signal; flagged only due to combined weak evidence.
bc1qm0p875knortlqbk2whz3m21o5k3ckohelh913s,1.1772328537978937e-05,0.109817589333389,0.0,0.1098280688531861,False,,False,No single strong signal; flagged only due to combined weak evidence.,0.109829361661927,Driven by: unusually large average transaction amount (contributed +0.315); an unusually high number of outgoing payments (contributed +0.231); an unusually extreme single transaction amount (contributed +0.110).,,No single strong signal; flagged only due to combined weak evidence.
bc1qz87wg8v961y2x6mspzpdyj49ix5tteugqv2x2h,2.984742033617998e-07,0.1097076529686466,0.0,0.1097079186979456,False,,False,No single strong signal; flagged only due to combined weak evidence.,0.1097079514428499,Driven by: an unusually extreme single transaction amount (contributed +0.334); an atypical time-of-day transaction pattern (contributed +0.326); an unusually high number of incoming payments (contributed +0.269).,,No single strong signal; flagged only due to combined weak evidence.
bc1qgwlf9yxam97yofcx7culoqvbv1jpvktaf6blbv,4.587617137310802e-06,0.1089572653254137,0.0,0.1089613530883333,False,,False,No single strong signal; flagged only due to combined weak evidence.,0.108961852942551,Driven by: unusually large average transaction amount (contributed +0.326); an unusually high transaction frequency (contributed +0.315); an unusually extreme single transaction amount (contributed +0.293).,,No single strong signal; flagged only due to combined weak evidence.
bc1q2ixexb92yfai6yr8nkrz25yyexhpcocwmij5rn,9.54232029791132e-07,0.1086300288861346,0.0,0.1086308794599115,False,,False,No single strong signal; flagged only due to combined weak evidence.,0.1086309831181644,Driven by: an unusually extreme single transaction amount (contributed +0.311); unusually large average transaction amount (contributed +0.298); an unusually high transaction frequency (contributed +0.271).,,No single strong signal; flagged only due to combined weak evidence.
bc1ql2e4f4n3za0co76o8qhe4qgfulz2ads83gyzie,5.410038048668576e-07,0.1067430080111247,0.0,0.1067434912665561,False,,False,No single strong signal; flagged only due to combined weak evidence.,0.1067435490149296,Driven by: an atypical time-of-day transaction pattern (contributed +0.311); an atypical number of transactions (contributed +0.255); an unusually high number of incoming payments (contributed +0.254).,,No single strong signal; flagged only due to combined weak evidence.
bc1qudlwrflvrktgu8tl777k1d8nruu8f855mdtce9,2.8023331392027647e-06,0.1063242469996357,0.0,0.106326751376814,False,,False,No single strong signal; flagged only due to combined weak evidence.,0.1063270493327749,Driven by: an atypical time-of-day transaction pattern (contributed +0.293); an unusually high number of incoming payments (contributed +0.244); an unusually high transaction frequency (contributed +0.195).,,No single strong signal; flagged only due to combined weak evidence.
bc1q1a5ugxbrytivr40dm9if826bhyz1ov5vxa8mku,4.823787326307652e-07,0.1062322736487936,0.0,0.1062327047833366,False,,False,No single strong signal; flagged only due to combined weak evidence.,0.1062327560275262,Driven by: an unusually extreme single transaction amount (contributed +0.312); an unusually high transaction frequency (contributed +0.305); consistently high peer geo-velocity (contributed +0.210).,,No single strong signal; flagged only due to combined weak evidence.
bc1q0j4a8ywy5apyx4l4oesrsbzb7tlom539iy87hl,1.300331539574495e-07,0.1061196489661196,0.0,0.1061197652002009,False,,False,No single strong signal; flagged only due to combined weak evidence.,0.1061197789992736,Driven by: an unusually extreme single transaction amount (contributed +0.316); unusually large average transaction amount (contributed +0.299); consistently high peer geo-velocity (contributed +0.197).,,No single strong signal; flagged only due to combined weak evidence.
bc1qbzyi9v8u9da1l526rqgkcumczq991p778rnkow,2.3313977637269532e-05,0.1060064647939796,0.0,0.1060273073392671,False,,False,No single strong signal; flagged only due to combined weak evidence.,0.1060297787716168,Driven by: an unusually extreme single transaction amount (contributed +0.324); unusually large average transaction amount (contributed +0.249); an unusually high number of outgoing payments (contributed +0.227).,,No single strong signal; flagged only due to combined weak evidence.
bc1q6z6elcanrtlq74fcm56j61um04acc7y1wngxam,4.424346820379817e-07,0.1048395538246519,0.0,0.1048399498746792,False,,False,No single strong signal; flagged only due to combined weak evidence.,0.104839996259334,Driven by: an unusually extreme single transaction amount (contributed +0.289); an unusually high number of outgoing payments (contributed +0.234); unusually large average transaction amount (contributed +0.187).,,No single strong signal; flagged only due to combined weak evidence.
bc1qdl4ycpuukbi7ijxm5lze6hvoge67snvce8xpu4,1.0771687753642675e-06,0.1038468496533811,0.0,0.1038478149615727,False,,False,No single strong signal; flagged only due to combined weak evidence.,0.1038479268221565,Driven by: unusually large average transaction amount (contributed +0.293); an atypical time-of-day transaction pattern (contributed +0.263); an unusually high number of outgoing payments (contributed +0.260).,,No single strong signal; flagged only due to combined weak evidence.
bc1qg91hovsrm9xxk7ttma008wbgpfwcinvskhd1yu,2.0524176978164383e-06,0.1027874966949675,0.0,0.102789338149788,False,,False,No single strong signal; flagged only due to combined weak evidence.,0.1027895491126653,Driven by: physically implausible peer geo-velocity (contributed +0.337); an unusually high number of incoming payments (contributed +0.233); consistently high peer geo-velocity (contributed +0.206).,,No single strong signal; flagged only due to combined weak evidence.
bc1qbchz6puf3edpvgnyhc1rhloe20rillpgey18js,2.994123613813606e-07,0.102585337169832,0.0,0.1025856058668752,False,,False,No single strong signal; flagged only due to combined weak evidence.,0.1025856365821934,Driven by: an atypical time-of-day transaction pattern (contributed +0.328); an unusually high number of outgoing payments (contributed +0.262); unusually large average transaction amount (contributed +0.230).,,No single strong signal; flagged only due to combined weak evidence.
bc1q37l5rptbq818gsvpi2jonew1mkdwvm7a7p4efg,2.116979552956518e-06,0.1022057670292367,0.0,0.1022076676412707,False,,False,No single strong signal; flagged only due to combined weak evidence.,0.1022078840087897,Driven by: an unusually high transaction frequency (contributed +0.311); unusually large average transaction amount (contributed +0.299); consistently high peer geo-velocity (contributed +0.173).,,No single strong signal; flagged only due to combined weak evidence.
bc1qd643j2x9a6tdv9rruhcu5m767jez24wpfdfhj0,6.979116630122364e-07,0.101742436640619,0.0,0.1017430635450488,False,,False,No single strong signal; flagged only due to combined weak evidence.,0.101743134552282,Driven by: an unusually extreme single transaction amount (contributed +0.296); an unusually high transaction frequency (contributed +0.249); an unusually high number of outgoing payments (contributed +0.228).,,No single strong signal; flagged only due to combined weak evidence.
bc1qst5v0175du23jh0zagrd1ppkpggersduhh03g9,6.573257545853255e-06,0.1011030003262417,0.0,0.1011089090077277,False,,False,No single strong signal; flagged only due to combined weak evidence.,0.1011095735837876,Driven by: an unusually high transaction frequency (contributed +0.307); unusually large average transaction amount (contributed +0.279); an unusually extreme single transaction amount (contributed +0.229).,,No single strong signal; flagged only due to combined weak evidence.
bc1qizva3t862vl1tku04vpwymfvtacblqi1n6clpd,2.524153069284216e-06,0.1008190277962762,0.0,0.1008212974666871,True,fanin,False,No single strong signal; flagged only due to combined weak evidence.,0.1008215519493455,Driven by: an atypical time-of-day transaction pattern (contributed +0.317); an unusually high number of outgoing payments (contributed +0.250); an atypical number of transactions (contributed +0.241).,,No single strong signal; flagged only due to combined weak evidence.
bc1q3i6kdpr2vz5ux0l45ubmr81mzap796iqphxi17,9.2273252449788e-05,0.0988232833731336,0.0,0.0989064378798089,False,,False,No single strong signal; flagged only due to combined weak evidence.,0.0989155566255834,Driven by: physically implausible peer geo-velocity (contributed +0.340); an unusually high number of incoming payments (contributed +0.233); unusually large average transaction amount (contributed +0.206).,,No single strong signal; flagged only due to combined weak evidence.
bc1q7fbv2i6oeuh8vaqvbdim28aqwd1bqfdtnbs5xr,4.396076486679629e-05,0.0981407714723297,0.0,0.098180417893818,False,,False,No single strong signal; flagged only due to combined weak evidence.,0.0981847322371965,Driven by: unusually large average transaction amount (contributed +0.333); an unusually high transaction frequency (contributed +0.252); an unusually high number of outgoing payments (contributed +0.221).,,No single strong signal; flagged only due to combined weak evidence.
bc1qaubpm9dbeza9agulm5fqjyyiir41g20dfxuj5o,1.1439096986418422e-05,0.097449681405787,0.0,0.0974600057664165,False,,False,No single strong signal; flagged only due to combined weak evidence.,0.0974611205027735,Driven by: an unusually high transaction frequency (contributed +0.272); an unusually extreme single transaction amount (contributed +0.245); an unusually high number of outgoing payments (contributed +0.222).,,No single strong signal; flagged only due to combined weak evidence.
bc1qke6zadotiwtlinj1q3q5pcnil8472qw44xriig,3.2256316998803764e-05,0.0972456127994467,0.0,0.0972747323311323,False,,False,No single strong signal; flagged only due to combined weak evidence.,0.0972778691164455,Driven by: an atypical time-of-day transaction pattern (contributed +0.307); an unusually high number of incoming payments (contributed +0.232); an unusually high number of outgoing payments (contributed +0.218).,,No single strong signal; flagged only due to combined weak evidence.
bc1qu6o3lpo7381onrpoj9bmay74fpllgrcutreurf,8.031997769878417e-05,0.0970284141709512,0.0,0.0971009408285875,False,,False,No single strong signal; flagged only due to combined weak evidence.,0.09710873414865,Driven by: physically implausible peer geo-velocity (contributed +0.340); an unusually high number of incoming payments (contributed +0.233); unusually large average transaction amount (contributed +0.214).,,No single strong signal; flagged only due to combined weak evidence.
bc1qtxt1b1mvhmn8533khzh4j5bnforp25v320sxnw,6.506669200151633e-06,0.0951510325649731,0.0,0.0951569201178803,False,,False,No single strong signal; flagged only due to combined weak evidence.,0.0951575392341732,Driven by: an unusually extreme single transaction amount (contributed +0.286); an unusually high number of outgoing payments (contributed +0.243); an unusually high transaction frequency (contributed +0.225).,,No single strong signal; flagged only due to combined weak evidence.
bc1qgdkd8m4pkixsx097nfud1ahiia7bw2vnomzz8w,0.0014432902606442,0.0928617090290982,0.0,0.0941709728895139,False,,False,No single strong signal; flagged only due to combined weak evidence.,0.0943049992897425,Driven by: an atypical time-of-day transaction pattern (contributed +0.295); unusually large average transaction amount (contributed +0.277); an unusually high number of incoming payments (contributed +0.267).,,No single strong signal; flagged only due to combined weak evidence.
bc1q5u0332w04nxv50ot1k8hcd1sd44wl8mdzfwqva,7.64157833170161e-05,0.09369591696019,0.0,0.0937651728966187,False,,False,No single strong signal; flagged only due to combined weak evidence.,0.093772332743507,Driven by: an unusually extreme single transaction amount (contributed +0.295); unusually large average transaction amount (contributed +0.281); an unusually high transaction frequency (contributed +0.237).,,No single strong signal; flagged only due to combined weak evidence.
bc1qnwkq4ksd9gao4h86dd372dtf2533uot477iqfx,1.9205847212501647e-05,0.0934576536731531,0.0,0.0934750645869484,False,,False,No single strong signal; flagged only due to combined weak evidence.,0.0934768595203656,Driven by: an unusually extreme single transaction amount (contributed +0.335); unusually large average transaction amount (contributed +0.277); an unusually high transaction frequency (contributed +0.269).,,No single strong signal; flagged only due to combined weak evidence.
bc1qh2v9msk0nlydjixl7vsky6c5tg8bka8v0igbv7,8.796608827801859e-06,0.0934291001851585,0.0,0.0934370749347389,True,coinjoin,False,No single strong signal; flagged only due to combined weak evidence.,0.0934378967939863,Driven by: an atypical time-of-day transaction pattern (contributed +0.328); an unusually high transaction frequency (contributed +0.243); an unusually high number of incoming payments (contributed +0.228).,,No single strong signal; flagged only due to combined weak evidence.
bc1qxa7hy7ai33993n4bfiy5pu5wh50jyook63rvwo,3.663640798078821e-06,0.0924112475366232,0.0,0.0924145726158046,False,,False,No single strong signal; flagged only due to combined weak evidence.,0.0924149111774213,Driven by: unusually large average transaction amount (contributed +0.336); an unusually extreme single transaction amount (contributed +0.309); an unusually high transaction frequency (contributed +0.275).,,No single strong signal; flagged only due to combined weak evidence.
bc1qooh1xawj28cw9rtnfw6szf4lur02tyaxy2nz5x,2.951175630605756e-06,0.0922094569002859,0.0,0.0922121359496145,False,,False,No single strong signal; flagged only due to combined weak evidence.,0.0922124080759165,Driven by: an unusually extreme single transaction amount (contributed +0.321); an unusually high transaction frequency (contributed +0.256); an unusually high number of outgoing payments (contributed +0.229).,,No single strong signal; flagged only due to combined weak evidence.
bc1q2x2ezc7fov2ygnmby49e7eobjlzy1uu9ymszdx,8.523807385038124e-07,0.09202703993445,0.0,0.0920278138731123,False,,False,No single strong signal; flagged only due to combined weak evidence.,0.0920278923151885,Driven by: an unusually extreme single transaction amount (contributed +0.329); an unusually high number of outgoing payments (contributed +0.224); consistently high peer geo-velocity (contributed +0.192).,,No single strong signal; flagged only due to combined weak evidence.
bc1qxlaxhnoc2xi3rnc02blu27xnpzcu7mpa7dzvhl,6.301178183525293e-05,0.0915971427436113,0.0,0.0916543828262712,False,,False,No single strong signal; flagged only due to combined weak evidence.,0.0916601545254466,Driven by: an atypical time-of-day transaction pattern (contributed +0.287); an unusually high number of outgoing payments (contributed +0.232); an unusually high transaction frequency (contributed +0.224).,,No single strong signal; flagged only due to combined weak evidence.
bc1q9kkvp2me59o2ee75c7qxmjblineewkihpy36z6,3.648772492009725e-07,0.0913262386834306,0.0,0.0913265702378131,False,,False,No single strong signal; flagged only due to combined weak evidence.,0.0913266035606798,Driven by: an atypical time-of-day transaction pattern (contributed +0.288); an unusually high number of incoming payments (contributed +0.244); an unusually high transaction frequency (contributed +0.218).,,No single strong signal; flagged only due to combined weak evidence.
bc1qz8rptsetigpr1hvtw5eje32te5x53lrzmo3dxu,2.04959985701652e-09,0.0907624110609395,0.0,0.0907624129245127,False,,False,No single strong signal; flagged only due to combined weak evidence.,0.0907624131105393,Driven by: an atypical time-of-day transaction pattern (contributed +0.366); an unusually extreme single transaction amount (contributed +0.278); an unusually high number of outgoing payments (contributed +0.264).,,No single strong signal; flagged only due to combined weak evidence.
bc1qs3k337ov9wxhvy3nukondhkbrjiglg08yvu69q,2.270746945025407e-06,0.090419857954476,0.0,0.0904219233808049,False,,False,No single strong signal; flagged only due to combined weak evidence.,0.090422128701421,Driven by: an unusually extreme single transaction amount (contributed +0.299); an unusually high transaction frequency (contributed +0.252); an unusually high number of outgoing payments (contributed +0.215).,,No single strong signal; flagged only due to combined weak evidence.
bc1q2v4b2rcybrxodhs6jhb0c148mo64e51o762nky,1.871427959197322e-06,0.0896227578880984,0.0,0.0896244615935226,False,,False,No single strong signal; flagged only due to combined weak evidence.,0.0896246293160576,Driven by: an atypical time-of-day transaction pattern (contributed +0.291); an unusually high number of incoming payments (contributed +0.234); an atypical number of transactions (contributed +0.208).,,No single strong signal; flagged only due to combined weak evidence.
bc1qq8su5nkc419u772ns8erkd0rngct2xfdzoejfv,1.6324775136009446e-07,0.0895955599292223,0.0,0.0895957085507,False,,False,No single strong signal; flagged only due to combined weak evidence.,0.0895957231769737,Driven by: an unusually extreme single transaction amount (contributed +0.303); an unusually high transaction frequency (contributed +0.273); unusually large average transaction amount (contributed +0.236).,,No single strong signal; flagged only due to combined weak evidence.
bc1qj6jdpbj1npkmx0f6ov0ndyu5473ujs3ev33pv7,9.47251860244791e-08,0.0885553633739581,0.0,0.0885554497107209,False,,False,No single strong signal; flagged only due to combined weak evidence.,0.0885554580991441,Driven by: an unusually extreme single transaction amount (contributed +0.311); consistently high peer geo-velocity (contributed +0.229); an unusually high number of outgoing payments (contributed +0.224).,,No single strong signal; flagged only due to combined weak evidence.
bc1qhmm04k3hf9pqn4g6rckpa29mff0gbvp8fkqbjr,1.377001273652171e-07,0.0884964941942379,0.0,0.0884966197083868,False,,False,No single strong signal; flagged only due to combined weak evidence.,0.0884966318943653,Driven by: an atypical time-of-day transaction pattern (contributed +0.321); an unusually high number of incoming payments (contributed +0.279); an unusually extreme single transaction amount (contributed +0.278).,,No single strong signal; flagged only due to combined weak evidence.
bc1qk2yb4u33k2w1i5ki7ve3au09ie8jjfupmvl5ve,6.108016269257659e-06,0.088428668676605,0.0,0.0884342365691273,False,,False,No single strong signal; flagged only due to combined weak evidence.,0.0884347766928742,Driven by: an unusually high transaction frequency (contributed +0.306); consistently high peer geo-velocity (contributed +0.282); an unusually extreme single transaction amount (contributed +0.276).,,No single strong signal; flagged only due to combined weak evidence.
bc1qv50ew25x1fvk1pbcd6fxnoq37ktll8sn5yz7vx,1.6834510033249872e-06,0.0878372801939107,0.0,0.0878388157751566,False,,False,No single strong signal; flagged only due to combined weak evidence.,0.087838963644914,Driven by: an unusually high transaction frequency (contributed +0.311); unusually large average transaction amount (contributed +0.310); an unusually extreme single transaction amount (contributed +0.293).,,No single strong signal; flagged only due to combined weak evidence.
bc1qm3rkl39vel08kklseauzvmmh541oo5vyfrrloa,9.619665063562683e-07,0.0875620137070054,0.0,0.0875628914417874,False,,False,No single strong signal; flagged only due to combined weak evidence.,0.0875629756735117,Driven by: an unusually extreme single transaction amount (contributed +0.300); an unusually high transaction frequency (contributed +0.261); an unusually high number of outgoing payments (contributed +0.229).,,No single strong signal; flagged only due to combined weak evidence.
bc1qf8c8clrki72oalfwypeek035n8cqphli5l692t,0.0004888206998991,0.0867905505067755,0.0,0.0872369461890313,False,,False,No single strong signal; flagged only due to combined weak evidence.,0.0872793712066746,Driven by: unusually large average transaction amount (contributed +0.307); an unusually extreme single transaction amount (contributed +0.281); an unusually high transaction frequency (contributed +0.277).,,No single strong signal; flagged only due to combined weak evidence.
bc1qzityfippr46qheqkmqpy6n7qlbw66v3jr1njki,2.434165577387842e-06,0.0869187271122864,0.0,0.0869209497032903,False,,False,No single strong signal; flagged only due to combined weak evidence.,0.0869211612778638,Driven by: an unusually extreme single transaction amount (contributed +0.326); an unusually high transaction frequency (contributed +0.258); an unusually high number of outgoing payments (contributed +0.224).,,No single strong signal; flagged only due to combined weak evidence.
bc1q3c36vfh3mi2dnodkd3hhgwhp08d2qlaw8f52k1,2.536114922555831e-06,0.0865295442906816,0.0,0.0865318609567357,False,,False,No single strong signal; flagged only due to combined weak evidence.,0.0865320804056042,Driven by: unusually large average transaction amount (contributed +0.311); an unusually extreme single transaction amount (contributed +0.308); an unusually high transaction frequency (contributed +0.303).,,No single strong signal; flagged only due to combined weak evidence.
bc1qm242om7ztrj67dxlse33dcnf225aa35wfw5q52,5.807169326982569e-06,0.0860280431620463,0.0,0.0860333507519598,False,,False,No single strong signal; flagged only due to combined weak evidence.,0.0860338503313733,Driven by: unusually large average transaction amount (contributed +0.344); an unusually high transaction frequency (contributed +0.303); an unusually extreme single transaction amount (contributed +0.285).,,No single strong signal; flagged only due to combined weak evidence.
bc1qwjfii0ugpkakritgfjmhdnbrqit4j0sgq53alj,2.334815156187553e-06,0.0856696064472791,0.0,0.0856717412397398,False,,False,No single strong signal; flagged only due to combined weak evidence.,0.0856719412624353,Driven by: an atypical time-of-day transaction pattern (contributed +0.322); an unusually high number of incoming payments (contributed +0.243); an atypical number of transactions (contributed +0.199).,,No single strong signal; flagged only due to combined weak evidence.
bc1qku4nc0iba65d2h5lomzolmyqa78cuhcztgzohc,6.330668615804814e-05,0.0847492656729748,0.0,0.0848072071639688,False,,False,No single strong signal; flagged only due to combined weak evidence.,0.0848125723591328,Driven by: an unusually high transaction frequency (contributed +0.314); unusually large average transaction amount (contributed +0.306); an unusually extreme single transaction amount (contributed +0.293).,,No single strong signal; flagged only due to combined weak evidence.
bc1q9ca26qex3zl3fuht4lg5hu63rxwmdv107m4sq8,2.0044724301739604e-05,0.0836500280599423,0.0,0.0836683960424937,False,,False,No single strong signal; flagged only due to combined weak evidence.,0.0836700727842441,Driven by: physically implausible peer geo-velocity (contributed +0.342); an unusually high number of incoming payments (contributed +0.240); unusually large average transaction amount (contributed +0.217).,,No single strong signal; flagged only due to combined weak evidence.
bc1qxkqmuyb2jmxs7s8w50qv28n4q17ro9tns9hlb4,6.030654174235598e-07,0.0820749878117344,0.0,0.0820755413805649,False,,False,No single strong signal; flagged only due to combined weak evidence.,0.0820755908771518,Driven by: an atypical time-of-day transaction pattern (contributed +0.335); an unusually extreme single transaction amount (contributed +0.314); an unusually high number of incoming payments (contributed +0.280).,,No single strong signal; flagged only due to combined weak evidence.
bc1qztdl25b7kxupr6h2hxn4d24n9ygcmr8esmpf0i,2.076336024256371e-06,0.0814852787056884,0.0,0.0814871858508931,False,,False,No single strong signal; flagged only due to combined weak evidence.,0.0814873550417127,Driven by: an atypical time-of-day transaction pattern (contributed +0.284); an unusually high number of incoming payments (contributed +0.259); unusually large average transaction amount (contributed +0.257).,,No single strong signal; flagged only due to combined weak evidence.
bc1qqnx0of7swuq0r0g6hqhuxkup5gsu572f08d287,2.1202032086523444e-06,0.0814820626600313,0.0,0.0814840101047092,False,,False,No single strong signal; flagged only due to combined weak evidence.,0.08148418286324,Driven by: an atypical time-of-day transaction pattern (contributed +0.352); an unusually high transaction frequency (contributed +0.238); an unusually high number of incoming payments (contributed +0.226).,,No single strong signal; flagged only due to combined weak evidence.
bc1qxeghpmxpkn3b8pfy4qcyd52alunqr8o1kjwv2q,3.046293379539325e-06,0.0805257896427073,0.0,0.080528590630907,False,,False,No single strong signal; flagged only due to combined weak evidence.,0.0805288359360868,Driven by: unusually large average transaction amount (contributed +0.315); an unusually extreme single transaction amount (contributed +0.311); an unusually high transaction frequency (contributed +0.308).,,No single strong signal; flagged only due to combined weak evidence.
bc1qh4217pftpybor9mm201lda71yp6e9kgy2twscw,2.057575649160812e-06,0.0795650240693621,0.0,0.0795669179339552,False,,False,No single strong signal; flagged only due to combined weak evidence.,0.0795670816450112,Driven by: an atypical time-of-day transaction pattern (contributed +0.302); unusually large average transaction amount (contributed +0.227); an unusually high number of outgoing payments (contributed +0.221).,,No single strong signal; flagged only due to combined weak evidence.
bc1qyvbdelflspgqttoh9jv8a6m66szvetc543ev6n,1.6880529047613897e-06,0.0792640556624612,0.0,0.0792656099134465,False,,False,No single strong signal; flagged only due to combined weak evidence.,0.0792657437153659,Driven by: physically implausible peer geo-velocity (contributed +0.345); an unusually high number of incoming payments (contributed +0.243); unusually large average transaction amount (contributed +0.223).,,No single strong signal; flagged only due to combined weak evidence.
bc1qnef1ffrm2738yhd6wbm8mikm85npge98xh27r8,2.8209120032220645e-06,0.0788250708476822,0.0,0.0788276694010968,False,,False,No single strong signal; flagged only due to combined weak evidence.,0.0788278917596854,Driven by: an atypical time-of-day transaction pattern (contributed +0.314); an unusually high number of incoming payments (contributed +0.230); an unusually high number of outgoing payments (contributed +0.217).,,No single strong signal; flagged only due to combined weak evidence.
bc1qcubzqvqg0xtdnwzzg4c4epzl4j4x0ly66g9zna,0.0001140087151551,0.0782658998732482,0.0,0.0783709855937183,True,coinjoin,False,No single strong signal; flagged only due to combined weak evidence.,0.0783799085884033,Driven by: an unusually extreme single transaction amount (contributed +0.307); an unusually high transaction frequency (contributed +0.243); unusually large average transaction amount (contributed +0.228).,,No single strong signal; flagged only due to combined weak evidence.
bc1qygwr70iofifoq6pk5mssewkn8xqky9kvgcpm5f,2.12840738403389e-06,0.0778782594394134,0.0,0.0778802220901351,False,,False,No single strong signal; flagged only due to combined weak evidence.,0.0778803878467975,Driven by: an unusually extreme single transaction amount (contributed +0.309); consistently high peer geo-velocity (contributed +0.248); an unusually high number of outgoing payments (contributed +0.228).,,No single strong signal; flagged only due to combined weak evidence.
bc1q63tfms12wbake2dcq81uense13dww8dxajxmb5,1.9194772360292265e-06,0.0763382939675559,0.0,0.0763400669151743,False,,False,No single strong signal; flagged only due to combined weak evidence.,0.0763402134447919,Driven by: an atypical time-of-day transaction pattern (contributed +0.308); an unusually high number of incoming payments (contributed +0.257); an unusually high transaction frequency (contributed +0.197).,,No single strong signal; flagged only due to combined weak evidence.
bc1qrlez662pqzv62e84l9yilzr015k9co1ski045y,1.093783989691827e-06,0.0755873331290182,0.0,0.0755883442367931,False,,False,No single strong signal; flagged only due to combined weak evidence.,0.0755884269130079,Driven by: unusually large average transaction amount (contributed +0.274); an unusually extreme single transaction amount (contributed +0.253); consistently high peer geo-velocity (contributed +0.245).,,No single strong signal; flagged only due to combined weak evidence.
bc1qnlzl7hvwr3yniijuqw4qd102kkvr0tmtocts4r,1.0935396296741552e-05,0.0750925060574608,0.0,0.0751026202874449,False,,False,No single strong signal; flagged only due to combined weak evidence.,0.0751034414537575,Driven by: unusually large average transaction amount (contributed +0.323); an unusually extreme single transaction amount (contributed +0.306); an unusually high transaction frequency (contributed +0.241).,,No single strong signal; flagged only due to combined weak evidence.
bc1qygwow7l7j7y96yg626m8a41zblm576m2yvp6mp,7.884856280315569e-07,0.0746545803206777,0.0,0.0746553099422421,False,,False,No single strong signal; flagged only due to combined weak evidence.,0.0746553688063057,Driven by: an unusually high transaction frequency (contributed +0.321); an unusually extreme single transaction amount (contributed +0.304); unusually large average transaction amount (contributed +0.288).,,No single strong signal; flagged only due to combined weak evidence.
bc1q1arvyxtuyl0bu1iadyw8wr4iji934qpvbxsm4n,0.0007540982207064,0.0734817901463241,0.0,0.074180475879827,False,,False,No single strong signal; flagged only due to combined weak evidence.,0.0742358883670306,Driven by: physically implausible peer geo-velocity (contributed +0.347); an unusually high number of incoming payments (contributed +0.243); unusually large average transaction amount (contributed +0.232).,Driven by: variability in the peel-to-remainder ratio (contributed +0.005).,No single strong signal; flagged only due to combined weak evidence.
bc1qoovxji1ijol9gdmbiqath5pkp6vcrjjp6e0ccg,2.8065422115115982e-06,0.0728068595985938,0.0,0.0728094618052807,False,,False,No single strong signal; flagged only due to combined weak evidence.,0.0728096661408053,Driven by: an atypical time-of-day transaction pattern (contributed +0.299); an unusually high number of outgoing payments (contributed +0.231); an unusually high transaction frequency (contributed +0.231).,,No single strong signal; flagged only due to combined weak evidence.
bc1qmyf01nwq1fttt1vdy3v83mcymu0zj4o99p1f3a,7.119019836815573e-06,0.0725006128231565,0.0,0.0725072157096925,False,,False,No single strong signal; flagged only due to combined weak evidence.,0.0725077318429933,Driven by: physically implausible peer geo-velocity (contributed +0.349); an unusually high number of incoming payments (contributed +0.245); unusually large average transaction amount (contributed +0.234).,,No single strong signal; flagged only due to combined weak evidence.
bc1qpjyv97ji7tjabwhm24n2gpzv1417h80qhmrfor,8.507793527715424e-06,0.0720110558829331,0.0,0.0720189510212657,False,,False,No single strong signal; flagged only due to combined weak evidence.,0.0720195636764609,Driven by: an atypical time-of-day transaction pattern (contributed +0.363); an unusually extreme single transaction amount (contributed +0.280); an unusually high number of outgoing payments (contributed +0.258).,,No single strong signal; flagged only due to combined weak evidence.
bc1q8pj1ydot948u6b15x8g1hzvnasjp0esuswiy7k,3.1530365598756524e-06,0.0719942333587143,0.0,0.0719971593948243,False,,False,No single strong signal; flagged only due to combined weak evidence.,0.0719973863952742,Driven by: an atypical time-of-day transaction pattern (contributed +0.352); an unusually high number of incoming payments (contributed +0.244); an unusually high number of outgoing payments (contributed +0.213).,,No single strong signal; flagged only due to combined weak evidence.
bc1qo3hli32bs5mygkndr07vo79i3evjn2j6bvvbbb,5.325356492772846e-07,0.0718303253564258,0.0,0.0718308196398661,False,,False,No single strong signal; flagged only due to combined weak evidence.,0.071830857892075,Driven by: an atypical time-of-day transaction pattern (contributed +0.361); unusually large average transaction amount (contributed +0.275); an unusually extreme single transaction amount (contributed +0.263).,,No single strong signal; flagged only due to combined weak evidence.
bc1qttymmcwpbv6cidr6k3lyyz7prtdqijd44y3npz,1.5762750759624405e-06,0.07143891026937,0.0,0.0714403739370721,False,,False,No single strong signal; flagged only due to combined weak evidence.,0.0714404865444459,Driven by: an atypical time-of-day transaction pattern (contributed +0.308); unusually large average transaction amount (contributed +0.300); an unusually high number of incoming payments (contributed +0.254).,,No single strong signal; flagged only due to combined weak evidence.
bc1qy69xfq1enngay37vg688u595cekof92y8lz8cv,2.183617609845958e-05,0.0704702711866785,0.0,0.0704905685615255,False,,False,No single strong signal; flagged only due to combined weak evidence.,0.0704921073627769,Driven by: an unusually extreme single transaction amount (contributed +0.320); unusually large average transaction amount (contributed +0.296); an unusually high transaction frequency (contributed +0.239).,,No single strong signal; flagged only due to combined weak evidence.
bc1qdldsc0q0dbszyleol2mywgd245m0rrcdw26uel,3.068454083093002e-06,0.070262300648263,0.0,0.0702651535057027,False,,False,No single strong signal; flagged only due to combined weak evidence.,0.0702653691023461,Driven by: physically implausible peer geo-velocity (contributed +0.348); unusually large average transaction amount (contributed +0.252); an unusually high number of incoming payments (contributed +0.242).,,No single strong signal; flagged only due to combined weak evidence.
bc1qroxil6rsofrvaf6ytcmbvptgsivhxlwi1cuf8g,2.110850033103684e-07,0.070003304809839,0.0,0.0700035011181945,False,,False,No single strong signal; flagged only due to combined weak evidence.,0.0700035158948423,Driven by: an atypical time-of-day transaction pattern (contributed +0.359); an unusually extreme single transaction amount (contributed +0.322); an unusually high number of outgoing payments (contributed +0.271).,,No single strong signal; flagged only due to combined weak evidence.
bc1q3lp15tftzwcd4u4lb2emnimchy7lxsbb3l5zsv,4.552455503255284e-06,0.0686416749251227,0.0,0.0686459148924552,False,,False,No single strong signal; flagged only due to combined weak evidence.,0.0686462273806259,Driven by: an atypical time-of-day transaction pattern (contributed +0.320); an unusually high transaction frequency (contributed +0.247); an unusually high number of incoming payments (contributed +0.226).,,No single strong signal; flagged only due to combined weak evidence.
bc1qz6r222h1d2ow25avpk9wfucweeemmv8b71kvax,1.0544785652551652e-06,0.06834421784496,0.0,0.0683452002560125,False,,False,No single strong signal; flagged only due to combined weak evidence.,0.0683452723235253,Driven by: physically implausible peer geo-velocity (contributed +0.350); an unusually high number of incoming payments (contributed +0.245); unusually large average transaction amount (contributed +0.235).,,No single strong signal; flagged only due to combined weak evidence.
bc1q4iqsejwska3ylbxn1rp6x4svxhx4nwlkgsdg5x,3.842638571623795e-07,0.0664396062624515,0.0,0.0664399649959693,False,,False,No single strong signal; flagged only due to combined weak evidence.,0.0664399905263087,Driven by: an atypical time-of-day transaction pattern (contributed +0.341); an unusually extreme single transaction amount (contributed +0.334); an unusually high number of incoming payments (contributed +0.274).,,No single strong signal; flagged only due to combined weak evidence.
bc1quwoxt118qzb6uxqrkuw2032lyxj2j4bo6gpn1m,1.6325485802460396e-06,0.0653559062187156,0.0,0.0653574320706038,False,,False,No single strong signal; flagged only due to combined weak evidence.,0.0653575387672958,Driven by: an atypical time-of-day transaction pattern (contributed +0.351); an unusually extreme single transaction amount (contributed +0.312); an unusually high number of outgoing payments (contributed +0.259).,,No single strong signal; flagged only due to combined weak evidence.
bc1q6xlyjmazrvhpj93rvuv5ybd4xdd8iuzv3zbxpq,4.405930941750467e-08,0.0652874914554518,0.0,0.0652875326382395,False,,False,No single strong signal; flagged only due to combined weak evidence.,0.0652875355147613,Driven by: an atypical time-of-day transaction pattern (contributed +0.289); unusually large average transaction amount (contributed +0.233); an unusually high number of outgoing payments (contributed +0.226).,,No single strong signal; flagged only due to combined weak evidence.
bc1qhipc9spw17kf6jzqf2rkaorexft0sazwvmpgzb,7.006244353273612e-09,0.0652675467979089,0.0,0.0652675533468728,False,,False,No single strong signal; flagged only due to combined weak evidence.,0.0652675538041533,Driven by: an atypical time-of-day transaction pattern (contributed +0.372); an unusually extreme single transaction amount (contributed +0.286); an unusually high number of outgoing payments (contributed +0.260).,,No single strong signal; flagged only due to combined weak evidence.
bc1qkfw21kmn17plu4xodbsqh2ziulgi0juggns8gm,1.107355840987892e-06,0.0652023002768407,0.0,0.0652033354305337,False,,False,No single strong signal; flagged only due to combined weak evidence.,0.0652034076326817,Driven by: physically implausible peer geo-velocity (contributed +0.352); unusually large average transaction amount (contributed +0.261); an unusually high number of incoming payments (contributed +0.245).,,No single strong signal; flagged only due to combined weak evidence.
bc1qfqtndy69620zx79v37prddtbxt6yeyxiy47hgm,9.235021148523252e-07,0.0647156840465314,0.0,0.0647165477835752,False,,False,No single strong signal; flagged only due to combined weak evidence.,0.0647166075486463,Driven by: physically implausible peer geo-velocity (contributed +0.356); unusually large average transaction amount (contributed +0.259); an unusually high number of incoming payments (contributed +0.247).,,No single strong signal; flagged only due to combined weak evidence.
bc1q71cdi99maziywj1czqlr1m86o2gsx9oa2eo4cy,6.310090214524738e-10,0.0645291033645245,0.0,0.0645291039548151,False,,False,No single strong signal; flagged only due to combined weak evidence.,0.0645291039955335,Driven by: an atypical time-of-day transaction pattern (contributed +0.345); an unusually extreme single transaction amount (contributed +0.293); an unusually high number of outgoing payments (contributed +0.260).,,No single strong signal; flagged only due to combined weak evidence.
bc1qzhhnbavekvqhmie22tw1bytxza43holdu7jpmm,1.811818542802012e-06,0.0628441824761474,0.0,0.0628458804324351,False,,False,No single strong signal; flagged only due to combined weak evidence.,0.0628459942946902,Driven by: physically implausible peer geo-velocity (contributed +0.347); unusually large average transaction amount (contributed +0.300); an unusually high number of incoming payments (contributed +0.247).,,No single strong signal; flagged only due to combined weak evidence.
bc1q1aysv6o9e9nhcgw33a8ncxcwc0bogwhupof0hk,5.162614611043432e-06,0.0628158663075911,0.0,0.0628207046280928,True,coinjoin,False,No single strong signal; flagged only due to combined weak evidence.,0.0628210289222021,Driven by: unusually large average transaction amount (contributed +0.320); an unusually extreme single transaction amount (contributed +0.313); an unusually high transaction frequency (contributed +0.274).,,No single strong signal; flagged only due to combined weak evidence.
bc1q1794auww4h3rkzof1tk4g5awtaqbao1mjm31pk,6.038829317533018e-07,0.0628152214318049,0.0,0.0628157873816966,False,,False,No single strong signal; flagged only due to combined weak evidence.,0.0628158253147367,Driven by: an atypical time-of-day transaction pattern (contributed +0.358); an unusually extreme single transaction amount (contributed +0.317); an unusually high number of outgoing payments (contributed +0.265).,,No single strong signal; flagged only due to combined weak evidence.
bc1qohpii2mvv4dc0fp672zfbqbk4y7zxdfld9cba7,1.4302840124736125e-06,0.0627491512526537,0.0,0.0627504917875583,False,,False,No single strong signal; flagged only due to combined weak evidence.,0.0627505815366662,Driven by: an atypical time-of-day transaction pattern (contributed +0.307); an unusually high number of incoming payments (contributed +0.248); unusually large average transaction amount (contributed +0.217).,,No single strong signal; flagged only due to combined weak evidence.
bc1qkdyp4rpekzzmalqhpqpfie952ex2jz8k7zoj3e,3.070899611004997e-06,0.0603878883312791,0.0,0.0603907737857474,False,,False,No single strong signal; flagged only due to combined weak evidence.,0.0603909592308901,Driven by: an atypical time-of-day transaction pattern (contributed +0.311); an unusually high number of incoming payments (contributed +0.250); an unusually high transaction frequency (contributed +0.216).,,No single strong signal; flagged only due to combined weak evidence.
bc1q71l6r4u0000lg7703p24bx2144vwgjy4p5hwry,2.834246569197714e-06,0.0603878883312791,0.0,0.0603905514236831,False,,False,No single strong signal; flagged only due to combined weak evidence.,0.0603907225778483,Driven by: an atypical time-of-day transaction pattern (contributed +0.313); an unusually high number of incoming payments (contributed +0.250); an unusually high transaction frequency (contributed +0.210).,,No single strong signal; flagged only due to combined weak evidence.
bc1qg3aut3rsvz2e186gvgt2eehfu4b9sntp8ak8s2,1.388769915888674e-07,0.0599604519804286,0.0,0.059960582530293,False,,False,No single strong signal; flagged only due to combined weak evidence.,0.0599605908574202,Driven by: an atypical time-of-day transaction pattern (contributed +0.307); unusually large average transaction amount (contributed +0.281); an unusually high number of outgoing payments (contributed +0.231).,,No single strong signal; flagged only due to combined weak evidence.
bc1q39moft6yriaddur82c06xq9jb354mype46aexl,0.0,0.018610125399272,0.04,0.0578657203833011,False,,False,No single strong signal; flagged only due to combined weak evidence.,0.058610125399272,Driven by: an atypical time-of-day transaction pattern (contributed +0.385); an unusually extreme single transaction amount (contributed +0.298); unusually large average transaction amount (contributed +0.279).,No individual feature stood out; flagged only by combined weak signals.,No single strong signal; flagged only due to combined weak evidence.
bc1qegyyj5n860ath9kp6asssuljaf4wnsmw5gyrw6,3.739765211144336e-06,0.0572882974368513,0.0,0.0572918229572807,False,,False,No single strong signal; flagged only due to combined weak evidence.,0.0572920372020624,Driven by: unusually large average transaction amount (contributed +0.332); an unusually extreme single transaction amount (contributed +0.322); an unusually high transaction frequency (contributed +0.295).,,No single strong signal; flagged only due to combined weak evidence.
bc1qrw556pnbxu6onrv537c2bpimevgxbt66kfg7i2,0.0082611750480469,0.0473053710239398,0.0,0.0551757481212451,False,,False,No single strong signal; flagged only due to combined weak evidence.,0.0555665460719867,Driven by: an atypical time-of-day transaction pattern (contributed +0.323); unusually large average transaction amount (contributed +0.264); an unusually high number of incoming payments (contributed +0.248).,,No single strong signal; flagged only due to combined weak evidence.
bc1q0dpimrbzn59gmucji7ekvzarhdvuspqyasyinp,2.3933449624687485e-10,0.0545416195540775,0.0,0.0545416197803583,False,,False,No single strong signal; flagged only due to combined weak evidence.,0.054541619793412,Driven by: an atypical time-of-day transaction pattern (contributed +0.348); an unusually extreme single transaction amount (contributed +0.282); an unusually high number of outgoing payments (contributed +0.236).,,No single strong signal; flagged only due to combined weak evidence.
bc1qeskjwbu2olrw334kkaf9yft4gc5icnic4dtznn,4.992026160571127e-07,0.0536343699455535,0.0,0.0536348423737517,False,,False,No single strong signal; flagged only due to combined weak evidence.,0.0536348691481695,Driven by: an atypical time-of-day transaction pattern (contributed +0.322); unusually large average transaction amount (contributed +0.283); an unusually high number of incoming payments (contributed +0.275).,,No single strong signal; flagged only due to combined weak evidence.
bc1q5g1q7nm5c7k4rjnylimgpk3y8sf4fp4v8z3nd7,2.1680836702026013e-07,0.0526628677576045,0.0,0.0526630731482211,False,,False,No single strong signal; flagged only due to combined weak evidence.,0.0526630845659715,Driven by: an atypical time-of-day transaction pattern (contributed +0.331); an unusually extreme single transaction amount (contributed +0.327); an unusually high number of incoming payments (contributed +0.285).,,No single strong signal; flagged only due to combined weak evidence.
bc1qsrc4dwc279igffen1677snpfc5a23jk3ol8z7f,1.3406825109967537e-05,0.052154342427404,0.0,0.0521670500283664,False,,False,No single strong signal; flagged only due to combined weak evidence.,0.052167749252514,Driven by: physically implausible peer geo-velocity (contributed +0.358); unusually large average transaction amount (contributed +0.317); an unusually high number of incoming payments (contributed +0.250).,,No single strong signal; flagged only due to combined weak evidence.
bc1q6aylld4yeo6ppywh8ea329hf1pw26rqh7o0zbo,4.881560400156347e-06,0.052154342427404,0.0,0.0521589693932316,False,,False,No single strong signal; flagged only due to combined weak evidence.,0.0521592239878042,Driven by: physically implausible peer geo-velocity (contributed +0.358); unusually large average transaction amount (contributed +0.317); an unusually high number of incoming payments (contributed +0.250).,,No single strong signal; flagged only due to combined weak evidence.
bc1q4cdngzjhd2vsoezfdj6bsc8awrikhkog95n8in,9.306604758448918e-07,0.052154342427404,0.0,0.0521552245498947,False,,False,No single strong signal; flagged only due to combined weak evidence.,0.0521552730878799,Driven by: physically implausible peer geo-velocity (contributed +0.358); unusually large average transaction amount (contributed +0.318); an unusually high number of incoming payments (contributed +0.250).,,No single strong signal; flagged only due to combined weak evidence.
bc1qfoo36ud0cty1cerh6afbajfqp2i3x1ofpym49k,1.1489153487666279e-07,0.0497804134139024,0.0,0.0497805225860891,False,,False,No single strong signal; flagged only due to combined weak evidence.,0.0497805283054373,Driven by: physically implausible peer geo-velocity (contributed +0.383); an unusually high number of incoming payments (contributed +0.250); an unusually extreme single transaction amount (contributed +0.249).,,No single strong signal; flagged only due to combined weak evidence.
bc1q0m9ulwttj8vi73mlc16x7ynslqmni47bn9v9jo,5.179370537137585e-09,0.0489618851064651,0.0,0.0489618900322438,False,,False,No single strong signal; flagged only due to combined weak evidence.,0.0489618902858356,Driven by: physically implausible peer geo-velocity (contributed +0.384); an unusually high number of incoming payments (contributed +0.251); an unusually extreme single transaction amount (contributed +0.250).,,No single strong signal; flagged only due to combined weak evidence.
bc1q1egom62hdxc6rijkq2zuv1fkhnnk8fwrpk0zfk,3.5877180330030087e-06,0.0476736184540979,0.0,0.0476770351326303,False,,False,No single strong signal; flagged only due to combined weak evidence.,0.0476772061721309,Driven by: an atypical time-of-day transaction pattern (contributed +0.345); unusually large average transaction amount (contributed +0.284); an unusually high number of incoming payments (contributed +0.238).,,No single strong signal; flagged only due to combined weak evidence.
bc1qdu9v45d3dgc50i32buhbcpla8jz9ds2ulk3fuq,1.7117926260495142e-06,0.0468028507218054,0.0,0.0468044823976567,False,,False,No single strong signal; flagged only due to combined weak evidence.,0.0468045625144315,Driven by: an atypical time-of-day transaction pattern (contributed +0.305); unusually large average transaction amount (contributed +0.286); an unusually high number of incoming payments (contributed +0.256).,,No single strong signal; flagged only due to combined weak evidence.
bc1qtk83w1y6zuoeyhcxtr698i94780ce91tefo1s9,5.075107043744199e-07,0.046258919817933,0.0,0.0462594038517404,False,,False,No single strong signal; flagged only due to combined weak evidence.,0.0462594273286373,Driven by: an atypical time-of-day transaction pattern (contributed +0.347); an unusually extreme single transaction amount (contributed +0.327); an unusually high number of incoming payments (contributed +0.280).,,No single strong signal; flagged only due to combined weak evidence.
bc1ql9ysu51epxu7b6nbhgfb2flurmw3uqhwtek17m,9.66401836699446e-09,0.0461090606629696,0.0,0.0461090698813893,False,,False,No single strong signal; flagged only due to combined weak evidence.,0.046109070326988,Driven by: an atypical time-of-day transaction pattern (contributed +0.348); an unusually extreme single transaction amount (contributed +0.291); an unusually high number of incoming payments (contributed +0.274).,,No single strong signal; flagged only due to combined weak evidence.
bc1q2is1qp5xyakjegcaeq5s222j0crs0sjjjbuul0,5.576713369676635e-06,0.0459399312058454,0.0,0.0459452517253865,False,,False,No single strong signal; flagged only due to combined weak evidence.,0.0459455079192151,Driven by: an atypical time-of-day transaction pattern (contributed +0.330); an unusually high transaction frequency (contributed +0.245); an unusually high number of incoming payments (contributed +0.238).,,No single strong signal; flagged only due to combined weak evidence.
bc1qupsrgi9p8tfxsw3hcdi74kzt22thw9p0ieihcj,1.7216510865771598e-06,0.0457182114532367,0.0,0.0457198543935148,False,,False,No single strong signal; flagged only due to combined weak evidence.,0.0457199331043233,Driven by: an atypical time-of-day transaction pattern (contributed +0.321); unusually large average transaction amount (contributed +0.286); an unusually high number of incoming payments (contributed +0.258).,,No single strong signal; flagged only due to combined weak evidence.
bc1qar4gztpzmns7lv5j9xzh1r1svblrq3x4hpalwb,4.1394862600694156e-07,0.0355530055631651,0.01,0.0451978707467266,False,,False,No single strong signal; flagged only due to combined weak evidence.,0.0455534195117911,Driven by: an atypical time-of-day transaction pattern (contributed +0.361); an unusually extreme single transaction amount (contributed +0.306); an unusually high number of incoming payments (contributed +0.275).,No individual feature stood out; flagged only by combined weak signals.,No single strong signal; flagged only due to combined weak evidence.
bc1qzuztlsuy5lv92beevg429i76berp0iv1topi9x,3.432428535775393e-06,0.044521195560861,0.0,0.0445244751735746,False,,False,No single strong signal; flagged only due to combined weak evidence.,0.0445246279893967,Driven by: an atypical time-of-day transaction pattern (contributed +0.300); unusually large average transaction amount (contributed +0.277); an unusually high number of incoming payments (contributed +0.254).,,No single strong signal; flagged only due to combined weak evidence.
bc1q36ky6ydybv33yw1v49tdyf12chdaubm3bcoxz0,1.9005453533040104e-06,0.0439489998662497,0.0,0.0439508168845355,False,,False,No single strong signal; flagged only due to combined weak evidence.,0.043950900411603,Driven by: an atypical time-of-day transaction pattern (contributed +0.359); unusually large average transaction amount (contributed +0.302); an unusually high number of incoming payments (contributed +0.266).,,No single strong signal; flagged only due to combined weak evidence.
bc1qegz5g64ih630dx4ntqvnmd8iyubz9yz6v1vtix,6.744897935277588e-09,0.0034733269793641,0.04,0.0433344003528015,False,,False,No single strong signal; flagged only due to combined weak evidence.,0.043473333724262,Driven by: an atypical time-of-day transaction pattern (contributed +0.371); an unusually extreme single transaction amount (contributed +0.315); an unusually high number of incoming payments (contributed +0.281).,Driven by: variability in the peel-to-remainder ratio (contributed +0.008).,No single strong signal; flagged only due to combined weak evidence.
bc1qm0tmg2pu2nu4h6fq3rwk3otzzrbyqgyiw59odm,1.689239313339158e-06,0.0431900328568074,0.0,0.0431916491378193,False,,False,No single strong signal; flagged only due to combined weak evidence.,0.0431917220961208,Driven by: an atypical time-of-day transaction pattern (contributed +0.320); unusually large average transaction amount (contributed +0.268); an unusually high number of incoming payments (contributed +0.265).,,No single strong signal; flagged only due to combined weak evidence.
bc1qjulj3g75zk1ga2sytmxbv9mdpoa8fvf841rizk,6.267962283411168e-08,0.0422080965426312,0.0,0.0422081565766665,False,,False,No single strong signal; flagged only due to combined weak evidence.,0.042208159222254,Driven by: an atypical time-of-day transaction pattern (contributed +0.352); an unusually extreme single transaction amount (contributed +0.315); an unusually high number of incoming payments (contributed +0.289).,,No single strong signal; flagged only due to combined weak evidence.
bc1qmpyi46n05fl0463na7hn98x16f4zzw5uk4sha6,1.4433562036740557e-08,0.0416215862928803,0.0,0.0416216001256946,False,,False,No single strong signal; flagged only due to combined weak evidence.,0.0416216007264424,Driven by: an atypical time-of-day transaction pattern (contributed +0.348); an unusually extreme single transaction amount (contributed +0.301); unusually large average transaction amount (contributed +0.275).,,No single strong signal; flagged only due to combined weak evidence.
bc1qeu6rln7ogkh50k2t9z04q3qtmaymywc94twkc0,3.352735252843072e-07,0.0410944431346438,0.0,0.0410947646302902,False,,False,No single strong signal; flagged only due to combined weak evidence.,0.0410947784081691,Driven by: physically implausible peer geo-velocity (contributed +0.385); unusually large average transaction amount (contributed +0.264); an unusually high number of incoming payments (contributed +0.262).,,No single strong signal; flagged only due to combined weak evidence.
bc1qto9qesos0zxkqkp90ne6yiwds2slr4ehmw5mxv,2.03779365175366e-07,0.0410944431346438,0.0,0.0410946385398094,False,,False,No single strong signal; flagged only due to combined weak evidence.,0.041094646914009,Driven by: physically implausible peer geo-velocity (contributed +0.385); unusually large average transaction amount (contributed +0.264); an unusually high number of incoming payments (contributed +0.262).,,No single strong signal; flagged only due to combined weak evidence.
bc1qqeagtnp9baaua551saia7qf850w2xwb1gqc4c1,4.0124500583341576e-10,0.0410944431346438,0.0,0.0410944435193999,False,,False,No single strong signal; flagged only due to combined weak evidence.,0.0410944435358888,Driven by: physically implausible peer geo-velocity (contributed +0.385); unusually large average transaction amount (contributed +0.264); an unusually high number of incoming payments (contributed +0.262).,,No single strong signal; flagged only due to combined weak evidence.
bc1qsd2gniib1b87t939a6spzd1skziol3qrdedodu,2.6862030538577438e-08,0.0409615285376982,0.0,0.0409615542994188,False,,False,No single strong signal; flagged only due to combined weak evidence.,0.0409615553997287,Driven by: physically implausible peer geo-velocity (contributed +0.383); unusually large average transaction amount (contributed +0.264); an unusually high number of incoming payments (contributed +0.262).,,No single strong signal; flagged only due to combined weak evidence.
bc1qek0brz0eraxp2ngqeua73abzgs9w275280kqlr,4.87277412595184e-06,0.0407910792549334,0.0,0.0407957532633438,False,,False,No single strong signal; flagged only due to combined weak evidence.,0.0407959520290593,Driven by: an atypical time-of-day transaction pattern (contributed +0.312); unusually large average transaction amount (contributed +0.304); an unusually extreme single transaction amount (contributed +0.268).,,No single strong signal; flagged only due to combined weak evidence.
bc1qzl5y31k88no1rbn62nk7hlcnptt3m5h0jhk0i7,1.2561238089400807e-10,0.0407076933775162,0.0,0.0407076934980152,False,,False,No single strong signal; flagged only due to combined weak evidence.,0.0407076935031285,Driven by: an atypical time-of-day transaction pattern (contributed +0.341); an unusually extreme single transaction amount (contributed +0.300); an unusually high number of incoming payments (contributed +0.273).,,No single strong signal; flagged only due to combined weak evidence.
bc1qslwvoqj4f2xz0x9f6f5226g5iuvwl47l6ojks1,7.982749118160445e-09,0.0402023434948924,0.0,0.0402023511567164,False,,False,No single strong signal; flagged only due to combined weak evidence.,0.0402023514776415,Driven by: an atypical time-of-day transaction pattern (contributed +0.362); an unusually extreme single transaction amount (contributed +0.302); an unusually high number of incoming payments (contributed +0.274).,,No single strong signal; flagged only due to combined weak evidence.
bc1qfjfzs958pcyhc065ju7yol6lbm0aj6x27o6qnh,4.447189813267305e-07,0.0399851423551195,0.0,0.039985569291949,False,,False,No single strong signal; flagged only due to combined weak evidence.,0.0399855870741008,Driven by: an atypical time-of-day transaction pattern (contributed +0.362); unusually large average transaction amount (contributed +0.301); an unusually high number of incoming payments (contributed +0.262).,,No single strong signal; flagged only due to combined weak evidence.
bc1qqafqsdq26rl0nwrn57lws1yq6t0otgpeqcyh20,1.7000329313397404e-06,0.0398040430327029,0.0,0.0398056753974502,False,,False,No single strong signal; flagged only due to combined weak evidence.,0.0398057430656342,Driven by: an atypical time-of-day transaction pattern (contributed +0.323); unusually large average transaction amount (contributed +0.294); an unusually high number of incoming payments (contributed +0.250).,,No single strong signal; flagged only due to combined weak evidence.
bc1q68459696em7r3qcqaooxj93dri54pugq9mlpnu,2.834074739143422e-08,0.0396673576187356,0.0,0.0396673848352805,False,,False,No single strong signal; flagged only due to combined weak evidence.,0.039667385959483,Driven by: physically implausible peer geo-velocity (contributed +0.383); an unusually extreme single transaction amount (contributed +0.270); an unusually high number of incoming payments (contributed +0.262).,,No single strong signal; flagged only due to combined weak evidence.
bc1qjntssqajop6ztt8kz3q0ewlc4h6tvd1zodxrk6,5.059971821731058e-07,0.0394777843847141,0.0,0.0394782704062486,False,,False,No single strong signal; flagged only due to combined weak evidence.,0.0394782903818963,Driven by: an atypical time-of-day transaction pattern (contributed +0.317); unusually large average transaction amount (contributed +0.304); an unusually extreme single transaction amount (contributed +0.241).,,No single strong signal; flagged only due to combined weak evidence.
bc1q1pmrg0zpzjho4vudqhibmqimi8acueobqt0d9t,1.2528609508093122e-06,0.0390605781906807,0.0,0.0390617821141583,False,,False,No single strong signal; flagged only due to combined weak evidence.,0.0390618310516315,Driven by: an atypical time-of-day transaction pattern (contributed +0.368); unusually large average transaction amount (contributed +0.319); an unusually high number of incoming payments (contributed +0.263).,,No single strong signal; flagged only due to combined weak evidence.
bc1qsh3mokbmjluupgnifpvdeycznyctopst9lifi3,9.71522967190421e-07,0.0386583620619203,0.0,0.0386592960274009,False,,False,No single strong signal; flagged only due to combined weak evidence.,0.0386593335848875,Driven by: unusually large average transaction amount (contributed +0.339); an atypical time-of-day transaction pattern (contributed +0.310); an unusually high number of incoming payments (contributed +0.264).,,No single strong signal; flagged only due to combined weak evidence.
bc1q5y6q8sjy5op9lbsmwpq82k8ryqf8wxkk2abkvb,2.5746470300884804e-07,0.0382469230743168,0.0,0.038247170691787,False,,False,No single strong signal; flagged only due to combined weak evidence.,0.0382471805390198,Driven by: unusually large average transaction amount (contributed +0.324); an atypical time-of-day transaction pattern (contributed +0.305); an unusually high number of incoming payments (contributed +0.231).,,No single strong signal; flagged only due to combined weak evidence.
bc1qy7u6ua2yy3hbtth9krqwb9slo9nlupya8whofy,1.3225650563263069e-06,0.0377252274915217,0.0,0.0377265001625104,False,,False,No single strong signal; flagged only due to combined weak evidence.,0.037726550056578,Driven by: an atypical time-of-day transaction pattern (contributed +0.366); unusually large average transaction amount (contributed +0.315); an unusually high number of incoming payments (contributed +0.260).,,No single strong signal; flagged only due to combined weak evidence.
bc1qqud130iymn8x9ihjc5ysa4h7ilxi7t264w0hy3,4.819216188326596e-07,0.0375727920927954,0.0,0.0375732559072734,False,,False,No single strong signal; flagged only due to combined weak evidence.,0.0375732740144142,Driven by: an atypical time-of-day transaction pattern (contributed +0.326); unusually large average transaction amount (contributed +0.316); an unusually high number of outgoing payments (contributed +0.234).,,No single strong signal; flagged only due to combined weak evidence.
bc1q24d7v911pjq50xcxmsy3paua3aipjiylqx1um5,2.2734200223588916e-08,0.0375697420388719,0.0,0.0375697639189541,False,,False,No single strong signal; flagged only due to combined weak evidence.,0.0375697647730721,Driven by: an atypical time-of-day transaction pattern (contributed +0.346); an unusually extreme single transaction amount (contributed +0.314); unusually large average transaction amount (contributed +0.282).,,No single strong signal; flagged only due to combined weak evidence.
bc1qcix39ellhlrswp0ykkswnwzf8y7p62zko0e49z,3.209468104706636e-07,0.0370698989519888,0.0,0.0370702080013335,False,,False,No single strong signal; flagged only due to combined weak evidence.,0.0370702198987993,Driven by: an atypical time-of-day transaction pattern (contributed +0.341); an unusually extreme single transaction amount (contributed +0.283); unusually large average transaction amount (contributed +0.239).,,No single strong signal; flagged only due to combined weak evidence.
bc1ql55uqolf8mjl8n0ywq7an7p72i82xp3rcxuox1,3.1799849672515347e-06,0.0368610271799434,0.0,0.0368640899473983,False,,False,No single strong signal; flagged only due to combined weak evidence.,0.0368642071649106,Driven by: physically implausible peer geo-velocity (contributed +0.369); unusually large average transaction amount (contributed +0.355); an unusually high number of incoming payments (contributed +0.252).,,No single strong signal; flagged only due to combined weak evidence.
bc1qlsvryl36q556rglcsma48s15jd466y42oczuvq,2.7240458574310626e-06,0.0368610271799434,0.0,0.0368636508146724,False,,False,No single strong signal; flagged only due to combined weak evidence.,0.0368637512258008,Driven by: physically implausible peer geo-velocity (contributed +0.369); unusually large average transaction amount (contributed +0.355); an unusually high number of incoming payments (contributed +0.252).,,No single strong signal; flagged only due to combined weak evidence.
bc1qswuzjawga0xmvrustqfob80vwgc7dv5by0632g,9.138966219103095e-06,0.0367535014519626,0.0,0.0367623045291736,False,,False,No single strong signal; flagged only due to combined weak evidence.,0.0367626404181817,Driven by: physically implausible peer geo-velocity (contributed +0.383); an unusually extreme single transaction amount (contributed +0.285); unusually large average transaction amount (contributed +0.270).,,No single strong signal; flagged only due to combined weak evidence.
bc1qocjz5qde2y3znp8kaiwjwxyouhif806qxn6i8b,1.7158825277641805e-08,0.0367535014519626,0.0,0.036753517980141,False,,False,No single strong signal; flagged only due to combined weak evidence.,0.0367535186107879,Driven by: physically implausible peer geo-velocity (contributed +0.383); an unusually extreme single transaction amount (contributed +0.285); unusually large average transaction amount (contributed +0.270).,,No single strong signal; flagged only due to combined weak evidence.
bc1qtawmwur1z82h394lmuxfzjdcy98qhsfm8qpdnu,3.122584067577957e-07,0.0360359921932127,0.0,0.036036293199078,False,,False,No single strong signal; flagged only due to combined weak evidence.,0.0360363044516195,Driven by: an atypical time-of-day transaction pattern (contributed +0.349); an unusually extreme single transaction amount (contributed +0.296); an unusually high number of incoming payments (contributed +0.269).,,No single strong signal; flagged only due to combined weak evidence.
bc1qrx6a990bsh1fye7lft25h8gorm3zh476egqe8d,1.176574248439361e-05,0.0355530055631651,0.0,0.0355643529981416,False,,False,No single strong signal; flagged only due to combined weak evidence.,0.0355647713056495,Driven by: an atypical time-of-day transaction pattern (contributed +0.367); an unusually extreme single transaction amount (contributed +0.301); an unusually high number of incoming payments (contributed +0.274).,,No single strong signal; flagged only due to combined weak evidence.
bc1qmdlsxjn82ijw95mz08n0xcs16ahanmvtvoav41,1.3512241709946885e-08,0.0355391306599484,0.0,0.0355391436919767,False,,False,No single strong signal; flagged only due to combined weak evidence.,0.0355391441721901,Driven by: physically implausible peer geo-velocity (contributed +0.384); an unusually extreme single transaction amount (contributed +0.291); unusually large average transaction amount (contributed +0.274).,,No single strong signal; flagged only due to combined weak evidence.
bc1qplcl4j7rb6x38dhevpb5v72kalwhuyoiuinxs8,2.0679875605643287e-07,0.0342974175239362,0.0,0.034297617230029,False,,False,No single strong signal; flagged only due to combined weak evidence.,0.0342976243226922,Driven by: physically implausible peer geo-velocity (contributed +0.384); an unusually extreme single transaction amount (contributed +0.294); unusually large average transaction amount (contributed +0.281).,,No single strong signal; flagged only due to combined weak evidence.
bc1q7c5kb3ygb1rv32ii8k179yixmhvj4umsg9sx3k,7.510004726233333e-08,0.0341681400728883,0.0,0.0341682126069067,False,,False,No single strong signal; flagged only due to combined weak evidence.,0.0341682151729356,Driven by: an atypical time-of-day transaction pattern (contributed +0.336); an unusually extreme single transaction amount (contributed +0.311); unusually large average transaction amount (contributed +0.281).,,No single strong signal; flagged only due to combined weak evidence.
bc1qm2v0mw405g00r5y52pdi47kah8oxenq7jbx9k7,1.164915915535496e-06,0.0340905618290021,0.0,0.0340916870322796,False,,False,No single strong signal; flagged only due to combined weak evidence.,0.0340917267449176,Driven by: an atypical time-of-day transaction pattern (contributed +0.344); an unusually extreme single transaction amount (contributed +0.322); an unusually high number of outgoing payments (contributed +0.236).,,No single strong signal; flagged only due to combined weak evidence.
bc1q765efuxq9njc2gouifezac2exva5e742grrdnw,1.6943295094128095e-05,0.0336952752793525,0.0,0.0337116476654544,False,,False,No single strong signal; flagged only due to combined weak evidence.,0.0337122185744467,Driven by: an atypical time-of-day transaction pattern (contributed +0.377); unusually large average transaction amount (contributed +0.309); an unusually high number of incoming payments (contributed +0.266).,,No single strong signal; flagged only due to combined weak evidence.
bc1qxpfo86080yapig8ofsmnawy0peqlv488pkwtzv,0.0002224312161813,0.0312105450015743,0.0,0.0314260340182733,False,,False,No single strong signal; flagged only due to combined weak evidence.,0.0314329762177556,Driven by: unusually large average transaction amount (contributed +0.382); physically implausible peer geo-velocity (contributed +0.377); an unusually high number of incoming payments (contributed +0.252).,,No single strong signal; flagged only due to combined weak evidence.
bc1qpgyboa763bupgrkbzwb1ui1tgf4d8h4zpatqxl,2.0994014177015395e-06,0.0308794853535532,0.0,0.0308815199265356,False,,False,No single strong signal; flagged only due to combined weak evidence.,0.0308815847549709,Driven by: unusually large average transaction amount (contributed +0.325); an atypical time-of-day transaction pattern (contributed +0.307); an unusually high number of incoming payments (contributed +0.244).,,No single strong signal; flagged only due to combined weak evidence.
bc1q3chnj6gdtgcg8zf2l4c0bb6pyma1t6sif6dohe,2.047007150688791e-07,0.0307579059170599,0.0,0.0307581043216096,False,,False,No single strong signal; flagged only due to combined weak evidence.,0.030758110617775,Driven by: an atypical time-of-day transaction pattern (contributed +0.389); an unusually high number of incoming payments (contributed +0.293); an unusually extreme single transaction amount (contributed +0.278).,,No single strong signal; flagged only due to combined weak evidence.
bc1qvqizd82cudld5cxbbln1b5ou833z5gf0g46u2s,2.0852020143073453e-06,0.030651557559265,0.0,0.0306535788465897,False,,False,No single strong signal; flagged only due to combined weak evidence.,0.0306536427612793,Driven by: physically implausible peer geo-velocity (contributed +0.384); unusually large average transaction amount (contributed +0.352); an unusually high number of incoming payments (contributed +0.259).,,No single strong signal; flagged only due to combined weak evidence.
bc1quf0ue99oh12pgx409wnzmo7gde74v6aousx9dx,4.807818560196755e-06,0.0306361301113429,0.0,0.0306407906369481,False,,False,No single strong signal; flagged only due to combined weak evidence.,0.0306409379299031,Driven by: an atypical time-of-day transaction pattern (contributed +0.347); an unusually extreme single transaction amount (contributed +0.337); unusually large average transaction amount (contributed +0.315).,,No single strong signal; flagged only due to combined weak evidence.
bc1qpun6en1kq1yj94kic0giz3pxpqubpx8jrw1zdx,1.547756226533005e-06,0.0305920639103731,0.0,0.0305935643175422,False,,False,No single strong signal; flagged only due to combined weak evidence.,0.0305936116665996,Driven by: unusually large average transaction amount (contributed +0.380); physically implausible peer geo-velocity (contributed +0.378); an unusually high number of incoming payments (contributed +0.252).,,No single strong signal; flagged only due to combined weak evidence.
bc1q2k9mf0u7nar7nnuo5q5lf7gdxfae7wn08ep4ae,0.0072916188885382,0.0233326923206485,0.0,0.0304541781091411,False,,False,No single strong signal; flagged only due to combined weak evidence.,0.0306243112091868,Driven by: physically implausible peer geo-velocity (contributed +0.383); unusually large average transaction amount (contributed +0.376); an unusually high number of incoming payments (contributed +0.258).,,No single strong signal; flagged only due to combined weak evidence.
bc1qqyxpybnrk4pvi2digtgu6iac72syojtmrnzmud,6.206041550002468e-07,0.030409700325077,0.0,0.0304103020568456,False,,False,No single strong signal; flagged only due to combined weak evidence.,0.030410320929232,Driven by: physically implausible peer geo-velocity (contributed +0.384); unusually large average transaction amount (contributed +0.350); an unusually high number of incoming payments (contributed +0.260).,,No single strong signal; flagged only due to combined weak evidence.
bc1qlj2np6i5gse146oojjdp5j7qmg1k4o27evcnqi,7.291762854889174e-09,0.0300251533187155,0.0,0.0300251603915421,False,,False,No single strong signal; flagged only due to combined weak evidence.,0.0300251606104783,Driven by: physically implausible peer geo-velocity (contributed +0.384); unusually large average transaction amount (contributed +0.310); an unusually extreme single transaction amount (contributed +0.297).,,No single strong signal; flagged only due to combined weak evidence.
bc1q2z0auf2w7wr1tqzfb8x6jmre2u7fmkgzbys7xz,1.4101495139450136e-07,0.0297612992651357,0.0,0.0297614360832989,False,,False,No single strong signal; flagged only due to combined weak evidence.,0.0297614402800871,Driven by: an atypical time-of-day transaction pattern (contributed +0.328); an unusually extreme single transaction amount (contributed +0.317); an unusually high number of incoming payments (contributed +0.265).,,No single strong signal; flagged only due to combined weak evidence.
bc1q2j8dy0u7033zujciuhd1o6ougoprrumuc4lr9c,0.0038573280080464,0.0255521261121391,0.0,0.0293108911884679,False,,False,No single strong signal; flagged only due to combined weak evidence.,0.0294094541201855,Driven by: an atypical time-of-day transaction pattern (contributed +0.349); an unusually extreme single transaction amount (contributed +0.332); unusually large average transaction amount (contributed +0.234).,,No single strong signal; flagged only due to combined weak evidence.
bc1q42pw5uesdrbta3k3om5fktiswlwt6u79xbph5c,9.257028657425993e-08,0.0291927881656768,0.0,0.0291928780335786,False,,False,No single strong signal; flagged only due to combined weak evidence.,0.0291928807359634,Driven by: an atypical time-of-day transaction pattern (contributed +0.362); unusually large average transaction amount (contributed +0.341); an unusually high number of incoming payments (contributed +0.255).,,No single strong signal; flagged only due to combined weak evidence.
bc1qclo2d8fu8kxhrtauzf01svb8q3518rwdj4vtrz,0.0011949988976418,0.0280139002217137,0.0,0.029175422539472,False,,False,No single strong signal; flagged only due to combined weak evidence.,0.0292088991193556,Driven by: physically implausible peer geo-velocity (contributed +0.384); unusually large average transaction amount (contributed +0.363); an unusually high number of incoming payments (contributed +0.260).,,No single strong signal; flagged only due to combined weak evidence.
bc1qixiezev57u66id36xc53t2sj64yw5r1f5bf7pt,3.7049643413351568e-06,0.0288682851684584,0.0,0.0288718831768325,False,,False,No single strong signal; flagged only due to combined weak evidence.,0.0288719901327997,Driven by: physically implausible peer geo-velocity (contributed +0.385); unusually large average transaction amount (contributed +0.352); an unusually high number of incoming payments (contributed +0.259).,,No single strong signal; flagged only due to combined weak evidence.
bc1qcegbmxikvrecjtr0m6hz72kxsjzsb6zwkhe9i0,3.679441145498686e-06,0.0287705829032714,0.0,0.0287741564847504,False,,False,No single strong signal; flagged only due to combined weak evidence.,0.0287742623444169,Driven by: physically implausible peer geo-velocity (contributed +0.383); unusually large average transaction amount (contributed +0.314); an unusually extreme single transaction amount (contributed +0.304).,,No single strong signal; flagged only due to combined weak evidence.
bc1q386fsrkq32q0iw3d1cz5u5mtxs83xew1zykslj,2.5214797178289787e-08,0.0287705829032714,0.0,0.0287706073926241,False,,False,No single strong signal; flagged only due to combined weak evidence.,0.0287706081180686,Driven by: physically implausible peer geo-velocity (contributed +0.383); unusually large average transaction amount (contributed +0.314); an unusually extreme single transaction amount (contributed +0.304).,,No single strong signal; flagged only due to combined weak evidence.
bc1quef5hwgmi1gcch92p47ptuuz98jdm2odtxc23f,2.25630364940785e-09,0.0287705829032714,0.0,0.0287705850946599,False,,False,No single strong signal; flagged only due to combined weak evidence.,0.028770585159575,Driven by: physically implausible peer geo-velocity (contributed +0.384); unusually large average transaction amount (contributed +0.313); an unusually extreme single transaction amount (contributed +0.304).,,No single strong signal; flagged only due to combined weak evidence.
bc1qwzsv6y39m3jgw8p3t53xr9d129kz24i11qjd5l,1.1096088291320445e-06,0.02837694124622,0.0,0.0283780193677446,False,,False,No single strong signal; flagged only due to combined weak evidence.,0.0283780508550491,Driven by: physically implausible peer geo-velocity (contributed +0.382); an unusually extreme single transaction amount (contributed +0.325); unusually large average transaction amount (contributed +0.307).,,No single strong signal; flagged only due to combined weak evidence.
bc1qn0mwfs58bqzacgbvqcedniqb7r77iu31e90gdr,1.46451686401458e-06,0.0282952071588021,0.0,0.0282966302368581,False,,False,No single strong signal; flagged only due to combined weak evidence.,0.0282966716756662,Driven by: an atypical time-of-day transaction pattern (contributed +0.339); an unusually extreme single transaction amount (contributed +0.269); unusually large average transaction amount (contributed +0.251).,,No single strong signal; flagged only due to combined weak evidence.
bc1qb1hi8h7pr28j2k3tydccpvb96do9uzxca4x76b,8.716111780511121e-07,0.0281235450754305,0.0,0.0281243921738123,False,,False,No single strong signal; flagged only due to combined weak evidence.,0.0281244166866085,Driven by: physically implausible peer geo-velocity (contributed +0.387); unusually large average transaction amount (contributed +0.354); an unusually high number of incoming payments (contributed +0.260).,,No single strong signal; flagged only due to combined weak evidence.
bc1qhdkxzo0yx2tbt68lzf4nub5xx9pkqgbhlft2nb,1.834714255961485e-07,0.0281164079875449,0.0,0.028116586300413,False,,False,No single strong signal; flagged only due to combined weak evidence.,0.0281165914589705,Driven by: an atypical time-of-day transaction pattern (contributed +0.371); an unusually extreme single transaction amount (contributed +0.316); an unusually high number of incoming payments (contributed +0.276).,,No single strong signal; flagged only due to combined weak evidence.
bc1qjciy1gqff55depu0f80gnyd1osep720oevgdgo,7.802096746117766e-07,0.028064221825727,0.0,0.0280649801394242,False,,False,No single strong signal; flagged only due to combined weak evidence.,0.0280650020354016,Driven by: an atypical time-of-day transaction pattern (contributed +0.363); unusually large average transaction amount (contributed +0.316); an unusually high number of incoming payments (contributed +0.267).,,No single strong signal; flagged only due to combined weak evidence.
bc1q8412iaapi34zatz8rbj5yqwak59w803cqexufq,1.6725672176741555e-06,0.0280139002217137,0.0,0.0280155259338004,False,,False,No single strong signal; flagged only due to combined weak evidence.,0.0280155727889314,Driven by: physically implausible peer geo-velocity (contributed +0.384); unusually large average transaction amount (contributed +0.363); an unusually high number of incoming payments (contributed +0.260).,,No single strong signal; flagged only due to combined weak evidence.
bc1q23lshz8brhq1fnttuyshcjqt2javyejl0ti4nr,0.0004715858806482,0.0275432608123003,0.0,0.0280018576800424,False,,False,No single strong signal; flagged only due to combined weak evidence.,0.0280148466929485,Driven by: unusually large average transaction amount (contributed +0.396); physically implausible peer geo-velocity (contributed +0.382); an unusually high number of incoming payments (contributed +0.257).,,No single strong signal; flagged only due to combined weak evidence.
bc1q1po9o2m470n9em9nr73wg5m296njwu73365rd4,5.561272455415195e-07,0.0278765429269809,0.0,0.0278770835513214,False,,False,No single strong signal; flagged only due to combined weak evidence.,0.0278770990542264,Driven by: unusually large average transaction amount (contributed +0.394); physically implausible peer geo-velocity (contributed +0.384); an unusually high number of incoming payments (contributed +0.258).,,No single strong signal; flagged only due to combined weak evidence.
bc1qsbfdgj9kku7im2l184uvm6n6pwe3960bmtxv4l,2.02925990154161e-06,0.0275432608123003,0.0,0.0275452341797672,False,,False,No single strong signal; flagged only due to combined weak evidence.,0.0275452900722018,Driven by: unusually large average transaction amount (contributed +0.395); physically implausible peer geo-velocity (contributed +0.382); an unusually high number of incoming payments (contributed +0.257).,,No single strong signal; flagged only due to combined weak evidence.
bc1q9ufzdepcgwluk5o5cvhjobeifdd56h6u9wcdb6,6.707562182738965e-05,0.0274372252384785,0.0,0.0275024604913617,False,,False,No single strong signal; flagged only due to combined weak evidence.,0.0275043008603058,Driven by: unusually large average transaction amount (contributed +0.313); an atypical time-of-day transaction pattern (contributed +0.301); an unusually high number of incoming payments (contributed +0.259).,,No single strong signal; flagged only due to combined weak evidence.
bc1qp1yvfkxvqvaeutj0w6m0jtqu72j7ij6lny6wng,1.5268013833325883e-06,0.026885218543489,0.0,0.0268867042964834,False,,False,No single strong signal; flagged only due to combined weak evidence.,0.0268867453448723,Driven by: an atypical time-of-day transaction pattern (contributed +0.379); unusually large average transaction amount (contributed +0.312); an unusually high number of incoming payments (contributed +0.273).,,No single strong signal; flagged only due to combined weak evidence.
bc1qxn7yrpxt6xnnzl0ydrz2qypbhf3h88ptwj8suw,5.860626351084649e-07,0.0266914989111193,0.0,0.0266920693308642,False,,False,No single strong signal; flagged only due to combined weak evidence.,0.0266920849737544,Driven by: physically implausible peer geo-velocity (contributed +0.385); an unusually extreme single transaction amount (contributed +0.330); unusually large average transaction amount (contributed +0.313).,,No single strong signal; flagged only due to combined weak evidence.
bc1qkpi1tsqacbslyfay0xa0rk8cjre5c5jo5l02mo,1.3305306755020322e-06,0.0265445130761225,0.0,0.0265458082885091,False,,False,No single strong signal; flagged only due to combined weak evidence.,0.026545843606798,Driven by: physically implausible peer geo-velocity (contributed +0.386); unusually large average transaction amount (contributed +0.372); an unusually high number of incoming payments (contributed +0.260).,,No single strong signal; flagged only due to combined weak evidence.
bc1qpn1qy8ecv84xvdn0a59wagp510lgs48a8hts1p,0.0002466801372208,0.0262327416801882,0.0,0.0264729507210916,False,,False,No single strong signal; flagged only due to combined weak evidence.,0.026479421817409,Driven by: physically implausible peer geo-velocity (contributed +0.385); unusually large average transaction amount (contributed +0.354); an unusually high number of incoming payments (contributed +0.261).,,No single strong signal; flagged only due to combined weak evidence.
bc1qx1vzap3oe23srb3xc39yuv3fjep9svuueu7axt,2.6875605636387905e-08,0.0262052439367666,0.0,0.0262052701080903,False,,False,No single strong signal; flagged only due to combined weak evidence.,0.0262052708123722,Driven by: physically implausible peer geo-velocity (contributed +0.385); an unusually extreme single transaction amount (contributed +0.325); unusually large average transaction amount (contributed +0.316).,,No single strong signal; flagged only due to combined weak evidence.
bc1qtlvu53y15caeelsx52gwa654nvguw6yz7ry21g,1.1233418100977476e-11,0.0261172333884859,0.0,0.0261172333994259,False,,False,No single strong signal; flagged only due to combined weak evidence.,0.0261172333997193,Driven by: physically implausible peer geo-velocity (contributed +0.384); unusually large average transaction amount (contributed +0.325); an unusually extreme single transaction amount (contributed +0.323).,,No single strong signal; flagged only due to combined weak evidence.
bc1qepli20ak6n0xikuxpg3jpa9fysrcbjs4t1jwxi,6.190763030603334e-07,0.0260444611897552,0.0,0.0260450641425497,False,,False,No single strong signal; flagged only due to combined weak evidence.,0.0260450802660583,Driven by: unusually large average transaction amount (contributed +0.409); physically implausible peer geo-velocity (contributed +0.376); an unusually high number of incoming payments (contributed +0.259).,,No single strong signal; flagged only due to combined weak evidence.
bc1qlpf4g9h0y05ml51aatn209qvwas1udjoau4du0,3.9096494754568746e-08,0.0260396445820535,0.0,0.0260396826604893,False,,False,No single strong signal; flagged only due to combined weak evidence.,0.0260396836785482,Driven by: an atypical time-of-day transaction pattern (contributed +0.380); an unusually extreme single transaction amount (contributed +0.308); an unusually high number of incoming payments (contributed +0.266).,,No single strong signal; flagged only due to combined weak evidence.
bc1qjegy1lwb46t86lr6sakrafflaflgnftc46eljc,1.4877617900469896e-06,0.0258313729697898,0.0,0.0258328223006503,False,,False,No single strong signal; flagged only due to combined weak evidence.,0.0258328607315799,Driven by: physically implausible peer geo-velocity (contributed +0.384); unusually large average transaction amount (contributed +0.353); an unusually high number of incoming payments (contributed +0.257).,,No single strong signal; flagged only due to combined weak evidence.
bc1qowkvn4hjvhc4o8nm292mg1807y9t4xy8a29rjj,0.0011254682216755,0.0245780532584544,0.0,0.025675859662237,False,,False,No single strong signal; flagged only due to combined weak evidence.,0.02570352148013,Driven by: physically implausible peer geo-velocity (contributed +0.387); an unusually extreme single transaction amount (contributed +0.337); unusually large average transaction amount (contributed +0.321).,,No single strong signal; flagged only due to combined weak evidence.
bc1qzyiyn62u8z1xie39zvyec5udotuqajelivwoe5,6.185364148664134e-08,0.0256664863550855,0.0,0.0256665466211614,False,,False,No single strong signal; flagged only due to combined weak evidence.,0.025666548208727,Driven by: an atypical time-of-day transaction pattern (contributed +0.393); an unusually extreme single transaction amount (contributed +0.309); an unusually high number of incoming payments (contributed +0.276).,,No single strong signal; flagged only due to combined weak evidence.
bc1qayk2lalxrkuoysvkea3x8ouzdzhlflfifx97l4,6.391418707323974e-09,0.0255524577565117,0.0,0.0255524639846139,False,,False,No single strong signal; flagged only due to combined weak evidence.,0.0255524641479304,Driven by: an atypical time-of-day transaction pattern (contributed +0.387); an unusually extreme single transaction amount (contributed +0.300); an unusually high number of incoming payments (contributed +0.264).,,No single strong signal; flagged only due to combined weak evidence.
bc1qisnktkp2pxyw7dqtbf6bio00o72q4m8nmkwcj8,1.6577633028838144e-06,0.0255317319170083,0.0,0.0255333473547428,False,,False,No single strong signal; flagged only due to combined weak evidence.,0.0255333896803112,Driven by: physically implausible peer geo-velocity (contributed +0.383); an unusually extreme single transaction amount (contributed +0.338); unusually large average transaction amount (contributed +0.314).,,No single strong signal; flagged only due to combined weak evidence.
bc1qq1d05aqrjs9nptpr2pryvf3tiveh8vfnqgnrhp,1.4700975668791982e-06,0.0255172243323051,0.0,0.0255186569170625,False,,False,No single strong signal; flagged only due to combined weak evidence.,0.0255186944298719,Driven by: physically implausible peer geo-velocity (contributed +0.386); unusually large average transaction amount (contributed +0.360); an unusually high number of incoming payments (contributed +0.259).,,No single strong signal; flagged only due to combined weak evidence.
bc1q81njbuyyzu05z4mljc1bx7qfp8swxqwlqb8kh4,1.2323467161573594e-05,0.0253727759560463,0.0,0.0253847867426365,False,,False,No single strong signal; flagged only due to combined weak evidence.,0.0253850994232078,Driven by: physically implausible peer geo-velocity (contributed +0.383); an unusually extreme single transaction amount (contributed +0.328); unusually large average transaction amount (contributed +0.314).,,No single strong signal; flagged only due to combined weak evidence.
bc1qbjjac9onqyqpx17nqgfxrk1mpla10ib26pzezw,4.475404559163499e-08,0.0253727759560463,0.0,0.0253728195745575,False,,False,No single strong signal; flagged only due to combined weak evidence.,0.0253728207100918,Driven by: physically implausible peer geo-velocity (contributed +0.383); an unusually extreme single transaction amount (contributed +0.328); unusually large average transaction amount (contributed +0.314).,,No single strong signal; flagged only due to combined weak evidence.
bc1qdnfcijtet57muchv5nnp011e2cxv3cx4kafrea,5.282914507549069e-08,0.0253247887937555,0.0,0.0253248402850136,False,,False,No single strong signal; flagged only due to combined weak evidence.,0.0253248416229006,Driven by: physically implausible peer geo-velocity (contributed +0.384); an unusually extreme single transaction amount (contributed +0.328); unusually large average transaction amount (contributed +0.315).,,No single strong signal; flagged only due to combined weak evidence.
bc1qu2rup7fahiapjy1zb62g6b4tsg0s0u50ap1wns,3.1646697420787434e-09,0.0253247887937555,0.0,0.0253247918782807,False,,False,No single strong signal; flagged only due to combined weak evidence.,0.0253247919584252,Driven by: physically implausible peer geo-velocity (contributed +0.384); an unusually extreme single transaction amount (contributed +0.327); unusually large average transaction amount (contributed +0.315).,,No single strong signal; flagged only due to combined weak evidence.
bc1qhxb8b6j393oxesp7j6v4523arbbr7dki5bbkv0,1.550941971060888e-07,0.0250015729243644,0.0,0.0250017241409626,False,,False,No single strong signal; flagged only due to combined weak evidence.,0.0250017280185615,Driven by: physically implausible peer geo-velocity (contributed +0.387); an unusually extreme single transaction amount (contributed +0.334); unusually large average transaction amount (contributed +0.319).,,No single strong signal; flagged only due to combined weak evidence.
bc1qdjwsaaenxxkmlmk4xl1t4nb5go04stis5ntt4z,3.949468932890984e-07,0.0249237271856577,0.0,0.0249241122890024,False,,False,No single strong signal; flagged only due to combined weak evidence.,0.024924122132551,Driven by: physically implausible peer geo-velocity (contributed +0.383); an unusually extreme single transaction amount (contributed +0.330); unusually large average transaction amount (contributed +0.317).,,No single strong signal; flagged only due to combined weak evidence.
bc1qgglcr5p8aacj72hls0qlfti211wy6rr79iv2f1,4.207255965682894e-07,0.0248032956624573,0.0,0.0248037059526725,False,,False,No single strong signal; flagged only due to combined weak evidence.,0.0248037163880539,Driven by: unusually large average transaction amount (contributed +0.398); physically implausible peer geo-velocity (contributed +0.382); an unusually high number of incoming payments (contributed +0.262).,,No single strong signal; flagged only due to combined weak evidence.
bc1q1apgzmkbf6x3l8tvf7mwtz568d2iboctblrwu7,1.5888273880943088e-06,0.0247874838176308,0.0,0.0247890332619857,False,,False,No single strong signal; flagged only due to combined weak evidence.,0.0247890726450189,Driven by: physically implausible peer geo-velocity (contributed +0.384); an unusually extreme single transaction amount (contributed +0.330); unusually large average transaction amount (contributed +0.317).,,No single strong signal; flagged only due to combined weak evidence.
bc1qu6vqs4hufn4vnboobck3ervkdxt3u6okgk8myd,2.9843608774251785e-05,0.0247458714577796,0.0,0.0247749765604473,False,,False,No single strong signal; flagged only due to combined weak evidence.,0.0247757150665539,Driven by: physically implausible peer geo-velocity (contributed +0.386); an unusually extreme single transaction amount (contributed +0.332); unusually large average transaction amount (contributed +0.327).,,No single strong signal; flagged only due to combined weak evidence.
bc1qk9lj3lsjkoqzey6qmjq0h4s41f2gqn8j0we511,1.4655753984762471e-08,0.0247458714577796,0.0,0.0247458857508642,False,,False,No single strong signal; flagged only due to combined weak evidence.,0.0247458861135336,Driven by: physically implausible peer geo-velocity (contributed +0.386); an unusually extreme single transaction amount (contributed +0.332); unusually large average transaction amount (contributed +0.327).,,No single strong signal; flagged only due to combined weak evidence.
bc1q8d9m0ib3w4witr0meva7j6oy77g620cofzowgd,3.3923206025757826e-06,0.0246235636447907,0.0,0.024626872434371,False,,False,No single strong signal; flagged only due to combined weak evidence.,0.0246269559653932,Driven by: unusually large average transaction amount (contributed +0.410); physically implausible peer geo-velocity (contributed +0.378); an unusually high number of incoming payments (contributed +0.259).,,No single strong signal; flagged only due to combined weak evidence.
bc1qgiunwelajm3um94w739v5745ip65plld5obq2s,1.2483078522742036e-09,0.0246019816602908,0.0,0.0246019828778879,False,,False,No single strong signal; flagged only due to combined weak evidence.,0.0246019829085987,Driven by: an atypical time-of-day transaction pattern (contributed +0.343); an unusually extreme single transaction amount (contributed +0.297); an unusually high number of outgoing payments (contributed +0.239).,,No single strong signal; flagged only due to combined weak evidence.
bc1qchaqpkwqzzgus8p6wklx2wedf43390f8nuix6h,1.8142727140429146e-09,0.0245780532584544,0.0,0.0245780550281359,False,,False,No single strong signal; flagged only due to combined weak evidence.,0.0245780550727271,Driven by: physically implausible peer geo-velocity (contributed +0.387); an unusually extreme single transaction amount (contributed +0.337); unusually large average transaction amount (contributed +0.321).,,No single strong signal; flagged only due to combined weak evidence.
bc1qubrj174wyags1kwqjl8ez31t6erq5a83892143,1.4863538788113407e-06,0.0244996187704166,0.0,0.0245010687091922,False,,False,No single strong signal; flagged only due to combined weak evidence.,0.0245011051242954,Driven by: unusually large average transaction amount (contributed +0.315); an atypical time-of-day transaction pattern (contributed +0.304); an unusually high number of incoming payments (contributed +0.264).,,No single strong signal; flagged only due to combined weak evidence.
bc1qw5f0v5vyk7cf2j4l3vv7rmn41r7cx7m59pcyd2,3.11732886640657e-08,0.0244075990492847,0.0,0.0244076294617081,False,,False,No single strong signal; flagged only due to combined weak evidence.,0.0244076302225734,Driven by: physically implausible peer geo-velocity (contributed +0.386); an unusually extreme single transaction amount (contributed +0.328); unusually large average transaction amount (contributed +0.322).,,No single strong signal; flagged only due to combined weak evidence.
bc1qx0bj05mxcpxcx1w80wiixrrmvcdwx9my4i11de,2.7769692754123284e-08,0.0244075990492847,0.0,0.0244076261411859,False,,False,No single strong signal; flagged only due to combined weak evidence.,0.0244076268189774,Driven by: physically implausible peer geo-velocity (contributed +0.386); an unusually extreme single transaction amount (contributed +0.328); unusually large average transaction amount (contributed +0.322).,,No single strong signal; flagged only due to combined weak evidence.
bc1qukhe2o1j4juhwu5k78y0whkyi1w8z6qt33d4f2,1.9265619060107747e-06,0.0242100146119189,0.0,0.0242118945317331,False,,False,No single strong signal; flagged only due to combined weak evidence.,0.024211941173825,Driven by: physically implausible peer geo-velocity (contributed +0.386); an unusually extreme single transaction amount (contributed +0.341); unusually large average transaction amount (contributed +0.320).,,No single strong signal; flagged only due to combined weak evidence.
bc1quhq6q6y5ycnids13pmncyblop6xoybxikpdkuy,2.931207431615155e-07,0.0242100146119189,0.0,0.0242103006362046,False,,False,No single strong signal; flagged only due to combined weak evidence.,0.0242103077326621,Driven by: physically implausible peer geo-velocity (contributed +0.386); an unusually extreme single transaction amount (contributed +0.341); unusually large average transaction amount (contributed +0.320).,,No single strong signal; flagged only due to combined weak evidence.
bc1qwpoozwrsxf8lsmg9rbgxk93rhwh0xfjm4qyo3u,1.6217569185029172e-07,0.0242100146119189,0.0,0.0242101728613349,False,,False,No single strong signal; flagged only due to combined weak evidence.,0.0242101767876108,Driven by: physically implausible peer geo-velocity (contributed +0.386); an unusually extreme single transaction amount (contributed +0.342); unusually large average transaction amount (contributed +0.320).,,No single strong signal; flagged only due to combined weak evidence.
bc1qfe8e5tnlztwxol4bkuu5czeccfs7i19mo1rtsx,4.28006899201137e-07,0.0241839616695586,0.0,0.0241843793255553,False,,False,No single strong signal; flagged only due to combined weak evidence.,0.0241843896764578,Driven by: physically implausible peer geo-velocity (contributed +0.387); an unusually extreme single transaction amount (contributed +0.334); unusually large average transaction amount (contributed +0.327).,,No single strong signal; flagged only due to combined weak evidence.
bc1qi6yb9pdgkrjwtg3fimlcbiedbznmtr28j9bf63,1.9398984278251115e-06,0.0241774259624634,0.0,0.0241793189591406,False,,False,No single strong signal; flagged only due to combined weak evidence.,0.0241793658608912,Driven by: unusually large average transaction amount (contributed +0.402); physically implausible peer geo-velocity (contributed +0.380); an unusually high number of incoming payments (contributed +0.260).,Driven by: variability in the peel-to-remainder ratio (contributed +0.005).,No single strong signal; flagged only due to combined weak evidence.
bc1qnbwidfch3o1hc1vggbit6rbewv68d1rl6zazyx,6.172126426036237e-07,0.0238628414209663,0.0,0.0238634439051614,False,,False,No single strong signal; flagged only due to combined weak evidence.,0.0238634586336089,Driven by: physically implausible peer geo-velocity (contributed +0.385); an unusually extreme single transaction amount (contributed +0.345); unusually large average transaction amount (contributed +0.316).,,No single strong signal; flagged only due to combined weak evidence.
bc1qixwmvxxogwynkflttu2a8ts171sd6qk06hoi9s,4.364901955045918e-06,0.0238017412582037,0.0,0.0238060022678918,False,,False,No single strong signal; flagged only due to combined weak evidence.,0.0238061061601587,Driven by: unusually large average transaction amount (contributed +0.403); physically implausible peer geo-velocity (contributed +0.382); an unusually high number of incoming payments (contributed +0.259).,,No single strong signal; flagged only due to combined weak evidence.
bc1qmyz20fed9q7gqjt510lk872pk69cdotvoiwatx,2.078795331469753e-08,0.0236588437318455,0.0,0.02365886402798,False,,False,No single strong signal; flagged only due to combined weak evidence.,0.0236588645197988,Driven by: physically implausible peer geo-velocity (contributed +0.386); an unusually extreme single transaction amount (contributed +0.333); unusually large average transaction amount (contributed +0.323).,,No single strong signal; flagged only due to combined weak evidence.
bc1qnhxf4t8ma1024rv3nsxof6t6weggh02wpkqj39,1.636064598992538e-06,0.0233924205729439,0.0,0.0233940183660317,False,,False,No single strong signal; flagged only due to combined weak evidence.,0.0233940566375429,Driven by: physically implausible peer geo-velocity (contributed +0.385); an unusually extreme single transaction amount (contributed +0.336); unusually large average transaction amount (contributed +0.326).,,No single strong signal; flagged only due to combined weak evidence.
bc1qdvvpgb8iy525fnscqqavaqdmfztgp8d20gm62s,5.209477175386837e-06,0.0129487240760266,0.01,0.0228243274361483,False,,False,No single strong signal; flagged only due to combined weak evidence.,0.022953933553202,Driven by: unusually large average transaction amount (contributed +0.353); an atypical time-of-day transaction pattern (contributed +0.320); an unusually high number of incoming payments (contributed +0.266).,Driven by: variability in the peel-to-remainder ratio (contributed +0.008).,No single strong signal; flagged only due to combined weak evidence.
bc1qm305t1ww8pawhlq7ar42ddkoxn4kda24mks9vi,9.555199805295714e-07,0.022655833093681,0.0,0.0226567669655604,False,,False,No single strong signal; flagged only due to combined weak evidence.,0.0226567886136615,Driven by: physically implausible peer geo-velocity (contributed +0.384); unusually large average transaction amount (contributed +0.369); an unusually extreme single transaction amount (contributed +0.273).,,No single strong signal; flagged only due to combined weak evidence.
bc1qi1txd42gfau14bo8i5mmqebbeljqik8ic6jtem,1.5901908052646152e-06,0.0222623146817153,0.0,0.0222638694711925,False,,False,No single strong signal; flagged only due to combined weak evidence.,0.0222639048725206,Driven by: an atypical time-of-day transaction pattern (contributed +0.352); unusually large average transaction amount (contributed +0.320); an unusually high number of incoming payments (contributed +0.258).,,No single strong signal; flagged only due to combined weak evidence.
bc1qk85jyyfk31avpm6dysx9ojwudrgtz6ql3e49yw,7.938192406648027e-08,0.0221679853079652,0.0,0.0221680629301519,False,,False,No single strong signal; flagged only due to combined weak evidence.,0.0221680646898893,Driven by: an atypical time-of-day transaction pattern (contributed +0.386); an unusually extreme single transaction amount (contributed +0.320); an unusually high number of incoming payments (contributed +0.270).,,No single strong signal; flagged only due to combined weak evidence.
bc1qh3l16cr3uv43mco075re0drimr25i7a2hvnyar,7.26104037600304e-08,0.0220724309370058,0.0,0.0220725019447215,False,,False,No single strong signal; flagged only due to combined weak evidence.,0.0220725035474096,Driven by: an atypical time-of-day transaction pattern (contributed +0.365); unusually large average transaction amount (contributed +0.306); an unusually high number of incoming payments (contributed +0.260).,,No single strong signal; flagged only due to combined weak evidence.
bc1qb8innu7pggminudc32gy422kkwfapg0jg3ytii,1.0495386886638517e-07,0.0215054256794792,0.0,0.0215055283762704,False,,False,No single strong signal; flagged only due to combined weak evidence.,0.0215055306333481,Driven by: an atypical time-of-day transaction pattern (contributed +0.360); an unusually extreme single transaction amount (contributed +0.289); an unusually high number of incoming payments (contributed +0.261).,,No single strong signal; flagged only due to combined weak evidence.
bc1qklmszclm4f8fws0gv4qmp5jhdt6293tlo1i7xj,1.3236291758925237e-06,0.0213354076839918,0.0,0.0213367030729996,False,,False,No single strong signal; flagged only due to combined weak evidence.,0.0213367313131677,Driven by: an atypical time-of-day transaction pattern (contributed +0.345); unusually large average transaction amount (contributed +0.335); an unusually high number of incoming payments (contributed +0.249).,,No single strong signal; flagged only due to combined weak evidence.
bc1qp4xgq78u42i3p4lfdj2q8d5z85461bochtcx5r,0.0014189969753554,0.0194625909429082,0.0,0.0208539705605831,False,,False,No single strong signal; flagged only due to combined weak evidence.,0.0208815879182636,Driven by: unusually large average transaction amount (contributed +0.392); physically implausible peer geo-velocity (contributed +0.388); an unusually extreme single transaction amount (contributed +0.280).,,No single strong signal; flagged only due to combined weak evidence.
bc1qzflmr19ik85encce4haecp3gkqryy8nxw068ax,1.574880352176972e-06,0.0202653842436685,0.0,0.0202669272084652,False,,False,No single strong signal; flagged only due to combined weak evidence.,0.0202669591240206,Driven by: physically implausible peer geo-velocity (contributed +0.394); unusually large average transaction amount (contributed +0.382); an unusually extreme single transaction amount (contributed +0.290).,,No single strong signal; flagged only due to combined weak evidence.
bc1qbcez15rvmk6ttgdl970sdotaiecevs40w58cm1,7.748451013142277e-07,0.0202319012199887,0.0,0.0202326603885004,False,,False,No single strong signal; flagged only due to combined weak evidence.,0.0202326760650901,Driven by: physically implausible peer geo-velocity (contributed +0.394); unusually large average transaction amount (contributed +0.391); an unusually extreme single transaction amount (contributed +0.293).,,No single strong signal; flagged only due to combined weak evidence.
bc1qlbna0236qk3qhad3m6jr8fl9v2qji47jwu7sa7,1.6908326909790662e-05,0.0201339833137535,0.0,0.0201505512086915,False,,False,No single strong signal; flagged only due to combined weak evidence.,0.0201508916406633,Driven by: physically implausible peer geo-velocity (contributed +0.391); unusually large average transaction amount (contributed +0.352); an unusually extreme single transaction amount (contributed +0.347).,,No single strong signal; flagged only due to combined weak evidence.
bc1q8w63qbvqchny2n5tna623br3d71eezuh9wl4b7,1.806467033162202e-07,0.0201339833137535,0.0,0.0201341603233191,False,,False,No single strong signal; flagged only due to combined weak evidence.,0.0201341639604568,Driven by: physically implausible peer geo-velocity (contributed +0.391); unusually large average transaction amount (contributed +0.352); an unusually extreme single transaction amount (contributed +0.347).,,No single strong signal; flagged only due to combined weak evidence.
bc1qw0dljt3uwewsmstrvbb5pt28mta5x93uxm2c6k,2.528268451359506e-07,0.020022576830853,0.0,0.0200228245954532,False,,False,No single strong signal; flagged only due to combined weak evidence.,0.0200228296576982,Driven by: unusually large average transaction amount (contributed +0.403); physically implausible peer geo-velocity (contributed +0.393); an unusually extreme single transaction amount (contributed +0.272).,,No single strong signal; flagged only due to combined weak evidence.
bc1qluo6phyovjmvaum2kn2xhqshb0dx087nny9mo2,2.414538409711307e-07,0.0198080308880616,0.0,0.0198082675591774,False,,False,No single strong signal; flagged only due to combined weak evidence.,0.0198082723419025,Driven by: physically implausible peer geo-velocity (contributed +0.390); unusually large average transaction amount (contributed +0.359); an unusually extreme single transaction amount (contributed +0.348).,,No single strong signal; flagged only due to combined weak evidence.
bc1qkmq9uqwfn55lk9uawwpvc0azp79uvhsdux5wk8,8.889406367316043e-05,0.0196068098436771,0.0,0.0196939609783476,False,,False,No single strong signal; flagged only due to combined weak evidence.,0.0196957039073502,Driven by: physically implausible peer geo-velocity (contributed +0.396); unusually large average transaction amount (contributed +0.382); an unusually extreme single transaction amount (contributed +0.297).,,No single strong signal; flagged only due to combined weak evidence.
bc1qk1qrrn5n5ehq403ivwackln9tlyo674dphu2xr,4.865442416740406e-06,0.019608818591082,0.0,0.0196135886279211,False,,False,No single strong signal; flagged only due to combined weak evidence.,0.0196136840334988,Driven by: physically implausible peer geo-velocity (contributed +0.394); unusually large average transaction amount (contributed +0.382); an unusually extreme single transaction amount (contributed +0.294).,,No single strong signal; flagged only due to combined weak evidence.
bc1q2c9ypc45u2691456h95d9y8y0awrhqs9dvelyv,9.369432213969052e-07,0.019608818591082,0.0,0.0196097371619539,False,,False,No single strong signal; flagged only due to combined weak evidence.,0.0196097555343034,Driven by: physically implausible peer geo-velocity (contributed +0.394); unusually large average transaction amount (contributed +0.382); an unusually extreme single transaction amount (contributed +0.294).,,No single strong signal; flagged only due to combined weak evidence.
bc1qaobc3oko3vpk2u4avpmx5l77ibrsjox505xf36,8.069159052635571e-07,0.019608818591082,0.0,0.0196096096843197,False,,False,No single strong signal; flagged only due to combined weak evidence.,0.0196096255069873,Driven by: physically implausible peer geo-velocity (contributed +0.394); unusually large average transaction amount (contributed +0.382); an unusually extreme single transaction amount (contributed +0.294).,,No single strong signal; flagged only due to combined weak evidence.
bc1qbtt9paf667ztt7f1up4phfaxi1s9npaxuzmxl2,1.4406925520088338e-07,0.0196068098436771,0.0,0.0196069510881938,False,,False,No single strong signal; flagged only due to combined weak evidence.,0.0196069539129323,Driven by: physically implausible peer geo-velocity (contributed +0.395); unusually large average transaction amount (contributed +0.382); an unusually extreme single transaction amount (contributed +0.298).,,No single strong signal; flagged only due to combined weak evidence.
bc1qqtzjs6pvs9v9bd9zmq77hns54gwdfo1nnj5rxc,5.212569718500035e-07,0.0195972982610479,0.0,0.0195978093027914,False,,False,No single strong signal; flagged only due to combined weak evidence.,0.0195978195180197,Driven by: an atypical time-of-day transaction pattern (contributed +0.331); unusually large average transaction amount (contributed +0.296); an unusually extreme single transaction amount (contributed +0.271).,,No single strong signal; flagged only due to combined weak evidence.
bc1q63qe8nvn439enga01yzg3w3h98brzva9wdjsgg,3.782014934704831e-08,0.0195370546094355,0.0,0.0195370916906906,False,,False,No single strong signal; flagged only due to combined weak evidence.,0.0195370924295848,Driven by: an atypical time-of-day transaction pattern (contributed +0.369); an unusually extreme single transaction amount (contributed +0.284); an unusually high number of incoming payments (contributed +0.255).,,No single strong signal; flagged only due to combined weak evidence.
bc1qrzcm8jj6avp1eoxlzki2so19v58b1v1ccofh91,2.174478545759218e-07,0.0193438049660298,0.0,0.0193440182076155,False,,False,No single strong signal; flagged only due to combined weak evidence.,0.0193440224138844,Driven by: unusually large average transaction amount (contributed +0.328); an atypical time-of-day transaction pattern (contributed +0.319); an unusually high number of incoming payments (contributed +0.263).,,No single strong signal; flagged only due to combined weak evidence.
bc1qu9sh7n1bqg3dcmyxbd07q2jbtzgtld6f0n3it2,2.975572524793996e-07,0.0191406880006333,0.0,0.0191409798624353,False,,False,No single strong signal; flagged only due to combined weak evidence.,0.0191409855578858,Driven by: an atypical time-of-day transaction pattern (contributed +0.384); an unusually extreme single transaction amount (contributed +0.298); an unusually high number of incoming payments (contributed +0.266).,,No single strong signal; flagged only due to combined weak evidence.
bc1qii7vxtrqindamt8qm76287fdv21ndcs1uyszde,1.0276475211674072e-07,0.0189270294038594,0.0,0.01892713022358,False,,False,No single strong signal; flagged only due to combined weak evidence.,0.0189271321686115,Driven by: physically implausible peer geo-velocity (contributed +0.391); unusually large average transaction amount (contributed +0.358); an unusually extreme single transaction amount (contributed +0.351).,,No single strong signal; flagged only due to combined weak evidence.
bc1q4j90vb1c4w9i40qpf8m72zkeocec3091kyv7jj,1.217397592137926e-07,0.0187495967373183,0.0,0.0187497161945061,False,,False,No single strong signal; flagged only due to combined weak evidence.,0.0187497184770775,Driven by: an atypical time-of-day transaction pattern (contributed +0.379); an unusually extreme single transaction amount (contributed +0.321); an unusually high number of incoming payments (contributed +0.277).,,No single strong signal; flagged only due to combined weak evidence.
bc1qb08vydwox06zxunhu25z8kq86ynii88bycznyr,1.888719766336878e-08,0.0184685193755896,0.0,0.0184685379139688,False,,False,No single strong signal; flagged only due to combined weak evidence.,0.0184685382627873,Driven by: an atypical time-of-day transaction pattern (contributed +0.360); an unusually extreme single transaction amount (contributed +0.292); an unusually high number of outgoing payments (contributed +0.253).,,No single strong signal; flagged only due to combined weak evidence.
bc1quqdn05xt54fn5g77lk6hqiv929sevl7fq8aby5,0.0005100082765615,0.0179097054861393,0.0,0.0184105796646721,False,,False,No single strong signal; flagged only due to combined weak evidence.,0.0184197137627009,Driven by: unusually large average transaction amount (contributed +0.338); an atypical time-of-day transaction pattern (contributed +0.316); an unusually high number of incoming payments (contributed +0.256).,,No single strong signal; flagged only due to combined weak evidence.
bc1qchatndfo6sa8zovs32ykcd3i4z4yidzyning1f,2.9419666601002623e-08,0.0183427331425767,0.0,0.0183427620226062,False,,False,No single strong signal; flagged only due to combined weak evidence.,0.0183427625622433,Driven by: an atypical time-of-day transaction pattern (contributed +0.404); an unusually extreme single transaction amount (contributed +0.322); an unusually high number of incoming payments (contributed +0.286).,,No single strong signal; flagged only due to combined weak evidence.
bc1q3rsasvi1x1vh3ji9pvmtm12lc9bgjq0aqk711u,4.001381914205563e-07,0.0183270102050989,0.0,0.0183274030099537,False,,False,No single strong signal; flagged only due to combined weak evidence.,0.0183274103432903,Driven by: physically implausible peer geo-velocity (contributed +0.391); unusually large average transaction amount (contributed +0.365); an unusually extreme single transaction amount (contributed +0.335).,,No single strong signal; flagged only due to combined weak evidence.
bc1qrh4k4jken2cqxrqtwceecfvsjw7tbddcmoq5pl,2.912217724594456e-07,0.0183270102050989,0.0,0.018327296089647,False,,False,No single strong signal; flagged only due to combined weak evidence.,0.0183273014268714,Driven by: physically implausible peer geo-velocity (contributed +0.391); unusually large average transaction amount (contributed +0.365); an unusually extreme single transaction amount (contributed +0.335).,,No single strong signal; flagged only due to combined weak evidence.
bc1qx2hk5gyimq5glhc0dj96irx3nghb3cjop0vea3,9.523496505645444e-07,0.0182829591130996,0.0,0.0182838940509805,False,,False,No single strong signal; flagged only due to combined weak evidence.,0.0182839114627501,Driven by: unusually large average transaction amount (contributed +0.397); physically implausible peer geo-velocity (contributed +0.390); an unusually extreme single transaction amount (contributed +0.291).,,No single strong signal; flagged only due to combined weak evidence.
bc1qmh0n5o9r7lj5mv6b6rj09weew0oz2wcvft9o07,5.569110237473438e-05,0.0179819044071452,0.0,0.0180365940774406,False,,False,No single strong signal; flagged only due to combined weak evidence.,0.0180375955095199,Driven by: an atypical time-of-day transaction pattern (contributed +0.340); an unusually extreme single transaction amount (contributed +0.327); unusually large average transaction amount (contributed +0.268).,,No single strong signal; flagged only due to combined weak evidence.
bc1q5qmktgv44ftj5ccasbuov6tt9q1ni10kqsosx4,2.5162874287850252e-08,0.0179248505572099,0.0,0.0179248752690435,False,,False,No single strong signal; flagged only due to combined weak evidence.,0.0179248757200842,Driven by: an atypical time-of-day transaction pattern (contributed +0.391); an unusually extreme single transaction amount (contributed +0.340); unusually large average transaction amount (contributed +0.291).,,No single strong signal; flagged only due to combined weak evidence.
bc1q45j8o98bujds0sp8jb6l4pesrss0np99wihxbx,0.0003227762913861,0.0174957386612942,0.0,0.0178128677430402,False,,False,No single strong signal; flagged only due to combined weak evidence.,0.0178185149526804,Driven by: unusually large average transaction amount (contributed +0.410); physically implausible peer geo-velocity (contributed +0.394); an unusually extreme single transaction amount (contributed +0.292).,,No single strong signal; flagged only due to combined weak evidence.
bc1qb38yhedxfe3jwe46xaad0xh2mecyjxp7x80nhj,1.5383416767591786e-06,0.0175943601586496,0.0,0.0175958714341888,False,,False,No single strong signal; flagged only due to combined weak evidence.,0.0175958985003264,Driven by: unusually large average transaction amount (contributed +0.395); physically implausible peer geo-velocity (contributed +0.390); an unusually extreme single transaction amount (contributed +0.298).,,No single strong signal; flagged only due to combined weak evidence.
bc1qjb8jxkq054cfg79kt10r709q6ohxxyfgg3ty36,1.4430314196625747e-06,0.0175548802982914,0.0,0.0175562979974672,False,,False,No single strong signal; flagged only due to combined weak evidence.,0.0175563233297111,Driven by: physically implausible peer geo-velocity (contributed +0.393); unusually large average transaction amount (contributed +0.368); an unusually extreme single transaction amount (contributed +0.337).,,No single strong signal; flagged only due to combined weak evidence.
bc1qvi7lig9gmykvygw22ygyzthqse0kivwm53noz7,5.111032928530915e-08,0.0175353977877689,0.0,0.0175354480018582,False,,False,No single strong signal; flagged only due to combined weak evidence.,0.0175354488980982,Driven by: an atypical time-of-day transaction pattern (contributed +0.366); an unusually extreme single transaction amount (contributed +0.328); an unusually high number of outgoing payments (contributed +0.257).,,No single strong signal; flagged only due to combined weak evidence.
bc1qx3x10y14dsf2uwufuk15u2486d43i21pu8bwau,2.6319357106898176e-06,0.0175020162392401,0.0,0.0175046021107692,False,,False,No single strong signal; flagged only due to combined weak evidence.,0.0175046481749507,Driven by: an atypical time-of-day transaction pattern (contributed +0.327); an unusually extreme single transaction amount (contributed +0.318); unusually large average transaction amount (contributed +0.301).,,No single strong signal; flagged only due to combined weak evidence.
bc1qdsp7iothieht1sem5pspu69cmnjtulr7z3uorw,9.529694818503064e-07,0.0174957386612942,0.0,0.0174966749578711,False,,False,No single strong signal; flagged only due to combined weak evidence.,0.0174966916307761,Driven by: unusually large average transaction amount (contributed +0.410); physically implausible peer geo-velocity (contributed +0.394); an unusually extreme single transaction amount (contributed +0.291).,,No single strong signal; flagged only due to combined weak evidence.
bc1qv0pmqf6br2led4ouv73l5kkynlckllzssxon55,1.8145248079067484e-06,0.0173733071153103,0.0,0.0173750901158215,False,,False,No single strong signal; flagged only due to combined weak evidence.,0.0173751216401182,Driven by: unusually large average transaction amount (contributed +0.390); physically implausible peer geo-velocity (contributed +0.388); an unusually extreme single transaction amount (contributed +0.299).,,No single strong signal; flagged only due to combined weak evidence.
bc1qht1u37eb8qhs9ckhawv8ab40oobagxkk36qstt,0.0001726811613233,0.0171533993777898,0.0,0.0173231184701879,False,,False,No single strong signal; flagged only due to combined weak evidence.,0.0173260805391132,Driven by: physically implausible peer geo-velocity (contributed +0.394); unusually large average transaction amount (contributed +0.381); an unusually extreme single transaction amount (contributed +0.297).,,No single strong signal; flagged only due to combined weak evidence.
bc1q9pyqld56yjv601s9bay6b0m1g0e5h0e8bcaokp,2.427200918816084e-05,0.0172550119888589,0.0,0.0172788651842376,False,,False,No single strong signal; flagged only due to combined weak evidence.,0.017279283998047,Driven by: unusually large average transaction amount (contributed +0.390); physically implausible peer geo-velocity (contributed +0.390); an unusually extreme single transaction amount (contributed +0.302).,,No single strong signal; flagged only due to combined weak evidence.
bc1qn3t85svp9io1q9hw1o8thscwd7x2n8lytg2ol0,1.4887846641390177e-06,0.0172550119888589,0.0,0.0172564750845257,False,,False,No single strong signal; flagged only due to combined weak evidence.,0.017256500773523,Driven by: unusually large average transaction amount (contributed +0.390); physically implausible peer geo-velocity (contributed +0.390); an unusually extreme single transaction amount (contributed +0.302).,,No single strong signal; flagged only due to combined weak evidence.
bc1q8ia619q1j10idsffq0nezh1u9c245o7o7gri9e,4.242920533608628e-07,0.0171564467525196,0.0,0.0171568637652289,False,,False,No single strong signal; flagged only due to combined weak evidence.,0.0171568710445729,Driven by: physically implausible peer geo-velocity (contributed +0.393); unusually large average transaction amount (contributed +0.363); an unusually extreme single transaction amount (contributed +0.340).,,No single strong signal; flagged only due to combined weak evidence.
bc1qjh4oulyo3pjbrhwbqh5t2d8vet8an2lm1cbht9,1.6851238036454643e-08,0.0170440364512199,0.0,0.0170440530152449,False,,False,No single strong signal; flagged only due to combined weak evidence.,0.017044053302458,Driven by: an atypical time-of-day transaction pattern (contributed +0.381); an unusually extreme single transaction amount (contributed +0.319); unusually large average transaction amount (contributed +0.271).,,No single strong signal; flagged only due to combined weak evidence.
bc1qvllbtxjuvrm28r3xmv6uvg7kmk07faewve14ql,1.239915288080741e-07,0.0169749349841154,0.0,0.016975056870896,False,,False,No single strong signal; flagged only due to combined weak evidence.,0.0169750589756442,Driven by: unusually large average transaction amount (contributed +0.392); physically implausible peer geo-velocity (contributed +0.388); an unusually extreme single transaction amount (contributed +0.301).,,No single strong signal; flagged only due to combined weak evidence.
bc1qhn20gpw2po6tot087bbmux7zheqn664jy908qd,2.207962168871611e-06,0.0169521398999011,0.0,0.0169543104323864,False,,False,No single strong signal; flagged only due to combined weak evidence.,0.01695434786207,Driven by: unusually large average transaction amount (contributed +0.398); physically implausible peer geo-velocity (contributed +0.388); an unusually extreme single transaction amount (contributed +0.295).,,No single strong signal; flagged only due to combined weak evidence.
bc1q87tletbw4ybypjqwys36eyfa2u5qh1ptxgsrmq,4.320807858420926e-07,0.0168946304745437,0.0,0.0168950552554844,False,,False,No single strong signal; flagged only due to combined weak evidence.,0.0168950625553295,Driven by: physically implausible peer geo-velocity (contributed +0.393); unusually large average transaction amount (contributed +0.384); an unusually extreme single transaction amount (contributed +0.297).,,No single strong signal; flagged only due to combined weak evidence.
bc1qq37csuytaul62cf4mntfvge2l4zjd5n3ksgnbh,2.588423868280658e-07,0.0164782271936587,0.0,0.0164784817707819,False,,False,No single strong signal; flagged only due to combined weak evidence.,0.0164784860360456,Driven by: unusually large average transaction amount (contributed +0.332); an atypical time-of-day transaction pattern (contributed +0.327); an unusually high number of incoming payments (contributed +0.269).,,No single strong signal; flagged only due to combined weak evidence.
bc1q8jo5xmdda47ofoptk2yi5yh7rpv6wbxj72i2dp,7.208571522519748e-07,0.0163776562805917,0.0,0.0163783653317933,False,,False,No single strong signal; flagged only due to combined weak evidence.,0.016378377137744,Driven by: unusually large average transaction amount (contributed +0.398); physically implausible peer geo-velocity (contributed +0.388); an unusually extreme single transaction amount (contributed +0.297).,,No single strong signal; flagged only due to combined weak evidence.
bc1q952paxv4auxb59roga72ysqrrbjvene8dmx1vo,0.0054211135669236,0.0109599690523144,0.0,0.0163216673823155,False,,False,No single strong signal; flagged only due to combined weak evidence.,0.016381082619238,Driven by: unusually large average transaction amount (contributed +0.331); an atypical time-of-day transaction pattern (contributed +0.330); an unusually high number of incoming payments (contributed +0.268).,,No single strong signal; flagged only due to combined weak evidence.
bc1q6y8n5mu56ffjl7mhek99l1g2undquh7icpl6rm,3.728876054218404e-08,0.0159853297060787,0.0,0.0159853663987662,False,,False,No single strong signal; flagged only due to combined weak evidence.,0.0159853669948393,Driven by: physically implausible peer geo-velocity (contributed +0.391); unusually large average transaction amount (contributed +0.372); an unusually extreme single transaction amount (contributed +0.362).,,No single strong signal; flagged only due to combined weak evidence.
bc1q2k6mu0d1tt03vszvgghugt7sayqn92t2krynla,8.373779204233984e-05,0.015863981082063,0.0,0.0159463904593566,False,,False,No single strong signal; flagged only due to combined weak evidence.,0.0159477188741054,Driven by: physically implausible peer geo-velocity (contributed +0.394); unusually large average transaction amount (contributed +0.375); an unusually extreme single transaction amount (contributed +0.336).,,No single strong signal; flagged only due to combined weak evidence.
bc1q4nzkrsn8l0uw6ik209ei8xq6tclk04p2ek1hw6,3.925146648817441e-07,0.015898812767234,0.0,0.0158991990413817,False,,False,No single strong signal; flagged only due to combined weak evidence.,0.0158992052818989,Driven by: an atypical time-of-day transaction pattern (contributed +0.327); unusually large average transaction amount (contributed +0.320); an unusually high number of incoming payments (contributed +0.266).,,No single strong signal; flagged only due to combined weak evidence.
bc1qw819fmsyg91mmo1ds3hgw10c9ix6r1nxhbqam9,1.7211815909737284e-08,0.0158591615028872,0.0,0.0158591784417381,False,,False,No single strong signal; flagged only due to combined weak evidence.,0.0158591787147031,Driven by: an atypical time-of-day transaction pattern (contributed +0.366); an unusually extreme single transaction amount (contributed +0.291); an unusually high number of outgoing payments (contributed +0.259).,,No single strong signal; flagged only due to combined weak evidence.
bc1qqdji6sow4yif5d9rexpfsltj669rea3y0xaobk,8.223615284630152e-07,0.0155747693511837,0.0,0.015575578904621,False,,False,No single strong signal; flagged only due to combined weak evidence.,0.0155755917127122,Driven by: an atypical time-of-day transaction pattern (contributed +0.384); an unusually extreme single transaction amount (contributed +0.324); unusually large average transaction amount (contributed +0.276).,,No single strong signal; flagged only due to combined weak evidence.
bc1q4t3y4wpwg3xg0trky8ryozdppbquakx6wb68q0,1.5796405180583085e-08,0.0154118871849557,0.0,0.0154119027379086,False,,False,No single strong signal; flagged only due to combined weak evidence.,0.0154119029813609,Driven by: unusually large average transaction amount (contributed +0.327); an atypical time-of-day transaction pattern (contributed +0.324); an unusually extreme single transaction amount (contributed +0.246).,,No single strong signal; flagged only due to combined weak evidence.
bc1qxco59avh094ipzgrspiw06ny41uiw5e1qml5mq,4.057115649341375e-07,0.01515736727244,0.0,0.0151577668344856,False,,False,No single strong signal; flagged only due to combined weak evidence.,0.0151577729840049,Driven by: unusually large average transaction amount (contributed +0.412); physically implausible peer geo-velocity (contributed +0.389); an unusually extreme single transaction amount (contributed +0.300).,,No single strong signal; flagged only due to combined weak evidence.
bc1qf4jm8r7a4k33s5r25zfc1k8j0kkagiqdz7y95c,7.866934617521153e-07,0.0150326771361628,0.0,0.0150334520035156,False,,False,No single strong signal; flagged only due to combined weak evidence.,0.0150334638296245,Driven by: an atypical time-of-day transaction pattern (contributed +0.395); an unusually extreme single transaction amount (contributed +0.335); an unusually high number of incoming payments (contributed +0.267).,,No single strong signal; flagged only due to combined weak evidence.
bc1qcvs3zrb9opllv12bvxejaxvt7cz14wjai9c2bv,3.0543404210552013e-06,0.0149244190964632,0.0,0.0149274278526277,False,,False,No single strong signal; flagged only due to combined weak evidence.,0.0149274734368843,Driven by: physically implausible peer geo-velocity (contributed +0.395); an unusually extreme single transaction amount (contributed +0.371); unusually large average transaction amount (contributed +0.369).,,No single strong signal; flagged only due to combined weak evidence.
bc1qc7hp4nn4gct8bwk8xn29gxekbzcmlox8gct3m9,3.769958062948295e-07,0.0146087471811597,0.0,0.0146091186695296,False,,False,No single strong signal; flagged only due to combined weak evidence.,0.014609124176966,Driven by: an atypical time-of-day transaction pattern (contributed +0.386); unusually large average transaction amount (contributed +0.280); an unusually high number of incoming payments (contributed +0.271).,,No single strong signal; flagged only due to combined weak evidence.
bc1q8iio1q3dzvwe8g358geejgbjxg56w0mqa1ccyy,2.634255954596588e-07,0.0145295124445355,0.0,0.0145297720426855,False,,False,No single strong signal; flagged only due to combined weak evidence.,0.014529775870131,Driven by: an atypical time-of-day transaction pattern (contributed +0.351); an unusually extreme single transaction amount (contributed +0.311); an unusually high number of outgoing payments (contributed +0.252).,,No single strong signal; flagged only due to combined weak evidence.
bc1qcyx97i98ufqau5sefmm3jt4lmag75to3e1e42t,1.0088889573858056e-06,0.014503619716197,0.0,0.0145046139726126,False,,False,No single strong signal; flagged only due to combined weak evidence.,0.0145046286051543,Driven by: unusually large average transaction amount (contributed +0.406); physically implausible peer geo-velocity (contributed +0.398); an unusually extreme single transaction amount (contributed +0.299).,,No single strong signal; flagged only due to combined weak evidence.
bc1qh1xllf6em3znwsztpvadzueh4jgw9krbe6eyox,1.2559453184795698e-07,0.0143968996417607,0.0,0.0143970234281207,False,,False,No single strong signal; flagged only due to combined weak evidence.,0.0143970252362925,Driven by: physically implausible peer geo-velocity (contributed +0.395); an unusually extreme single transaction amount (contributed +0.374); unusually large average transaction amount (contributed +0.372).,,No single strong signal; flagged only due to combined weak evidence.
bc1qcfhd82p5ejrsbblbadkel21aa6y87qs7jp1ilr,1.294410199016185e-07,0.0139985597038808,0.0,0.0139986873329128,False,,False,No single strong signal; flagged only due to combined weak evidence.,0.0139986891449007,Driven by: physically implausible peer geo-velocity (contributed +0.396); unusually large average transaction amount (contributed +0.393); an unusually extreme single transaction amount (contributed +0.313).,,No single strong signal; flagged only due to combined weak evidence.
bc1qce60jldblmc6xkne8ita84dq6xnvelhiymgdmw,2.425635468263224e-06,0.0131812686695091,0.0,0.0131836623320246,False,,False,No single strong signal; flagged only due to combined weak evidence.,0.0131836943049774,Driven by: unusually large average transaction amount (contributed +0.401); physically implausible peer geo-velocity (contributed +0.396); an unusually extreme single transaction amount (contributed +0.318).,,No single strong signal; flagged only due to combined weak evidence.
bc1qhonbpqga6x85zzhjy8gy39bu4uz2z0kdn3tn60,4.431427917365802e-09,0.013065770034453,0.0,0.0130657744079809,False,,False,No single strong signal; flagged only due to combined weak evidence.,0.0130657744658809,Driven by: an atypical time-of-day transaction pattern (contributed +0.383); an unusually extreme single transaction amount (contributed +0.323); an unusually high number of incoming payments (contributed +0.273).,,No single strong signal; flagged only due to combined weak evidence.
bc1qp1zscmo1pob7fu99259p5z5zlm36vfox5wwpm3,2.352444207025861e-08,0.0128791055196897,0.0,0.012879128741158,False,,False,No single strong signal; flagged only due to combined weak evidence.,0.0128791290441318,Driven by: an atypical time-of-day transaction pattern (contributed +0.336); unusually large average transaction amount (contributed +0.327); an unusually extreme single transaction amount (contributed +0.248).,,No single strong signal; flagged only due to combined weak evidence.
bc1qgcts8h5bqd2ugqbyns7easw23ogq7ysx5tuan5,1.267916477594169e-10,0.0121639838700748,0.0,0.0121639839953241,False,,False,No single strong signal; flagged only due to combined weak evidence.,0.0121639839968664,Driven by: an atypical time-of-day transaction pattern (contributed +0.375); an unusually extreme single transaction amount (contributed +0.307); an unusually high number of incoming payments (contributed +0.270).,,No single strong signal; flagged only due to combined weak evidence.
bc1qas1ektyr1k12v2tg5pizx3hcws2wyjxtjgcedq,0.0,0.0121527591339455,0.0,0.0121527591339455,False,,False,No single strong signal; flagged only due to combined weak evidence.,0.0121527591339455,Driven by: an atypical time-of-day transaction pattern (contributed +0.322); unusually large average transaction amount (contributed +0.291); an unusually extreme single transaction amount (contributed +0.278).,,No single strong signal; flagged only due to combined weak evidence.
bc1qfkplpcgbqlc9eyd3mynueuvld7p441jwyr248x,4.517260214079132e-07,0.0021278924204124,0.01,0.0121070597533573,False,,False,No single strong signal; flagged only due to combined weak evidence.,0.0121283441464338,Driven by: an atypical time-of-day transaction pattern (contributed +0.369); an unusually extreme single transaction amount (contributed +0.331); an unusually high number of incoming payments (contributed +0.287).,No individual feature stood out; flagged only by combined weak signals.,No single strong signal; flagged only due to combined weak evidence.
bc1qup30l1r99m2kktbk5p24t9n44fbv46mu62oedr,7.645133801294636e-06,0.0113818750888702,0.0,0.0113894332067134,False,,False,No single strong signal; flagged only due to combined weak evidence.,0.0113895202226715,Driven by: unusually large average transaction amount (contributed +0.333); an atypical time-of-day transaction pattern (contributed +0.329); an unusually high number of incoming payments (contributed +0.275).,,No single strong signal; flagged only due to combined weak evidence.
bc1qml12p5wpvi06b8msg4ogb1lrxgkekt0kxgntus,4.8624877427711e-07,0.0112792385767946,0.0,0.0112797193410529,False,,False,No single strong signal; flagged only due to combined weak evidence.,0.0112797248255689,Driven by: unusually large average transaction amount (contributed +0.351); an atypical time-of-day transaction pattern (contributed +0.323); an unusually high number of incoming payments (contributed +0.266).,,No single strong signal; flagged only due to combined weak evidence.
bc1qp93nyh90en4iedbtfdcdqvul7jmdxubc6a41l1,2.0267613082031917e-08,0.0107129200908573,0.0,0.010712940141345,False,,False,No single strong signal; flagged only due to combined weak evidence.,0.0107129403584704,Driven by: an atypical time-of-day transaction pattern (contributed +0.374); an unusually extreme single transaction amount (contributed +0.290); an unusually high number of incoming payments (contributed +0.262).,,No single strong signal; flagged only due to combined weak evidence.
bc1qi1wr63juwmw3m4dy99o3ucr68nixc6odr9houn,4.498069298377188e-06,0.0104580159663641,0.0,0.010462466994782,False,,False,No single strong signal; flagged only due to combined weak evidence.,0.0104625140356625,Driven by: an atypical time-of-day transaction pattern (contributed +0.351); an unusually extreme single transaction amount (contributed +0.344); an unusually high number of outgoing payments (contributed +0.251).,,No single strong signal; flagged only due to combined weak evidence.
bc1qlhalckz3vwlo7ammpq0hzyjb48wumh9nklybwg,7.48058118103027e-07,0.0100975669923861,0.0,0.0100983074969372,True,coinjoin,False,No single strong signal; flagged only due to combined weak evidence.,0.0100983150505042,Driven by: unusually large average transaction amount (contributed +0.343); an atypical time-of-day transaction pattern (contributed +0.330); an unusually extreme single transaction amount (contributed +0.248).,,No single strong signal; flagged only due to combined weak evidence.
bc1qkb9z7fw0c20x450uheh3rfwtevtx3nf27e6l8x,5.876609452096033e-07,0.0100831558163105,0.0,0.0100837375517788,False,,False,No single strong signal; flagged only due to combined weak evidence.,0.0100837434772557,Driven by: an atypical time-of-day transaction pattern (contributed +0.346); an unusually extreme single transaction amount (contributed +0.335); unusually large average transaction amount (contributed +0.258).,,No single strong signal; flagged only due to combined weak evidence.
bc1q5yjcofnumz98trmxu7u0c0y5f2t271b5o70axw,6.905722578613935e-08,0.0100649623475864,0.0,0.0100650307097539,False,,False,No single strong signal; flagged only due to combined weak evidence.,0.0100650314048122,Driven by: an atypical time-of-day transaction pattern (contributed +0.377); an unusually extreme single transaction amount (contributed +0.308); an unusually high number of incoming payments (contributed +0.266).,,No single strong signal; flagged only due to combined weak evidence.
bc1qpsmtk7p6xsvoltrjklumcmh7lm2lw7zrtqj8cw,7.147914561315873e-08,0.0097060085489577,0.0,0.0097060793343262,False,,False,No single strong signal; flagged only due to combined weak evidence.,0.0097060800281033,Driven by: an atypical time-of-day transaction pattern (contributed +0.373); an unusually extreme single transaction amount (contributed +0.304); an unusually high number of incoming payments (contributed +0.273).,,No single strong signal; flagged only due to combined weak evidence.
bc1qsp5ooa9czv7pqovvi1yx9dy39ck5b8u8h7bi8t,2.976562113730355e-07,0.0096343821705923,0.0,0.0096346769590699,False,,False,No single strong signal; flagged only due to combined weak evidence.,0.0096346798268036,Driven by: an atypical time-of-day transaction pattern (contributed +0.357); an unusually extreme single transaction amount (contributed +0.324); unusually large average transaction amount (contributed +0.279).,,No single strong signal; flagged only due to combined weak evidence.
bc1qydw9f6y5v9jrehmiqp56a2tyznm5saxyk2e58f,4.339722206505031e-07,0.0089286906586608,0.0,0.0089291207560777,False,,False,No single strong signal; flagged only due to combined weak evidence.,0.0089291246308814,Driven by: an atypical time-of-day transaction pattern (contributed +0.371); an unusually extreme single transaction amount (contributed +0.306); an unusually high number of incoming payments (contributed +0.261).,,No single strong signal; flagged only due to combined weak evidence.
bc1qihwuy0cdabyn5fo9sw23ynr9155p1ksth1rwlk,1.7783575477356331e-06,0.0087442316328912,0.0,0.0087459944400687,False,,False,No single strong signal; flagged only due to combined weak evidence.,0.008746009990439,Driven by: an atypical time-of-day transaction pattern (contributed +0.331); unusually large average transaction amount (contributed +0.307); an unusually extreme single transaction amount (contributed +0.285).,,No single strong signal; flagged only due to combined weak evidence.
bc1qeu9vdow6jfpy772a8709nwa6540wfj2etpseyw,1.515261676364309e-06,0.0082564767387675,0.0,0.008257979489721,False,,False,No single strong signal; flagged only due to combined weak evidence.,0.0082579920004438,Driven by: an atypical time-of-day transaction pattern (contributed +0.369); unusually large average transaction amount (contributed +0.310); an unusually high number of incoming payments (contributed +0.271).,,No single strong signal; flagged only due to combined weak evidence.
bc1qasfqbvh0kw3pgsf3yn72bhon4wbabq0fot10gd,0.0019770693365847,0.0062144339160784,0.0,0.0081792168859234,False,,False,No single strong signal; flagged only due to combined weak evidence.,0.0081915032526631,Driven by: an atypical time-of-day transaction pattern (contributed +0.348); an unusually extreme single transaction amount (contributed +0.323); unusually large average transaction amount (contributed +0.287).,,No single strong signal; flagged only due to combined weak evidence.
bc1qzgivse00hu3x5u7df891qcg41rk4mkzom2e1ba,1.289363311793766e-07,0.0075551261820505,0.0,0.0075552541442515,False,,False,No single strong signal; flagged only due to combined weak evidence.,0.0075552551183817,Driven by: an atypical time-of-day transaction pattern (contributed +0.371); an unusually extreme single transaction amount (contributed +0.307); an unusually high number of incoming payments (contributed +0.272).,,No single strong signal; flagged only due to combined weak evidence.
bc1qvg9353r4dtad4wugzbguqjj1gjpmh3uq1amkt0,3.1275532013858937e-06,0.007496562861964,0.0,0.0074996669692661,False,,False,No single strong signal; flagged only due to combined weak evidence.,0.0074996904151653,Driven by: an atypical time-of-day transaction pattern (contributed +0.356); an unusually extreme single transaction amount (contributed +0.325); an unusually high number of incoming payments (contributed +0.269).,,No single strong signal; flagged only due to combined weak evidence.
bc1qo75rddhnsgfsh681tchwstwyrvmww3szy978tn,1.371844359756577e-06,0.0068311948825597,0.0,0.0068325573555834,False,,False,No single strong signal; flagged only due to combined weak evidence.,0.0068325667269195,Driven by: an atypical time-of-day transaction pattern (contributed +0.355); an unusually extreme single transaction amount (contributed +0.329); unusually large average transaction amount (contributed +0.280).,,No single strong signal; flagged only due to combined weak evidence.
bc1q4h4zx5bt8zeh3rprgygo2ype4cwsjb4lvcrfmk,2.620092768981098e-07,0.0068311948825597,0.0,0.0068314551020003,False,,False,No single strong signal; flagged only due to combined weak evidence.,0.0068314568918366,Driven by: an atypical time-of-day transaction pattern (contributed +0.355); an unusually extreme single transaction amount (contributed +0.329); unusually large average transaction amount (contributed +0.280).,,No single strong signal; flagged only due to combined weak evidence.
bc1qlawrtnfgzskiguvetybgd9e32lfiyz3kqjyg8i,2.527197600350441e-07,0.006527561824001,0.0,0.0065278128941171,False,,False,No single strong signal; flagged only due to combined weak evidence.,0.0065278145437611,Driven by: an atypical time-of-day transaction pattern (contributed +0.336); unusually large average transaction amount (contributed +0.297); an unusually extreme single transaction amount (contributed +0.296).,,No single strong signal; flagged only due to combined weak evidence.
bc1qnyj0ufo2hoq5e7l7w05y2da5b4l6hfh4n6v3rz,2.1109200631946793e-09,0.0062872341963016,0.0,0.0062872362939498,False,,False,No single strong signal; flagged only due to combined weak evidence.,0.0062872363072217,Driven by: an atypical time-of-day transaction pattern (contributed +0.360); an unusually extreme single transaction amount (contributed +0.306); an unusually high number of incoming payments (contributed +0.269).,,No single strong signal; flagged only due to combined weak evidence.
bc1qmat2c283jzgn99lt3j6lilb7zwdc5psscp9kjy,4.59167764492669e-07,0.0062144339160784,0.0,0.0062148902303752,False,,False,No single strong signal; flagged only due to combined weak evidence.,0.0062148930838429,Driven by: an atypical time-of-day transaction pattern (contributed +0.347); an unusually extreme single transaction amount (contributed +0.323); unusually large average transaction amount (contributed +0.290).,,No single strong signal; flagged only due to combined weak evidence.
bc1q4jufn24xcrwdwf1tqv0r095uhgcrkfkj6xhpd3,1.760314380236783e-07,0.0058239075075031,0.0,0.0058240825137503,False,,False,No single strong signal; flagged only due to combined weak evidence.,0.0058240835389411,Driven by: an atypical time-of-day transaction pattern (contributed +0.348); an unusually extreme single transaction amount (contributed +0.316); unusually large average transaction amount (contributed +0.275).,,No single strong signal; flagged only due to combined weak evidence.
bc1qfiigu72dd9eqsimyo7wy66qb3kbwifd8wzgl51,9.818024427002686e-07,0.0056228838560582,0.0,0.0056238601379398,False,,False,No single strong signal; flagged only due to combined weak evidence.,0.0056238656585009,Driven by: an atypical time-of-day transaction pattern (contributed +0.350); an unusually extreme single transaction amount (contributed +0.324); unusually large average transaction amount (contributed +0.282).,,No single strong signal; flagged only due to combined weak evidence.
bc1qaudwyusazqy2yr6nbqd8qkki9u0vqf6oylcb37,6.621706163704054e-07,0.0049506562470407,0.0,0.0049513151394779,False,,False,No single strong signal; flagged only due to combined weak evidence.,0.004951318417657,Driven by: an atypical time-of-day transaction pattern (contributed +0.372); an unusually extreme single transaction amount (contributed +0.318); an unusually high number of incoming payments (contributed +0.267).,,No single strong signal; flagged only due to combined weak evidence.
bc1qmcgxznv6l8jvzslt6949qbfiy4gwt6d05hfa58,2.8406315299524194e-06,0.0048841842830459,0.0,0.004887011040408,False,,False,No single strong signal; flagged only due to combined weak evidence.,0.0048870249145758,Driven by: an atypical time-of-day transaction pattern (contributed +0.341); an unusually extreme single transaction amount (contributed +0.311); unusually large average transaction amount (contributed +0.297).,,No single strong signal; flagged only due to combined weak evidence.
bc1q2im29nnqpnji8fg7s1rdolpgu8nqpckbqrgery,2.1649473582275733e-08,0.0035593132011974,0.0,0.0035593347736138,False,,False,No single strong signal; flagged only due to combined weak evidence.,0.003559334850671,Driven by: an atypical time-of-day transaction pattern (contributed +0.366); an unusually extreme single transaction amount (contributed +0.313); unusually large average transaction amount (contributed +0.275).,,No single strong signal; flagged only due to combined weak evidence.
bc1qyi8r5ntipwl51ctae3hk3lqexrsq97npwq6yk8,4.48157686092958e-07,0.0035328370826375,0.0,0.0035332836570555,False,,False,No single strong signal; flagged only due to combined weak evidence.,0.0035332852403236,Driven by: an atypical time-of-day transaction pattern (contributed +0.364); an unusually extreme single transaction amount (contributed +0.332); unusually large average transaction amount (contributed +0.281).,,No single strong signal; flagged only due to combined weak evidence.
bc1qfwmvytsu2msgqgv8h0z6wf6b3isxhvt1kkeqvi,2.035765319529345e-08,0.0034733269793641,0.0,0.0034733472663086,False,,False,No single strong signal; flagged only due to combined weak evidence.,0.0034733473370173,Driven by: an atypical time-of-day transaction pattern (contributed +0.374); an unusually extreme single transaction amount (contributed +0.314); an unusually high number of incoming payments (contributed +0.282).,,No single strong signal; flagged only due to combined weak evidence.
bc1qdl4jm0d6fwunibw1gix5hy9lxl0banae2apzl9,4.875906895328481e-07,0.0027368758147302,0.0,0.0027373620709445,False,,False,No single strong signal; flagged only due to combined weak evidence.,0.0027373634054197,Driven by: an atypical time-of-day transaction pattern (contributed +0.367); an unusually extreme single transaction amount (contributed +0.312); unusually large average transaction amount (contributed +0.274).,,No single strong signal; flagged only due to combined weak evidence.
bc1q57i1niskywcoq5ldl7nhymafcb3d6idlswzuah,1.2789383405054685e-07,0.0015801443759347,0.0,0.001580272067678,False,,False,No single strong signal; flagged only due to combined weak evidence.,0.0015802722697687,Driven by: an atypical time-of-day transaction pattern (contributed +0.352); an unusually extreme single transaction amount (contributed +0.349); unusually large average transaction amount (contributed +0.292).,,No single strong signal; flagged only due to combined weak evidence.
bc1qifgyotm7ldazk4xcztblbhk10io1ar1zgzbutk,1.0189119695521897e-06,0.0,0.0,1.0189119695747095e-06,False,,False,No single strong signal; flagged only due to combined weak evidence.,1.0189119695521897e-06,Driven by: an unusually extreme single transaction amount (contributed +0.355); an atypical time-of-day transaction pattern (contributed +0.347); unusually large average transaction amount (contributed +0.304).,,No single strong signal; flagged only due to combined weak evidence.
