wallet,risk_propagated,risk_anomaly,risk_peeling,final_risk,involved_in_illicit_pattern,pattern_types_involved,is_seed,explanation,tie_break_score
bc1qvwvm4w3zkwdeekgyspengwyx9trflqbmae38sr,0.9626985892257522,0.5712358601191858,1.0,1.0,True,peeling,True,Flagged for: network proximity to known cash-out wallets (propagated risk 0.96); statistically anomalous behavior (anomaly score 0.57); participation in a high-confidence peeling chain (probability 1.00).,2.533934449344938
bc1qf1xw53zg1igae7utei5cqom3oqcez5xtebi7t9,0.9626970564087945,0.3144553444822967,1.0,1.0,True,peeling,True,Flagged for: network proximity to known cash-out wallets (propagated risk 0.96); participation in a high-confidence peeling chain (probability 1.00).,2.277152400891091
bc1qvfua9bq1btr23qiua08ekxdrkz40aq15o2nqw4,0.9626942507181636,0.16714216619456312,1.0,1.0,True,peeling,True,Flagged for: network proximity to known cash-out wallets (propagated risk 0.96); participation in a high-confidence peeling chain (probability 1.00).,2.1298364169127266
bc1qcxotx76d2kjrzcv3hrqa9vzeox981bf8w80uxn,0.9626949299333374,0.06467600060565591,1.0,1.0,True,peeling,True,Flagged for: network proximity to known cash-out wallets (propagated risk 0.96); participation in a high-confidence peeling chain (probability 1.00).,2.0273709305389933
bc1qn2twdl9zs13c9xqym52xg8p6befflzm764jwte,0.01624719323692558,1.0,1.0,1.0,True,"coinjoin,fanin,peeling",False,Flagged for: statistically anomalous behavior (anomaly score 1.00); participation in a high-confidence peeling chain (probability 1.00).,2.0162471932369255
bc1qdygfliji18k0axycelos6zle6kwhef0votqtxh,0.0010599537689254036,0.8279634963953817,1.0,1.0,True,"fanin,fanout,peeling",False,Flagged for: statistically anomalous behavior (anomaly score 0.83); participation in a high-confidence peeling chain (probability 1.00).,1.829023450164307
bc1qugnekrcpprcjiwvhdk8lw2lm349el8hl88kzru,0.0004424569190352125,0.7857953428364022,1.0,1.0,True,peeling,False,Flagged for: statistically anomalous behavior (anomaly score 0.79); participation in a high-confidence peeling chain (probability 1.00).,1.7862377997554373
bc1q5259gmq2p014x5dlwy1p6mxswy0szkbnsh8llr,5.114914087500805e-07,0.7713120877994932,1.0,1.0,True,peeling,False,Flagged for: statistically anomalous behavior (anomaly score 0.77); participation in a high-confidence peeling chain (probability 1.00).,1.771312599290902
bc1q3fpoyipk0qtl3q4n89qkns832ejx5td44k1j6f,0.004567495703666378,0.7618012016259993,1.0,1.0,True,peeling,False,Flagged for: statistically anomalous behavior (anomaly score 0.76); participation in a high-confidence peeling chain (probability 1.00).,1.7663686973296655
bc1qa4fejgxaa2ilgb0s0r2sds8b25sq8croyr6ccv,1.0145221503079824e-08,0.7517805025691469,1.0,1.0,True,"fanout,peeling",False,Flagged for: statistically anomalous behavior (anomaly score 0.75); participation in a high-confidence peeling chain (probability 1.00).,1.7517805127143684
bc1q15ahdbvzb0oih5csk30lvylkfxhkc856wpr97y,4.8203647211935154e-05,0.7447148839329132,1.0,1.0,True,peeling,False,Flagged for: statistically anomalous behavior (anomaly score 0.74); participation in a high-confidence peeling chain (probability 1.00).,1.7447630875801252
bc1q8osvc1u5w2k2ub5zr8346aw0ewayaj5nd3ao4m,6.258556681419363e-07,0.7266276002587677,1.0,1.0,True,peeling,False,Flagged for: statistically anomalous behavior (anomaly score 0.73); participation in a high-confidence peeling chain (probability 1.00).,1.726628226114436
bc1qzs43c5ba75uuzpeal2w37d4ivsolmlgses6m03,8.060327410781007e-07,0.7149452768177451,1.0,1.0,True,peeling,False,Flagged for: statistically anomalous behavior (anomaly score 0.71); participation in a high-confidence peeling chain (probability 1.00).,1.7149460828504863
bc1ql8hbgcj1gnfiue2wnf5ca7zvky2refjqigyvzw,3.4903408132352786e-07,0.705715043636646,1.0,1.0,True,peeling,False,Flagged for: statistically anomalous behavior (anomaly score 0.71); participation in a high-confidence peeling chain (probability 1.00).,1.7057153926707271
bc1q6vasifpwioxd9css9toqw9ja2m0w10lbt3g2qz,1.1716881029395319e-05,0.6866365066244525,1.0,1.0,True,peeling,False,Flagged for: statistically anomalous behavior (anomaly score 0.69); participation in a high-confidence peeling chain (probability 1.00).,1.686648223505482
bc1qioh6cvbphvgnqgmjmbukdqp1hkf286utios5hr,1.5203237921455702e-06,0.6836863465246643,1.0,1.0,True,peeling,False,Flagged for: statistically anomalous behavior (anomaly score 0.68); participation in a high-confidence peeling chain (probability 1.00).,1.6836878668484565
bc1qqnyy95g5dog8cfeffh8aoy7rp0aga24smux2rx,2.603098566484727e-06,0.6617061131488066,1.0,1.0,True,peeling,False,Flagged for: statistically anomalous behavior (anomaly score 0.66); participation in a high-confidence peeling chain (probability 1.00).,1.661708716247373
bc1q8j1ui9l69isxuwvw1pm77xvmezxleaycdy1q1e,7.588795723911607e-06,0.6441954596166,1.0,1.0,True,peeling,False,Flagged for: statistically anomalous behavior (anomaly score 0.64); participation in a high-confidence peeling chain (probability 1.00).,1.644203048412324
bc1q2vwmd5tfu2snx1se3xr6n18beqerftnvijzx4x,1.3011811268853387e-05,0.6435779115876895,1.0,1.0,True,peeling,False,Flagged for: statistically anomalous behavior (anomaly score 0.64); participation in a high-confidence peeling chain (probability 1.00).,1.6435909233989583
bc1qo5awlgitiz7tfp3g21cqtp3174gu65s6y5h3o0,3.490546231963774e-05,0.6415476685718545,1.0,1.0,True,peeling,False,Flagged for: statistically anomalous behavior (anomaly score 0.64); participation in a high-confidence peeling chain (probability 1.00).,1.641582574034174
bc1q0as9v7lp1lexdnrgcl0kgdveyxfuvskk1hsnz6,5.3384783530131565e-06,0.6192119524169226,1.0,1.0,True,peeling,False,Flagged for: statistically anomalous behavior (anomaly score 0.62); participation in a high-confidence peeling chain (probability 1.00).,1.6192172908952758
bc1quk18c7j0znruhmezvsq3heykukpxpsbtnbdzri,1.865391521293019e-05,0.6165770384651725,1.0,1.0,True,peeling,False,Flagged for: statistically anomalous behavior (anomaly score 0.62); participation in a high-confidence peeling chain (probability 1.00).,1.6165956923803855
bc1qgvzpfcglckwt2e077u55d5q3ov9jydfzdtc5pa,0.00014329598523382862,0.615020717281206,1.0,1.0,True,peeling,False,Flagged for: statistically anomalous behavior (anomaly score 0.62); participation in a high-confidence peeling chain (probability 1.00).,1.61516401326644
bc1qagxbbi7ne86zmq0pr72pvk3yuz5h0gk8fkffgf,1.796491614098016e-06,0.6138437698666871,1.0,1.0,True,peeling,False,Flagged for: statistically anomalous behavior (anomaly score 0.61); participation in a high-confidence peeling chain (probability 1.00).,1.6138455663583011
bc1q0982n2atqyyv37dia5u6hc36kof8krd5eqy08p,5.346475651140838e-05,0.6099130971279485,1.0,1.0,True,peeling,False,Flagged for: statistically anomalous behavior (anomaly score 0.61); participation in a high-confidence peeling chain (probability 1.00).,1.6099665618844599
bc1qlk3e4xyf9igfu8iogxpbwhvnzh13cd5glqj5sx,6.332164839104764e-05,0.605437218207054,1.0,1.0,True,peeling,False,Flagged for: statistically anomalous behavior (anomaly score 0.61); participation in a high-confidence peeling chain (probability 1.00).,1.605500539855445
bc1q9ewo7tcbw5qqb5i92wmsj9uk693p483chelhrx,8.944929526104133e-07,0.5964037154233696,1.0,1.0,True,peeling,False,Flagged for: statistically anomalous behavior (anomaly score 0.60); participation in a high-confidence peeling chain (probability 1.00).,1.596404609916322
bc1qdou0ze3lnzkf3ikn9ntwjipo86k24zn0mwmkcw,6.008471337174692e-06,0.5950893543763767,1.0,1.0,True,peeling,False,Flagged for: statistically anomalous behavior (anomaly score 0.60); participation in a high-confidence peeling chain (probability 1.00).,1.5950953628477138
bc1qtzk3ny9v20yar821uzvgww4fyb8dalfyo1750c,1.0053664967389587e-07,0.5899450866640823,1.0,1.0,True,peeling,False,Flagged for: statistically anomalous behavior (anomaly score 0.59); participation in a high-confidence peeling chain (probability 1.00).,1.589945187200732
bc1qyxaqafb6qdfe2k3ruuwy9zw5lf30ei0iou8h1b,2.658682267852947e-06,0.586485934535966,1.0,1.0,True,peeling,False,Flagged for: statistically anomalous behavior (anomaly score 0.59); participation in a high-confidence peeling chain (probability 1.00).,1.5864885932182338
bc1qhzocjecb4yhbm2hnsqlnap8meesmcouez7ryc2,6.993827225181109e-06,0.5641029883747648,1.0,1.0,True,peeling,False,Flagged for: statistically anomalous behavior (anomaly score 0.56); participation in a high-confidence peeling chain (probability 1.00).,1.56410998220199
bc1qne9ebhnqqa4p29xb4o6pjhnd3j5h4l1m3tfqco,7.389918399534866e-06,0.5544191850294744,1.0,1.0,True,peeling,False,Flagged for: statistically anomalous behavior (anomaly score 0.55); participation in a high-confidence peeling chain (probability 1.00).,1.554426574947874
bc1q3e6oqe09o8a906k37e4ey9jvb6hpphpm0d5wlw,2.9934272619132518e-05,0.5525447116073434,1.0,1.0,True,peeling,False,Flagged for: statistically anomalous behavior (anomaly score 0.55); participation in a high-confidence peeling chain (probability 1.00).,1.5525746458799625
bc1qyo4rcb1kjtgq01tee13n3bzt9d31k9qm3p91i3,7.547099061590611e-06,0.5404783095082796,1.0,1.0,True,peeling,False,Flagged for: statistically anomalous behavior (anomaly score 0.54); participation in a high-confidence peeling chain (probability 1.00).,1.5404858566073412
bc1q54xreazmce71j9znd8qzv5u7xhruszvd006t5e,7.4818067680627525e-06,0.5357102679495255,1.0,1.0,True,peeling,False,Flagged for: statistically anomalous behavior (anomaly score 0.54); participation in a high-confidence peeling chain (probability 1.00).,1.5357177497562935
bc1qrr43ur4mfjhojalbh1nyks9urxijam31bxpgwj,3.2883725027620816e-06,0.5297624731673278,1.0,1.0,True,peeling,False,Flagged for: statistically anomalous behavior (anomaly score 0.53); participation in a high-confidence peeling chain (probability 1.00).,1.5297657615398306
bc1q81bmqf7zk94yxfiblejgublmntfk7orfqla09l,7.092420487029654e-06,0.5154643648639092,1.0,1.0,True,peeling,False,Flagged for: statistically anomalous behavior (anomaly score 0.52); participation in a high-confidence peeling chain (probability 1.00).,1.5154714572843964
bc1qqwfwp9k1uoaa2qyruy4kj8gvskoi4swh0tt9kv,4.144783350484714e-06,0.5050362215090634,1.0,1.0,True,peeling,False,Flagged for: statistically anomalous behavior (anomaly score 0.51); participation in a high-confidence peeling chain (probability 1.00).,1.505040366292414
bc1qledo515igjzae557o7rci2afi41jip23rb1w0x,3.838000411896583e-06,0.4992498466245264,1.0,1.0,True,peeling,False,Flagged for: participation in a high-confidence peeling chain (probability 1.00).,1.4992536846249382
bc1qd2rttdwospe14ot4fpuh7znjzhobhgs59ymzy6,1.7926875709169337e-05,0.49705902494508614,1.0,1.0,True,peeling,False,Flagged for: participation in a high-confidence peeling chain (probability 1.00).,1.4970769518207954
bc1q4dqxin67273jyzbb27s9bu1dgej1dg6fwronbv,7.319202263164856e-08,0.49682176910885706,1.0,1.0,True,peeling,False,Flagged for: participation in a high-confidence peeling chain (probability 1.00).,1.4968218423008797
bc1q1w7kf0fkaiezadesvtyjicvrd7m1v9e79gk0so,8.77992734088299e-07,0.4948849570547641,1.0,1.0,True,peeling,False,Flagged for: participation in a high-confidence peeling chain (probability 1.00).,1.4948858350474983
bc1qj0ua9o6h0feeb9i9exbnxdxwbc1jlidiggn92f,1.91101743779683e-05,0.4916292334190937,1.0,1.0,True,peeling,False,Flagged for: participation in a high-confidence peeling chain (probability 1.00).,1.4916483435934715
bc1qd9y9b1yp4bg4w4hp5amvov4oyiz9iycr0l32u5,6.716766773211614e-06,0.48816860398501344,1.0,1.0,True,peeling,False,Flagged for: participation in a high-confidence peeling chain (probability 1.00).,1.4881753207517867
bc1qsr3jfyusq1u97rwjvie6dueprtiry3ti0m2q22,2.4645832914870987e-05,0.48765650708652014,1.0,1.0,True,peeling,False,Flagged for: participation in a high-confidence peeling chain (probability 1.00).,1.4876811529194351
bc1q46pl5nbti1ncv10x6wm1xrp4jdva787tag2m09,1.9426733866087267e-05,0.483714952479383,1.0,1.0,True,peeling,False,Flagged for: participation in a high-confidence peeling chain (probability 1.00).,1.4837343792132491
bc1qit8d9gx2hivdts8mg00crz17a8rnxpwnua6tdx,1.3337354077375402e-06,0.48364432660243384,1.0,1.0,True,peeling,False,Flagged for: participation in a high-confidence peeling chain (probability 1.00).,1.4836456603378416
bc1qlba0x9a8f8bor2keg7v48tpg7uv5ipbxmmnr1v,0.00044644442408542595,0.4808645904389232,1.0,1.0,True,peeling,False,Flagged for: participation in a high-confidence peeling chain (probability 1.00).,1.4813110348630087
bc1qte0y4hi5bhj3kfxsmtsvawnwgxv38pfitcgm6e,2.1677559517679105e-06,0.4791765645149385,1.0,1.0,True,peeling,False,Flagged for: participation in a high-confidence peeling chain (probability 1.00).,1.4791787322708903
bc1qlmi1j1z322kaioz46te5u9in7ofhepn3vwtkcn,2.2693475174007096e-06,0.47693495335039,1.0,1.0,True,peeling,False,Flagged for: participation in a high-confidence peeling chain (probability 1.00).,1.4769372226979074
bc1qd7gd0nwevhvqe5kn0w0brnb84xx9jc01jr5gxq,1.036667500377705e-05,0.4710808094525725,1.0,1.0,True,peeling,False,Flagged for: participation in a high-confidence peeling chain (probability 1.00).,1.4710911761275762
bc1qjme129ymwaz5gke1rzt23942irjji6cmyul3di,7.580389118115921e-06,0.46269773029088634,1.0,1.0,True,peeling,False,Flagged for: participation in a high-confidence peeling chain (probability 1.00).,1.4627053106800045
bc1q94i1q2g15r83y7418grzrky8raquefimddx13t,7.998389473319227e-06,0.4619779040249276,1.0,1.0,True,peeling,False,Flagged for: participation in a high-confidence peeling chain (probability 1.00).,1.4619859024144009
bc1qviy3zt3p6srd84bqq8dywwmoc0bj98uud7kw64,8.277853091697804e-06,0.46028770735192936,1.0,1.0,True,peeling,False,Flagged for: participation in a high-confidence peeling chain (probability 1.00).,1.460295985205021
bc1qc6lbpj8t22c50b8y5dnwnguczh9ier7u8h0imj,1.6589663941569761e-06,0.4594294205889249,1.0,1.0,True,peeling,False,Flagged for: participation in a high-confidence peeling chain (probability 1.00).,1.4594310795553191
bc1q46t5bc1u0zq3g0rrsxqsaaye8s2wcz5g19qguy,7.504079379478636e-06,0.4536948395697018,1.0,1.0,True,peeling,False,Flagged for: participation in a high-confidence peeling chain (probability 1.00).,1.4537023436490812
bc1qaard7dq8vdgwmqebn26f4dqwml7o610hlsefgb,0.00171832892824759,0.4510597760934911,1.0,1.0,True,peeling,False,Flagged for: participation in a high-confidence peeling chain (probability 1.00).,1.4527781050217388
bc1qc67aibxjunms9m6egzgaap5uvk3oqqwm0dt08n,9.422864896714034e-07,0.4519411821409144,1.0,1.0,True,peeling,False,Flagged for: participation in a high-confidence peeling chain (probability 1.00).,1.451942124427404
bc1qc9qh1j5tac9pfhj1oycfz61i3eyj5q0s9ajygz,3.795278421326577e-05,0.45072832573673954,1.0,1.0,True,peeling,False,Flagged for: participation in a high-confidence peeling chain (probability 1.00).,1.4507662785209527
bc1qt1500eeod1vaa4ltv5lx9beahza9t0z6m9zmxz,6.706962165071855e-06,0.44757310520061805,1.0,1.0,True,peeling,False,Flagged for: participation in a high-confidence peeling chain (probability 1.00).,1.4475798121627832
bc1q3wug0rqap37lxmzkg8jwnuk491rz84ems8e809,3.7359786313809115e-06,0.44317448823664246,1.0,1.0,True,peeling,False,Flagged for: participation in a high-confidence peeling chain (probability 1.00).,1.443178224215274
bc1qhvbfy15k945y9kgmfvf3nys3uui5xbof8yh8km,2.8174168236071507e-06,0.44237130938481795,1.0,1.0,True,peeling,False,Flagged for: participation in a high-confidence peeling chain (probability 1.00).,1.4423741268016417
bc1qb7oxyvbz4gjhjj30u2vjf17acwf6pzifs4s5qt,0.00021994927720683698,0.43970637777415256,1.0,1.0,True,peeling,False,Flagged for: participation in a high-confidence peeling chain (probability 1.00).,1.4399263270513594
bc1qd2iptndbbcfcjtqejppttxwgcuu54heaglrhhk,1.2806585751023676e-05,0.4392716274207432,1.0,1.0,True,peeling,False,Flagged for: participation in a high-confidence peeling chain (probability 1.00).,1.4392844340064943
bc1q418zitzhx2g7u6x8w1qxsr97jxi6qxcwni30yv,4.105177953249975e-06,0.4334603904323352,1.0,1.0,True,peeling,False,Flagged for: participation in a high-confidence peeling chain (probability 1.00).,1.4334644956102884
bc1qk7596d4htuw52rb3bihf19j2vp8c6roczq1fzx,4.813200931418408e-06,0.4333118208896437,1.0,1.0,True,peeling,False,Flagged for: participation in a high-confidence peeling chain (probability 1.00).,1.4333166340905752
bc1qpriludqd6od6ih10ejqbeccxhj4wupr4tw5s63,4.061213651666946e-06,0.4326654167541031,1.0,1.0,True,peeling,False,Flagged for: participation in a high-confidence peeling chain (probability 1.00).,1.4326694779677547
bc1qtl48ornrfj6ns395pavh9ks02qh4e3u4ooxa8r,1.1795794778269261e-05,0.43112344922776213,1.0,1.0,True,peeling,False,Flagged for: participation in a high-confidence peeling chain (probability 1.00).,1.4311352450225403
bc1q8q0p5mw1c8n3vo0en9uu2y4ix0hy9kdppeq1zj,6.880146448856274e-06,0.4231948146585605,1.0,1.0,True,peeling,False,Flagged for: participation in a high-confidence peeling chain (probability 1.00).,1.4232016948050092
bc1qb1yoa8os23sbkp1l4wfxfmd13ug3zj395eri8d,4.826727481594465e-06,0.4136713853482598,1.0,1.0,True,peeling,False,Flagged for: participation in a high-confidence peeling chain (probability 1.00).,1.4136762120757413
bc1qajn23t8agedxqwbmj6v9ic8haj0irsc965qv3q,1.2953544267746607e-06,0.4075993993924311,1.0,1.0,True,peeling,False,Flagged for: participation in a high-confidence peeling chain (probability 1.00).,1.4076006947468578
bc1qhr59c81do6ouz1egntb34kuqaaj84rx6pryiej,7.575895942254807e-06,0.4046197352004818,1.0,1.0,True,"coinjoin,peeling",False,Flagged for: participation in a high-confidence peeling chain (probability 1.00).,1.404627311096424
bc1qb5gtnobc2f8dnz3lvr26ompi8yh6grbkcy7qfu,0.0004491989716859146,0.40322038718520375,1.0,1.0,True,peeling,False,Flagged for: participation in a high-confidence peeling chain (probability 1.00).,1.4036695861568897
bc1qrbnvl0os3x23ietyr9x20bw2mrllgu1tlxzb63,6.42126496749572e-06,0.3989494292520119,1.0,1.0,True,peeling,False,Flagged for: participation in a high-confidence peeling chain (probability 1.00).,1.3989558505169795
bc1qby7uxu23vd141avye45qz9vx4xsq60mv6w2jgz,7.270267945756473e-06,0.3967111515675862,1.0,1.0,True,peeling,False,Flagged for: participation in a high-confidence peeling chain (probability 1.00).,1.396718421835532
bc1qx3t8c7itiouray2ymvl2pjccxgk2ysi9zf3xiz,8.07267622970591e-05,0.39540582291996873,1.0,1.0,True,peeling,False,Flagged for: participation in a high-confidence peeling chain (probability 1.00).,1.3954865496822657
bc1qnu1uxf45x0ley2wz6ddy65mox9fxq6s27380uk,3.0486842147342143e-06,0.3937411934314552,1.0,1.0,True,peeling,False,Flagged for: participation in a high-confidence peeling chain (probability 1.00).,1.39374424211567
bc1qhzh54g8tbzopso6jprzdi1eodl6urbjsad0j2n,7.479522847253059e-06,0.3932629620724045,1.0,1.0,True,peeling,False,Flagged for: participation in a high-confidence peeling chain (probability 1.00).,1.3932704415952517
bc1q06ftlo4qdbxvh7katqydshlv76mf4nnkm95d0p,1.2885101466677372e-05,0.39020467091836697,1.0,1.0,True,peeling,False,Flagged for: participation in a high-confidence peeling chain (probability 1.00).,1.3902175560198335
bc1qppqpxykfo7iqxbs000dk4k1nvkeeslvakv3x2c,6.91548387454914e-06,0.3823685853128577,1.0,1.0,True,peeling,False,Flagged for: participation in a high-confidence peeling chain (probability 1.00).,1.3823755007967322
bc1qxxwnrsnimux73a4rh7gn938ky4yuowziut00aa,2.2747450257127854e-05,0.3783378169524752,1.0,1.0,True,peeling,False,Flagged for: participation in a high-confidence peeling chain (probability 1.00).,1.3783605644027324
bc1q71phquz3mpkst69pv6lr0lu57bq0u75cnxle9l,9.760974588176122e-06,0.37338670234788846,1.0,1.0,True,peeling,False,Flagged for: participation in a high-confidence peeling chain (probability 1.00).,1.3733964633224767
bc1ql745csf0almwnmj0sisj424iq93h5ywl94mopa,4.232520036995397e-06,0.37238610609393447,1.0,1.0,True,peeling,False,Flagged for: participation in a high-confidence peeling chain (probability 1.00).,1.3723903386139715
bc1qdo4xxwxj46t9dnzwss9v66dqa4svkxb3ctojtf,1.2308633636574338e-05,0.3719434880782724,1.0,1.0,True,peeling,False,Flagged for: participation in a high-confidence peeling chain (probability 1.00).,1.371955796711909
bc1qkuhyd07dvrmy93pomv7mbci56fjpz42q8bz53g,7.912264847923806e-06,0.37075876666738256,1.0,1.0,True,peeling,False,Flagged for: participation in a high-confidence peeling chain (probability 1.00).,1.3707666789322306
bc1q811id07t3ljokbzvyx9d18k9vak1vpangw3paj,3.001725301764664e-06,0.36550674996667937,1.0,1.0,True,peeling,False,Flagged for: participation in a high-confidence peeling chain (probability 1.00).,1.3655097516919812
bc1qw29py5kh2nxxms3rag0kxxkxnoad78qig6uo3z,4.282922678290293e-06,0.3627532695629215,1.0,1.0,True,peeling,False,Flagged for: participation in a high-confidence peeling chain (probability 1.00).,1.3627575524855997
bc1qdzo392ptg8325iupz883lfuok8cysh6xqguudj,7.157233463472989e-06,0.3616840021903811,1.0,1.0,True,peeling,False,Flagged for: participation in a high-confidence peeling chain (probability 1.00).,1.3616911594238446
bc1q5hsts68cfff8tx134l8xafsumuxqjctpvev64g,3.917063707453985e-06,0.35917456170116036,1.0,1.0,True,peeling,False,Flagged for: participation in a high-confidence peeling chain (probability 1.00).,1.3591784787648677
bc1qrsiv34j008cydvxvxyi1o46mzju1ucvm5o9coo,2.2188716877167135e-06,0.3591658160943604,1.0,1.0,True,peeling,False,Flagged for: participation in a high-confidence peeling chain (probability 1.00).,1.3591680349660482
bc1qdemm0uez19yei8p4yedn2z2v17tz63rrpncsqc,5.706045620043472e-06,0.3570176459370155,1.0,1.0,True,peeling,False,Flagged for: participation in a high-confidence peeling chain (probability 1.00).,1.3570233519826356
bc1q0yn4o5u58pdd8taiauxy9or1ati2huxmozxraz,9.83178854200979e-06,0.3503143236132517,1.0,1.0,True,peeling,False,Flagged for: participation in a high-confidence peeling chain (probability 1.00).,1.3503241554017937
bc1q31jwz55h7w8fkroufyb7e8v0mtb77meuuydux8,7.3715899644296484e-06,0.34631904103121985,1.0,1.0,True,peeling,False,Flagged for: participation in a high-confidence peeling chain (probability 1.00).,1.3463264126211842
bc1qfp64thu9qoo3t91aay0a1v9q3r1ss07zp3ufr4,8.265101541272675e-07,0.33757732222639397,1.0,1.0,True,peeling,False,Flagged for: participation in a high-confidence peeling chain (probability 1.00).,1.3375781487365481
bc1qbk6dhx16h7009wvnf751vutpqcmsv1r9y7n17l,2.5651647820131645e-06,0.33087381637409236,1.0,1.0,True,peeling,False,Flagged for: participation in a high-confidence peeling chain (probability 1.00).,1.3308763815388744
bc1qhb9eeq0cx5j1iipnqrpjz3n3m4lhckxpda6c6w,3.662624254236357e-06,0.33080092014506784,1.0,1.0,True,peeling,False,Flagged for: participation in a high-confidence peeling chain (probability 1.00).,1.330804582769322
bc1qpoxrteo2t8fy620n8tteavt8k06moxsfh4gg24,9.915998327634818e-06,0.3244857261040789,1.0,1.0,True,peeling,False,Flagged for: participation in a high-confidence peeling chain (probability 1.00).,1.3244956421024066
bc1q5k5dj3rzql0h5qqjvwuptvn29mrqvd7x1jmh6t,1.3607464145484114e-06,0.3136249754596657,1.0,1.0,True,peeling,False,Flagged for: participation in a high-confidence peeling chain (probability 1.00).,1.3136263362060803
bc1q93qnybmc06wrpx7j86fbojpgjjbkdypjz5eicu,0.013219971663794022,0.28257853998833804,1.0,1.0,False,,False,Flagged for: participation in a high-confidence peeling chain (probability 1.00).,1.295798511652132
bc1q8ueno88uogmvv6v3v020iltr9uqrvn2aejgs5j,1.9121964637480466e-06,0.2931837442518182,1.0,1.0,True,peeling,False,Flagged for: participation in a high-confidence peeling chain (probability 1.00).,1.293185656448282
bc1qbq6fwsklws8onkctq7vin5lvdo8yu98gfex6dc,2.177099760033751e-06,0.2905171924669448,1.0,1.0,True,peeling,False,Flagged for: participation in a high-confidence peeling chain (probability 1.00).,1.2905193695667048
bc1q1b86isvyyrkpoywm42yjmleqmj1ssqvrua7bl1,7.728690083779834e-06,0.27353943825033233,1.0,1.0,True,peeling,False,Flagged for: participation in a high-confidence peeling chain (probability 1.00).,1.2735471669404161
bc1q1bb2yaj1wr892kdpyta7d589tocp8fp1k8rzuo,6.865089996700209e-06,0.2689267421790856,1.0,1.0,True,peeling,False,Flagged for: participation in a high-confidence peeling chain (probability 1.00).,1.2689336072690822
bc1qin3oeuvtyt8qzpky32orwixz2c9ros7yt2m6tw,2.849187687989688e-06,0.2544010151748879,1.0,1.0,True,peeling,False,Flagged for: participation in a high-confidence peeling chain (probability 1.00).,1.254403864362576
bc1qeoz906gnhh4oipr11v127my89sfqeri7b03rag,0.0046869462342424804,0.24734504728398823,1.0,1.0,True,peeling,False,Flagged for: participation in a high-confidence peeling chain (probability 1.00).,1.2520319935182307
bc1qz4xutxbe5nw8r3mu50cs9qb62j77rueoc7jnx8,7.415664763454266e-07,0.24292829721698286,1.0,1.0,True,peeling,False,Flagged for: participation in a high-confidence peeling chain (probability 1.00).,1.2429290387834593
bc1qzmvutiymr0az0znz3t1wm3eqlsu8mijpw105uv,6.619194195173714e-07,0.24107026433109927,1.0,1.0,True,peeling,False,Flagged for: participation in a high-confidence peeling chain (probability 1.00).,1.2410709262505188
bc1qw5zs9bk4ufsvuxzuykmg3duvschl80zd8ip5ob,8.581524958249562e-07,0.21023123650511646,1.0,1.0,True,peeling,False,Flagged for: participation in a high-confidence peeling chain (probability 1.00).,1.2102320946576124
bc1qrbc76ub7l8v1zocfi4o6l1f90s9bp4m18o1bj9,0.0005749345652156003,0.20082122991074222,1.0,1.0,False,,False,Flagged for: participation in a high-confidence peeling chain (probability 1.00).,1.2013961644759579
bc1q6k8z6r5cqm24bihb24ay2v58f22ejpkc0xtyvr,6.738021263643239e-07,0.19929802469572225,1.0,1.0,True,peeling,False,Flagged for: participation in a high-confidence peeling chain (probability 1.00).,1.1992986984978486
bc1qcgspfrj2nwban52v58ng0dlhxbaac6qdcv2iyq,1.0804247382356137e-06,0.18912776134362475,1.0,1.0,True,peeling,False,Flagged for: participation in a high-confidence peeling chain (probability 1.00).,1.189128841768363
bc1qfpj0i9wkh5z649hcf4j2bcy7txb60i8c9fn01j,5.425225586634042e-07,0.16718600030568742,1.0,1.0,True,peeling,False,Flagged for: participation in a high-confidence peeling chain (probability 1.00).,1.167186542828246
bc1q4w7rpnkgd8abfs83jq1nkwm3n3e1i0b4dj7n79,7.775969259508821e-06,0.1589621169804854,1.0,1.0,True,peeling,False,Flagged for: participation in a high-confidence peeling chain (probability 1.00).,1.158969892949745
bc1qxx60lxet8sjtnwu9s151vl9rz4d4yji359t8zg,7.162175794643185e-06,0.1492090701145752,1.0,1.0,True,peeling,False,Flagged for: participation in a high-confidence peeling chain (probability 1.00).,1.1492162322903698
bc1q1c795rlqiob0nlw0vs52sq3b9so0uswbkok3qp,1.369432022807218e-06,0.14369490520691663,1.0,1.0,True,peeling,False,Flagged for: participation in a high-confidence peeling chain (probability 1.00).,1.1436962746389394
bc1q9ozo13jf46de7kios320hmh74uz5lq0nh0rudb,1.1139352872817522e-06,0.1382816892394484,1.0,1.0,True,peeling,False,Flagged for: participation in a high-confidence peeling chain (probability 1.00).,1.1382828031747356
bc1qw59sqwhbef46rf7bnhjw6qdbtfbsciqup06idi,5.104091710589211e-07,0.1372900201779299,1.0,1.0,True,peeling,False,Flagged for: participation in a high-confidence peeling chain (probability 1.00).,1.137290530587101
bc1qf0bro5xyt861sechxg7fhi7fhrbksbxwjtvtok,1.4591566994309777e-06,0.11813856577552156,1.0,1.0,True,peeling,False,Flagged for: participation in a high-confidence peeling chain (probability 1.00).,1.118140024932221
bc1qouqjacpttcrdevcjzxcv21rx6mvfynetuy56h2,2.495504918412931e-06,0.11614220882736893,1.0,1.0,True,peeling,False,Flagged for: participation in a high-confidence peeling chain (probability 1.00).,1.1161447043322874
bc1qav3g60992a96gorcpacq5ah9og5bmabuhoqjku,8.229802462948896e-07,0.1149569759504932,1.0,1.0,True,peeling,False,Flagged for: participation in a high-confidence peeling chain (probability 1.00).,1.1149577989307395
bc1qtgduq6ddtbyrgc8kixccsg4ofdtrc85ehpzrv7,1.52601027481098e-05,0.10605998256672869,1.0,1.0,True,peeling,False,Flagged for: participation in a high-confidence peeling chain (probability 1.00).,1.1060752426694769
bc1qatdux63rr8jpvq308n32k1ihkpju9hr6f27p6s,2.0202825353625227e-06,0.10433894205254125,1.0,1.0,True,peeling,False,Flagged for: participation in a high-confidence peeling chain (probability 1.00).,1.1043409623350766
bc1qo62k5tsg5gqvaugs664fn80m9eweupahl52iru,1.0289939589516944e-06,0.10420459784515214,1.0,1.0,True,peeling,False,Flagged for: participation in a high-confidence peeling chain (probability 1.00).,1.1042056268391112
bc1qilpqfbqw1hukb6mxz1yj74q7svoq85t27fz092,1.37514675789024e-06,0.10040883084989115,1.0,1.0,True,peeling,False,Flagged for: participation in a high-confidence peeling chain (probability 1.00).,1.100410205996649
bc1q8o34lpqk5fp7ah2csanhapywdrdpmpcejcilpj,1.5688268387215006e-06,0.08460975449814759,1.0,1.0,True,peeling,False,Flagged for: participation in a high-confidence peeling chain (probability 1.00).,1.0846113233249863
bc1qxui8lpy058e6plui46hdv8i969sfi30m85yai7,1.9008676020348729e-06,0.07138664549755251,1.0,1.0,True,peeling,False,Flagged for: participation in a high-confidence peeling chain (probability 1.00).,1.0713885463651545
bc1q5dkqbo8pnbifeuo4w2c0pmou6ez96sjmhj6c6a,4.121729194717524e-05,0.06863384382131311,1.0,1.0,True,peeling,False,Flagged for: participation in a high-confidence peeling chain (probability 1.00).,1.0686750611132603
bc1qr2zehkbicicdbpu4d4niv12dkz49foeffo48ea,6.874778045682248e-08,0.06763491883184078,1.0,1.0,True,peeling,False,Flagged for: participation in a high-confidence peeling chain (probability 1.00).,1.0676349875796212
bc1qj4pki46ji5enmmpvckjmxcmhycsxf1gehw9rh3,0.00011071576842408742,0.06736729342326177,1.0,1.0,False,,False,Flagged for: participation in a high-confidence peeling chain (probability 1.00).,1.0674780091916858
bc1qjy193at6mdvbo10ggov1crmgvgq2uokff5v7ij,1.2398222388219489e-06,0.06002759667243852,1.0,1.0,True,peeling,False,Flagged for: participation in a high-confidence peeling chain (probability 1.00).,1.0600288364946773
bc1q682yf7qtz1ruy5r8t9450xpoi73t2gqyltx182,1.0,0.06002759667243852,0.0,1.0,False,,True,Flagged for: network proximity to known cash-out wallets (propagated risk 1.00).,1.0600275966724386
bc1q9arau76uxv2o2qszo1i736mv3t0kg6umh4gblc,7.314114084771473e-07,0.05329504842288944,1.0,1.0,True,peeling,False,Flagged for: participation in a high-confidence peeling chain (probability 1.00).,1.053295779834298
bc1qd1xmxb9yo18pajssuuqo1vsmado8e7flqhrrpz,2.7735897986889904e-07,0.043955149195411235,1.0,1.0,True,peeling,False,Flagged for: participation in a high-confidence peeling chain (probability 1.00).,1.043955426554391
bc1qz2y3c0eq4aw8jhe5s517dxj17x6xda71ebvfwb,5.007719616704948e-07,0.03059206391037312,1.0,1.0,True,peeling,False,Flagged for: participation in a high-confidence peeling chain (probability 1.00).,1.0305925646823348
bc1qp7xhz2fdnptwefkf4hn6mgwnomfug7lvv0kk1r,1.0252469235992765e-06,0.027876542926980944,1.0,1.0,True,peeling,False,Flagged for: participation in a high-confidence peeling chain (probability 1.00).,1.0278775681739045
bc1qj1wjbd48ajzr8mezrrcfplbxl30kaszbvye1ii,6.357190289896638e-07,0.027864345451188217,1.0,1.0,True,peeling,False,Flagged for: participation in a high-confidence peeling chain (probability 1.00).,1.0278649811702172
bc1qtpwd0g2vorfsl0jjmby6i17etmysbtl03710me,4.3058088017077375e-07,0.027339278825539597,1.0,1.0,True,peeling,False,Flagged for: participation in a high-confidence peeling chain (probability 1.00).,1.0273397094064198
bc1q88nv6yyx0102ottx57lyq9vj2vdy6beg22418i,2.369311364899875e-07,0.022994446204080133,1.0,1.0,True,peeling,False,Flagged for: participation in a high-confidence peeling chain (probability 1.00).,1.0229946831352166
bc1qbyk9l1wdx68c4nr1h69m0gakaskdst7ojbqplb,7.551380360480926e-07,0.018726558521406398,1.0,1.0,True,peeling,False,Flagged for: participation in a high-confidence peeling chain (probability 1.00).,1.0187273136594424
bc1qxa23bt0jwi0p91lerver2yzrgf29il1o5g5u6j,4.60748318581614e-07,0.01697493498411541,1.0,1.0,True,peeling,False,Flagged for: participation in a high-confidence peeling chain (probability 1.00).,1.016975395732434
bc1qgsy5ybipdlbg7t0lshgdkh8dhx09z9cpcywc9i,4.769684178823556e-07,0.015214542120590542,1.0,1.0,True,peeling,False,Flagged for: participation in a high-confidence peeling chain (probability 1.00).,1.0152150190890084
bc1q7hdijwpy51fs1ois1wbscyg037gbkk3ilvs5uo,6.872714909364841e-07,0.014503619716197009,1.0,1.0,True,peeling,False,Flagged for: participation in a high-confidence peeling chain (probability 1.00).,1.014504306987688
bc1qdzup68c656831fez0msg1b3jsu4vylcgauai0j,0.9626943621543748,0.03696530554994256,0.97,0.9989222012936823,True,peeling,True,Flagged for: network proximity to known cash-out wallets (propagated risk 0.96); participation in a high-confidence peeling chain (probability 0.97).,1.9696596677043172
bc1qw9xa3kx7eedtjvzhwjr64dpja1wj0tpac56t4u,0.0017860094606506074,0.9966481270272721,0.10933333333333334,0.9970199304276627,False,,False,Flagged for: statistically anomalous behavior (anomaly score 1.00).,1.107767469821256
bc1qmszr0mzrd5d7vkc5bnz72wuma4800hersosp89,3.762482476010835e-08,0.432703782871696,0.99,0.9943270380421612,True,peeling,False,Flagged for: participation in a high-confidence peeling chain (probability 0.99).,1.4227038204965208
bc1q9z9e076wyk3x5zn9c56b1ubb25k9qhzgirickw,1.3193348270289975e-08,0.36653771432467,0.99,0.9936653772268216,True,peeling,False,Flagged for: participation in a high-confidence peeling chain (probability 0.99).,1.3565377275180182
bc1q956jd1bpo49im4knpi91py9t27yfzrklsppczu,1.481719948033109e-08,0.35500075576282036,0.99,0.993550007653199,True,peeling,False,Flagged for: participation in a high-confidence peeling chain (probability 0.99).,1.3450007705800198
bc1q12q4x0808xgbde6tez66190ruiijc57v3wpxwd,2.381209540305199e-07,0.27293562362023316,0.99,0.992729357967495,True,peeling,False,Flagged for: participation in a high-confidence peeling chain (probability 0.99).,1.2629358617411872
bc1q6qjiujv6oh9sdbdw2pcn9t84azytjxepq85jsg,1.9524567542333084e-05,0.5408822264363073,0.9833333333333334,0.9923481865085382,True,peeling,False,Flagged for: statistically anomalous behavior (anomaly score 0.54); participation in a high-confidence peeling chain (probability 0.98).,1.524235084337183
bc1q6x3b9kyhkzh6ejebhbw9kckwdhx5wgtm16ymbn,0.00015905961541983832,0.11074445935400906,0.99,0.9911088590399831,True,peeling,False,Flagged for: participation in a high-confidence peeling chain (probability 0.99).,1.100903518969429
bc1qyf84z7ht7ryme6psrb6y2s79vicmnia2y7vfhp,4.4745814400023165e-06,0.3903654534603957,0.9833333333333334,0.9898394696886638,True,peeling,False,Flagged for: participation in a high-confidence peeling chain (probability 0.98).,1.373703261375169
bc1q0s5rmjpcza3sfgho4qhcg7fd143xrv8df2f5nk,4.32336969477619e-06,0.35605270244937154,0.9833333333333334,0.9892675914411935,True,peeling,False,Flagged for: participation in a high-confidence peeling chain (probability 0.98).,1.3393903591523997
bc1q45pu2pitt8bo7jfm03tdv0iqf1g5fu3hxk13c3,5.178727827681968e-06,0.35338121613163975,0.9833333333333334,0.9892230760799056,True,peeling,False,Flagged for: participation in a high-confidence peeling chain (probability 0.98).,1.3367197281928007
bc1q4ve41w4s6fuyc5atdzyumnqizkqoelu8a3pwjt,3.0611993434871446e-06,0.6133850692157101,0.97,0.9884015875816324,True,peeling,False,Flagged for: statistically anomalous behavior (anomaly score 0.61); participation in a high-confidence peeling chain (probability 0.97).,1.5833881304150537
bc1qbjjuidce74ahjoysj8oyrhkknnaeo0142jfutg,0.0005097553102375973,0.5803905921651961,0.97,0.9874181347086719,True,peeling,False,Flagged for: statistically anomalous behavior (anomaly score 0.58); participation in a high-confidence peeling chain (probability 0.97).,1.5509003474754337
bc1qvj0va0stka0914abazd84vf16185ibjubi6mgh,4.9131820719191245e-06,0.2394925441676428,0.9833333333333334,0.9873249380113207,True,peeling,False,Flagged for: participation in a high-confidence peeling chain (probability 0.98).,1.222830790683048
bc1qppyr6epm47whkumcisyoxomtf075g514a9969t,6.500104315194597e-06,0.5145166413186459,0.97,0.9854355939103336,True,peeling,False,Flagged for: statistically anomalous behavior (anomaly score 0.51); participation in a high-confidence peeling chain (probability 0.97).,1.4845231414229612
bc1qlu1eao1l9nypu87h0posqf4tiinjv5s1hhw9in,4.6923267608267846e-05,0.4817109800969948,0.97,0.9844520589973412,True,peeling,False,Flagged for: participation in a high-confidence peeling chain (probability 0.97).,1.451757903364603
bc1qmyofqewaouaxeqbnhl1n13jcat9mx2x18hafey,0.0005459083983348234,0.8263232208107227,0.9059999999999999,0.9836832950477693,True,peeling,False,Flagged for: statistically anomalous behavior (anomaly score 0.83); participation in a high-confidence peeling chain (probability 0.91).,1.7328691292090574
bc1q7s44z78iy664l90fxv2yrelzawr7zj8fn2be6o,2.7108239354620222e-06,0.40507828753498193,0.97,0.98215239700789,True,peeling,False,Flagged for: participation in a high-confidence peeling chain (probability 0.97).,1.3750809983589174
bc1q4u7s0kdy8lwkhrzfdyxsx2yp7vnsgolcbtl97p,9.036676359613391e-06,0.4042410306594635,0.97,0.9821273924302137,True,peeling,False,Flagged for: participation in a high-confidence peeling chain (probability 0.97).,1.3742500673358231
bc1qzklookep7y6wktakpuxqphr62gdswm31yihair,6.723550245918761e-06,0.6946019779018694,0.9233333333333335,0.9765863090633292,True,"fanout,peeling",False,Flagged for: statistically anomalous behavior (anomaly score 0.69); participation in a high-confidence peeling chain (probability 0.92).,1.6179420347854487
bc1qzmpjrht7zewviytwbozd1at7o75rh8lx6dut07,0.00042349988193139394,0.8451719219955222,0.826,0.9730713235502801,True,peeling,False,Flagged for: statistically anomalous behavior (anomaly score 0.85); participation in a high-confidence peeling chain (probability 0.83).,1.6715954218774534
bc1qpki7p5tb94874frhocn9j2qp89uzfk8ut0cvs4,4.660348170565777e-06,0.4581893432553988,0.95,0.972909593414085,True,peeling,False,Flagged for: participation in a high-confidence peeling chain (probability 0.95).,1.4081940036035694
bc1qlc254zh0qa1lszkzn0lyimoes1ai9a44yzlxoe,5.476647346884238e-05,0.08068495461211667,0.97,0.9724220590676548,True,peeling,False,Flagged for: participation in a high-confidence peeling chain (probability 0.97).,1.0507397210855856
bc1qnbi5e0l1q9rvsf0s60kqhj9zu0f5e47rhow59q,3.816887082698785e-07,0.07507584999329191,0.97,0.9722522860907918,True,peeling,False,Flagged for: participation in a high-confidence peeling chain (probability 0.97).,1.0450762316820001
bc1q095tkiziwwl0a9gq2ycqhcfb4mfpvk4wyziqou,3.0363437856398935e-06,0.4080731160515468,0.95,0.9704037456672531,True,peeling,False,Flagged for: participation in a high-confidence peeling chain (probability 0.95).,1.3580761523953324
bc1q9gntdwhmbun6xbelko48dhcbzcxqud8m829a7z,2.7195411347606545e-06,0.3772757286256422,0.95,0.9688638711074956,True,peeling,False,Flagged for: participation in a high-confidence peeling chain (probability 0.95).,1.327278448166777
bc1qd5kgf39wf58yj9ohnjypogx49jmz43d3zb28mc,7.293905852092102e-06,0.36085639769844247,0.95,0.9680430529775852,True,peeling,False,Flagged for: participation in a high-confidence peeling chain (probability 0.95).,1.3108636916042946
bc1qkhhuz83yuxyp3hbrbjeqvviaa2uaqe8btsmaq3,0.00010521137924567892,0.6322712004290613,0.9059999999999999,0.9654371296302257,True,peeling,False,Flagged for: statistically anomalous behavior (anomaly score 0.63); participation in a high-confidence peeling chain (probability 0.91).,1.538376411808307
bc1qhbn5elb45l6d10a1whhkt1yjfe8udttj72ugl6,9.0093583844369e-06,0.7905236192032946,0.826,0.9635514381224883,True,"fanin,fanout",False,Flagged for: statistically anomalous behavior (anomaly score 0.79); participation in a high-confidence peeling chain (probability 0.83).,1.616532628561679
bc1q0m1shrskr6l5a2lse3v3czbsq5mbl8l24w3zxo,1.1030028883607293e-06,0.44415018242573623,0.9233333333333335,0.957384894323943,True,peeling,False,Flagged for: participation in a high-confidence peeling chain (probability 0.92).,1.367484618761958
bc1qweyuk6bcdfqvdpmm9xagi30cn89yxjh8kgyzm5,5.327441997427965e-07,0.14752262677139616,0.95,0.9573761540461886,True,peeling,False,Flagged for: participation in a high-confidence peeling chain (probability 0.95).,1.0975231595155959
bc1qhokm948iy00g0bf8zq1vkvv411qizrmt0nhb62,9.600329860033347e-07,0.4211959884163902,0.9233333333333335,0.955625068380029,True,peeling,False,Flagged for: participation in a high-confidence peeling chain (probability 0.92).,1.3445302817827096
bc1qk0xl26f1poasvba8pl5qyzenpt1h3jwbxzwaiu,1.2747449134346088e-06,0.40760638993881537,0.9233333333333335,0.9545832144568661,True,peeling,False,Flagged for: participation in a high-confidence peeling chain (probability 0.92).,1.3309409980170623
bc1qf0h74isrcaxhcyep5zplyo0su0r7g0sgq9werx,8.446136886839241e-07,0.4052124459125435,0.9233333333333335,0.9543996593679995,True,peeling,False,Flagged for: participation in a high-confidence peeling chain (probability 0.92).,1.3285466238595656
bc1ql0ijkcu5x0hc8cah3gdhvs41lqfs6hn95s2gkf,7.866181134949649e-06,0.5036496194432046,0.9059999999999999,0.9533434312395692,True,peeling,False,Flagged for: statistically anomalous behavior (anomaly score 0.50); participation in a high-confidence peeling chain (probability 0.91).,1.4096574856243396
bc1qk9rx647di3e950id033tayb5bbkjy2nz7velfv,1.2939406943089678e-05,0.4950511422977243,0.9059999999999999,0.952535421547429,True,peeling,False,Flagged for: participation in a high-confidence peeling chain (probability 0.91).,1.4010640817046673
bc1qh4lv73qi3urnjek91kegj52t2pm318giyrnq1m,2.034737053583523e-06,0.3527811121299591,0.9233333333333335,0.950379986227183,True,peeling,False,Flagged for: participation in a high-confidence peeling chain (probability 0.92).,1.2761164802003462
bc1qwlok7gbupl5roszhx14a80q15fqjit6f5q4myi,3.3244299794625125e-06,0.43290022721996707,0.9083333333333334,0.9480160269794833,True,peeling,False,Flagged for: participation in a high-confidence peeling chain (probability 0.91).,1.3412368849832799
bc1qxmvmtyglfs9awkc1imek33dc5sggceuddva3pq,4.935134997432577e-06,0.42706128653517894,0.9083333333333334,0.947480877122632,True,peeling,False,Flagged for: participation in a high-confidence peeling chain (probability 0.91).,1.3353995550035098
bc1qgbxqj7dpfssbjdx0pkovtrpyx8hbbjcdiwzod0,5.558997731982915e-06,0.41381371525087274,0.9059999999999999,0.9448987955427554,True,peeling,False,Flagged for: participation in a high-confidence peeling chain (probability 0.91).,1.3198192742486046
bc1q3i1rd31tb0515f9mz99zjuk9qs57wc8mmferft,3.1727611216250367e-08,0.3377749357747483,0.9059999999999999,0.9377508459378433,False,,False,Flagged for: participation in a high-confidence peeling chain (probability 0.91).,1.2437749675023595
bc1qppp4kyz6sex7geoqgfa32j5ufvfcwgq8x2mpxt,6.420758775769634e-06,0.15741327896845123,0.9233333333333335,0.9354020994911144,True,peeling,False,Flagged for: participation in a high-confidence peeling chain (probability 0.92).,1.0807530330605604
bc1qygtmov6ki4epxr9ogjegxeyeb900yeh8uxz3ad,9.467708423577252e-07,0.1287359365350625,0.9233333333333335,0.9332031517090564,True,peeling,False,Flagged for: participation in a high-confidence peeling chain (probability 0.92).,1.0520702166392384
bc1qhysbz0oc7vuwkxt0azqg91z4pe05sa9c2ltwi0,2.1523136886538922e-05,0.0944688387217808,0.9233333333333335,0.9305774385254573,False,,False,Flagged for: participation in a high-confidence peeling chain (probability 0.92).,1.0178236951920008
bc1qsnles1d3q9540h2yiwby2vg6c7nnlknwt9yxy1,1.666515236576344e-06,0.07736479701633718,0.9233333333333335,0.9292647523194838,False,,False,Flagged for: participation in a high-confidence peeling chain (probability 0.92).,1.0006997968649072
bc1q1n5t844qh2btufdoapmlqs8lxsol15m9gqjanq,8.253739713964529e-06,0.5835873808832951,0.826,0.927544802304972,True,peeling,False,Flagged for: statistically anomalous behavior (anomaly score 0.58); participation in a high-confidence peeling chain (probability 0.83).,1.409595634623009
bc1quq1ik8238xkexnbtbcgtijst72v3m4lkmswvbc,4.074285534183056e-06,0.20929062828260758,0.9083333333333334,0.9275186029036833,True,peeling,False,Flagged for: participation in a high-confidence peeling chain (probability 0.91).,1.1176280359014752
bc1qs9kt9ez29gu65m7aa62dbksrpams126i93cvf9,1.931405581649133e-07,0.02462356364479071,0.9233333333333335,0.9252211543222648,True,peeling,False,Flagged for: participation in a high-confidence peeling chain (probability 0.92).,0.9479570901186823
bc1qilj42cw9j51kpsz6w8wbzo547gfpqeqqr7d6e5,1.0651446661552679e-07,0.015157367272440037,0.9233333333333335,0.9244954061998862,True,peeling,False,Flagged for: participation in a high-confidence peeling chain (probability 0.92).,0.9384908071202401
bc1q1dpiwpzxs12fzxotcszy0rcnj6brjdna0c0fos,2.1901083364573785e-07,0.014734449098666945,0.9233333333333335,0.9244629909743248,True,peeling,False,Flagged for: participation in a high-confidence peeling chain (probability 0.92).,0.9380680014428341
bc1q2sw24wjt8hdpwvbz7cn0eqwmi6kti221xj7wwu,4.278734883420357e-06,0.19059604158137328,0.9059999999999999,0.9239163534517945,False,,False,Flagged for: participation in a high-confidence peeling chain (probability 0.91).,1.0966003203162566
bc1qj7o6rhd5e9jlwxwu1r0dn952b5ikro8ua4nuth,3.942328946485401e-06,0.15629715250209963,0.9083333333333334,0.922660877210157,True,peeling,False,Flagged for: participation in a high-confidence peeling chain (probability 0.91).,1.0646344281643796
bc1qktior4v1og07vscqmpd7z4kso03w2mrop2byee,9.368538036071522e-05,0.1699779649073526,0.9059999999999999,0.9219852382287173,True,fanin,False,Flagged for: participation in a high-confidence peeling chain (probability 0.91).,1.0760716502877132
bc1q1wmfpt00e2qmk3uhk6hmrtiehc2yix79pbrtg6,1.3455593724643483e-07,0.14985321333205134,0.9059999999999999,0.9200862128060887,False,,False,Flagged for: participation in a high-confidence peeling chain (probability 0.91).,1.0558533478879886
bc1qhfvsv3v4bnax29w7rpp9cwnbil8b5l9jpa21e5,2.599830790304616e-07,0.01755488029829149,0.9083333333333334,0.9099425541074283,True,peeling,False,Flagged for: participation in a high-confidence peeling chain (probability 0.91).,0.9258884736147039
bc1q7f638zkrg6wmz0zcssf8hstrlt4csnc0zjxoq9,5.1481288788229554e-05,0.4538217580158422,0.826,0.9049698784197626,True,peeling,False,Flagged for: participation in a high-confidence peeling chain (probability 0.83).,1.2798732393046304
bc1qegok01tnzrf5a7qy8yb7w8p74mjdxo100vhmyg,9.56646815165932e-06,0.37977193482327193,0.826,0.8920813490694629,False,,False,Flagged for: participation in a high-confidence peeling chain (probability 0.83).,1.2057815012914235
bc1qf65j1vrkf4ht69a14350q8obw3j6sog2lbwtbv,7.720247988670454e-06,0.31327957601727446,0.826,0.8805115687144488,True,peeling,False,Flagged for: participation in a high-confidence peeling chain (probability 0.83).,1.1392872962652631
bc1qx3bid6v1lk4aglbd0xqtqv8elspj6sfas04lx5,5.811952956165325e-06,0.29113821052234573,0.826,0.876658765488507,True,peeling,False,Flagged for: participation in a high-confidence peeling chain (probability 0.83).,1.1171440224753018
bc1qxfq8myx444nlz15bcw790pdw5py6b2knftu2gc,1.1433717969996737e-05,0.8683647526133098,0.04,0.8736316073858592,True,"fanin,fanout",False,Flagged for: statistically anomalous behavior (anomaly score 0.87).,0.9083761863312798
bc1q8e9rivh6t1ntmjsrd9q46nouhfj7upfln4rxyj,1.9768097859406933e-06,0.8374392122793983,0.10933333333333334,0.8552128112874814,True,"coinjoin,fanin",False,Flagged for: statistically anomalous behavior (anomaly score 0.84).,0.9467745224225177
bc1qs6gkj71k16y0upu536lzms804bfpv0v6443ktx,1.5139152057584164e-06,0.12947484779223342,0.826,0.8485288528306687,True,peeling,False,Flagged for: participation in a high-confidence peeling chain (probability 0.83).,0.9554763617074391
bc1qj6sb053akzxfp5ke09jneftz53c5dwumjacypz,1.0170593648291909e-05,0.10470291223077545,0.826,0.844219891120455,True,peeling,False,Flagged for: participation in a high-confidence peeling chain (probability 0.83).,0.9307130828244237
bc1q65kxvf1t2tala753lc58drc11ertj5pht0hl9x,1.774844058655195e-05,0.7832032703359624,0.0,0.7832071181398381,False,,False,Flagged for: statistically anomalous behavior (anomaly score 0.78).,0.7832210187765489
bc1qi5ldslcb8qsspye9r1f63ai9hasez2nx1wvbd4,3.0784406969184614e-06,0.6395854235969395,0.28,0.7405023038405243,True,"fanin,fanout",False,Flagged for: statistically anomalous behavior (anomaly score 0.64).,0.9195885020376364
bc1q4u89yjb1qx6gvwrdmly4lyk83tqll8os9xtogn,1.0769782413475864e-05,0.7373983653052499,0.01,0.7400271815330398,False,,False,Flagged for: statistically anomalous behavior (anomaly score 0.74).,0.7474091350876634
bc1qpseimvihcwi64ciyhe7ur23gdppq0y9dom5igq,0.028678448048323125,0.7014999488384267,0.0,0.7100604670480857,False,,False,Flagged for: statistically anomalous behavior (anomaly score 0.70).,0.7301783968867498
bc1qaqvkizzqy72wx7ptx63cfl0ukeyz7srcbpljd8,1.4167966027909074e-05,0.6979515763406086,0.01,0.7009762971948896,False,,False,Flagged for: statistically anomalous behavior (anomaly score 0.70).,0.7079657443066365
bc1q9enulqjidknwi5flul1rsrla8s8hmbr5xqt4p5,0.0037869527896925146,0.5642727239800466,0.28,0.6874644178745312,True,"fanin,fanout",False,Flagged for: statistically anomalous behavior (anomaly score 0.56).,0.8480596767697391
bc1qktsg7fxzv4u3bbxux1oxrwk8r2ykccprhvlz04,1.2508876381519094e-07,0.6762666396689088,0.01,0.6795040133626715,False,,False,Flagged for: statistically anomalous behavior (anomaly score 0.68).,0.6862667647576726
bc1q1arxabofloaz1ro03ciny2et9mkb9xn4m41kht,1.3548922748402612e-05,0.6794922387562539,0.0,0.6794965812911512,True,fanin,False,Flagged for: statistically anomalous behavior (anomaly score 0.68).,0.6795057876790023
bc1q6g5g79or7875aud9k9tr74qgefqjg02u1g463s,7.125899226041168e-05,0.6596719530370017,0.04,0.6733083562918396,False,,False,Flagged for: statistically anomalous behavior (anomaly score 0.66).,0.6997432120292622
bc1qs3kkv9rftmttqlgzui1b0z3nx39rbsv55psq0o,3.6706359197540038e-06,0.6693847115257759,0.0,0.6693859250941294,True,fanout,False,Flagged for: statistically anomalous behavior (anomaly score 0.67).,0.6693883821616957
bc1q1w1ht7pze9vifttd96qe3rzsj49itn7s55j2o7,1.7785169304611553e-05,0.6331310076162474,0.09,0.6661551545234845,False,,False,Flagged for: statistically anomalous behavior (anomaly score 0.63).,0.723148792785552
bc1qxaji0y6dpbhsahxthv3a3zmf8mdd4v30t9nt3w,0.0001151849488986318,0.6067085687347619,0.0,0.6067538699881745,False,,False,Flagged for: statistically anomalous behavior (anomaly score 0.61).,0.6068237536836605
bc1qi2clp81l51flmnavycs44phh62myz9vlu8wpfq,2.640433144055244e-05,0.5443986457644804,0.10933333333333334,0.5942217750798842,False,,False,Flagged for: statistically anomalous behavior (anomaly score 0.54).,0.6537583834292542
bc1q6nix9twu52iybhk3h3ys1duafa0xrjal1tpnsq,2.9834606628105007e-05,0.5763810206994769,0.0,0.5763936592050846,False,,False,Flagged for: statistically anomalous behavior (anomaly score 0.58).,0.576410855306105
bc1q1swjckjlteiyzcotohp6vz41nam148p0tvhhpb,9.979777643706193e-07,0.5685028197575751,0.0,0.5685032503821663,True,"fanin,fanout",False,Flagged for: statistically anomalous behavior (anomaly score 0.57).,0.5685038177353394
bc1qo2rntjlmz04x0qzfhomtzzf8adf7pchcbn9wsz,1.5754882503817675e-05,0.5031111141126045,0.04,0.5229941848370743,False,,False,Flagged for: statistically anomalous behavior (anomaly score 0.50).,0.5431268689951083
bc1q87xw69hzgopjdn8ezp7qyezg52kre4v9kypofk,3.5762402986582107e-06,0.4605820827042497,0.10933333333333334,0.5195601598363806,False,,False,No single strong signal; flagged only due to combined weak evidence.,0.5699189922778818
bc1qy36ddfgs3jonou9iy4x41dntcagrp2u4dtbh55,5.230300811717232e-07,0.5190711998195049,0.0,0.5190714513597343,True,coinjoin,False,Flagged for: statistically anomalous behavior (anomaly score 0.52).,0.519071722849586
bc1q0hpmnz1udbfwyjxrpj1epkyrybovakhejla0gn,1.426764032094872e-07,0.4966747668295008,0.04,0.5168078450964495,False,,False,No single strong signal; flagged only due to combined weak evidence.,0.536674909505904
bc1qvni8e61493685efzvmt4fvmypj2nnoc3arpyyf,0.2916411726452687,0.3102529596002364,0.0,0.511411595291027,False,,False,No single strong signal; flagged only due to combined weak evidence.,0.6018941322455051
bc1qpqo2lngixmc4sx27dcbhhlk3yjz99106ak32oo,2.032069924024028e-06,0.44641104001491405,0.10933333333333334,0.5069377682455846,False,,False,No single strong signal; flagged only due to combined weak evidence.,0.5557464054181714
bc1q2zl15s74nddafs1iym90pkr1ifsi159i3hz3zs,0.0374568242990537,0.4865621927791443,0.0,0.5057939425127074,True,"fanin,fanout",False,No single strong signal; flagged only due to combined weak evidence.,0.524019017078198
bc1q6q3xlrfcd6mzsgippsfnkomv2xcdyk0x65mufm,0.0,0.5044745716395701,0.0,0.5044745716395701,False,,False,Flagged for: statistically anomalous behavior (anomaly score 0.50).,0.5044745716395701
bc1qsqc38seootuia4tndgdbnl7nfpe5hdpvqg527v,4.9632780486381696e-05,0.49948174971655085,0.0,0.4995065918289967,False,,False,No single strong signal; flagged only due to combined weak evidence.,0.4995313824970372
bc1qw3c1qkbhb7s9tj1gm25len606n9rr7s20cv3tl,2.0739324359644865e-05,0.4934087009092361,0.0,0.4934192072705057,False,,False,No single strong signal; flagged only due to combined weak evidence.,0.49342944023359575
bc1qvoi8uyyf1irym81cmftdrluxm60an0jbzutrut,1.6075452327366105e-05,0.49215235872978824,0.0,0.49216052261033505,True,coinjoin,False,No single strong signal; flagged only due to combined weak evidence.,0.4921684341821156
bc1q4ygyflq8xpa95g1amra5rbaykis11d2mrmtxjq,2.5375175330483344e-05,0.292116229099889,0.28,0.4903366180777763,True,"fanin,fanout",False,No single strong signal; flagged only due to combined weak evidence.,0.5721416042752194
bc1qcgmiurpv2wj6o6u9179b9nt5dxi7qodsu9f16x,0.00020835630788403796,0.43956934792735086,0.09,0.49011436664184593,False,,False,No single strong signal; flagged only due to combined weak evidence.,0.5297777042352348
bc1qyil8sa3idy3c7rm6j8y6rh05hhiwfd7yxw1tbr,7.442044353167609e-06,0.4869934054866801,0.0,0.4869972233045099,True,fanin,False,No single strong signal; flagged only due to combined weak evidence.,0.48700084753103323
bc1qnidp9mgyh523ggodlught7ehmgoloqc3xnchkv,2.121852834107361e-05,0.43129205350755534,0.09,0.4824867497944445,False,,False,No single strong signal; flagged only due to combined weak evidence.,0.5213132720358964
bc1qy4vy32i3pj7k99bv2j3t4h8qfdtn0plcfr7cl6,1.818664077008717e-07,0.47955251486646183,0.0,0.4795526095183764,False,,False,No single strong signal; flagged only due to combined weak evidence.,0.47955269673286954
bc1qaj8x2bh2ns8jr1vmymlinov953a5o47aet81iq,2.3317715113427405e-05,0.4774848226940885,0.0,0.4774970065541353,True,"fanin,fanout",False,No single strong signal; flagged only due to combined weak evidence.,0.4775081404092019
bc1qyvy96qzusofvd2ml0lrk4t0rdx0gh9q7i2hkr6,5.583178228894642e-06,0.47353622302176557,0.0,0.4735391623628634,False,,False,No single strong signal; flagged only due to combined weak evidence.,0.4735418061999945
bc1qi15cqzcuctsuflsehuds3qsqcq30o30ubmc97c,9.500429201369075e-05,0.46319997393713325,0.0,0.4632509722435624,False,,False,No single strong signal; flagged only due to combined weak evidence.,0.46329497822914695
bc1q5uqpgb7r3ocwbfuk9e1v2isqp49kwv08hhxfgc,8.845806118178754e-06,0.45370667950421095,0.0,0.4537115119090077,True,coinjoin,False,No single strong signal; flagged only due to combined weak evidence.,0.4537155253103291
bc1qnsvsojrpp7r93fezez5ehr07n8voeubfn9kr2f,1.231650342270325e-05,0.45338671550629117,0.0,0.4533934478706806,False,,False,No single strong signal; flagged only due to combined weak evidence.,0.4533990320097139
bc1qjc2r07lp7dfjcp0tlz1xgpxahkudiz1xevo7q5,2.2878300576529e-05,0.3989824376717801,0.09,0.45308653101832275,False,,False,No single strong signal; flagged only due to combined weak evidence.,0.48900531597235664
bc1qfel6246hid25owf75935a0l7253j2d54i3qk2i,1.4547331234568345e-05,0.38457681950467315,0.10933333333333334,0.45187106116806064,False,,False,No single strong signal; flagged only due to combined weak evidence.,0.49392470016924106
bc1qvy74zq50op7xmr8fhydrgfr27riu9mjyg4s3me,0.0006750187805822948,0.4503578934357088,0.0,0.4507289121802386,False,,False,No single strong signal; flagged only due to combined weak evidence.,0.4510329122162911
bc1qi0ycm90f89vxg7nvkbjn7fdtgskegdez18x4ry,5.835925852885779e-06,0.44859126820085177,0.0,0.44859448618132514,False,,False,No single strong signal; flagged only due to combined weak evidence.,0.44859710412670467
bc1qrmhrcnbh6nqqb9lzs34jtgxnx4sn6sm5rrvsff,2.7553595223501056e-06,0.4250618632868072,0.04,0.4480609095501539,False,,False,No single strong signal; flagged only due to combined weak evidence.,0.46506461864632953
bc1qwyqmlh13c71ud2zdlx1q8f6jng7l4lrcer4kmu,2.927354663080546e-05,0.44691513077104716,0.0,0.4469313215267574,False,,False,No single strong signal; flagged only due to combined weak evidence.,0.44694440431767796
bc1qmd478mfs0iuduahgk6t9dhsznvp8gmnhie9ede,0.02790560923567476,0.42914834335486074,0.0,0.44507830661673753,False,,False,No single strong signal; flagged only due to combined weak evidence.,0.4570539525905355
bc1q9lny2svhotqf74rqvfx2zvl9e9zr3rzn9l3h03,1.7292363607216337e-05,0.4197223538072573,0.04,0.44294309265213616,False,,False,No single strong signal; flagged only due to combined weak evidence.,0.4597396461708645
bc1qvcjxn7prwmoegpcp03yys14imd01n1t7nrqh4s,1.742563524831802e-05,0.3779108435983355,0.09,0.43390873234633087,False,,False,No single strong signal; flagged only due to combined weak evidence.,0.46792826923358377
bc1qf8cgvyie6ivwpvs7hzioykl1cq99chj755nf4z,6.664189113084099e-07,0.4174652687682083,0.0,0.41746565698036975,False,,False,No single strong signal; flagged only due to combined weak evidence.,0.4174659351871196
bc1qjhe9fi3m5rpbla6szo61lqonewrx4me6xkjupq,1.1615221177960476e-05,0.4150947935075335,0.0,0.4151015873108751,False,,False,No single strong signal; flagged only due to combined weak evidence.,0.41510640872871146
bc1q13m9npk2v014jponzv1v8pdewd6l5hrjae8qk4,4.745656831465593e-06,0.41470107245792726,0.0,0.41470385008578114,False,,False,No single strong signal; flagged only due to combined weak evidence.,0.4147058181147587
bc1qfwcs4bju8oxm9f4oheun5a8xaejgnzfzunq2w9,9.366886748684467e-05,0.41068485144711137,0.0,0.4107400519296691,False,,False,No single strong signal; flagged only due to combined weak evidence.,0.4107785203145982
bc1qy4k7bpgyvyv2gqu7dknncptkezjsszwd0w9ry7,1.3123190993662757e-06,0.4107286163588391,0.0,0.41072938967093053,False,,False,No single strong signal; flagged only due to combined weak evidence.,0.4107299286779385
bc1q5uzbikcidkwnnhj7xvg0fn9xuy41ibljh75lxo,3.7525827970401418e-06,0.4079597670103469,0.0,0.4079619886903405,False,,False,No single strong signal; flagged only due to combined weak evidence.,0.407963519593144
bc1qie0rnujjq9k6re4q6qdy4lmct64z7w2sehe2at,1.2587484150751148e-06,0.40786051579118615,0.0,0.40786126114582333,False,,False,No single strong signal; flagged only due to combined weak evidence.,0.4078617745396012
bc1q930i6g61pcwe4c1v47lzn9uhjpkhf33guwyh36,4.4767827345045173e-07,0.17131562068693285,0.28,0.403347514003066,False,,False,No single strong signal; flagged only due to combined weak evidence.,0.4513160683652063
bc1qfwojq44g23tyifjhs1jqedli5vlmq4vbgr3ajn,0.0002897332798533375,0.40159402649007914,0.0,0.401767404615468,False,,False,No single strong signal; flagged only due to combined weak evidence.,0.40188375976993246
bc1qcxlvpymb5m9j98cwn2y8fv2bc2nnuvy8n1utox,8.648185037005008e-06,0.4006542171218216,0.0,0.4006594003750531,True,coinjoin,False,No single strong signal; flagged only due to combined weak evidence.,0.4006628653068586
bc1qxtf52bwhnybjk8jv7ojmp6o6f7n2elmv5e71g4,8.534776960724649e-07,0.4005229455950511,0.0,0.4005234572353463,False,,False,No single strong signal; flagged only due to combined weak evidence.,0.40052379907274716
bc1qurlzh6a50nooo0nl9c59e7f1811mzwncnpir7n,2.0110275293058705e-06,0.3979267157526464,0.0,0.39792792653859566,True,fanin,False,No single strong signal; flagged only due to combined weak evidence.,0.39792872678017566
bc1qi1uz5zcfpvw4nh81tjrt2rmc967fd2ybnmzogq,3.254789122907295e-06,0.375542156752697,0.03,0.3942778635543541,True,"fanin,fanout",False,No single strong signal; flagged only due to combined weak evidence.,0.4055454115418199
bc1qdo7002g3yu6vk0ucc1m3o55ixva1nkbtfshb0o,0.10781601582402205,0.3192412015292068,0.0,0.392637902917476,True,"fanin,fanout",False,No single strong signal; flagged only due to combined weak evidence.,0.4270572173532289
bc1qrgrewds0hprwzbywwimt8545yrwvtkh861pqip,1.3336636056175464e-05,0.39078525718168367,0.0,0.39079338205698866,False,,False,No single strong signal; flagged only due to combined weak evidence.,0.39079859381773985
bc1qagl58kxo9t7e8g8jdp0lvsnujza7tz0yncxll4,1.981689272740844e-05,0.36470766166973034,0.04,0.3901314411422556,False,,False,No single strong signal; flagged only due to combined weak evidence.,0.4047274785624577
bc1qz7ko0ql4tc9yvrzmwpl00acma2h5csrrqsx696,1.2646622214453725e-06,0.3897995543510979,0.0,0.3898003260485491,False,,False,No single strong signal; flagged only due to combined weak evidence.,0.38980081901331937
bc1q0j1mnyw0yfkoe2hk724d6gq2wipp101yqt061a,0.08831389262094888,0.3276470020997933,0.0,0.38702511255972516,True,coinjoin,False,No single strong signal; flagged only due to combined weak evidence.,0.41596089472074216
bc1qr0aymk99jcjn9978imoe0sy5ypuplvqexuyhey,5.6473603025573465e-06,0.3805730394588376,0.01,0.3867707722102042,False,,False,No single strong signal; flagged only due to combined weak evidence.,0.39057868681914015
bc1qmcd6xhmk0ufucguw0v0i1itqpq4bw34s764623,7.49970034409353e-06,0.38655917676613577,0.0,0.3865637773884889,False,,False,No single strong signal; flagged only due to combined weak evidence.,0.38656667646647985
bc1q8zov7ln23y30ysxpnngh8riec4d145bm1enf31,2.490794923399078e-06,0.38300246617868533,0.0,0.3830040029930103,False,,False,No single strong signal; flagged only due to combined weak evidence.,0.38300495697360876
bc1qx15dtoz5sthslmwa6tj3kps04jse17quami0uz,5.820516466909461e-06,0.3828721418015018,0.0,0.3828757338043626,False,,False,No single strong signal; flagged only due to combined weak evidence.,0.3828779623179687
bc1ql44y9ik01l0vdp6orsnc2czo2sug5hcbbmhnqo,8.516612567878512e-06,0.3824806775378868,0.0,0.3824859367107094,False,,False,No single strong signal; flagged only due to combined weak evidence.,0.3824891941504547
bc1qozrzuwqffp5ny1li8are104rp59q6pu4y6dm5n,2.4627932737110403e-08,0.38115230218264035,0.0,0.3811523174235798,False,,False,No single strong signal; flagged only due to combined weak evidence.,0.3811523268105731
bc1qfdzltoczcecert7awrpmehrtvce3skso6dkfla,7.910248463098176e-10,0.37911633213237805,0.0,0.3791163326235124,True,"fanin,fanout",False,No single strong signal; flagged only due to combined weak evidence.,0.3791163329234029
bc1qo893envrjq9he6vb7hfg5lu7pkhel706hoqq0r,5.847979023992297e-06,0.3780722838076757,0.0,0.3780759208279145,False,,False,No single strong signal; flagged only due to combined weak evidence.,0.3780781317866997
bc1qrm7pyxdw2zcfzw0ldalmjegqtoamdvlnknd669,0.0,0.3767302596586662,0.0,0.37673025965866613,False,,False,No single strong signal; flagged only due to combined weak evidence.,0.3767302596586662
bc1qeg1y9xca6qs0szaa1eipicerhnxi09p5el2b2o,3.6895852441728274e-05,0.3764795190741543,0.0,0.37650252439381293,False,,False,No single strong signal; flagged only due to combined weak evidence.,0.376516414926596
bc1q6t94ow3litnt0mq8abkae6a9hl1737suudqfj6,1.0404276531067228e-06,0.37505247413182513,0.0,0.37505312434451277,True,"fanin,fanout",False,No single strong signal; flagged only due to combined weak evidence.,0.3750535145594782
bc1q0jdcli6978v0bjwkon8uujs75eltfebe5407k5,1.1247063072951981e-07,0.1296653794867789,0.28,0.3733591437091811,False,,False,No single strong signal; flagged only due to combined weak evidence.,0.40966549195740964
bc1q01nouhtcs1k9ye9o2m71hssbelrqvslwf90km3,1.807038507093989e-06,0.37265925736812083,0.0,0.3726603909969999,False,,False,No single strong signal; flagged only due to combined weak evidence.,0.37266106440662794
bc1quhz1gv0e38daly8ozcywd14ve92mpnsm43d8w3,0.0,0.3710162887977394,0.0,0.3710162887977394,False,,False,No single strong signal; flagged only due to combined weak evidence.,0.3710162887977394
bc1qxj3y1xc2i92pv07uj4fqksd7gdp9ii37y3d2fn,3.432901166929962e-05,0.3686198588980688,0.0,0.3686415335543005,False,,False,No single strong signal; flagged only due to combined weak evidence.,0.3686541879097381
bc1qzrmpgx44qx1clmmvh71hw3gm7q6lfj18lm6s0z,8.78191099336659e-06,0.3675665864093269,0.0,0.36757214038327435,False,,False,No single strong signal; flagged only due to combined weak evidence.,0.36757536832032023
bc1qfbffheyzqqxbv0deoegezq0x717hw0bupmtxq5,7.333281487804064e-07,0.36419346436101874,0.0,0.3641939306158485,True,"fanin,fanout",False,No single strong signal; flagged only due to combined weak evidence.,0.3641941976891675
bc1qzp08j3trp0j43d5iqvnb4gh2m5zja8dzr1yxr2,1.3014857355778502e-05,0.3574326223098401,0.01,0.3638665753802762,True,fanin,False,No single strong signal; flagged only due to combined weak evidence.,0.36744563716719586
bc1q1d1kdk2ywfmax9fke4vzn8z4c0x2hyvezrad8e,7.333281487804064e-07,0.36353713028016277,0.0,0.36353759701630073,True,"fanin,fanout",False,No single strong signal; flagged only due to combined weak evidence.,0.36353786360831153
bc1qna2fqztio4m7pp0pnnlo0hhgh5xw6t1oxhfdxk,1.754508962572083e-06,0.3611348702452265,0.0,0.36113599113982253,False,,False,No single strong signal; flagged only due to combined weak evidence.,0.36113662475418906
bc1q4teq3cyfwp5wlf0llya85bektjepgyap9eib0t,2.790451999118278e-05,0.36107926442751104,0.0,0.36109709320394956,False,,False,No single strong signal; flagged only due to combined weak evidence.,0.3611071689475022
bc1qkhw8gakh3ycqe8xavmnkw7wvy9rmjr211pv58y,2.1636362044920384e-05,0.3572730049512822,0.0,0.35728691122524314,True,coinjoin,False,No single strong signal; flagged only due to combined weak evidence.,0.35729464131332717
bc1qdsctxo6we815vn8lt25cdzbgqox54k7ynk76k9,1.4353126074598103e-05,0.3571859816965929,0.0,0.35719520808724003,False,,False,No single strong signal; flagged only due to combined weak evidence.,0.3572003348226675
bc1qubatpz00h4fl7q15whqmn7d922wahdo61xn8dk,0.00011140099705408273,0.35595115464067456,0.0,0.3560229023241992,False,,False,No single strong signal; flagged only due to combined weak evidence.,0.35606255563772865
bc1qbobcd11r89d842zsa6ha3vmot4saymwr03v867,1.2218060378439994e-05,0.3531463420872703,0.0,0.3531542453843186,True,coinjoin,False,No single strong signal; flagged only due to combined weak evidence.,0.35315856014764874
bc1qiqknppajiyryyiqezrp1482gqt1kaywq9p94jt,2.2047633916162222e-05,0.35119875295527525,0.0,0.3512130574876544,False,,False,No single strong signal; flagged only due to combined weak evidence.,0.3512208005891914
bc1qm4t8bp6nlnqbu4kzrezrdyxyur4sor8wm9lbb4,1.206005301891394e-05,0.34681537614027447,0.0,0.34682325358146937,False,,False,No single strong signal; flagged only due to combined weak evidence.,0.34682743619329337
bc1quyfliuf4pjdf8129tc6cgelvd3dd4sijzv07ey,4.739301503150332e-07,0.34562108771398203,0.0,0.34562139784387835,False,,False,No single strong signal; flagged only due to combined weak evidence.,0.3456215616441323
bc1q025ju26sphncasljsi3uduurwudkbu0t369o8w,1.0330076293027759e-05,0.3448091084634421,0.0,0.3448158766353382,False,,False,No single strong signal; flagged only due to combined weak evidence.,0.3448194385397351
bc1q7bo119xp9n56nyxtxmgtt0iaakytt3imj70e3p,3.656243525999707e-08,0.3441836985469162,0.0,0.3441837225251573,False,,False,No single strong signal; flagged only due to combined weak evidence.,0.34418373510935146
bc1qstrmzrmt8am1kbw6giokoqs8d6kyb27xjx6yy6,2.9422843658881034e-05,0.3432256116661664,0.0,0.34324493583631355,False,,False,No single strong signal; flagged only due to combined weak evidence.,0.34325503450982525
bc1qkp748ffoywwadsq32ql5g0trhc76wiz6p51pub,7.440628835806198e-07,0.34322481160272234,0.0,0.34322530028476284,False,,False,No single strong signal; flagged only due to combined weak evidence.,0.3432255556656059
bc1q7u2mrix5vcmgjvc2smtc0d6qj2onveox3akv62,3.01301668608313e-07,0.3414035537191326,0.0,0.3414037521553409,False,,False,No single strong signal; flagged only due to combined weak evidence.,0.34140385502080123
bc1q7xp2kugeorl0yb9c55c5mwbwacj28msabbkazj,9.141222904529576e-06,0.341114397698159,0.0,0.34112042071831816,False,,False,No single strong signal; flagged only due to combined weak evidence.,0.3411235389210635
bc1q1phjhddqef0s9kai1x2iuxorjgru9td57rezw3,6.659879846324365e-07,0.31287150740016245,0.04,0.3403570864187032,False,,False,No single strong signal; flagged only due to combined weak evidence.,0.3528721733881471
bc1qj7q4kfmm0qpop1o8m291azhzknl2luhhs4dilr,9.044931962509148e-05,0.34016847992557997,0.0,0.3402281612376379,False,,False,No single strong signal; flagged only due to combined weak evidence.,0.34025892924520507
bc1q115zg80zwvhyjeedp2nafh6q9y4yzkmru4eesz,7.910248463098176e-10,0.33686455497011497,0.0,0.33686455549467165,True,"fanin,fanout",False,No single strong signal; flagged only due to combined weak evidence.,0.33686455576113983
bc1q5d3nmyb4bomzqb09uw8pdwxezihzvzgmffohk9,6.306897456751996e-07,0.3346983181990054,0.0,0.3346987377979539,False,,False,No single strong signal; flagged only due to combined weak evidence.,0.33469894888875107
bc1qimyn4u9bxf445cri8bixoiq2q4qerxdouadvwk,2.25432339211015e-06,0.334671674290134,0.0,0.33467317415534203,False,,False,No single strong signal; flagged only due to combined weak evidence.,0.33467392861352613
bc1q0yc1ne2ooatyyxz90vqszxpgbmczdbraeiu5ax,2.495897571684297e-06,0.2615488207336061,0.09,0.32801110408722123,False,,False,No single strong signal; flagged only due to combined weak evidence.,0.3515513166311778
bc1quacotfvan0fvel57obvlxuiiy3xgwk1gpcxway,2.485639971071828e-06,0.3270543706062223,0.0,0.32705604330677707,False,,False,No single strong signal; flagged only due to combined weak evidence.,0.32705685624619335
bc1qrsufv3dzwavmc0kjy4guz9lisybw6mzkntk3ih,3.873449427782637e-06,0.3266530994756918,0.0,0.3266557076508583,False,,False,No single strong signal; flagged only due to combined weak evidence.,0.3266569729251196
bc1q2lofn1r4kz36u8ueihx74d0gjyv5g10ur5l8a7,2.052620410133487e-06,0.2408005729596194,0.10933333333333334,0.32380776495153274,False,,False,No single strong signal; flagged only due to combined weak evidence.,0.3501359589133629
bc1qfdtzj2l72v08ktrpw3hhigvummwcmzx8j5ms20,2.708211399824719e-09,0.3234389109795597,0.0,0.3234389128118301,False,,False,No single strong signal; flagged only due to combined weak evidence.,0.32343891368777106
bc1qn0ajufqymbnw8bkxcgw1vgll42jzntmfek2o7f,7.688888425994071e-05,0.323030914165956,0.0,0.32308296556364424,False,,False,No single strong signal; flagged only due to combined weak evidence.,0.3231078030502159
bc1qxhl5v32bh1a4ogn378vpcayp9ypdax6kdd49ik,1.2298738793726124e-07,0.32158440896932783,0.0,0.32158449240588927,False,,False,No single strong signal; flagged only due to combined weak evidence.,0.32158453195671577
bc1qzvrctlt4q9bc2be3yqy5fu7bfxq7bzegbl2qgv,9.352296075741658e-06,0.32118754969787516,0.0,0.32119389815289023,False,,False,No single strong signal; flagged only due to combined weak evidence.,0.3211969019939509
bc1qx5zphw7lhxol0iuod0fuviv6txomi8co2xzdir,2.612371309848374e-05,0.3207179321887726,0.0,0.320735677558625,False,,False,No single strong signal; flagged only due to combined weak evidence.,0.32074405590187105
bc1q0kz4z7whwkmy9x8sylemruyp04k43safyh1fkj,2.827887857060844e-06,0.32041839508459563,0.0,0.32042031686516403,False,,False,No single strong signal; flagged only due to combined weak evidence.,0.3204212229724527
bc1qdkmu6u4pllgf309hsuwdkejp5k7917xfh41a68,8.814179749627028e-07,0.31876629098771603,0.0,0.31876689143935233,True,"fanin,fanout",False,No single strong signal; flagged only due to combined weak evidence.,0.31876717240569097
bc1quv1ffofq1rucl37pr5a5hfsh6qrnv3hlw3zfes,3.529993737241007e-05,0.31852738355410143,0.0,0.31855143949478293,True,fanin,False,No single strong signal; flagged only due to combined weak evidence.,0.3185626834914738
bc1qhd2orwhp6wqfk6xw4emm9vasjevts1hn6bedye,1.3806317510197892e-05,0.28953610518047646,0.04,0.31796407750776445,False,,False,No single strong signal; flagged only due to combined weak evidence.,0.3295499114979866
bc1qp8hqmabsi9nb74x2ek3zezqacj4t0sekkbp2qd,0.0,0.3169549679452146,0.0,0.3169549679452146,True,coinjoin,False,No single strong signal; flagged only due to combined weak evidence.,0.3169549679452146
bc1qh1joqnuvk6jopzdtjxaf16yfeiq7ka8obm5ry6,1.889405381842525e-06,0.31601501205894283,0.0,0.3160163043838602,False,,False,No single strong signal; flagged only due to combined weak evidence.,0.31601690146432465
bc1q3ifhv1xg1r11q7uww5wfcpkjcslqc3c54wsqt2,1.0232174537956506e-05,0.30767489583163055,0.01,0.31460516002470407,False,,False,No single strong signal; flagged only due to combined weak evidence.,0.3176851280061685
bc1qjsfpfmnf7uiwjta882jozibp9of9svca3dc9e6,1.2685822077735475e-05,0.314497846628087,0.0,0.3145065427864385,True,fanin,False,No single strong signal; flagged only due to combined weak evidence.,0.31451053245016475
bc1q22hr5sosc0whs14eci9rtj6u5a2x54u44qunf5,3.6961551024255513e-06,0.3121751312259917,0.0,0.31217767353339,False,,False,No single strong signal; flagged only due to combined weak evidence.,0.31217882738109415
bc1q3b0hxz8y8k25gp0a8d2odkwdgseotp5or4nn9n,4.252944085900606e-06,0.24303494048344584,0.09,0.31116472543030227,False,,False,No single strong signal; flagged only due to combined weak evidence.,0.33303919342753174
bc1qhszdimopw9i93t3m5txcx7ly6yv0916pjpvwp8,9.619085750322006e-06,0.31068493495584715,0.0,0.31069156553656685,False,,False,No single strong signal; flagged only due to combined weak evidence.,0.31069455404159746
bc1qjovhwt3ubjvjkxxkm79pplg1tq1v53hd78rswe,0.05609399576635965,0.2686356972576702,0.0,0.30966084335936506,False,,False,No single strong signal; flagged only due to combined weak evidence.,0.3247296930240299
bc1qx7lju6adqc59z6nsm3v3dqju7asxb25t0fw5jd,2.753645816890974e-06,0.30891588597646324,0.0,0.308917788977343,False,,False,No single strong signal; flagged only due to combined weak evidence.,0.3089186396222801
bc1q5wi6fqjja26yfpmvxpj4hnriuu9k9xjuy0bvr6,1.3591021333624992e-06,0.3064759020178217,0.0,0.3064768445879028,True,coinjoin,False,No single strong signal; flagged only due to combined weak evidence.,0.30647726111995505
bc1qrln36v1mzb3i4fieecy2c11bd2scejcy127h6g,0.09262663469419874,0.23101276459613815,0.0,0.3022414643343935,False,,False,No single strong signal; flagged only due to combined weak evidence.,0.3236393992903369
bc1qgx5y7zjc7r1qoohf59she953a8b5yk7e315h9h,7.910248463098176e-10,0.30200424170322127,0.0,0.3020042422553533,True,"fanin,fanout",False,No single strong signal; flagged only due to combined weak evidence.,0.3020042424942461
bc1qh5hzwr73yao3s0eoarrwws4fzrg4pb7qu3054o,0.0030289538089492917,0.2997176591545958,0.0,0.30183878201823944,True,coinjoin,False,No single strong signal; flagged only due to combined weak evidence.,0.3027466129635451
bc1qd6oi9di53cd0znuajpbpkvcm2cd1w6rud5wc9f,0.003521313681523498,0.2964222542253126,0.0,0.2988997721675244,True,coinjoin,False,No single strong signal; flagged only due to combined weak evidence.,0.2999435679068361
bc1qzzg9bcdc25dmup1yvwqj8vv457gnvba43ijwef,0.003521313681523498,0.2964222542253126,0.0,0.2988997721675244,True,coinjoin,False,No single strong signal; flagged only due to combined weak evidence.,0.2999435679068361
bc1qam0yws4rhbr3i93qf2hp4c3fx6lbqmlfp36jh8,2.915668859938148e-05,0.29796442094620657,0.0,0.29798488997897077,False,,False,No single strong signal; flagged only due to combined weak evidence.,0.29799357763480594
bc1q3vna31xbidfwa88d0mzhrupflfcywe3dks4f6a,1.3120073169107052e-06,0.21095538305424616,0.10933333333333334,0.2972251832205599,False,,False,No single strong signal; flagged only due to combined weak evidence.,0.3202900283948964
bc1q7ndcwdhnlbx1z75gbotxxgsh4vwtv7k5uglxkr,8.834811659688783e-08,0.2950486642282704,0.0,0.2950487265093932,False,,False,No single strong signal; flagged only due to combined weak evidence.,0.295048752576387
bc1qv6ckmalq5u6jzv9nou3dyms1mwnpr424tkb9oi,0.0016282491277762197,0.29228846588601093,0.0,0.29344079657414923,False,,False,No single strong signal; flagged only due to combined weak evidence.,0.29391671501378713
bc1qk2vmwwyzx4w6xlpu0dk0get8t63j3r30me8f84,5.730519046485411e-07,0.22348034686249493,0.09,0.2933675205821906,False,,False,No single strong signal; flagged only due to combined weak evidence.,0.3134809199143996
bc1qe7ajul7w8cof3138i2xog4c8j6e07fpy1aeldw,0.0012743506060064471,0.2898243149216006,0.0,0.2907293277362514,True,coinjoin,False,No single strong signal; flagged only due to combined weak evidence.,0.29109866552760705
bc1qnoqu9y3z2t4h20rape6wtlrj4bdfhj4d0jmu3m,1.006228351095942e-05,0.29037606096206664,0.0,0.2903832013993275,False,,False,No single strong signal; flagged only due to combined weak evidence.,0.2903861232455776
bc1q3no3aamtfpw6m9hkhjg4ihgjd3ex5mhqnngs2w,0.0009972021457667819,0.28866171218563835,0.0,0.28937106025261283,False,,False,No single strong signal; flagged only due to combined weak evidence.,0.2896589143314051
bc1qds7kvk1xv1jl7tg6cd2ipe7ykrz3fu0luzj486,5.913440199989104e-06,0.28864605370323626,0.0,0.2886502602522587,False,,False,No single strong signal; flagged only due to combined weak evidence.,0.28865196714343627
bc1qvh30qbkern6yjmk3tgmalwvmb0idd0wpj8yi34,0.003516115687902165,0.28488463615795373,0.0,0.2873990645074186,False,,False,No single strong signal; flagged only due to combined weak evidence.,0.2884007518458559
bc1qu41vsvdt7663c42xcv96q3qzd2lguqionmc7ic,4.222689680213375e-06,0.2868808932897729,0.0,0.28688390457046553,False,,False,No single strong signal; flagged only due to combined weak evidence.,0.2868851159794531
bc1q21ej2vhak2x9pf16o8bjmigj6hm3j5uesl4pd8,2.1730305264778398e-05,0.28521272152511085,0.0,0.2852282540708714,False,,False,No single strong signal; flagged only due to combined weak evidence.,0.2852344518303756
bc1qsicvpdqe97n6y2c2bvpdcb4owo52wqqpwdxyas,0.0029896297775751724,0.2828275584495648,0.0,0.2849716385364802,True,coinjoin,False,No single strong signal; flagged only due to combined weak evidence.,0.28581718822714
bc1qpif8rdzrq8eb7u6606u00dmdlm9nwjwfdhtf1r,2.526643421870969e-07,0.2848041985887084,0.0,0.28480437929318514,False,,False,No single strong signal; flagged only due to combined weak evidence.,0.2848044512530506
bc1q7kb7iyno667vgp52f1johkk7qg24dsysymmq8q,4.320513087436299e-06,0.28439250603323607,0.0,0.2843955978247792,False,,False,No single strong signal; flagged only due to combined weak evidence.,0.28439682654632353
bc1q63dc0vsvits03l38gx8m8ct71wb0bjhppipg6a,8.986652343088009e-06,0.2837876641703736,0.0,0.28379410052163956,False,,False,No single strong signal; flagged only due to combined weak evidence.,0.2837966508227167
bc1qk9azu9pk42ud2dtbzxmuuca7r6d2x6lod6d8e2,1.888268912071117e-05,0.28364879828636297,0.0,0.28366232492340615,False,,False,No single strong signal; flagged only due to combined weak evidence.,0.28366768097548367
bc1qdhylurtp0lzjjeget1ghr09skdgigatj9tze5r,1.777177470660667e-05,0.28269338700998264,0.0,0.2827061348215042,False,,False,No single strong signal; flagged only due to combined weak evidence.,0.2827111587846893
bc1qxzeanpgxuj3so5xj5i2mt71raih0nogzeon9sz,4.84599362573548e-06,0.2824760712255318,0.0,0.282479548341917,False,,False,No single strong signal; flagged only due to combined weak evidence.,0.2824809172191575
bc1qgfxamhv1f070vk32rgwhgxmd7qcq3za8e83mte,7.423038000135784e-06,0.2823484349802862,0.0,0.2823537621351243,False,,False,No single strong signal; flagged only due to combined weak evidence.,0.28235585801828633
bc1qdv6nyycj4q0rr1l9gvbmqq749q6qf1pafl9woa,5.499369696470468e-06,0.2821460891322961,0.0,0.2821500368763401,False,,False,No single strong signal; flagged only due to combined weak evidence.,0.28215158850199257
bc1qsmvvbjb1jven2z7mb41g877fxv7a7kx7mr9vqi,2.5173078521106224e-05,0.2807419100948973,0.0,0.28076001603527145,True,"fanin,fanout",False,No single strong signal; flagged only due to combined weak evidence.,0.2807670831734184
bc1qb890zm8jkx2y5l3eowr8j0jmmyr77yh3y8a6m9,0.13331647059898544,0.16961272647897935,0.0,0.2803170270151162,False,,False,No single strong signal; flagged only due to combined weak evidence.,0.3029291970779648
bc1qi5482q78e5sfe0x7h2cpcc3zkgyr58mx4yqq14,0.008700396749741766,0.27345079739363964,0.0,0.27977206371452346,True,fanin,False,No single strong signal; flagged only due to combined weak evidence.,0.2821511941433814
bc1q68uuj2g430lr3oozit4mm186zudnmopg8ux018,9.987968399824356e-06,0.2795356036474984,0.0,0.27954279962312234,False,,False,No single strong signal; flagged only due to combined weak evidence.,0.27954559161589826
bc1qpig3yvr2eu4kb57l1376qwvgfri7fz5xbiguj9,4.941084181923193e-05,0.27858737141952783,0.0,0.27862301702480496,False,,False,No single strong signal; flagged only due to combined weak evidence.,0.2786367822613471
bc1q58cuij0yxiyqbvtdg3c6scivuqt2lwhedhthru,1.6437836688177962e-06,0.20643306331973343,0.09,0.2778552746726147,False,,False,No single strong signal; flagged only due to combined weak evidence.,0.29643470710340225
bc1q04j3m9iqbq9j2h1tlom344mw04i3dzxlrgnjzm,8.719799914567446e-06,0.2758378067821956,0.0,0.27584412133162617,False,,False,No single strong signal; flagged only due to combined weak evidence.,0.2758465265821102
bc1qvdb828192v4dusgehn0z1r5fn3eh81a4rkgjzo,1.6616981901910103e-06,0.27564961814570077,0.0,0.2756508217974193,False,,False,No single strong signal; flagged only due to combined weak evidence.,0.275651279843891
bc1qcmblepso1gs58pkjousk57qntpapcjpuf7vxqo,2.789146627997885e-06,0.27360904362863847,0.0,0.2736110696395251,False,,False,No single strong signal; flagged only due to combined weak evidence.,0.27361183277526646
bc1qhn14eb8753ayeqahthsjr0fzauxbgk2wbxanj4,9.032461730507447e-07,0.27350673079565324,0.0,0.27350738699791843,True,fanin,False,No single strong signal; flagged only due to combined weak evidence.,0.2735076340418263
bc1q07hdhjo5ctzetrij2frnlx6b02b7yjnxz6ytip,5.687987659506067e-06,0.2651774234219934,0.01,0.27252978705290354,False,,False,No single strong signal; flagged only due to combined weak evidence.,0.2751831114096529
bc1qfl8mpj4zgu5w4633566dzgg3etivmdh1jilhbi,4.421954777223648e-07,0.2722555265705106,0.0,0.2722558483758257,False,,False,No single strong signal; flagged only due to combined weak evidence.,0.27225596876598834
bc1qbi86mtzhsp3v5vs0jzwlsd4tr4gse74v5dm5nq,1.2228725935086939e-05,0.2714576669938157,0.0,0.27146657613833813,True,coinjoin,False,No single strong signal; flagged only due to combined weak evidence.,0.2714698957197508
bc1qzi5sgwcr8b97egt2hspqfhpvku8h5r8mnqpvpf,1.7634301592775108e-05,0.23831976812358255,0.04,0.2687998718296083,True,"fanin,fanout",False,No single strong signal; flagged only due to combined weak evidence.,0.2783374024251753
bc1qzfvb9ektr1t05qxs2u4oj7g4ebc94e6nkar1h1,7.489663988498354e-05,0.2599082654090499,0.01,0.2673640588352457,False,,False,No single strong signal; flagged only due to combined weak evidence.,0.26998316204893485
bc1qzs13hdnh4nred6m42fq4t7phi0ezf0zpbdurvf,1.4466140902085797e-05,0.26582539353326656,0.0,0.26583601420657044,False,,False,No single strong signal; flagged only due to combined weak evidence.,0.2658398596741686
bc1qtnkziy75itdl35jrj9r3vp8lim06etcqr3ev1r,9.533786093938822e-05,0.2649187394536097,0.0,0.26498882052860684,False,,False,No single strong signal; flagged only due to combined weak evidence.,0.2650140773145491
bc1qb4eyq1s4dj9dv3uy5evszzsu8e6xfwz73whcf5,0.0016249650955805538,0.2624035257642896,0.0,0.26360209428954584,False,,False,No single strong signal; flagged only due to combined weak evidence.,0.2640284908598702
bc1qjfppzje6xg541mpw57gn79hmhvl66sajxxo9zj,0.00010893410738074859,0.263358671518153,0.0,0.263438916883731,True,coinjoin,False,No single strong signal; flagged only due to combined weak evidence.,0.2634676056255338
bc1q72j8np9s8e9gf2fxx9xjue6ihruj9ycsrk5sls,2.822397378096945e-07,0.26306756518770535,0.0,0.2630677731793225,False,,False,No single strong signal; flagged only due to combined weak evidence.,0.26306784742744316
bc1qqjsqcz0n04oae7l0rcti8f34gadktoc1yfmhby,0.00040600154790470475,0.2623839341072459,0.0,0.26268340737175777,False,,False,No single strong signal; flagged only due to combined weak evidence.,0.26278993565515063
bc1qer3urev2z1k3bdgrb2d5lo9j5rwhhi4pjhl5nz,0.0012788613940068981,0.2603168570708448,0.0,0.26126280928613455,False,,False,No single strong signal; flagged only due to combined weak evidence.,0.2615957184648517
bc1qotuo4uw590z92jn67lm8e49ite92srl3vzzxt9,2.87232834195695e-07,0.258189024426972,0.0,0.2581892374994409,False,,False,No single strong signal; flagged only due to combined weak evidence.,0.2581893116598062
bc1qvuupltxu3yf15z08n10hlinh8jv7fxp323c9nu,1.0053399262105973e-05,0.25605151015780236,0.0,0.2560589893690012,False,,False,No single strong signal; flagged only due to combined weak evidence.,0.2560615635570645
bc1q9nzhqhzedcj9zqnkyp1m2vc8bzbo3fasemuhjq,1.6875601858199101e-06,0.2558034286442692,0.0,0.25580468452077343,False,,False,No single strong signal; flagged only due to combined weak evidence.,0.255805116204455
bc1qg3y2t5ovjyzxfuj7xn1ypqpmqk8sz7iwdl14wc,0.008327991561938895,0.24927226621051665,0.0,0.255524320442829,False,,False,No single strong signal; flagged only due to combined weak evidence.,0.25760025777245554
bc1qehlxslg6mm1zxyvgiui9kkhzlm72jeyn9382kk,0.0009190010647974221,0.2542664147405951,0.0,0.25495174469950377,False,,False,No single strong signal; flagged only due to combined weak evidence.,0.2551854158053925
bc1qyrmjljx8xgsic43olfark6o0u93mzywr7mkgxu,2.588200164527182e-06,0.25400106097804925,0.0,0.25400299177262586,False,,False,No single strong signal; flagged only due to combined weak evidence.,0.2540036491782138
bc1qcro04byv5jhurr8iqrt007pceaseh5e5rwsf5p,1.101848556641619e-06,0.25336055398824003,0.0,0.2533613766718359,False,,False,No single strong signal; flagged only due to combined weak evidence.,0.25336165583679665
bc1q38xrg2gzr7txcb48y1o4izasnwywrratatj9a3,7.537966415228356e-10,0.2524310150875912,0.0,0.25243101565110626,False,,False,No single strong signal; flagged only due to combined weak evidence.,0.25243101584138783
bc1q2tbw4pyx3s63lc6p0drqfvfa5qub00mf9awrzv,0.0035213973711744353,0.24714357231358924,0.0,0.24979467895891594,True,coinjoin,False,No single strong signal; flagged only due to combined weak evidence.,0.2506649696847637
bc1q0fodro8bnp84dyt9moge4qxxva2ieuc1hh5lf6,2.5710631259082148e-06,0.24926127438695067,0.0,0.2492632045836053,False,,False,No single strong signal; flagged only due to combined weak evidence.,0.24926384545007657
bc1qwafftouhylu6k7p9mda9oekntbz3m55izolnnt,0.0002645491485748897,0.24841245113208577,0.0,0.24861128297821822,True,"fanin,fanout",False,No single strong signal; flagged only due to combined weak evidence.,0.24867700028066064
bc1qryztbvhuazun6fht60kusfhvmljekbvxsogb20,0.000365626481319878,0.24756152720959793,0.0,0.24783663864081396,False,,False,No single strong signal; flagged only due to combined weak evidence.,0.2479271536909178
bc1q2abg9sho5d5afql0dgh6m3sgur4pu6w93k8ekt,5.307820412161663e-05,0.24738206342179886,0.0,0.24742201103026218,True,"fanin,fanout",False,No single strong signal; flagged only due to combined weak evidence.,0.24743514162592048
bc1qm19attkprehvyronadcvmsak0ojw1jvaa08d71,0.0015029688712991202,0.24610219282055712,0.0,0.24723527775688847,False,,False,No single strong signal; flagged only due to combined weak evidence.,0.24760516169185623
bc1qmx15z8vmuhxid4n1u3493wxa73jgzlma5uofwb,1.570037119896076e-05,0.24641402805364299,0.0,0.2464258596331328,False,,False,No single strong signal; flagged only due to combined weak evidence.,0.24642972842484195
bc1q6hhwmf1gzvg042mz8m6xhigx1pzgsvanry632i,6.219877118302872e-05,0.17099164524649976,0.09,0.24564931977819393,False,,False,No single strong signal; flagged only due to combined weak evidence.,0.2610538440176828
bc1qhfy40jotv7h10b8vk9qkav8c3pq5u74ij643yu,3.311658158131356e-05,0.24496055313676815,0.0,0.2449855574622073,False,,False,No single strong signal; flagged only due to combined weak evidence.,0.24499366971834946
bc1qnipg43tlrcelmdz5vaiegd572i2f8rpjx0wuzl,0.0009551577061477214,0.2438162020323717,0.0,0.24453847681426455,False,,False,No single strong signal; flagged only due to combined weak evidence.,0.2447713597385194
bc1qmigovr9ahembh4vsk23afpybuxhwrrvaxgumdf,0.0004511496958488006,0.24413896349821368,0.0,0.24447996997493537,True,coinjoin,False,No single strong signal; flagged only due to combined weak evidence.,0.2445901131940625
bc1q9t6m7rjbn9qb1jfegh1vowd186t2pxm8ec4nnz,9.760764950332316e-06,0.24438619596232372,0.0,0.2443935713310581,False,,False,No single strong signal; flagged only due to combined weak evidence.,0.24439595672727404
bc1qmp9a9uri7ev4dh9ugf10oo1pvlnd581lto4rq3,6.307319637080329e-06,0.24266650043239146,0.0,0.2426712771768451,False,,False,No single strong signal; flagged only due to combined weak evidence.,0.24267280775202854
bc1qxe0jdcz1oa3vf02gvllsajhjxqkd8ur6tiaron,4.2112858238257233e-07,0.24093198887708614,0.0,0.2409323085423215,False,,False,No single strong signal; flagged only due to combined weak evidence.,0.24093241000566853
bc1qmt4c46p9nbav4vjhp60iq7sddvxylfu2faw2xc,2.26376774536488e-06,0.2409042209314979,0.0,0.24090593934803817,False,,False,No single strong signal; flagged only due to combined weak evidence.,0.24090648469924328
bc1qep9p9w4j66cnoljq52wspofv177udktmonrvbj,0.00012054315277545424,0.24037266635619525,0.0,0.24046423422992702,False,,False,No single strong signal; flagged only due to combined weak evidence.,0.2404932095089707
bc1q8p8o85biofu2ncu22kb8ohl1zumkvgg4np4d8j,0.000310805165833365,0.24000105087977192,0.0,0.2402372624791863,False,,False,No single strong signal; flagged only due to combined weak evidence.,0.2403118560456053
bc1qulthycx8ae0jxyo6hfd7lttc954ai2278eqe12,3.753752976514325e-05,0.23907794033276208,0.0,0.23910650346722573,False,,False,No single strong signal; flagged only due to combined weak evidence.,0.23911547786252724
bc1qq9vjuhbp9vrnegn2b4jtj27yh6uamwjpiwujt4,1.7848753919823803e-05,0.23761932592416096,0.0,0.2376329334692059,False,,False,No single strong signal; flagged only due to combined weak evidence.,0.2376371746780808
bc1q4cowgzrixa11dpg8sbi4q2y9v86wzs3t60rjiw,1.6284624520865106e-08,0.2365902150058146,0.0,0.23659022743765623,False,,False,No single strong signal; flagged only due to combined weak evidence.,0.2365902312904391
bc1q7yirq8rtm4j3dab42hhihxs58yreg2iv7zzj64,2.642433203419866e-06,0.23550828774887245,0.0,0.23551030786715665,False,,False,No single strong signal; flagged only due to combined weak evidence.,0.23551093018207586
bc1q10q2lg1zhqunue7a34mpyo2tla27f8lwvv59ho,2.735592226910859e-05,0.2344810657360481,0.0,0.23450200721250936,False,,False,No single strong signal; flagged only due to combined weak evidence.,0.2345084216583172
bc1qt1dx6ta7ypp5zp7r1m264upj16dvtja0assnh2,1.0547420309856314e-05,0.20161897314708355,0.04,0.23356229824704755,False,,False,No single strong signal; flagged only due to combined weak evidence.,0.24162952056739342
bc1qv4bktcv1ltwbj9uu2bl7amkoh109zdo0d3fvnv,6.3104107182556e-06,0.23078693986362073,0.0,0.2307917939139601,False,,False,No single strong signal; flagged only due to combined weak evidence.,0.23079325027433897
bc1q1cgwj9s8u287m5c6reaguucqb39bw4q46derg8,3.7810141785030684e-06,0.2300064538127416,0.0,0.23000936516925707,False,,False,No single strong signal; flagged only due to combined weak evidence.,0.2300102348269201
bc1qhkcqwb00n114py4fngbg4pdfcopzfzz5t6v8vl,1.1308100563810022e-05,0.22823796243295033,0.0,0.2282466895956825,False,,False,No single strong signal; flagged only due to combined weak evidence.,0.22824927053351415
bc1qs9dwd7oi0pesgbm65q57te8tvq05pxt6ridlof,2.6834334932531714e-07,0.22800095669930587,0.0,0.22800116386011482,False,,False,No single strong signal; flagged only due to combined weak evidence.,0.2280012250426552
bc1qv6j9rufivipv8mswrr90909jfjfl12z4yjdkei,1.8445964435139817e-06,0.22762798450020172,0.0,0.2276294092148745,False,,False,No single strong signal; flagged only due to combined weak evidence.,0.22762982909664523
bc1q16dkpmvno9i1s6xh7abm4ml2iqr2ahnyrvfont,1.0345195881987462e-06,0.22731063420789668,0.0,0.22731143357018113,False,,False,No single strong signal; flagged only due to combined weak evidence.,0.22731166872748487
bc1q8xvi673kllzcuh1i8yatye737fentd7kfn8k6p,4.1932668481388524e-07,0.2269047957841481,0.0,0.2269051199635972,True,"fanin,fanout",False,No single strong signal; flagged only due to combined weak evidence.,0.22690521511083292
bc1qvw7njkhvyqdk9xma5vixr4dto8uflv4ba7obbc,9.610472698555459e-05,0.22428095701417483,0.0,0.2243555072810185,False,,False,No single strong signal; flagged only due to combined weak evidence.,0.22437706174116037
bc1q015oop767j2dg1wjuiiymyrsvzn4regb1ajo09,3.4911433108672725e-06,0.22407893857507483,0.0,0.22408164742669812,False,,False,No single strong signal; flagged only due to combined weak evidence.,0.22408242971838568
bc1qkh5nnaubfwapukhl6j3yvhwb2asflxezxpfhak,0.00041593726935196804,0.22368500820523432,0.0,0.22400790654307845,False,,False,No single strong signal; flagged only due to combined weak evidence.,0.22410094547458628
bc1qty3addqhkgad7x48wze4ex6u86zjq7w7jp61lf,6.590012646896452e-06,0.22352752100168477,0.0,0.22353263796514133,True,fanin,False,No single strong signal; flagged only due to combined weak evidence.,0.22353411101433165
bc1qtmo11if24hyg1hb3z30zbtvfh7b0ahi1ywt3hk,7.83542117570661e-07,0.223074932441603,0.0,0.22307554119511563,False,,False,No single strong signal; flagged only due to combined weak evidence.,0.22307571598372058
bc1qo3xt083rwr3ow37gjnxi5p2qfs7glb82motz60,1.5200960433352133e-06,0.22287080248737937,0.0,0.22287198379839768,False,,False,No single strong signal; flagged only due to combined weak evidence.,0.2228723225834227
bc1qlk4ktcm2vss666cevpoui0omoms98z2n4xxzu3,8.152545992475456e-05,0.22241298444941845,0.0,0.2224763775884928,True,coinjoin,False,No single strong signal; flagged only due to combined weak evidence.,0.22249450990934322
bc1qh4kymhvkcxallssfk7qirjqr0u09xox3mslzar,1.3788263467088231e-06,0.22219685477827547,0.0,0.22219792723374454,False,,False,No single strong signal; flagged only due to combined weak evidence.,0.22219823360462218
bc1qemdf3jphnb5vngblcqzj82zqyjm3ppsohxf823,3.244755072115878e-06,0.22212806278557432,0.0,0.22213058678948794,False,,False,No single strong signal; flagged only due to combined weak evidence.,0.22213130754064644
bc1qwpgbgqfqe6rp9uqezfmhk403uxh9a1g7irdlk9,0.06718468645569843,0.16583970634100437,0.0,0.22188250412427735,False,,False,No single strong signal; flagged only due to combined weak evidence.,0.23302439279670278
bc1q1y2d6unuwixuy3opa59f96ls9tzj9vfa9sxvf1,0.001371610214759755,0.21958579640980688,0.0,0.22065622050319478,False,,False,No single strong signal; flagged only due to combined weak evidence.,0.22095740662456664
bc1q1v4kfiwkesvr022wgn51nsgzsr8ruw2xh6qihp,2.7512795621216068e-08,0.22030654177175324,0.0,0.2203065632233,False,,False,No single strong signal; flagged only due to combined weak evidence.,0.22030656928454886
bc1q0sqcnf9w5n9c70pa8jx54pegjks4i2nr1p02jy,0.0028585721928245066,0.2175905363801181,0.0,0.2198271103162246,False,,False,No single strong signal; flagged only due to combined weak evidence.,0.22044910857294261
bc1qcjwtl9tqvdz4x1zhqimqodpxnf7c3dd03uvule,2.1684925961799084e-06,0.21884246706059365,0.0,0.2188441609949202,False,,False,No single strong signal; flagged only due to combined weak evidence.,0.21884463555318984
bc1q0lgrpzrxep46agyggfmnuf8z3hjeym4um75w15,1.2097394330018714e-05,0.21865144935626424,0.0,0.21866090163779062,False,,False,No single strong signal; flagged only due to combined weak evidence.,0.21866354675059427
bc1qzdo74v1qx8ertb74rs7gu0env5sn961j88qeoz,8.776142884336153e-06,0.21562335200324032,0.0,0.21563023580477825,False,,False,No single strong signal; flagged only due to combined weak evidence.,0.21563212814612465
bc1qjojwlrkxjtmyswe1ga6srg1yd5my3gdilk1qy7,0.00015159068351343832,0.21523583748113337,0.0,0.21535480041692645,False,,False,No single strong signal; flagged only due to combined weak evidence.,0.21538742816464682
bc1q3h8g8t922d0nx5wt3hju31fi0n6dgg5gr0xafg,1.8854391750287493e-06,0.11836291458671586,0.10933333333333334,0.21475671645647498,False,,False,No single strong signal; flagged only due to combined weak evidence.,0.22769813335922423
bc1qbkski19ur8nzjee1b34rqvzyie8mylacydctq1,1.3420339993788308e-05,0.21409804280020067,0.0,0.21410858987166803,False,,False,No single strong signal; flagged only due to combined weak evidence.,0.21411146314019447
bc1qz7e5rdeky820icfmq0ycy6bdzsgu4w8wiv5hhq,7.503778348522699e-07,0.2140929099451678,0.0,0.21409349967242852,True,"fanin,fanout",False,No single strong signal; flagged only due to combined weak evidence.,0.21409366032300264
bc1q36mhcclxntxlpup0t2k5clf0xsz6xj3anq6v09,0.00014708766806778372,0.21372402731743392,0.0,0.2138396788167135,False,,False,No single strong signal; flagged only due to combined weak evidence.,0.2138711149855017
bc1qardaaw2afi63ovwumzt2eoda5jjvk2ky6oc8fy,0.00019947849223708134,0.21291386295725487,0.0,0.21307086971313294,False,,False,No single strong signal; flagged only due to combined weak evidence.,0.21311334144949196
bc1qjx084dehnsb02lnnw139mxfgbl0m3i1689want,0.0003948522450094369,0.21069281157028075,0.0,0.21100447128563438,False,,False,No single strong signal; flagged only due to combined weak evidence.,0.21108766381529018
bc1q7ixhhkffn16db0ic1kxgjw2wzoiv10jh6zaz50,8.471910418058386e-06,0.2108283818296491,0.0,0.21083506762090276,False,,False,No single strong signal; flagged only due to combined weak evidence.,0.21083685374006716
bc1qe7cxsuo874ohl5thlvjyqtaybgi0rr0tiaxufv,3.49235105431145e-05,0.21020058184672613,0.0,0.2102281644150329,False,,False,No single strong signal; flagged only due to combined weak evidence.,0.21023550535726926
bc1qrtmpv5lmq15fbs4wvt3f2f3hycpesbda7xfizm,6.355342914435897e-06,0.2102094000031811,0.0,0.21021441939327468,False,,False,No single strong signal; flagged only due to combined weak evidence.,0.21021575534609555
bc1q3618leu6zu1tozhdv5ojzto7d835kuc9pbtyjr,1.7765366645114135e-05,0.2098260213386152,0.0,0.20984005906905956,False,,False,No single strong signal; flagged only due to combined weak evidence.,0.2098437867052603
bc1qzeeqnsn2s8nn16uxf5gzpl1qweehwjq4ta5ivr,1.564004326281725e-05,0.209375146251874,0.0,0.20938751165879133,False,,False,No single strong signal; flagged only due to combined weak evidence.,0.20939078629513683
bc1qvnnvbzw5apmxd6lqga3qupo4jnmyk8516sp18o,3.7312660979889553e-06,0.12994810064248474,0.09,0.20825572580425267,False,,False,No single strong signal; flagged only due to combined weak evidence.,0.21995183190858272
bc1qskxlojsyt5wsgrx37jw34670chqi014o46w4jk,2.2198117562709275e-06,0.20812897762842966,0.0,0.20813073543303462,False,,False,No single strong signal; flagged only due to combined weak evidence.,0.20813119744018593
bc1qa7zp8pwn40e1jjdzcya1jusshu1bacxf6rnh5e,7.7891889526687e-06,0.20709296294699855,0.0,0.2070991390497321,False,,False,No single strong signal; flagged only due to combined weak evidence.,0.20710075213595122
bc1qyuxczaumapqppmj6jfhvsthbnbizfwtjsjffp5,1.0803869184293117e-05,0.1979982374468224,0.01,0.20602683314726122,False,,False,No single strong signal; flagged only due to combined weak evidence.,0.2080090413160067
bc1qjvrqvqlq93bvmy7twy6h7tnvokeynjtps9o5sr,5.5754221842376915e-05,0.20489716678017664,0.0,0.20494149711992748,False,,False,No single strong signal; flagged only due to combined weak evidence.,0.204952921002019
bc1qa6ar1ar6ufcmvq9oat0leupk9iphptmqk0ymxn,1.2402762558428668e-07,0.2046312702469856,0.0,0.2046313688946806,False,,False,No single strong signal; flagged only due to combined weak evidence.,0.2046313942746112
bc1q82sfr23c60cjbmuvhgqk820ps5i5ftojtbpgt9,1.963144917754893e-06,0.17082545890751993,0.04,0.20399400322941408,False,,False,No single strong signal; flagged only due to combined weak evidence.,0.2108274220524377
bc1qtj54696qz6cp7savzebu2y0oy58f1n2ojgfhz5,1.5146161394076762e-06,0.2037876187522656,0.0,0.20378882470838866,False,,False,No single strong signal; flagged only due to combined weak evidence.,0.20378913336840498
bc1qco2jep91oxjcbyhgmn9ztdy61aa0c5hdfub4rc,0.00018307965504429084,0.20240655838668598,0.0,0.20255258151884215,True,coinjoin,False,No single strong signal; flagged only due to combined weak evidence.,0.20258963804173027
bc1q1gbz30v0vsgqg034l4kv2ra0t51lc8a4oc1cqb,2.9124427992739857e-06,0.20171477387352343,0.0,0.20171709883358202,False,,False,No single strong signal; flagged only due to combined weak evidence.,0.2017176863163227
bc1qarpkfzqfo5yvmtd503779u7c1a7yj8hqde7m7h,7.682786356161962e-06,0.19990853142377846,0.0,0.19991467835559706,True,coinjoin,False,No single strong signal; flagged only due to combined weak evidence.,0.1999162142101346
bc1qd97oie00ejhrmbl4otpt318yw1dgtg6zom2oyh,3.138816255591925e-06,0.19961857993239726,0.0,0.19962109218260926,False,,False,No single strong signal; flagged only due to combined weak evidence.,0.19962171874865287
bc1qjglwmk6sf9nrmozl65x4wu1i7xxeq58wzuaczr,5.306386812583235e-06,0.1987933793316732,0.0,0.19879763084391933,False,,False,No single strong signal; flagged only due to combined weak evidence.,0.1987986857184858
bc1q6vgtvyfyk3md6x73zca7fxloz2rcu8kd9gnlpy,3.155623850655801e-07,0.19721440684387076,0.0,0.1972146601728073,False,,False,No single strong signal; flagged only due to combined weak evidence.,0.19721472240625582
bc1q1prf3l4jxgyfr3op2ldyr3kvgnqd7j3h2wmdl3,6.61152345609303e-05,0.19663035487617825,0.0,0.19668346984870477,False,,False,No single strong signal; flagged only due to combined weak evidence.,0.19669647011073918
bc1qkdm6z6xtb80u10kwccimnschlsxjxrqmbbxdo7,4.2987053948932304e-05,0.19602192569652624,0.0,0.19605648634537998,True,fanin,False,No single strong signal; flagged only due to combined weak evidence.,0.19606491275047516
bc1qw6b9w5zqw6l87psch8q7qrerika7lxx08dw54i,1.8526164531410035e-07,0.1957284610271015,0.0,0.1957286100277701,False,,False,No single strong signal; flagged only due to combined weak evidence.,0.1957286462887468
bc1q2lhgcsotdhhlmh1t939ayq6ww8yl68ntk63n2q,0.006065946453247687,0.19027633523933074,0.0,0.19518807563169638,False,,False,No single strong signal; flagged only due to combined weak evidence.,0.19634228169257842
bc1q6n0tgiyi04cvunxfamadgp56efiq0g2lwl0tqf,2.792216050437302e-06,0.1942353609845656,0.0,0.19423761085352365,False,,False,No single strong signal; flagged only due to combined weak evidence.,0.19423815320061602
bc1q53pixdi0qiv55rcd48p6eh2y205kh0405crzet,4.6247300517000495e-07,0.19375333528841268,0.0,0.19375370815573068,False,,False,No single strong signal; flagged only due to combined weak evidence.,0.19375379776141785
bc1qnj8u81nwytau731qx4q7xolxcy6fd627dtq9ru,2.375293947393363e-06,0.19296261034998027,0.0,0.19296452730100733,False,,False,No single strong signal; flagged only due to combined weak evidence.,0.19296498564392767
bc1qdhh2ks1cbcifl79r9kpu8o9onsrhdvnff2wcfi,9.402361873307017e-07,0.1925920193955607,0.0,0.19259277854976198,False,,False,No single strong signal; flagged only due to combined weak evidence.,0.19259295963174802
bc1q60yup1shntcvl0yqzdubb9mit3vhtn7su62j8l,2.428508362796728e-06,0.18399406813705263,0.01,0.19215608931613948,False,,False,No single strong signal; flagged only due to combined weak evidence.,0.19399649664541543
bc1qd60ajbv6jnsczkm9x9e82i5x65um4yrv8voygh,0.00451263897714331,0.18838590535694025,0.0,0.19204842675482536,False,,False,No single strong signal; flagged only due to combined weak evidence.,0.19289854433408354
bc1q10ljrnicd0sqpzygwezuv263fl2aze5ezkjs7m,1.0493295487032623e-06,0.19189126334626438,0.0,0.19189211131864037,False,,False,No single strong signal; flagged only due to combined weak evidence.,0.19189231267581308
bc1qb9c2zufdnu4i5ymqt3dgd8opocmvh0eqt8fhu9,3.6366089157682114e-07,0.19166267568155335,0.0,0.1916629696422255,False,,False,No single strong signal; flagged only due to combined weak evidence.,0.1916630393424449
bc1qxu6m9deocirio74jlys7jd6z6pq1auf0tj5jgz,6.501136810753698e-09,0.1913476892038024,0.0,0.19134769446096178,False,,False,No single strong signal; flagged only due to combined weak evidence.,0.19134769570493923
bc1q5ev5925uak3j16cuashezj9v9ligzkczequbnl,0.0004727149791899822,0.1891964834617272,0.0,0.18957976242917485,False,,False,No single strong signal; flagged only due to combined weak evidence.,0.1896691984409172
bc1qt3t9lp2e2asoevgkh250cvgfgm1tm27o19qtg1,9.83652732906879e-10,0.18819506590617793,0.0,0.1881950667047121,False,,False,No single strong signal; flagged only due to combined weak evidence.,0.18819506688983068
bc1qcituf8cyotwg7nfdinu31eiwucx67xkwq0ywm9,1.15323028808502e-06,0.18798345208909953,0.0,0.18798438853117694,True,"fanin,fanout",False,No single strong signal; flagged only due to combined weak evidence.,0.18798460531938763
bc1qyuztw32atxab0g3yvolllmju1bzqw29asaj7sr,6.552082329447539e-06,0.18696571789600067,0.0,0.18697104496355377,False,,False,No single strong signal; flagged only due to combined weak evidence.,0.1869722699783301
bc1qlfqajgojcvj0s121mjdsrr2ku2nnu8uy5mruo0,0.0004838832936321888,0.18614817043689766,0.0,0.18654197974071518,False,,False,No single strong signal; flagged only due to combined weak evidence.,0.18663205373052985
bc1qz91playybgrxh5lqxxeglziubhuhrtpmo841lc,1.3438624405321657e-06,0.18631310130395504,0.0,0.18631419478721656,False,,False,No single strong signal; flagged only due to combined weak evidence.,0.18631444516639556
bc1qlj2twc5kqqljwqrlvc35ty40qculvuksvzoots,4.0896875970939484e-06,0.186084822541775,0.0,0.18608815120058142,False,,False,No single strong signal; flagged only due to combined weak evidence.,0.1860889122293721
bc1q550kqpga8vc1j2t2tngtg2lgj3s6ogq4ivn2qq,1.1276973750381806e-05,0.17775804535058262,0.01,0.18598964457400646,False,,False,No single strong signal; flagged only due to combined weak evidence.,0.18776932232433302
bc1q110bs6to8wyaqtflvm8nyzhhizebg9k4ssb1pb,7.235488442368289e-06,0.18512375060696654,0.0,0.18512964663465092,False,,False,No single strong signal; flagged only due to combined weak evidence.,0.1851309860954089
bc1qzxfmx9iyhosdqe3nhwvl9v73puwsxvti2v0zsl,2.002601111478142e-05,0.18325828067090066,0.0,0.18327463674964983,False,,False,No single strong signal; flagged only due to combined weak evidence.,0.18327830668201545
bc1qow60zz0i0835tvv8y5sic4s8pnne6it1ekkh0u,6.096779052531768e-06,0.1825286314902385,0.0,0.18253361543255409,False,,False,No single strong signal; flagged only due to combined weak evidence.,0.18253472826929104
bc1q57jyf8jshl96ept6aar17qr0apxp8iqfvapr4w,6.717626282129837e-06,0.18239836863614897,0.0,0.18240386097835615,False,,False,No single strong signal; flagged only due to combined weak evidence.,0.1824050862624311
bc1qvfq6d6suzrddn7p29euq3puzhhorblb8tnjxcm,6.291366200996888e-10,0.18205901911952543,0.0,0.18205901963412208,True,fanin,False,No single strong signal; flagged only due to combined weak evidence.,0.18205901974866207
bc1q9phwn8ddinz298l4jm8c9tfldy3ygqaop37728,1.6287212144769347e-06,0.18199760560077496,0.0,0.1819989378986282,False,,False,No single strong signal; flagged only due to combined weak evidence.,0.18199923432198944
bc1q6oq7qh96ycfnhp39lqt9ngq6tlv0gub5kb3pkb,1.0745199394928486e-05,0.18154156688999296,0.0,0.18155036138905312,True,coinjoin,False,No single strong signal; flagged only due to combined weak evidence.,0.18155231208938788
bc1q2tdo1dfsts3yqfbz9zqhbqiqicb5ntjk2gzaug,2.51422708377947e-06,0.18040459996336758,0.0,0.18040666061232002,True,fanin,False,No single strong signal; flagged only due to combined weak evidence.,0.18040711419045136
bc1q97lcpxxvk0qqxc9u2ho755lz2l2e9eu0g8lwdk,0.0015713858975512985,0.17889868667528105,0.0,0.1801889536995004,False,,False,No single strong signal; flagged only due to combined weak evidence.,0.18047007257283235
bc1q83dyj6s5ibgg2tgg48lefx70h1dffpnnqk0gm5,8.660602801939995e-06,0.18004457116692688,0.0,0.18005167247521126,False,,False,No single strong signal; flagged only due to combined weak evidence.,0.18005323176972882
bc1qezfrxymm2798p7prjhhzh139q0ep8v1uc8eanr,3.235621944485286e-06,0.1800244945823343,0.0,0.1800271477130735,False,,False,No single strong signal; flagged only due to combined weak evidence.,0.18002773020427879
bc1qdeg3zgarfi44td1fpe60qraqik3omd4poru09b,7.765030957636398e-06,0.1799828008300156,0.0,0.17998916828895295,False,,False,No single strong signal; flagged only due to combined weak evidence.,0.17999056586097326
bc1q0kz6xnomb42o3q825q30zx815g5fjd5mbfsrkh,6.345664175054347e-06,0.17133003212693432,0.01,0.17962193768237977,False,,False,No single strong signal; flagged only due to combined weak evidence.,0.1813363777911094
bc1q3fm348ni747x202vmbmp050orneee0jq9rvn97,2.039569980246123e-07,0.17922812655965586,0.0,0.17922829396182316,False,,False,No single strong signal; flagged only due to combined weak evidence.,0.17922833051665388
bc1qdnf4x13qinf2p091pqfmpah3qn21r91r0hrlia,5.906663883212663e-06,0.17912755881689404,0.0,0.1791324074344951,False,,False,No single strong signal; flagged only due to combined weak evidence.,0.17913346548077727
bc1qeiqetk5lp9c5so79h4ha0mvf4s2ni8tndfww41,0.0002473981628843609,0.17040550446749,0.01,0.1789046371754075,False,,False,No single strong signal; flagged only due to combined weak evidence.,0.18065290263037437
bc1qycxneam5cspm0os2c4xn98uncqs6519eyinyco,3.6100836424479353e-06,0.17746737184421185,0.0,0.1774703412557982,False,,False,No single strong signal; flagged only due to combined weak evidence.,0.1774709819278543
bc1qfzrlgq9azhdqdwvcw5magk6p0n17uxhvdhgues,0.0001499084843414345,0.17654176958772308,0.0,0.17666521296296267,True,coinjoin,False,No single strong signal; flagged only due to combined weak evidence.,0.1766916780720645
bc1qawcud3i2iwmc07lblwvf36zpi288h23tu8lm7x,0.0005747147196527184,0.17595746307474097,0.0,0.17643105245033186,False,,False,No single strong signal; flagged only due to combined weak evidence.,0.1765321777943937
bc1q04c5cjb3gex0sutbh7w5glo1bxba22jyqmwt0i,5.044443799999512e-06,0.09476584013808415,0.09,0.17624106995224587,False,,False,No single strong signal; flagged only due to combined weak evidence.,0.18477088458188415
bc1qot7txkdotrbad3wrdhw9re2q6jxnnngbpj4ufz,2.1723352822188867e-06,0.17565964476065232,0.0,0.1756614355042906,False,,False,No single strong signal; flagged only due to combined weak evidence.,0.17566181709593454
bc1qzhz3e88seby8en00bgbb1r3yqs5pyyz5ymit72,1.1866564879765077e-06,0.17513422222666342,0.0,0.17513520105899028,True,"fanin,fanout",False,No single strong signal; flagged only due to combined weak evidence.,0.1751354088831514
bc1qlz0o158j8h19yx6yinw4uf3s9m8yi038z2fs1o,4.938464017178594e-06,0.17415755543599742,0.0,0.1741616338291938,False,,False,No single strong signal; flagged only due to combined weak evidence.,0.1741624939000146
bc1qctzgwkidnfe9o1xgjngvspj0lxwtr1ueiaq3j9,1.0737904309570918e-06,0.17287018163210377,0.0,0.17287106979618783,False,,False,No single strong signal; flagged only due to combined weak evidence.,0.17287125542253473
bc1qnwd0jfneo2s9nblgu0tbqoivwqm91284sec275,7.428446454542702e-07,0.17277452027957327,0.0,0.1727751347795915,True,"fanin,fanout",False,No single strong signal; flagged only due to combined weak evidence.,0.17277526312421873
bc1qjt660j08xtr5igzgxoiyfoy0sxylka51e04pd8,6.134013528095856e-08,0.17204050469463994,0.0,0.17204055548178743,False,,False,No single strong signal; flagged only due to combined weak evidence.,0.17204056603477522
bc1qs0hcn1d53i0qaoyrxxo1id2cpdd8l0aihegyir,8.06084883463801e-06,0.171727826403868,0.0,0.1717345029806533,False,,False,No single strong signal; flagged only due to combined weak evidence.,0.17173588725270264
bc1q23ba9incu2lqm585u7d2xg770xdhj5sc36u9cy,1.5919107902924363e-05,0.17157018352632986,0.0,0.17158337138996838,True,"fanin,fanout",False,No single strong signal; flagged only due to combined weak evidence.,0.17158610263423277
bc1q953467wcdpi2eyenyjym9oo2tp5hqkjnz057h5,5.247560488323438e-08,0.1708791253357558,0.0,0.17087916884437515,False,,False,No single strong signal; flagged only due to combined weak evidence.,0.1708791778113607
bc1qcokz5syj3d6m1fmpryfzmyoa2vcywl9700lfqf,6.160898703925381e-06,0.17061483661086738,0.0,0.1706199463688456,False,,False,No single strong signal; flagged only due to combined weak evidence.,0.1706209975095713
bc1qdnobk8hup3ftj6ac4jrcq97rcq6w948ju63lxs,7.966974239005126e-06,0.16897996873159252,0.0,0.1689865894467737,False,,False,No single strong signal; flagged only due to combined weak evidence.,0.1689879357058315
bc1q7r1bllypgw00jyj2dsaexmojd85dw1nn9f7qa1,0.003521313681523498,0.16594119482423472,0.0,0.16887817750609535,True,coinjoin,False,No single strong signal; flagged only due to combined weak evidence.,0.16946250850575822
bc1q9ey5qwqmkqi028h1v8svwudj9vhqcnjbps0qcu,9.340719258591566e-07,0.1688560542204228,0.0,0.16885683056864886,False,,False,No single strong signal; flagged only due to combined weak evidence.,0.16885698829234866
bc1q84baxy8qegexas2r8lriubr6d6nwtv79bke94x,7.3508795032781505e-06,0.1685611366345556,0.0,0.16856724844145465,False,,False,No single strong signal; flagged only due to combined weak evidence.,0.16856848751405887
bc1quzs1xke1kwonrrlrnr2kyb3gd60uglbb8nmt3y,0.00010041487178138416,0.16798578210572446,0.0,0.16806932870673463,False,,False,No single strong signal; flagged only due to combined weak evidence.,0.16808619697750585
bc1qqmutwxpiwhwu6yhvwnlbs0umiffvmam3jkx2ka,6.089506803668276e-05,0.16777102036046249,0.0,0.1678216990007998,False,,False,No single strong signal; flagged only due to combined weak evidence.,0.16783191542849918
bc1qhwswczt0lfj4b121y50df0wcyr2p6xcw8afmne,0.011490119478429844,0.15735475702362375,0.0,0.1670368515433529,False,,False,No single strong signal; flagged only due to combined weak evidence.,0.1688448765020536
bc1qjoznhe8ifxdnm655ck3tb94cllsad0ucswnqmw,6.986243323229481e-06,0.1580400543865773,0.01,0.16646547715838955,False,,False,No single strong signal; flagged only due to combined weak evidence.,0.16804704062990056
bc1qlso2z6m81rjwpx5zj2o4q067cszvutbt6ao3fj,4.158922655316287e-06,0.1658520651213429,0.0,0.16585553427808708,False,,False,No single strong signal; flagged only due to combined weak evidence.,0.16585622404399822
bc1qs04sju6uqvl7erdtompsdwx96ach245l5do3gq,4.771016117222099e-06,0.16544691904487932,0.0,0.16545090071107915,False,,False,No single strong signal; flagged only due to combined weak evidence.,0.16545169006099655
bc1q3tdw7v1qsa11ptkftuwfv2ttuswetyx2cb2pn4,2.571433059439631e-06,0.16538575409874787,0.0,0.16538790025341177,False,,False,No single strong signal; flagged only due to combined weak evidence.,0.1653883255318073
bc1qrtcvmujp8uuhnykyfjnbif9yrodt2dtoohuain,0.00040930232338074087,0.16477292354812578,0.0,0.16511478393106804,False,,False,No single strong signal; flagged only due to combined weak evidence.,0.16518222587150652
bc1qkn646uw7ye46f7761xs1cxdcwgk6rzlch2xrnw,3.100806629401283e-08,0.16511293225649065,0.0,0.16511295814472415,False,,False,No single strong signal; flagged only due to combined weak evidence.,0.16511296326455693
bc1qxsv4daund14bkbfc142ae21761j0345zyrdb14,9.130474489005937e-08,0.16499824453210915,0.0,0.1649983207717315,False,,False,No single strong signal; flagged only due to combined weak evidence.,0.16499833583685405
bc1qajneq5d5dui7a6cv41cowftahqbbu55dva51nn,1.8391325063125569e-09,0.16490157975502054,0.0,0.16490158129087717,False,,False,No single strong signal; flagged only due to combined weak evidence.,0.16490158159415305
bc1qxnu4v80w6haih7wfrac8e3pqk1io1zm4lcvhfw,0.00010894384124212658,0.16444579971162762,0.0,0.1645368281957731,True,coinjoin,False,No single strong signal; flagged only due to combined weak evidence.,0.16455474355286975
bc1q3o9ycm9po2fknvzddh16359ll2j2ng1gag5t3l,2.0507241460153133e-05,0.16440494741993222,0.0,0.16442208316943852,False,,False,No single strong signal; flagged only due to combined weak evidence.,0.16442545466139238
bc1qpuc8eylb0wvy2jkqqnj0rocmqxtjbldwv7naqg,6.601206896548559e-05,0.1643446708274521,0.0,0.16439983416467285,False,,False,No single strong signal; flagged only due to combined weak evidence.,0.16441068289641758
bc1qrt2l2ieo9uvj3bsy3onx3f86ugyfunmad1bx6a,6.5204910190765695e-06,0.1639587710213101,0.0,0.16396422242063524,False,,False,No single strong signal; flagged only due to combined weak evidence.,0.16396529151232916
bc1qro37u9ssbu7ge3ai6aynpe6swyu2rnadkn2k7i,2.2285153152240294e-05,0.16358120272841523,0.0,0.16359984244941195,False,,False,No single strong signal; flagged only due to combined weak evidence.,0.16360348788156748
bc1qzrv2h24p1avftxxzufzrdix2bv50m3nvyx9t80,1.2148262886547181e-05,0.1634553146397887,0.0,0.16346547720454274,True,coinjoin,False,No single strong signal; flagged only due to combined weak evidence.,0.16346746290267525
bc1qsujckuh1dl1zl8g0esoy2z1ogy0t5fxpmdzcp3,1.2148262886547181e-05,0.1634553146397887,0.0,0.16346547720454274,True,coinjoin,False,No single strong signal; flagged only due to combined weak evidence.,0.16346746290267525
bc1q2spxkklj7hax23180qkxkp43mdhohgn48ipbqm,1.2148262886547181e-05,0.1634553146397887,0.0,0.16346547720454274,True,coinjoin,False,No single strong signal; flagged only due to combined weak evidence.,0.16346746290267525
bc1qocjpztc09zgnx3vpf9pavcedtcxnmj5ian8nd7,7.529734143804019e-06,0.16321370461978524,0.0,0.16322000539812453,False,,False,No single strong signal; flagged only due to combined weak evidence.,0.16322123435392905
bc1qjyot59he2ahozlv48pqxkzkjfs59h9xdelltrq,0.00023099153464048715,0.16207508072533575,0.0,0.16226863428835248,False,,False,No single strong signal; flagged only due to combined weak evidence.,0.16230607225997623
bc1q493dxwor17dpubkpiqnhqe86o3z0anik5j42oi,3.21185226612271e-05,0.1533961636196902,0.01,0.16188912173135217,False,,False,No single strong signal; flagged only due to combined weak evidence.,0.16342828214235142
bc1qs49mi9zu1eh3366sqmqqwhh3tt255kcmg2k87b,2.9846740954676357e-05,0.1608800584991989,0.0,0.16090510349472276,False,,False,No single strong signal; flagged only due to combined weak evidence.,0.16090990524015358
bc1q8t6aidizs3j0evzymkx9khh83gsv5e033dzqq5,9.516151008824431e-06,0.16065107815844207,0.0,0.16065906552953135,False,,False,No single strong signal; flagged only due to combined weak evidence.,0.1606605943094509
bc1qb9j52oyyr2ozz9z76mh8pu9jn01n3p6egkazal,6.874599287402482e-07,0.16063685866840696,0.0,0.16063743569693223,False,,False,No single strong signal; flagged only due to combined weak evidence.,0.1606375461283357
bc1qqph8a51gzfz7yhtd6oo7g5b0l8o9ics9jrmbk3,1.6688231681932283e-06,0.16056442107203592,0.0,0.1605658219415783,False,,False,No single strong signal; flagged only due to combined weak evidence.,0.1605660898952041
bc1qg9t6jznue5rau33x58pzj3mnhtzqttaazvorq5,8.069421418102549e-08,0.16028209485091174,0.0,0.16028216261128825,False,,False,No single strong signal; flagged only due to combined weak evidence.,0.16028217554512592
bc1q9y5edm228gn0gx4ozv6zvnsoj9uhgv9m58tgtu,0.0002753072952920091,0.15857495764645377,0.0,0.1588066080990551,False,,False,No single strong signal; flagged only due to combined weak evidence.,0.15885026494174578
bc1qxxy6wkhvpp55u1r8a5j8ur63nyir1dkf84qyup,0.0005757088180052429,0.1581886606260422,0.0,0.1586732988372166,False,,False,No single strong signal; flagged only due to combined weak evidence.,0.15876436944404745
bc1qf6te8cp9k02psoi373dzwi7plc1kjg7dp5ulp2,1.8126066343260877e-06,0.15857495764645377,0.0,0.1585764828190679,False,,False,No single strong signal; flagged only due to combined weak evidence.,0.15857677025308808
bc1qxcijqn6c4w713qnvy4h03b27lak0pntkluuj7k,1.3121091703273995e-05,0.15827307689012132,0.0,0.15828412126626845,False,,False,No single strong signal; flagged only due to combined weak evidence.,0.15828619798182458
bc1qh8hyf87sw1k9m94uzxy4g8on3w9hx6i62r2cxt,4.344615360535753e-06,0.15822853706290183,0.0,0.15823219423612989,False,,False,No single strong signal; flagged only due to combined weak evidence.,0.15823288167826235
bc1qhn3f9zxqerbkn3dkvr5nbhgpbktmav6763v1m3,1.6852598458894785e-06,0.158004000286395,0.0,0.1580054192684437,False,,False,No single strong signal; flagged only due to combined weak evidence.,0.1580056855462409
bc1qnwbhkvjz09owgmf4ln5rgsg6a8mlik22xmq664,0.00037427221258144256,0.15761701248130208,0.0,0.15793229302588174,False,,False,No single strong signal; flagged only due to combined weak evidence.,0.15799128469388352
bc1qhpl2iljl8vj61tyjavf61dm78ui5mgab1w1hgw,0.00018307965504429084,0.15741308561379164,0.0,0.15756734613542223,True,coinjoin,False,No single strong signal; flagged only due to combined weak evidence.,0.15759616526883594
bc1qwnac1pmadfa0goajb6ru3t28sie7coc0wkn4w1,2.828574574270077e-08,0.1570420698640747,0.0,0.15704209370776834,False,,False,No single strong signal; flagged only due to combined weak evidence.,0.15704209814982045
bc1qob7nbqw35f5sayrszqussjhmotoy9qjs7i58up,0.003521313681523498,0.15379107498461025,0.0,0.15677084204969427,True,coinjoin,False,No single strong signal; flagged only due to combined weak evidence.,0.15731238866613376
bc1qfyiifa2lr9p6hjb2jtxb02b6lkc86y5o44iuse,9.854794052482517e-07,0.1563410884556529,0.0,0.15634191986413526,False,,False,No single strong signal; flagged only due to combined weak evidence.,0.15634207393505814
bc1qifrml29q2l48c1cqg433e1i1p0bq1s9ryllwb7,1.0364586716523819e-06,0.1562179797766791,0.0,0.15621885432187088,False,,False,No single strong signal; flagged only due to combined weak evidence.,0.15621901623535075
bc1q0shdkkg1r1cqkih548jrpe2xn9txfjnjd5sloc,3.949110545373771e-07,0.15546023090911118,0.0,0.15546056442720202,False,,False,No single strong signal; flagged only due to combined weak evidence.,0.1554606258201657
bc1q9e8cdk9x0740c98uzzy00ew9jzf4epm7zdng61,1.8686259984124331e-06,0.15534757501535906,0.0,0.1553491533548399,False,,False,No single strong signal; flagged only due to combined weak evidence.,0.15534944364135747
bc1qa44tbidsechu3ycpkavm96n7kbnkfvdhlz02z7,4.9103553534380335e-06,0.15463252663366636,0.0,0.15463667768836475,False,,False,No single strong signal; flagged only due to combined weak evidence.,0.1546374369890198
bc1q4bn7j5ukr8ieu122jn86taip1kelbu8pt8tagi,1.3989020155529711e-06,0.1538898376798054,0.0,0.15389102130501697,False,,False,No single strong signal; flagged only due to combined weak evidence.,0.15389123658182097
bc1qghdomspfqlfqebiwrcqla6m04yprpaqccgzdn5,2.4141406452074276e-06,0.15359120618190025,0.0,0.1535932495317719,False,,False,No single strong signal; flagged only due to combined weak evidence.,0.15359362032254545
bc1qiiennngvdlv0wgd4hkpwi25y4xvrydafv87vo2,1.2267664486621681e-06,0.15351362624970602,0.0,0.15351466469078856,False,,False,No single strong signal; flagged only due to combined weak evidence.,0.1535148530161547
bc1q9shq8bc4pw8zw7nhpgjx19emf8rsjrrw24ivsr,7.1392846467879405e-06,0.15339133061409202,0.0,0.15339737479436721,False,,False,No single strong signal; flagged only due to combined weak evidence.,0.15339846989873882
bc1qqhacmeyp17x89nadhe709hkd6k7rmnzsyhripv,2.5074389543976786e-06,0.1532221079016003,0.0,0.15322423114547268,False,,False,No single strong signal; flagged only due to combined weak evidence.,0.15322461534055468
bc1qyyom0f6qepyohakc37wmfpta7ls9b7ry0cgq4h,1.5892930827386845e-05,0.15229608293008626,0.0,0.1523095554298023,False,,False,No single strong signal; flagged only due to combined weak evidence.,0.15231197586091363
bc1qr5xej2vbqkuw37j9ggfwj6jyidr6x0accho6v8,0.00018307965504429084,0.15205692021159975,0.0,0.15221216133814464,True,coinjoin,False,No single strong signal; flagged only due to combined weak evidence.,0.15223999986664405
bc1qg5yxzouup1kzvjh5ozyr4n26smmqz6nev8soty,4.527460022395808e-06,0.1515374244666296,0.0,0.15154126584702088,False,,False,No single strong signal; flagged only due to combined weak evidence.,0.15154195192665199
bc1qwc3bnecjq427u1nvmeagwp82h6sgl5wr6zebcv,3.615008782697581e-06,0.1514587038984905,0.0,0.15146177138272832,False,,False,No single strong signal; flagged only due to combined weak evidence.,0.1514623189072732
bc1q802xvxitifxziu6hulprx05h3k7ujj31w0gq34,2.3028128046534564e-05,0.15140579216469902,0.0,0.1514253337007766,False,,False,No single strong signal; flagged only due to combined weak evidence.,0.15142882029274554
bc1q3rzidvrifuvzlfy1u7n4vaq6jc15gyiccwbpoy,2.0813879186882474e-06,0.1513766392027763,0.0,0.15137840551718695,False,,False,No single strong signal; flagged only due to combined weak evidence.,0.151378720590695
bc1qe8a54hbph1ve8susfh70m9ohdsrs8anp8dmlc8,3.737583302187955e-06,0.1509179644710789,0.0,0.1509211379859171,False,,False,No single strong signal; flagged only due to combined weak evidence.,0.1509217020543811
bc1q6j3vme942hqfxclq08jt6gk3lv323xqpluyg3h,0.003521313681523498,0.1476577868071757,0.0,0.15065915110383166,True,coinjoin,False,No single strong signal; flagged only due to combined weak evidence.,0.1511791004886992
bc1qgmdrdsferfxiokpg3dp4fmpm5hgbo06fhrxjpt,0.0005611978112625129,0.14994712092505227,0.0,0.15042416874024656,False,,False,No single strong signal; flagged only due to combined weak evidence.,0.1505083187363148
bc1qzbl5kzhcmz2rno6cysvuhiwzwt994pn8qix43i,4.072768238953227e-06,0.14826163629024944,0.0,0.14826510522320513,False,,False,No single strong signal; flagged only due to combined weak evidence.,0.1482657090584884
bc1q4ulpqp81ycegnnjmxwepu44tm1quanx0h6vy9r,8.088582984979587e-07,0.14783057150902912,0.0,0.14783126079334308,False,,False,No single strong signal; flagged only due to combined weak evidence.,0.14783138036732762
bc1q8zzkk4j1o5hd4hsbrebndycpn0p1xs910baf4j,1.075492359855969e-06,0.14743213924716597,0.0,0.14743305617738656,False,,False,No single strong signal; flagged only due to combined weak evidence.,0.14743321473952584
bc1qzrp9dxoq2vpgstqmgvu4isotn9uzeryf0992qc,2.665593180337178e-06,0.1473799441242027,0.0,0.14738221686240904,False,,False,No single strong signal; flagged only due to combined weak evidence.,0.14738260971738304
bc1qu5jslhgmrzzqo17rv2y7cdabbajaq08dnx80nk,2.855497843849496e-06,0.1383553918354067,0.01,0.14697427373713012,False,,False,No single strong signal; flagged only due to combined weak evidence.,0.14835824733325056
bc1qa7b1bb61pdbhf3suthk9oe7te8rtmsy77bmbvm,6.507335943743288e-08,0.1466342957743051,0.0,0.14663435130567837,False,,False,No single strong signal; flagged only due to combined weak evidence.,0.14663436084766454
bc1q9jrd4hqfghdiluvnhdczp0nwntj5r2slrw4vnz,3.6783245395574516e-06,0.14659364380439566,0.0,0.14659678290993783,False,,False,No single strong signal; flagged only due to combined weak evidence.,0.14659732212893523
bc1q5nyq3yhgmlt43e90eqeihuo63wedplhrtc7i85,3.386059252332112e-05,0.14546091922722565,0.0,0.14548985442683493,False,,False,No single strong signal; flagged only due to combined weak evidence.,0.14549477981974898
bc1q7h0ums48iw5xnqdz98jhe17o7pnud53qe5eeaz,1.0090044141023926e-06,0.1454160320900749,0.0,0.1454168943690708,False,,False,No single strong signal; flagged only due to combined weak evidence.,0.145417041094489
bc1qmmk4wl656d1biob6ffrlkwlq3tnpp2vpfh22cp,1.426198394836162e-05,0.14514839968683624,0.0,0.1451605915666382,False,,False,No single strong signal; flagged only due to combined weak evidence.,0.1451626616707846
bc1qdlqh1cv2xb402nmsikji92xpi865eo9w6ya8jb,4.1793723048865535e-06,0.14467681977713295,0.0,0.14468039449114412,False,,False,No single strong signal; flagged only due to combined weak evidence.,0.14468099914943783
bc1qnozemdmz5rgoi9wm1sav9cng8tana6u48gwghm,8.524633846579073e-07,0.1444171991749106,0.0,0.1444179285279208,False,,False,No single strong signal; flagged only due to combined weak evidence.,0.14441805163829527
bc1qa54vdjpca12j8z8do3p0amts7ynxj5yhy8n59u,7.739089474541108e-06,0.14413646062636631,0.0,0.14414308423087552,False,,False,No single strong signal; flagged only due to combined weak evidence.,0.14414419971584086
bc1qh5cfgk7h3i8no7nqotsvfk2knelwl8u8pn74fy,1.8830259864353484e-08,0.1435945835376184,0.0,0.14359459966395505,True,"fanin,fanout",False,No single strong signal; flagged only due to combined weak evidence.,0.14359460236787824
bc1qp7swvtqqkljqkcjev9zuyh97y8pzl99uj6safk,5.489296663360947e-07,0.14326908696037827,0.0,0.1432695572453926,True,coinjoin,False,No single strong signal; flagged only due to combined weak evidence.,0.1432696358900446
bc1qaont75ez6iz8er6u0estie6sv5itmtjlegp4h2,4.150555803450952e-06,0.14233050269649766,0.0,0.14233406250160707,False,,False,No single strong signal; flagged only due to combined weak evidence.,0.1423346532523011
bc1qdji1oahnox8fk2076vmdnhqnjvdpngwds9yxz7,1.7686237505591074e-05,0.14184456274741475,0.0,0.14185974028829473,False,,False,No single strong signal; flagged only due to combined weak evidence.,0.14186224898492034
bc1q03iqhycvpnx4yk1w031mpyynq66q73smql2tbe,0.00018307965504429084,0.14139974432100635,0.0,0.14155693655963697,True,coinjoin,False,No single strong signal; flagged only due to combined weak evidence.,0.14158282397605065
bc1qff7so8w5038hvqrhofu1wsgy7vcneas6y3vg6v,2.1337769762667126e-06,0.10478383843426121,0.04,0.1405943186808597,False,,False,No single strong signal; flagged only due to combined weak evidence.,0.14478597221123748
bc1qxoycg1fjgbvyow47lueq4d7d7gdlwagawq57ly,0.00010893410738074859,0.14005424887539528,0.0,0.14014792629818995,True,coinjoin,False,No single strong signal; flagged only due to combined weak evidence.,0.14016318298277602
bc1qh4z8d2vfhzpqvjldnhm63q68jov58toe3pgihn,1.3912098072949166e-06,0.13962026954328402,0.0,0.1396214665120029,False,,False,No single strong signal; flagged only due to combined weak evidence.,0.13962166075309132
bc1q7nwuqiq9vobgggkycsnu966wqx1n6ph1raemyd,2.773738368276255e-06,0.13909987560353657,0.0,0.1391022635152429,False,,False,No single strong signal; flagged only due to combined weak evidence.,0.13910264934190483
bc1quusfn07ea28ditmownx23veuljgqpq8r4hc7jv,0.0017099427108851683,0.10142478590055022,0.04,0.1388428461165585,False,,False,No single strong signal; flagged only due to combined weak evidence.,0.1431347286114354
bc1qd33i7ops2rrtxvf4z1846849a7zvd8h3chufeu,1.527789100178667e-05,0.13827872098731425,0.0,0.1382918862710888,False,,False,No single strong signal; flagged only due to combined weak evidence.,0.13829399887831603
bc1q1qicxbr8iybatolodlonkcp8ov5nwvsjjcaxod,8.689082537142485e-06,0.1382084195498242,0.0,0.13821590772799652,False,,False,No single strong signal; flagged only due to combined weak evidence.,0.13821710863236136
bc1qqu0k5qzzkw3gi60q6guo8i5jwk6z0hr9t9cd1l,2.3890092208694934e-05,0.13784996281163797,0.0,0.1378705596555242,False,,False,No single strong signal; flagged only due to combined weak evidence.,0.13787385290384666
bc1q4i5vgd1x8l3jda0hxv2zottsmznms8ijjunwu1,1.672765471235954e-05,0.1370441561622104,0.0,0.1370585913895982,False,,False,No single strong signal; flagged only due to combined weak evidence.,0.13706088381692277
bc1qio16um6tt9h9l80hnsfe1v0onrnvwx994wah3q,1.7908047791714434e-06,0.1362395125733436,0.0,0.1362410593997525,False,,False,No single strong signal; flagged only due to combined weak evidence.,0.13624130337812276
bc1qcgaghft9zzcgl9fwvvskp30tx8j1ccm0w3c1za,7.946368756606151e-07,0.1353092009589222,0.0,0.13530988807411715,False,,False,No single strong signal; flagged only due to combined weak evidence.,0.13530999559579787
bc1qhop0e62n3pp1vm3i0gxhc660ujrihz8eekc8u0,1.097458670043351e-06,0.1347508265227107,0.0,0.13475177609791789,False,,False,No single strong signal; flagged only due to combined weak evidence.,0.13475192398138075
bc1q5pdtz91x70fqldb2uuijnwpaytxw1vzc7d2kd1,5.233883819926768e-06,0.13334856594066977,0.0,0.13335310189358796,False,,False,No single strong signal; flagged only due to combined weak evidence.,0.1333537998244897
bc1q2cdrxu9435o1l8wj6zgylkcs2yx1zdnqsamctx,8.485920244668375e-06,0.13277316492244776,0.0,0.13278052414020425,False,,False,No single strong signal; flagged only due to combined weak evidence.,0.13278165084269242
bc1qt3ppe690cwbke4hs0lt59hhpzuyr7vhtclr452,0.00039834389624409544,0.13060907646723136,0.0,0.13095539303507064,False,,False,No single strong signal; flagged only due to combined weak evidence.,0.13100742036347546
bc1qrtqhnol3obopab05dwjate4vv9c0xfevmy1qnq,8.908819082179496e-07,0.13081652232866228,0.0,0.1308172966684975,False,,False,No single strong signal; flagged only due to combined weak evidence.,0.1308174132105705
bc1ql5nfltq680cog1zn1riamwu28rl5h3g7vkc5ss,0.00037543805286602977,0.13044774748829088,0.0,0.1307742104928391,False,,False,No single strong signal; flagged only due to combined weak evidence.,0.1308231855411569
bc1q4jgsqof3wgi8y0423h7t6udojy6g107g8o8g8h,1.0807648828288147e-06,0.1305126182694084,0.0,0.13051355798083664,False,,False,No single strong signal; flagged only due to combined weak evidence.,0.13051369903429125
bc1qw0te52vxslhu6l29il9yq8ocucnri2i397i6yx,9.570005561823945e-06,0.12987348866409706,0.0,0.12988181577965008,False,,False,No single strong signal; flagged only due to combined weak evidence.,0.12988305866965888
bc1q88rbywcybo1y97jylaqs4fusnzdwp73wuqaygi,1.8373118133491364e-05,0.1297517338192678,0.0,0.12976772299346773,False,,False,No single strong signal; flagged only due to combined weak evidence.,0.1297701069374013
bc1q13zp84jrh8iptc16ze7blp7dgt60pv7tiqijb3,2.8273575761457173e-06,0.12965862189721328,0.0,0.12966108266350262,False,,False,No single strong signal; flagged only due to combined weak evidence.,0.12966144925478942
bc1qhd1qsmpm675bnkafpcxede4nabh41m4i299ij2,7.512489774226007e-06,0.12940535099488434,0.0,0.12941189132828257,False,,False,No single strong signal; flagged only due to combined weak evidence.,0.12941286348465858
bc1q8yc8gzkdf6j76biviss8jltcbw6atvd1xeuq4s,5.98853770705031e-06,0.1293992809233214,0.0,0.1294044945485554,False,,False,No single strong signal; flagged only due to combined weak evidence.,0.12940526946102845
bc1qfs0gd5ml524hiarmle6nphvoxj0au1armx6z7v,9.443523359370491e-05,0.12842470826746122,0.0,0.12850701568373057,False,,False,No single strong signal; flagged only due to combined weak evidence.,0.12851914350105492
bc1qe576mouze66vw9b0mqoq4kreg167d6vnxnpsv8,0.00031551102322729653,0.12797247809271406,0.0,0.1282476123884333,False,,False,No single strong signal; flagged only due to combined weak evidence.,0.12828798911594136
bc1qo3lfln7ft5hkojj9vynhccy7b0u2hvmbn4hzwc,1.2859159136946698e-06,0.12787861909623047,0.0,0.12787974057099272,False,,False,No single strong signal; flagged only due to combined weak evidence.,0.12787990501214416
bc1qsqry1eyn70w1pfxmbesb2lcrz3rj4biohk0vey,3.299187080627059e-09,0.12774380856436524,0.0,0.12774381144210145,False,,False,No single strong signal; flagged only due to combined weak evidence.,0.12774381186355233
bc1qomyvuxt9kls1qcwq85x7pwo6cmlxzvo5270sqg,2.786272033674575e-06,0.12714690693118608,0.0,0.1271493389373488,False,,False,No single strong signal; flagged only due to combined weak evidence.,0.12714969320321975
bc1q5wnwlc83gy1fkoldxb7gbdgbxnrwvbhza7x73q,1.1706281595333144e-08,0.12604288783763826,0.0,0.1260428980684264,False,,False,No single strong signal; flagged only due to combined weak evidence.,0.12604289954391984
bc1qn6mbypjdfaw1lxxd8t18s1saxt8jh34udtlvr7,4.1290433386776264e-07,0.1256085059932571,0.0,0.12560886703329444,False,,False,No single strong signal; flagged only due to combined weak evidence.,0.12560891889759096
bc1qcz75t6xdo7l5dl0ed8a6b3odf76img7zd3q0e0,2.8823951120217596e-06,0.12523983909176817,0.0,0.1252423604961802,False,,False,No single strong signal; flagged only due to combined weak evidence.,0.12524272148688018
bc1qvw2oxenfrrybcn78hzffghf3obs0swv5qd8c1a,5.264549971937305e-06,0.12473580762216095,0.0,0.12474041549424042,False,,False,No single strong signal; flagged only due to combined weak evidence.,0.12474107217213289
bc1q21xg77flv7ejm1r1qjqmfd2smd7kl9intuo1r3,1.3064551860742698e-07,0.12438471070596299,0.0,0.12438482510117665,False,,False,No single strong signal; flagged only due to combined weak evidence.,0.1243848413514816
bc1qb9boqcpl72u22eftixdwr024lpo6gf9xxwnkpz,5.05987139800114e-06,0.12403525192198782,0.0,0.12403968419096223,False,,False,No single strong signal; flagged only due to combined weak evidence.,0.12404031179338582
bc1qxuxnb9dssrkfi53llp0nfdd2pj0mmug8xjk31d,1.7741162894673254e-06,0.12397042311603682,0.0,0.12397197729437914,False,,False,No single strong signal; flagged only due to combined weak evidence.,0.12397219723232629
bc1q5f6y1nm7935krnm7th9iiukcum8smqp72t4yur,0.00018307965504429084,0.12377459453303599,0.0,0.12393501357800984,True,coinjoin,False,No single strong signal; flagged only due to combined weak evidence.,0.12395767418808028
bc1qpts0mmbbsu04w4jsnym31sk0540sejokilp4vn,2.07184807514759e-06,0.12386178431411761,0.0,0.1238635995393933,False,,False,No single strong signal; flagged only due to combined weak evidence.,0.12386385616219275
bc1qjkd9ucegyua4qgvmdvmwtrshrbsh103uf8ri3p,0.0007953719384425595,0.1226507862436513,0.0,0.12334860518848778,False,,False,No single strong signal; flagged only due to combined weak evidence.,0.12344615818209387
bc1qf3d4d32nkx5zt5tt9ka1dluclle4a2g76rwr3s,9.604044317357307e-07,0.12310202940322915,0.0,0.12310287157992628,False,,False,No single strong signal; flagged only due to combined weak evidence.,0.12310298980766088
bc1qet3h7psxmdx52f7gfppsyazhxdo3gtxyz8akv3,4.484447095253365e-06,0.12260512254109447,0.0,0.12260905717200399,False,,False,No single strong signal; flagged only due to combined weak evidence.,0.12260960698818972
bc1q1amisu1o67u61o85vo1tk5ezs96kw0pn524ksk,5.582350905740296e-06,0.12245243375646521,0.0,0.12245733253491642,False,,False,No single strong signal; flagged only due to combined weak evidence.,0.12245801610737095
bc1qw1qxph1y3bqhok3zy5sro0l9layke3zcxu11to,4.021009750758925e-06,0.12232847637560525,0.0,0.1223320055013597,False,,False,No single strong signal; flagged only due to combined weak evidence.,0.12233249738535601
bc1qfk0ilbhvab8ckqc4lfsi0lj7zkxewv000pn58i,1.6374944956972482e-07,0.12211207336959766,0.0,0.12211221712326237,False,,False,No single strong signal; flagged only due to combined weak evidence.,0.12211223711904723
bc1qbfv9xomigc3j3yc6wz8l6m5wk3bneguarhjrhe,1.863140651244951e-06,0.12160279166166915,0.0,0.1216044282392158,False,,False,No single strong signal; flagged only due to combined weak evidence.,0.1216046548023204
bc1q9txadn2tvdnhbobvgyihuivgayiuqgx8uwtk7s,6.387511415314421e-07,0.12056544186734709,0.0,0.12056600360717495,False,,False,No single strong signal; flagged only due to combined weak evidence.,0.12056608061848863
bc1qdn7zi6gaxlkkvpjrmeyy1em30vvijvddwvb853,1.2667654950028003e-05,0.12019841826266718,0.0,0.12020956328552912,False,,False,No single strong signal; flagged only due to combined weak evidence.,0.12021108591761721
bc1q2s530tj2t9o5a439gf5lxk2g5eol0ta8rd05n9,5.766658848339577e-05,0.11974337952685266,0.0,0.11979414092314522,False,,False,No single strong signal; flagged only due to combined weak evidence.,0.11980104611533605
bc1qapun9woqih029nlklog2arxxlhy4uxmwa178fx,2.4584881031391175e-07,0.11924340447076245,0.0,0.11924362100372365,False,,False,No single strong signal; flagged only due to combined weak evidence.,0.11924365031957276
bc1qd61098cjnjz9g6dvnq49440dclqgdd0dilxn48,2.713794788092554e-07,0.11905192528580753,0.0,0.11905216435703692,False,,False,No single strong signal; flagged only due to combined weak evidence.,0.11905219666528634
bc1qnvqebwuwqheyto5f9m969f5gcl9lcqh1uf22ep,1.694512136694733e-06,0.11903322004376057,0.0,0.11903471285266132,False,,False,No single strong signal; flagged only due to combined weak evidence.,0.11903491455589726
bc1qs2e6lzkwe9cztartgbjbi9za57hwue4gnya55h,4.287221931498749e-06,0.11899119252930979,0.0,0.118994969609591,False,,False,No single strong signal; flagged only due to combined weak evidence.,0.11899547975124128
bc1qzzw6b2klvhn4ozodil01av2r2a95c434dt6un6,8.676129940284994e-05,0.11881097331172266,0.0,0.1188874264166977,False,,False,No single strong signal; flagged only due to combined weak evidence.,0.11889773461112552
bc1ql12qfaf5kcihdiy4nrmqyz6y3z1de1e1630poc,4.9905088515391135e-06,0.11853138947016646,0.0,0.11853578844706969,False,,False,No single strong signal; flagged only due to combined weak evidence.,0.118536379979018
bc1qw5oxio25na8ky60p0hzwcykvmqybxpfyjl4ykf,2.0226644543350495e-06,0.10897664177189297,0.01,0.11788865957303596,False,,False,No single strong signal; flagged only due to combined weak evidence.,0.11897866443634729
bc1qgpw3o4dp632f93ntcunbdzcf5akd95bu1etllg,3.928301932349738e-08,0.11756486249779134,0.0,0.11756489716250784,False,,False,No single strong signal; flagged only due to combined weak evidence.,0.11756490178081067
bc1qhra1361bgmy4iqz6df08upnzasywdrkupcj8mo,2.6973679780760905e-05,0.1169865881854833,0.0,0.11701040630649562,False,,False,No single strong signal; flagged only due to combined weak evidence.,0.11701356186526406
bc1qhjr6eet0dy571vxnz0nxu43iedd070en48uact,3.7638900473409533e-06,0.11619531198972585,0.0,0.11619863853339485,False,,False,No single strong signal; flagged only due to combined weak evidence.,0.1161990758797732
bc1qqy3ot760rs6c4x56v3dgs9gt0r0vip35t54gyl,5.141856568934715e-06,0.11605784185516407,0.0,0.11606238695895654,True,coinjoin,False,No single strong signal; flagged only due to combined weak evidence.,0.11606298371173301
bc1qikgeq20hwobm3hxyjckt1elou83g47rrbefq56,8.360506469108154e-07,0.11579038682420435,0.0,0.1157911260682235,False,,False,No single strong signal; flagged only due to combined weak evidence.,0.11579122287485126
bc1qpnfircvcz8p5aiekx6mj53yxhzkiew6or6xn6l,6.327679144402441e-06,0.11544746770126944,0.0,0.11545306486588025,True,fanin,False,No single strong signal; flagged only due to combined weak evidence.,0.11545379538041385
bc1qsvolctylh82jpllq7s1oraz0oy44tfw0znmvns,4.74045018978383e-06,0.11530192313619032,0.0,0.1153061170033568,False,,False,No single strong signal; flagged only due to combined weak evidence.,0.1153066635863801
bc1qrv4a3m1xgb1botm1cd4zyefg5odhdgqnxskyz8,0.0012876659461121369,0.11403802852137473,0.0,0.11517885158159813,False,,False,No single strong signal; flagged only due to combined weak evidence.,0.11532569446748688
bc1q52e77dyvgdgfwmqx327ycif8r2bc9r4x1v4dx6,0.00010502419253048048,0.11469535566981975,0.0,0.11478833407523403,False,,False,No single strong signal; flagged only due to combined weak evidence.,0.11480037986235024
bc1q67st8li72w4oebmqpjbmwmnohg3vtl1drz0xv6,5.557311236301557e-06,0.11437939969308189,0.0,0.11438432136239507,False,,False,No single strong signal; flagged only due to combined weak evidence.,0.1143849570043182
bc1qskbcbdpdxujjcsexggoc5kvqywj85gg0v5dtae,1.135670217654028e-06,0.11433359469847144,0.0,0.11433460052343081,False,,False,No single strong signal; flagged only due to combined weak evidence.,0.1143347303686891
bc1qd143mo2op6vmjobru2qlc65q2efhazmiq5pxlg,3.9499697908086985e-08,0.11432037345143352,0.0,0.11432040843551128,False,,False,No single strong signal; flagged only due to combined weak evidence.,0.11432041295113142
bc1qszwymx9djoyohaz7t0uum3i8qoagsusmesjt2j,5.142554681784214e-06,0.11367545028802384,0.0,0.11368000826048652,True,coinjoin,False,No single strong signal; flagged only due to combined weak evidence.,0.11368059284270562
bc1q77ih0fuojjfaf8edjm7w4hxiobcfphg4bc2fvf,6.994494183694904e-07,0.11324110943397224,0.0,0.11324172967696255,False,,False,No single strong signal; flagged only due to combined weak evidence.,0.11324180888339061
bc1qenh6be8xohav66m8m89bvv2j2cgq7af9vhu7ak,1.1098753869276275e-06,0.11232191608998805,0.0,0.11232290130204492,False,,False,No single strong signal; flagged only due to combined weak evidence.,0.11232302596537498
bc1qdh9ptfnm88ua3a6s5zxqomts1egpgvtn4ypkw7,6.808451418202789e-06,0.11189055023033338,0.0,0.11189659688037612,False,,False,No single strong signal; flagged only due to combined weak evidence.,0.11189735868175159
bc1qr90mwb4ll3k4bk8ejnfmoctclka9lz57v4ndjm,2.5023915174173704e-06,0.10127510772819474,0.01,0.11026458312284426,False,,False,No single strong signal; flagged only due to combined weak evidence.,0.11127761011971216
bc1qm0p875knortlqbk2whz3m21o5k3ckohelh913s,1.1772328537978937e-05,0.10981758933338905,0.0,0.10982806885318619,False,,False,No single strong signal; flagged only due to combined weak evidence.,0.10982936166192703
bc1qz87wg8v961y2x6mspzpdyj49ix5tteugqv2x2h,2.984742033617998e-07,0.1097076529686466,0.0,0.1097079186979456,False,,False,No single strong signal; flagged only due to combined weak evidence.,0.10970795144284996
bc1qgwlf9yxam97yofcx7culoqvbv1jpvktaf6blbv,4.587617137310802e-06,0.10895726532541374,0.0,0.10896135308833332,False,,False,No single strong signal; flagged only due to combined weak evidence.,0.10896185294255105
bc1q2ixexb92yfai6yr8nkrz25yyexhpcocwmij5rn,9.54232029791132e-07,0.10863002888613468,0.0,0.10863087945991157,False,,False,No single strong signal; flagged only due to combined weak evidence.,0.10863098311816448
bc1ql2e4f4n3za0co76o8qhe4qgfulz2ads83gyzie,5.410038048668576e-07,0.10674300801112478,0.0,0.10674349126655613,False,,False,No single strong signal; flagged only due to combined weak evidence.,0.10674354901492965
bc1qudlwrflvrktgu8tl777k1d8nruu8f855mdtce9,2.8023331392027647e-06,0.10632424699963573,0.0,0.10632675137681402,False,,False,No single strong signal; flagged only due to combined weak evidence.,0.10632704933277494
bc1q1a5ugxbrytivr40dm9if826bhyz1ov5vxa8mku,4.823787326307652e-07,0.10623227364879366,0.0,0.10623270478333668,False,,False,No single strong signal; flagged only due to combined weak evidence.,0.10623275602752628
bc1q0j4a8ywy5apyx4l4oesrsbzb7tlom539iy87hl,1.300331539574495e-07,0.10611964896611967,0.0,0.10611976520020094,False,,False,No single strong signal; flagged only due to combined weak evidence.,0.10611977899927362
bc1qbzyi9v8u9da1l526rqgkcumczq991p778rnkow,2.3313977637269535e-05,0.10600646479397961,0.0,0.10602730733926713,False,,False,No single strong signal; flagged only due to combined weak evidence.,0.10602977877161689
bc1q6z6elcanrtlq74fcm56j61um04acc7y1wngxam,4.4243468203798166e-07,0.10483955382465197,0.0,0.10483994987467926,False,,False,No single strong signal; flagged only due to combined weak evidence.,0.10483999625933402
bc1qdl4ycpuukbi7ijxm5lze6hvoge67snvce8xpu4,1.0771687753642675e-06,0.10384684965338117,0.0,0.1038478149615727,False,,False,No single strong signal; flagged only due to combined weak evidence.,0.10384792682215654
bc1qg91hovsrm9xxk7ttma008wbgpfwcinvskhd1yu,2.0524176978164383e-06,0.10278749669496755,0.0,0.10278933814978808,False,,False,No single strong signal; flagged only due to combined weak evidence.,0.10278954911266537
bc1qbchz6puf3edpvgnyhc1rhloe20rillpgey18js,2.994123613813606e-07,0.10258533716983204,0.0,0.10258560586687526,False,,False,No single strong signal; flagged only due to combined weak evidence.,0.10258563658219341
bc1q37l5rptbq818gsvpi2jonew1mkdwvm7a7p4efg,2.116979552956518e-06,0.10220576702923677,0.0,0.10220766764127076,False,,False,No single strong signal; flagged only due to combined weak evidence.,0.10220788400878973
bc1qd643j2x9a6tdv9rruhcu5m767jez24wpfdfhj0,6.979116630122364e-07,0.10174243664061902,0.0,0.1017430635450488,False,,False,No single strong signal; flagged only due to combined weak evidence.,0.10174313455228204
bc1qst5v0175du23jh0zagrd1ppkpggersduhh03g9,6.573257545853255e-06,0.10110300032624177,0.0,0.10110890900772773,False,,False,No single strong signal; flagged only due to combined weak evidence.,0.10110957358378762
bc1qizva3t862vl1tku04vpwymfvtacblqi1n6clpd,2.5241530692842158e-06,0.10081902779627629,0.0,0.10082129746668711,True,fanin,False,No single strong signal; flagged only due to combined weak evidence.,0.10082155194934557
bc1q3i6kdpr2vz5ux0l45ubmr81mzap796iqphxi17,9.227325244978799e-05,0.09882328337313367,0.0,0.0989064378798089,False,,False,No single strong signal; flagged only due to combined weak evidence.,0.09891555662558346
bc1q7fbv2i6oeuh8vaqvbdim28aqwd1bqfdtnbs5xr,4.396076486679629e-05,0.09814077147232979,0.0,0.09818041789381804,False,,False,No single strong signal; flagged only due to combined weak evidence.,0.09818473223719658
bc1qaubpm9dbeza9agulm5fqjyyiir41g20dfxuj5o,1.1439096986418422e-05,0.09744968140578708,0.0,0.09746000576641656,False,,False,No single strong signal; flagged only due to combined weak evidence.,0.0974611205027735
bc1qke6zadotiwtlinj1q3q5pcnil8472qw44xriig,3.2256316998803764e-05,0.09724561279944674,0.0,0.09727473233113237,False,,False,No single strong signal; flagged only due to combined weak evidence.,0.09727786911644555
bc1qu6o3lpo7381onrpoj9bmay74fpllgrcutreurf,8.031997769878417e-05,0.09702841417095126,0.0,0.09710094082858756,False,,False,No single strong signal; flagged only due to combined weak evidence.,0.09710873414865004
bc1qtxt1b1mvhmn8533khzh4j5bnforp25v320sxnw,6.506669200151633e-06,0.0951510325649731,0.0,0.09515692011788035,False,,False,No single strong signal; flagged only due to combined weak evidence.,0.09515753923417326
bc1qgdkd8m4pkixsx097nfud1ahiia7bw2vnomzz8w,0.0014432902606442784,0.09286170902909822,0.0,0.09417097288951393,False,,False,No single strong signal; flagged only due to combined weak evidence.,0.09430499928974251
bc1q5u0332w04nxv50ot1k8hcd1sd44wl8mdzfwqva,7.64157833170161e-05,0.09369591696019001,0.0,0.09376517289661879,False,,False,No single strong signal; flagged only due to combined weak evidence.,0.09377233274350703
bc1qnwkq4ksd9gao4h86dd372dtf2533uot477iqfx,1.9205847212501647e-05,0.09345765367315315,0.0,0.09347506458694843,False,,False,No single strong signal; flagged only due to combined weak evidence.,0.09347685952036565
bc1qh2v9msk0nlydjixl7vsky6c5tg8bka8v0igbv7,8.796608827801859e-06,0.09342910018515857,0.0,0.09343707493473896,True,coinjoin,False,No single strong signal; flagged only due to combined weak evidence.,0.09343789679398637
bc1qxa7hy7ai33993n4bfiy5pu5wh50jyook63rvwo,3.663640798078821e-06,0.09241124753662326,0.0,0.09241457261580466,False,,False,No single strong signal; flagged only due to combined weak evidence.,0.09241491117742134
bc1qooh1xawj28cw9rtnfw6szf4lur02tyaxy2nz5x,2.951175630605756e-06,0.09220945690028598,0.0,0.09221213594961453,False,,False,No single strong signal; flagged only due to combined weak evidence.,0.09221240807591659
bc1q2x2ezc7fov2ygnmby49e7eobjlzy1uu9ymszdx,8.523807385038124e-07,0.09202703993445005,0.0,0.09202781387311232,False,,False,No single strong signal; flagged only due to combined weak evidence.,0.09202789231518856
bc1qxlaxhnoc2xi3rnc02blu27xnpzcu7mpa7dzvhl,6.301178183525293e-05,0.09159714274361136,0.0,0.09165438282627125,False,,False,No single strong signal; flagged only due to combined weak evidence.,0.09166015452544661
bc1q9kkvp2me59o2ee75c7qxmjblineewkihpy36z6,3.648772492009725e-07,0.09132623868343066,0.0,0.0913265702378131,False,,False,No single strong signal; flagged only due to combined weak evidence.,0.09132660356067987
bc1qz8rptsetigpr1hvtw5eje32te5x53lrzmo3dxu,2.0495998570165202e-09,0.09076241106093953,0.0,0.0907624129245127,False,,False,No single strong signal; flagged only due to combined weak evidence.,0.09076241311053938
bc1qs3k337ov9wxhvy3nukondhkbrjiglg08yvu69q,2.270746945025407e-06,0.09041985795447605,0.0,0.0904219233808049,False,,False,No single strong signal; flagged only due to combined weak evidence.,0.09042212870142108
bc1q2v4b2rcybrxodhs6jhb0c148mo64e51o762nky,1.871427959197322e-06,0.08962275788809843,0.0,0.08962446159352266,False,,False,No single strong signal; flagged only due to combined weak evidence.,0.08962462931605762
bc1qq8su5nkc419u772ns8erkd0rngct2xfdzoejfv,1.6324775136009444e-07,0.08959555992922238,0.0,0.08959570855070009,False,,False,No single strong signal; flagged only due to combined weak evidence.,0.08959572317697374
bc1qj6jdpbj1npkmx0f6ov0ndyu5473ujs3ev33pv7,9.47251860244791e-08,0.08855536337395815,0.0,0.08855544971072093,False,,False,No single strong signal; flagged only due to combined weak evidence.,0.08855545809914418
bc1qhmm04k3hf9pqn4g6rckpa29mff0gbvp8fkqbjr,1.377001273652171e-07,0.08849649419423795,0.0,0.08849661970838685,False,,False,No single strong signal; flagged only due to combined weak evidence.,0.08849663189436532
bc1qk2yb4u33k2w1i5ki7ve3au09ie8jjfupmvl5ve,6.108016269257659e-06,0.08842866867660502,0.0,0.0884342365691273,False,,False,No single strong signal; flagged only due to combined weak evidence.,0.08843477669287428
bc1qv50ew25x1fvk1pbcd6fxnoq37ktll8sn5yz7vx,1.6834510033249872e-06,0.0878372801939107,0.0,0.08783881577515662,False,,False,No single strong signal; flagged only due to combined weak evidence.,0.08783896364491402
bc1qm3rkl39vel08kklseauzvmmh541oo5vyfrrloa,9.619665063562683e-07,0.0875620137070054,0.0,0.08756289144178742,False,,False,No single strong signal; flagged only due to combined weak evidence.,0.08756297567351176
bc1qf8c8clrki72oalfwypeek035n8cqphli5l692t,0.0004888206998991552,0.08679055050677553,0.0,0.08723694618903133,False,,False,No single strong signal; flagged only due to combined weak evidence.,0.08727937120667469
bc1qzityfippr46qheqkmqpy6n7qlbw66v3jr1njki,2.434165577387842e-06,0.08691872711228643,0.0,0.08692094970329034,False,,False,No single strong signal; flagged only due to combined weak evidence.,0.08692116127786383
bc1q3c36vfh3mi2dnodkd3hhgwhp08d2qlaw8f52k1,2.536114922555831e-06,0.08652954429068166,0.0,0.0865318609567357,False,,False,No single strong signal; flagged only due to combined weak evidence.,0.08653208040560421
bc1qm242om7ztrj67dxlse33dcnf225aa35wfw5q52,5.807169326982569e-06,0.08602804316204639,0.0,0.08603335075195984,False,,False,No single strong signal; flagged only due to combined weak evidence.,0.08603385033137337
bc1qwjfii0ugpkakritgfjmhdnbrqit4j0sgq53alj,2.3348151561875534e-06,0.08566960644727915,0.0,0.08567174123973986,False,,False,No single strong signal; flagged only due to combined weak evidence.,0.08567194126243534
bc1qku4nc0iba65d2h5lomzolmyqa78cuhcztgzohc,6.330668615804814e-05,0.08474926567297485,0.0,0.08480720716396883,False,,False,No single strong signal; flagged only due to combined weak evidence.,0.08481257235913289
bc1q9ca26qex3zl3fuht4lg5hu63rxwmdv107m4sq8,2.0044724301739604e-05,0.08365002805994236,0.0,0.08366839604249376,False,,False,No single strong signal; flagged only due to combined weak evidence.,0.0836700727842441
bc1qxkqmuyb2jmxs7s8w50qv28n4q17ro9tns9hlb4,6.030654174235598e-07,0.08207498781173445,0.0,0.08207554138056494,False,,False,No single strong signal; flagged only due to combined weak evidence.,0.08207559087715187
bc1qztdl25b7kxupr6h2hxn4d24n9ygcmr8esmpf0i,2.076336024256371e-06,0.08148527870568845,0.0,0.0814871858508931,False,,False,No single strong signal; flagged only due to combined weak evidence.,0.0814873550417127
bc1qqnx0of7swuq0r0g6hqhuxkup5gsu572f08d287,2.1202032086523444e-06,0.08148206266003137,0.0,0.08148401010470929,False,,False,No single strong signal; flagged only due to combined weak evidence.,0.08148418286324002
bc1qxeghpmxpkn3b8pfy4qcyd52alunqr8o1kjwv2q,3.046293379539325e-06,0.0805257896427073,0.0,0.080528590630907,False,,False,No single strong signal; flagged only due to combined weak evidence.,0.08052883593608684
bc1qh4217pftpybor9mm201lda71yp6e9kgy2twscw,2.057575649160812e-06,0.0795650240693621,0.0,0.0795669179339552,False,,False,No single strong signal; flagged only due to combined weak evidence.,0.07956708164501126
bc1qyvbdelflspgqttoh9jv8a6m66szvetc543ev6n,1.6880529047613897e-06,0.0792640556624612,0.0,0.07926560991344656,False,,False,No single strong signal; flagged only due to combined weak evidence.,0.07926574371536596
bc1qnef1ffrm2738yhd6wbm8mikm85npge98xh27r8,2.8209120032220645e-06,0.07882507084768221,0.0,0.07882766940109687,False,,False,No single strong signal; flagged only due to combined weak evidence.,0.07882789175968544
bc1qcubzqvqg0xtdnwzzg4c4epzl4j4x0ly66g9zna,0.00011400871515512526,0.07826589987324824,0.0,0.07837098559371836,True,coinjoin,False,No single strong signal; flagged only due to combined weak evidence.,0.07837990858840337
bc1qygwr70iofifoq6pk5mssewkn8xqky9kvgcpm5f,2.12840738403389e-06,0.07787825943941347,0.0,0.07788022209013512,False,,False,No single strong signal; flagged only due to combined weak evidence.,0.0778803878467975
bc1q63tfms12wbake2dcq81uense13dww8dxajxmb5,1.9194772360292265e-06,0.07633829396755593,0.0,0.07634006691517436,False,,False,No single strong signal; flagged only due to combined weak evidence.,0.07634021344479196
bc1qrlez662pqzv62e84l9yilzr015k9co1ski045y,1.093783989691827e-06,0.07558733312901823,0.0,0.07558834423679317,False,,False,No single strong signal; flagged only due to combined weak evidence.,0.07558842691300792
bc1qnlzl7hvwr3yniijuqw4qd102kkvr0tmtocts4r,1.0935396296741552e-05,0.07509250605746084,0.0,0.07510262028744497,False,,False,No single strong signal; flagged only due to combined weak evidence.,0.07510344145375758
bc1qygwow7l7j7y96yg626m8a41zblm576m2yvp6mp,7.884856280315569e-07,0.07465458032067776,0.0,0.07465530994224212,False,,False,No single strong signal; flagged only due to combined weak evidence.,0.07465536880630579
bc1q1arvyxtuyl0bu1iadyw8wr4iji934qpvbxsm4n,0.0007540982207064792,0.07348179014632412,0.0,0.07418047587982701,False,,False,No single strong signal; flagged only due to combined weak evidence.,0.0742358883670306
bc1qoovxji1ijol9gdmbiqath5pkp6vcrjjp6e0ccg,2.8065422115115982e-06,0.07280685959859388,0.0,0.0728094618052807,False,,False,No single strong signal; flagged only due to combined weak evidence.,0.07280966614080539
bc1qmyf01nwq1fttt1vdy3v83mcymu0zj4o99p1f3a,7.119019836815573e-06,0.07250061282315658,0.0,0.07250721570969254,False,,False,No single strong signal; flagged only due to combined weak evidence.,0.07250773184299339
bc1qpjyv97ji7tjabwhm24n2gpzv1417h80qhmrfor,8.507793527715424e-06,0.07201105588293319,0.0,0.07201895102126576,False,,False,No single strong signal; flagged only due to combined weak evidence.,0.07201956367646091
bc1q8pj1ydot948u6b15x8g1hzvnasjp0esuswiy7k,3.1530365598756524e-06,0.07199423335871434,0.0,0.07199715939482432,False,,False,No single strong signal; flagged only due to combined weak evidence.,0.07199738639527421
bc1qo3hli32bs5mygkndr07vo79i3evjn2j6bvvbbb,5.325356492772846e-07,0.07183032535642582,0.0,0.07183081963986615,False,,False,No single strong signal; flagged only due to combined weak evidence.,0.07183085789207509
bc1qttymmcwpbv6cidr6k3lyyz7prtdqijd44y3npz,1.5762750759624405e-06,0.07143891026937002,0.0,0.07144037393707214,False,,False,No single strong signal; flagged only due to combined weak evidence.,0.07144048654444599
bc1qy69xfq1enngay37vg688u595cekof92y8lz8cv,2.183617609845958e-05,0.07047027118667851,0.0,0.07049056856152558,False,,False,No single strong signal; flagged only due to combined weak evidence.,0.07049210736277697
bc1qdldsc0q0dbszyleol2mywgd245m0rrcdw26uel,3.068454083093002e-06,0.07026230064826303,0.0,0.07026515350570273,False,,False,No single strong signal; flagged only due to combined weak evidence.,0.07026536910234613
bc1qroxil6rsofrvaf6ytcmbvptgsivhxlwi1cuf8g,2.1108500331036838e-07,0.07000330480983902,0.0,0.07000350111819453,False,,False,No single strong signal; flagged only due to combined weak evidence.,0.07000351589484233
bc1q3lp15tftzwcd4u4lb2emnimchy7lxsbb3l5zsv,4.552455503255284e-06,0.0686416749251227,0.0,0.0686459148924552,False,,False,No single strong signal; flagged only due to combined weak evidence.,0.06864622738062595
bc1qz6r222h1d2ow25avpk9wfucweeemmv8b71kvax,1.0544785652551652e-06,0.06834421784496009,0.0,0.06834520025601254,False,,False,No single strong signal; flagged only due to combined weak evidence.,0.06834527232352534
bc1q4iqsejwska3ylbxn1rp6x4svxhx4nwlkgsdg5x,3.842638571623795e-07,0.06643960626245156,0.0,0.06643996499596938,False,,False,No single strong signal; flagged only due to combined weak evidence.,0.06643999052630872
bc1quwoxt118qzb6uxqrkuw2032lyxj2j4bo6gpn1m,1.6325485802460396e-06,0.0653559062187156,0.0,0.06535743207060385,False,,False,No single strong signal; flagged only due to combined weak evidence.,0.06535753876729586
bc1q6xlyjmazrvhpj93rvuv5ybd4xdd8iuzv3zbxpq,4.405930941750467e-08,0.06528749145545189,0.0,0.0652875326382395,False,,False,No single strong signal; flagged only due to combined weak evidence.,0.06528753551476131
bc1qhipc9spw17kf6jzqf2rkaorexft0sazwvmpgzb,7.006244353273612e-09,0.06526754679790897,0.0,0.06526755334687284,False,,False,No single strong signal; flagged only due to combined weak evidence.,0.06526755380415332
bc1qkfw21kmn17plu4xodbsqh2ziulgi0juggns8gm,1.107355840987892e-06,0.06520230027684075,0.0,0.0652033354305337,False,,False,No single strong signal; flagged only due to combined weak evidence.,0.06520340763268173
bc1qfqtndy69620zx79v37prddtbxt6yeyxiy47hgm,9.235021148523251e-07,0.06471568404653148,0.0,0.06471654778357527,False,,False,No single strong signal; flagged only due to combined weak evidence.,0.06471660754864633
bc1q71cdi99maziywj1czqlr1m86o2gsx9oa2eo4cy,6.310090214524738e-10,0.06452910336452455,0.0,0.06452910395481515,False,,False,No single strong signal; flagged only due to combined weak evidence.,0.06452910399553358
bc1qzhhnbavekvqhmie22tw1bytxza43holdu7jpmm,1.8118185428020118e-06,0.06284418247614741,0.0,0.06284588043243511,False,,False,No single strong signal; flagged only due to combined weak evidence.,0.06284599429469022
bc1q1aysv6o9e9nhcgw33a8ncxcwc0bogwhupof0hk,5.162614611043432e-06,0.0628158663075911,0.0,0.06282070462809286,True,coinjoin,False,No single strong signal; flagged only due to combined weak evidence.,0.06282102892220215
bc1q1794auww4h3rkzof1tk4g5awtaqbao1mjm31pk,6.038829317533018e-07,0.06281522143180496,0.0,0.06281578738169669,False,,False,No single strong signal; flagged only due to combined weak evidence.,0.06281582531473671
bc1qohpii2mvv4dc0fp672zfbqbk4y7zxdfld9cba7,1.4302840124736125e-06,0.06274915125265373,0.0,0.06275049178755832,False,,False,No single strong signal; flagged only due to combined weak evidence.,0.06275058153666621
bc1qkdyp4rpekzzmalqhpqpfie952ex2jz8k7zoj3e,3.070899611004997e-06,0.06038788833127912,0.0,0.06039077378574742,False,,False,No single strong signal; flagged only due to combined weak evidence.,0.06039095923089013
bc1q71l6r4u0000lg7703p24bx2144vwgjy4p5hwry,2.834246569197714e-06,0.06038788833127912,0.0,0.0603905514236831,False,,False,No single strong signal; flagged only due to combined weak evidence.,0.06039072257784832
bc1qg3aut3rsvz2e186gvgt2eehfu4b9sntp8ak8s2,1.388769915888674e-07,0.05996045198042862,0.0,0.059960582530293016,False,,False,No single strong signal; flagged only due to combined weak evidence.,0.059960590857420205
bc1q39moft6yriaddur82c06xq9jb354mype46aexl,0.0,0.018610125399272034,0.04,0.05786572038330118,False,,False,No single strong signal; flagged only due to combined weak evidence.,0.05861012539927203
bc1qegyyj5n860ath9kp6asssuljaf4wnsmw5gyrw6,3.7397652111443364e-06,0.05728829743685135,0.0,0.05729182295728075,False,,False,No single strong signal; flagged only due to combined weak evidence.,0.057292037202062496
bc1qrw556pnbxu6onrv537c2bpimevgxbt66kfg7i2,0.008261175048046942,0.04730537102393981,0.0,0.05517574812124515,False,,False,No single strong signal; flagged only due to combined weak evidence.,0.05556654607198675
bc1q0dpimrbzn59gmucji7ekvzarhdvuspqyasyinp,2.3933449624687485e-10,0.054541619554077506,0.0,0.05454161978035832,False,,False,No single strong signal; flagged only due to combined weak evidence.,0.054541619793412
bc1qeskjwbu2olrw334kkaf9yft4gc5icnic4dtznn,4.992026160571127e-07,0.053634369945553526,0.0,0.05363484237375171,False,,False,No single strong signal; flagged only due to combined weak evidence.,0.05363486914816958
bc1q5g1q7nm5c7k4rjnylimgpk3y8sf4fp4v8z3nd7,2.1680836702026013e-07,0.0526628677576045,0.0,0.05266307314822116,False,,False,No single strong signal; flagged only due to combined weak evidence.,0.052663084565971525
bc1qsrc4dwc279igffen1677snpfc5a23jk3ol8z7f,1.3406825109967535e-05,0.05215434242740409,0.0,0.05216705002836641,False,,False,No single strong signal; flagged only due to combined weak evidence.,0.05216774925251406
bc1q6aylld4yeo6ppywh8ea329hf1pw26rqh7o0zbo,4.881560400156347e-06,0.05215434242740409,0.0,0.05215896939323161,False,,False,No single strong signal; flagged only due to combined weak evidence.,0.052159223987804246
bc1q4cdngzjhd2vsoezfdj6bsc8awrikhkog95n8in,9.306604758448918e-07,0.05215434242740409,0.0,0.05215522454989474,False,,False,No single strong signal; flagged only due to combined weak evidence.,0.052155273087879934
bc1qfoo36ud0cty1cerh6afbajfqp2i3x1ofpym49k,1.1489153487666278e-07,0.049780413413902436,0.0,0.049780522586089115,False,,False,No single strong signal; flagged only due to combined weak evidence.,0.04978052830543731
bc1q0m9ulwttj8vi73mlc16x7ynslqmni47bn9v9jo,5.179370537137585e-09,0.0489618851064651,0.0,0.04896189003224383,False,,False,No single strong signal; flagged only due to combined weak evidence.,0.048961890285835634
bc1q1egom62hdxc6rijkq2zuv1fkhnnk8fwrpk0zfk,3.5877180330030087e-06,0.047673618454097955,0.0,0.04767703513263033,False,,False,No single strong signal; flagged only due to combined weak evidence.,0.047677206172130955
bc1qdu9v45d3dgc50i32buhbcpla8jz9ds2ulk3fuq,1.7117926260495142e-06,0.04680285072180548,0.0,0.04680448239765678,False,,False,No single strong signal; flagged only due to combined weak evidence.,0.04680456251443153
bc1qtk83w1y6zuoeyhcxtr698i94780ce91tefo1s9,5.075107043744199e-07,0.046258919817933015,0.0,0.04625940385174043,False,,False,No single strong signal; flagged only due to combined weak evidence.,0.04625942732863739
bc1ql9ysu51epxu7b6nbhgfb2flurmw3uqhwtek17m,9.66401836699446e-09,0.04610906066296968,0.0,0.0461090698813893,False,,False,No single strong signal; flagged only due to combined weak evidence.,0.04610907032698805
bc1q2is1qp5xyakjegcaeq5s222j0crs0sjjjbuul0,5.576713369676635e-06,0.04593993120584545,0.0,0.04594525172538655,False,,False,No single strong signal; flagged only due to combined weak evidence.,0.045945507919215124
bc1qupsrgi9p8tfxsw3hcdi74kzt22thw9p0ieihcj,1.7216510865771598e-06,0.04571821145323672,0.0,0.04571985439351489,False,,False,No single strong signal; flagged only due to combined weak evidence.,0.0457199331043233
bc1qar4gztpzmns7lv5j9xzh1r1svblrq3x4hpalwb,4.1394862600694145e-07,0.03555300556316515,0.01,0.045197870746726654,False,,False,No single strong signal; flagged only due to combined weak evidence.,0.04555341951179116
bc1qzuztlsuy5lv92beevg429i76berp0iv1topi9x,3.432428535775393e-06,0.044521195560861,0.0,0.04452447517357461,False,,False,No single strong signal; flagged only due to combined weak evidence.,0.04452462798939678
bc1q36ky6ydybv33yw1v49tdyf12chdaubm3bcoxz0,1.9005453533040104e-06,0.0439489998662497,0.0,0.043950816884535504,False,,False,No single strong signal; flagged only due to combined weak evidence.,0.043950900411603
bc1qegz5g64ih630dx4ntqvnmd8iyubz9yz6v1vtix,6.744897935277588e-09,0.0034733269793641467,0.04,0.04333440035280156,False,,False,No single strong signal; flagged only due to combined weak evidence.,0.043473333724262084
bc1qm0tmg2pu2nu4h6fq3rwk3otzzrbyqgyiw59odm,1.689239313339158e-06,0.04319003285680747,0.0,0.043191649137819366,False,,False,No single strong signal; flagged only due to combined weak evidence.,0.04319172209612081
bc1qjulj3g75zk1ga2sytmxbv9mdpoa8fvf841rizk,6.267962283411167e-08,0.04220809654263124,0.0,0.042208156576666545,False,,False,No single strong signal; flagged only due to combined weak evidence.,0.04220815922225407
bc1qmpyi46n05fl0463na7hn98x16f4zzw5uk4sha6,1.4433562036740555e-08,0.041621586292880375,0.0,0.0416216001256946,False,,False,No single strong signal; flagged only due to combined weak evidence.,0.041621600726442415
bc1qeu6rln7ogkh50k2t9z04q3qtmaymywc94twkc0,3.352735252843072e-07,0.04109444313464385,0.0,0.04109476463029027,False,,False,No single strong signal; flagged only due to combined weak evidence.,0.041094778408169136
bc1qto9qesos0zxkqkp90ne6yiwds2slr4ehmw5mxv,2.0377936517536598e-07,0.04109444313464385,0.0,0.041094638539809436,False,,False,No single strong signal; flagged only due to combined weak evidence.,0.04109464691400903
bc1qqeagtnp9baaua551saia7qf850w2xwb1gqc4c1,4.0124500583341576e-10,0.04109444313464385,0.0,0.04109444351939995,False,,False,No single strong signal; flagged only due to combined weak evidence.,0.041094443535888855
bc1qsd2gniib1b87t939a6spzd1skziol3qrdedodu,2.6862030538577435e-08,0.04096152853769822,0.0,0.040961554299418834,False,,False,No single strong signal; flagged only due to combined weak evidence.,0.04096155539972876
bc1qek0brz0eraxp2ngqeua73abzgs9w275280kqlr,4.87277412595184e-06,0.04079107925493341,0.0,0.04079575326334384,False,,False,No single strong signal; flagged only due to combined weak evidence.,0.04079595202905936
bc1qzl5y31k88no1rbn62nk7hlcnptt3m5h0jhk0i7,1.2561238089400807e-10,0.04070769337751621,0.0,0.040707693498015285,False,,False,No single strong signal; flagged only due to combined weak evidence.,0.04070769350312859
bc1qslwvoqj4f2xz0x9f6f5226g5iuvwl47l6ojks1,7.982749118160445e-09,0.04020234349489247,0.0,0.04020235115671644,False,,False,No single strong signal; flagged only due to combined weak evidence.,0.04020235147764159
bc1qfjfzs958pcyhc065ju7yol6lbm0aj6x27o6qnh,4.4471898132673045e-07,0.03998514235511957,0.0,0.039985569291949075,False,,False,No single strong signal; flagged only due to combined weak evidence.,0.039985587074100895
bc1qqafqsdq26rl0nwrn57lws1yq6t0otgpeqcyh20,1.7000329313397404e-06,0.03980404303270292,0.0,0.03980567539745028,False,,False,No single strong signal; flagged only due to combined weak evidence.,0.03980574306563426
bc1q68459696em7r3qcqaooxj93dri54pugq9mlpnu,2.834074739143422e-08,0.03966735761873568,0.0,0.03966738483528054,False,,False,No single strong signal; flagged only due to combined weak evidence.,0.039667385959483076
bc1qjntssqajop6ztt8kz3q0ewlc4h6tvd1zodxrk6,5.059971821731058e-07,0.03947778438471416,0.0,0.03947827040624863,False,,False,No single strong signal; flagged only due to combined weak evidence.,0.03947829038189633
bc1q1pmrg0zpzjho4vudqhibmqimi8acueobqt0d9t,1.2528609508093122e-06,0.0390605781906807,0.0,0.03906178211415834,False,,False,No single strong signal; flagged only due to combined weak evidence.,0.03906183105163151
bc1qsh3mokbmjluupgnifpvdeycznyctopst9lifi3,9.71522967190421e-07,0.038658362061920304,0.0,0.038659296027400925,False,,False,No single strong signal; flagged only due to combined weak evidence.,0.0386593335848875
bc1q5y6q8sjy5op9lbsmwpq82k8ryqf8wxkk2abkvb,2.5746470300884804e-07,0.038246923074316805,0.0,0.03824717069178707,False,,False,No single strong signal; flagged only due to combined weak evidence.,0.038247180539019814
bc1qy7u6ua2yy3hbtth9krqwb9slo9nlupya8whofy,1.3225650563263069e-06,0.037725227491521705,0.0,0.037726500162510446,False,,False,No single strong signal; flagged only due to combined weak evidence.,0.03772655005657803
bc1qqud130iymn8x9ihjc5ysa4h7ilxi7t264w0hy3,4.819216188326596e-07,0.037572792092795404,0.0,0.03757325590727345,False,,False,No single strong signal; flagged only due to combined weak evidence.,0.03757327401441424
bc1q24d7v911pjq50xcxmsy3paua3aipjiylqx1um5,2.2734200223588913e-08,0.03756974203887195,0.0,0.03756976391895417,False,,False,No single strong signal; flagged only due to combined weak evidence.,0.037569764773072174
bc1qcix39ellhlrswp0ykkswnwzf8y7p62zko0e49z,3.2094681047066354e-07,0.03706989895198889,0.0,0.03707020800133354,False,,False,No single strong signal; flagged only due to combined weak evidence.,0.037070219898799356
bc1ql55uqolf8mjl8n0ywq7an7p72i82xp3rcxuox1,3.1799849672515347e-06,0.036861027179943405,0.0,0.036864089947398315,False,,False,No single strong signal; flagged only due to combined weak evidence.,0.03686420716491066
bc1qlsvryl36q556rglcsma48s15jd466y42oczuvq,2.7240458574310626e-06,0.036861027179943405,0.0,0.036863650814672466,False,,False,No single strong signal; flagged only due to combined weak evidence.,0.036863751225800837
bc1qswuzjawga0xmvrustqfob80vwgc7dv5by0632g,9.138966219103095e-06,0.03675350145196266,0.0,0.03676230452917362,False,,False,No single strong signal; flagged only due to combined weak evidence.,0.036762640418181766
bc1qocjz5qde2y3znp8kaiwjwxyouhif806qxn6i8b,1.7158825277641805e-08,0.03675350145196266,0.0,0.03675351798014104,False,,False,No single strong signal; flagged only due to combined weak evidence.,0.03675351861078794
bc1qtawmwur1z82h394lmuxfzjdcy98qhsfm8qpdnu,3.122584067577957e-07,0.03603599219321275,0.0,0.036036293199078084,False,,False,No single strong signal; flagged only due to combined weak evidence.,0.036036304451619504
bc1qrx6a990bsh1fye7lft25h8gorm3zh476egqe8d,1.176574248439361e-05,0.03555300556316515,0.0,0.035564352998141646,False,,False,No single strong signal; flagged only due to combined weak evidence.,0.03556477130564954
bc1qmdlsxjn82ijw95mz08n0xcs16ahanmvtvoav41,1.3512241709946883e-08,0.03553913065994846,0.0,0.03553914369197675,False,,False,No single strong signal; flagged only due to combined weak evidence.,0.03553914417219017
bc1qplcl4j7rb6x38dhevpb5v72kalwhuyoiuinxs8,2.0679875605643284e-07,0.034297417523936204,0.0,0.034297617230029,False,,False,No single strong signal; flagged only due to combined weak evidence.,0.03429762432269226
bc1q7c5kb3ygb1rv32ii8k179yixmhvj4umsg9sx3k,7.510004726233333e-08,0.034168140072888396,0.0,0.03416821260690672,False,,False,No single strong signal; flagged only due to combined weak evidence.,0.03416821517293566
bc1qm2v0mw405g00r5y52pdi47kah8oxenq7jbx9k7,1.164915915535496e-06,0.03409056182900216,0.0,0.034091687032279605,False,,False,No single strong signal; flagged only due to combined weak evidence.,0.03409172674491769
bc1q765efuxq9njc2gouifezac2exva5e742grrdnw,1.6943295094128095e-05,0.03369527527935258,0.0,0.033711647665454425,False,,False,No single strong signal; flagged only due to combined weak evidence.,0.03371221857444671
bc1qxpfo86080yapig8ofsmnawy0peqlv488pkwtzv,0.0002224312161813383,0.031210545001574344,0.0,0.031426034018273374,False,,False,No single strong signal; flagged only due to combined weak evidence.,0.03143297621775568
bc1qpgyboa763bupgrkbzwb1ui1tgf4d8h4zpatqxl,2.0994014177015395e-06,0.030879485353553275,0.0,0.03088151992653565,False,,False,No single strong signal; flagged only due to combined weak evidence.,0.030881584754970978
bc1q3chnj6gdtgcg8zf2l4c0bb6pyma1t6sif6dohe,2.047007150688791e-07,0.03075790591705994,0.0,0.030758104321609636,False,,False,No single strong signal; flagged only due to combined weak evidence.,0.03075811061777501
bc1qvqizd82cudld5cxbbln1b5ou833z5gf0g46u2s,2.0852020143073453e-06,0.030651557559265005,0.0,0.030653578846589702,False,,False,No single strong signal; flagged only due to combined weak evidence.,0.030653642761279312
bc1quf0ue99oh12pgx409wnzmo7gde74v6aousx9dx,4.807818560196755e-06,0.03063613011134296,0.0,0.030640790636948134,False,,False,No single strong signal; flagged only due to combined weak evidence.,0.030640937929903158
bc1qpun6en1kq1yj94kic0giz3pxpqubpx8jrw1zdx,1.547756226533005e-06,0.03059206391037312,0.0,0.030593564317542232,False,,False,No single strong signal; flagged only due to combined weak evidence.,0.030593611666599654
bc1q2k9mf0u7nar7nnuo5q5lf7gdxfae7wn08ep4ae,0.007291618888538219,0.02333269232064859,0.0,0.030454178109141194,False,,False,No single strong signal; flagged only due to combined weak evidence.,0.030624311209186808
bc1qqyxpybnrk4pvi2digtgu6iac72syojtmrnzmud,6.206041550002468e-07,0.030409700325077015,0.0,0.030410302056845695,False,,False,No single strong signal; flagged only due to combined weak evidence.,0.030410320929232015
bc1qlj2np6i5gse146oojjdp5j7qmg1k4o27evcnqi,7.291762854889174e-09,0.030025153318715535,0.0,0.030025160391542127,False,,False,No single strong signal; flagged only due to combined weak evidence.,0.03002516061047839
bc1q2z0auf2w7wr1tqzfb8x6jmre2u7fmkgzbys7xz,1.4101495139450134e-07,0.029761299265135748,0.0,0.029761436083298953,False,,False,No single strong signal; flagged only due to combined weak evidence.,0.02976144028008714
bc1q2j8dy0u7033zujciuhd1o6ougoprrumuc4lr9c,0.003857328008046424,0.025552126112139133,0.0,0.02931089118846797,False,,False,No single strong signal; flagged only due to combined weak evidence.,0.029409454120185557
bc1q42pw5uesdrbta3k3om5fktiswlwt6u79xbph5c,9.257028657425993e-08,0.029192788165676862,0.0,0.029192878033578618,False,,False,No single strong signal; flagged only due to combined weak evidence.,0.029192880735963437
bc1qclo2d8fu8kxhrtauzf01svb8q3518rwdj4vtrz,0.0011949988976418964,0.028013900221713767,0.0,0.02917542253947203,False,,False,No single strong signal; flagged only due to combined weak evidence.,0.029208899119355664
bc1qixiezev57u66id36xc53t2sj64yw5r1f5bf7pt,3.7049643413351564e-06,0.028868285168458414,0.0,0.028871883176832536,False,,False,No single strong signal; flagged only due to combined weak evidence.,0.02887199013279975
bc1qcegbmxikvrecjtr0m6hz72kxsjzsb6zwkhe9i0,3.679441145498686e-06,0.028770582903271436,0.0,0.028774156484750457,False,,False,No single strong signal; flagged only due to combined weak evidence.,0.028774262344416934
bc1q386fsrkq32q0iw3d1cz5u5mtxs83xew1zykslj,2.5214797178289787e-08,0.028770582903271436,0.0,0.02877060739262416,False,,False,No single strong signal; flagged only due to combined weak evidence.,0.028770608118068614
bc1quef5hwgmi1gcch92p47ptuuz98jdm2odtxc23f,2.2563036494078504e-09,0.028770582903271436,0.0,0.028770585094659906,False,,False,No single strong signal; flagged only due to combined weak evidence.,0.028770585159575087
bc1qwzsv6y39m3jgw8p3t53xr9d129kz24i11qjd5l,1.1096088291320445e-06,0.028376941246220023,0.0,0.028378019367744645,False,,False,No single strong signal; flagged only due to combined weak evidence.,0.028378050855049155
bc1qn0mwfs58bqzacgbvqcedniqb7r77iu31e90gdr,1.46451686401458e-06,0.028295207158802196,0.0,0.028296630236858134,False,,False,No single strong signal; flagged only due to combined weak evidence.,0.02829667167566621
bc1qb1hi8h7pr28j2k3tydccpvb96do9uzxca4x76b,8.716111780511121e-07,0.028123545075430544,0.0,0.02812439217381235,False,,False,No single strong signal; flagged only due to combined weak evidence.,0.028124416686608596
bc1qhdkxzo0yx2tbt68lzf4nub5xx9pkqgbhlft2nb,1.8347142559614848e-07,0.028116407987544927,0.0,0.028116586300413027,False,,False,No single strong signal; flagged only due to combined weak evidence.,0.028116591458970525
bc1qjciy1gqff55depu0f80gnyd1osep720oevgdgo,7.802096746117766e-07,0.02806422182572703,0.0,0.028064980139424267,False,,False,No single strong signal; flagged only due to combined weak evidence.,0.028065002035401642
bc1q8412iaapi34zatz8rbj5yqwak59w803cqexufq,1.6725672176741555e-06,0.028013900221713767,0.0,0.02801552593380041,False,,False,No single strong signal; flagged only due to combined weak evidence.,0.02801557278893144
bc1q23lshz8brhq1fnttuyshcjqt2javyejl0ti4nr,0.00047158588064821663,0.027543260812300355,0.0,0.028001857680042486,False,,False,No single strong signal; flagged only due to combined weak evidence.,0.028014846692948573
bc1q1po9o2m470n9em9nr73wg5m296njwu73365rd4,5.561272455415195e-07,0.027876542926980944,0.0,0.027877083551321458,False,,False,No single strong signal; flagged only due to combined weak evidence.,0.027877099054226487
bc1qsbfdgj9kku7im2l184uvm6n6pwe3960bmtxv4l,2.02925990154161e-06,0.027543260812300355,0.0,0.027545234179767286,False,,False,No single strong signal; flagged only due to combined weak evidence.,0.027545290072201897
bc1q9ufzdepcgwluk5o5cvhjobeifdd56h6u9wcdb6,6.707562182738965e-05,0.027437225238478507,0.0,0.027502460491361735,False,,False,No single strong signal; flagged only due to combined weak evidence.,0.027504300860305895
bc1qp1yvfkxvqvaeutj0w6m0jtqu72j7ij6lny6wng,1.5268013833325883e-06,0.026885218543489048,0.0,0.026886704296483432,False,,False,No single strong signal; flagged only due to combined weak evidence.,0.02688674534487238
bc1qxn7yrpxt6xnnzl0ydrz2qypbhf3h88ptwj8suw,5.860626351084649e-07,0.026691498911119313,0.0,0.02669206933086421,False,,False,No single strong signal; flagged only due to combined weak evidence.,0.026692084973754422
bc1qkpi1tsqacbslyfay0xa0rk8cjre5c5jo5l02mo,1.3305306755020322e-06,0.026544513076122562,0.0,0.026545808288509165,False,,False,No single strong signal; flagged only due to combined weak evidence.,0.026545843606798063
bc1qpn1qy8ecv84xvdn0a59wagp510lgs48a8hts1p,0.0002466801372208826,0.026232741680188208,0.0,0.02647295072109168,False,,False,No single strong signal; flagged only due to combined weak evidence.,0.02647942181740909
bc1qx1vzap3oe23srb3xc39yuv3fjep9svuueu7axt,2.6875605636387905e-08,0.026205243936766646,0.0,0.026205270108090373,False,,False,No single strong signal; flagged only due to combined weak evidence.,0.026205270812372283
bc1qtlvu53y15caeelsx52gwa654nvguw6yz7ry21g,1.1233418100977477e-11,0.026117233388485935,0.0,0.026117233399425954,False,,False,No single strong signal; flagged only due to combined weak evidence.,0.02611723339971935
bc1qepli20ak6n0xikuxpg3jpa9fysrcbjs4t1jwxi,6.190763030603334e-07,0.026044461189755296,0.0,0.0260450641425497,False,,False,No single strong signal; flagged only due to combined weak evidence.,0.026045080266058358
bc1qlpf4g9h0y05ml51aatn209qvwas1udjoau4du0,3.909649475456874e-08,0.026039644582053507,0.0,0.026039682660489394,False,,False,No single strong signal; flagged only due to combined weak evidence.,0.02603968367854826
bc1qjegy1lwb46t86lr6sakrafflaflgnftc46eljc,1.4877617900469896e-06,0.02583137296978986,0.0,0.025832822300650315,False,,False,No single strong signal; flagged only due to combined weak evidence.,0.025832860731579907
bc1qowkvn4hjvhc4o8nm292mg1807y9t4xy8a29rjj,0.001125468221675559,0.02457805325845448,0.0,0.025675859662237066,False,,False,No single strong signal; flagged only due to combined weak evidence.,0.025703521480130036
bc1qzyiyn62u8z1xie39zvyec5udotuqajelivwoe5,6.185364148664133e-08,0.02566648635508552,0.0,0.025666546621161412,False,,False,No single strong signal; flagged only due to combined weak evidence.,0.025666548208727005
bc1qayk2lalxrkuoysvkea3x8ouzdzhlflfifx97l4,6.391418707323974e-09,0.0255524577565117,0.0,0.02555246398461397,False,,False,No single strong signal; flagged only due to combined weak evidence.,0.025552464147930408
bc1qisnktkp2pxyw7dqtbf6bio00o72q4m8nmkwcj8,1.6577633028838144e-06,0.02553173191700836,0.0,0.025533347354742886,False,,False,No single strong signal; flagged only due to combined weak evidence.,0.025533389680311245
bc1qq1d05aqrjs9nptpr2pryvf3tiveh8vfnqgnrhp,1.4700975668791982e-06,0.025517224332305105,0.0,0.025518656917062565,False,,False,No single strong signal; flagged only due to combined weak evidence.,0.025518694429871983
bc1q81njbuyyzu05z4mljc1bx7qfp8swxqwlqb8kh4,1.2323467161573594e-05,0.0253727759560463,0.0,0.025384786742636556,False,,False,No single strong signal; flagged only due to combined weak evidence.,0.025385099423207876
bc1qbjjac9onqyqpx17nqgfxrk1mpla10ib26pzezw,4.475404559163498e-08,0.0253727759560463,0.0,0.025372819574557504,False,,False,No single strong signal; flagged only due to combined weak evidence.,0.025372820710091892
bc1qdnfcijtet57muchv5nnp011e2cxv3cx4kafrea,5.282914507549069e-08,0.02532478879375554,0.0,0.025324840285013694,False,,False,No single strong signal; flagged only due to combined weak evidence.,0.025324841622900617
bc1qu2rup7fahiapjy1zb62g6b4tsg0s0u50ap1wns,3.1646697420787434e-09,0.02532478879375554,0.0,0.02532479187828074,False,,False,No single strong signal; flagged only due to combined weak evidence.,0.025324791958425283
bc1qhxb8b6j393oxesp7j6v4523arbbr7dki5bbkv0,1.550941971060888e-07,0.02500157292436449,0.0,0.02500172414096269,False,,False,No single strong signal; flagged only due to combined weak evidence.,0.025001728018561598
bc1qdjwsaaenxxkmlmk4xl1t4nb5go04stis5ntt4z,3.949468932890984e-07,0.02492372718565778,0.0,0.024924112289002487,False,,False,No single strong signal; flagged only due to combined weak evidence.,0.02492412213255107
bc1qgglcr5p8aacj72hls0qlfti211wy6rr79iv2f1,4.207255965682894e-07,0.02480329566245734,0.0,0.02480370595267256,False,,False,No single strong signal; flagged only due to combined weak evidence.,0.02480371638805391
bc1q1apgzmkbf6x3l8tvf7mwtz568d2iboctblrwu7,1.5888273880943088e-06,0.024787483817630847,0.0,0.024789033261985782,False,,False,No single strong signal; flagged only due to combined weak evidence.,0.024789072645018943
bc1qu6vqs4hufn4vnboobck3ervkdxt3u6okgk8myd,2.9843608774251785e-05,0.02474587145777969,0.0,0.02477497656044736,False,,False,No single strong signal; flagged only due to combined weak evidence.,0.02477571506655394
bc1qk9lj3lsjkoqzey6qmjq0h4s41f2gqn8j0we511,1.465575398476247e-08,0.02474587145777969,0.0,0.024745885750864227,False,,False,No single strong signal; flagged only due to combined weak evidence.,0.024745886113533674
bc1q8d9m0ib3w4witr0meva7j6oy77g620cofzowgd,3.3923206025757826e-06,0.02462356364479071,0.0,0.024626872434371005,False,,False,No single strong signal; flagged only due to combined weak evidence.,0.02462695596539329
bc1qgiunwelajm3um94w739v5745ip65plld5obq2s,1.2483078522742036e-09,0.024601981660290876,0.0,0.02460198287788795,False,,False,No single strong signal; flagged only due to combined weak evidence.,0.02460198290859873
bc1qchaqpkwqzzgus8p6wklx2wedf43390f8nuix6h,1.8142727140429148e-09,0.02457805325845448,0.0,0.024578055028135926,False,,False,No single strong signal; flagged only due to combined weak evidence.,0.024578055072727194
bc1qubrj174wyags1kwqjl8ez31t6erq5a83892143,1.4863538788113407e-06,0.024499618770416676,0.0,0.02450106870919222,False,,False,No single strong signal; flagged only due to combined weak evidence.,0.024501105124295486
bc1qw5f0v5vyk7cf2j4l3vv7rmn41r7cx7m59pcyd2,3.11732886640657e-08,0.024407599049284735,0.0,0.024407629461708158,False,,False,No single strong signal; flagged only due to combined weak evidence.,0.0244076302225734
bc1qx0bj05mxcpxcx1w80wiixrrmvcdwx9my4i11de,2.776969275412328e-08,0.024407599049284735,0.0,0.024407626141185967,False,,False,No single strong signal; flagged only due to combined weak evidence.,0.024407626818977488
bc1qukhe2o1j4juhwu5k78y0whkyi1w8z6qt33d4f2,1.9265619060107747e-06,0.024210014611918997,0.0,0.024211894531733114,False,,False,No single strong signal; flagged only due to combined weak evidence.,0.024211941173825007
bc1quhq6q6y5ycnids13pmncyblop6xoybxikpdkuy,2.9312074316151543e-07,0.024210014611918997,0.0,0.024210300636204662,False,,False,No single strong signal; flagged only due to combined weak evidence.,0.024210307732662157
bc1qwpoozwrsxf8lsmg9rbgxk93rhwh0xfjm4qyo3u,1.6217569185029172e-07,0.024210014611918997,0.0,0.024210172861334978,False,,False,No single strong signal; flagged only due to combined weak evidence.,0.024210176787610848
bc1qfe8e5tnlztwxol4bkuu5czeccfs7i19mo1rtsx,4.28006899201137e-07,0.024183961669558607,0.0,0.024184379325555394,False,,False,No single strong signal; flagged only due to combined weak evidence.,0.024184389676457807
bc1qi6yb9pdgkrjwtg3fimlcbiedbznmtr28j9bf63,1.9398984278251115e-06,0.024177425962463472,0.0,0.024179318959140605,False,,False,No single strong signal; flagged only due to combined weak evidence.,0.024179365860891297
bc1qnbwidfch3o1hc1vggbit6rbewv68d1rl6zazyx,6.172126426036237e-07,0.023862841420966348,0.0,0.023863443905161486,False,,False,No single strong signal; flagged only due to combined weak evidence.,0.02386345863360895
bc1qixwmvxxogwynkflttu2a8ts171sd6qk06hoi9s,4.364901955045918e-06,0.023801741258203724,0.0,0.023806002267891868,False,,False,No single strong signal; flagged only due to combined weak evidence.,0.02380610616015877
bc1qmyz20fed9q7gqjt510lk872pk69cdotvoiwatx,2.0787953314697534e-08,0.023658843731845562,0.0,0.02365886402798001,False,,False,No single strong signal; flagged only due to combined weak evidence.,0.023658864519798876
bc1qnhxf4t8ma1024rv3nsxof6t6weggh02wpkqj39,1.636064598992538e-06,0.023392420572943926,0.0,0.02339401836603172,False,,False,No single strong signal; flagged only due to combined weak evidence.,0.023394056637542918
bc1qdvvpgb8iy525fnscqqavaqdmfztgp8d20gm62s,5.209477175386837e-06,0.012948724076026638,0.01,0.022824327436148373,False,,False,No single strong signal; flagged only due to combined weak evidence.,0.022953933553202025
bc1qm305t1ww8pawhlq7ar42ddkoxn4kda24mks9vi,9.555199805295714e-07,0.022655833093681015,0.0,0.022656766965560404,False,,False,No single strong signal; flagged only due to combined weak evidence.,0.022656788613661546
bc1qi1txd42gfau14bo8i5mmqebbeljqik8ic6jtem,1.5901908052646152e-06,0.022262314681715363,0.0,0.02226386947119252,False,,False,No single strong signal; flagged only due to combined weak evidence.,0.022263904872520626
bc1qk85jyyfk31avpm6dysx9ojwudrgtz6ql3e49yw,7.938192406648027e-08,0.022167985307965238,0.0,0.022168062930151944,False,,False,No single strong signal; flagged only due to combined weak evidence.,0.022168064689889303
bc1qh3l16cr3uv43mco075re0drimr25i7a2hvnyar,7.261040376003039e-08,0.02207243093700585,0.0,0.022072501944721545,False,,False,No single strong signal; flagged only due to combined weak evidence.,0.022072503547409607
bc1qb8innu7pggminudc32gy422kkwfapg0jg3ytii,1.0495386886638515e-07,0.021505425679479256,0.0,0.0215055283762704,False,,False,No single strong signal; flagged only due to combined weak evidence.,0.021505530633348122
bc1qklmszclm4f8fws0gv4qmp5jhdt6293tlo1i7xj,1.3236291758925237e-06,0.021335407683991826,0.0,0.02133670307299962,False,,False,No single strong signal; flagged only due to combined weak evidence.,0.02133673131316772
bc1qp4xgq78u42i3p4lfdj2q8d5z85461bochtcx5r,0.0014189969753554286,0.019462590942908232,0.0,0.020853970560583135,False,,False,No single strong signal; flagged only due to combined weak evidence.,0.02088158791826366
bc1qzflmr19ik85encce4haecp3gkqryy8nxw068ax,1.574880352176972e-06,0.020265384243668513,0.0,0.020266927208465235,False,,False,No single strong signal; flagged only due to combined weak evidence.,0.02026695912402069
bc1qbcez15rvmk6ttgdl970sdotaiecevs40w58cm1,7.748451013142277e-07,0.020231901219988795,0.0,0.020232660388500467,False,,False,No single strong signal; flagged only due to combined weak evidence.,0.02023267606509011
bc1qlbna0236qk3qhad3m6jr8fl9v2qji47jwu7sa7,1.6908326909790662e-05,0.020133983313753552,0.0,0.02015055120869158,False,,False,No single strong signal; flagged only due to combined weak evidence.,0.020150891640663342
bc1q8w63qbvqchny2n5tna623br3d71eezuh9wl4b7,1.806467033162202e-07,0.020133983313753552,0.0,0.02013416032331916,False,,False,No single strong signal; flagged only due to combined weak evidence.,0.020134163960456867
bc1qw0dljt3uwewsmstrvbb5pt28mta5x93uxm2c6k,2.528268451359506e-07,0.020022576830853085,0.0,0.020022824595453237,False,,False,No single strong signal; flagged only due to combined weak evidence.,0.02002282965769822
bc1qluo6phyovjmvaum2kn2xhqshb0dx087nny9mo2,2.414538409711307e-07,0.019808030888061608,0.0,0.019808267559177417,False,,False,No single strong signal; flagged only due to combined weak evidence.,0.019808272341902577
bc1qkmq9uqwfn55lk9uawwpvc0azp79uvhsdux5wk8,8.889406367316043e-05,0.019606809843677128,0.0,0.019693960978347635,False,,False,No single strong signal; flagged only due to combined weak evidence.,0.019695703907350287
bc1qk1qrrn5n5ehq403ivwackln9tlyo674dphu2xr,4.865442416740406e-06,0.019608818591082072,0.0,0.019613588627921175,False,,False,No single strong signal; flagged only due to combined weak evidence.,0.019613684033498814
bc1q2c9ypc45u2691456h95d9y8y0awrhqs9dvelyv,9.369432213969053e-07,0.019608818591082072,0.0,0.01960973716195391,False,,False,No single strong signal; flagged only due to combined weak evidence.,0.01960975553430347
bc1qaobc3oko3vpk2u4avpmx5l77ibrsjox505xf36,8.069159052635571e-07,0.019608818591082072,0.0,0.019609609684319795,False,,False,No single strong signal; flagged only due to combined weak evidence.,0.019609625506987336
bc1qbtt9paf667ztt7f1up4phfaxi1s9npaxuzmxl2,1.4406925520088338e-07,0.019606809843677128,0.0,0.01960695108819388,False,,False,No single strong signal; flagged only due to combined weak evidence.,0.019606953912932327
bc1qqtzjs6pvs9v9bd9zmq77hns54gwdfo1nnj5rxc,5.212569718500035e-07,0.01959729826104792,0.0,0.019597809302791425,False,,False,No single strong signal; flagged only due to combined weak evidence.,0.01959781951801977
bc1q63qe8nvn439enga01yzg3w3h98brzva9wdjsgg,3.7820149347048306e-08,0.019537054609435518,0.0,0.019537091690690622,False,,False,No single strong signal; flagged only due to combined weak evidence.,0.019537092429584863
bc1qrzcm8jj6avp1eoxlzki2so19v58b1v1ccofh91,2.174478545759218e-07,0.019343804966029877,0.0,0.019344018207615554,False,,False,No single strong signal; flagged only due to combined weak evidence.,0.019344022413884453
bc1qu9sh7n1bqg3dcmyxbd07q2jbtzgtld6f0n3it2,2.975572524793996e-07,0.019140688000633378,0.0,0.019140979862435348,False,,False,No single strong signal; flagged only due to combined weak evidence.,0.01914098555788586
bc1qii7vxtrqindamt8qm76287fdv21ndcs1uyszde,1.0276475211674072e-07,0.018927029403859416,0.0,0.018927130223580058,False,,False,No single strong signal; flagged only due to combined weak evidence.,0.018927132168611534
bc1q4j90vb1c4w9i40qpf8m72zkeocec3091kyv7jj,1.217397592137926e-07,0.018749596737318307,0.0,0.01874971619450616,False,,False,No single strong signal; flagged only due to combined weak evidence.,0.018749718477077522
bc1qb08vydwox06zxunhu25z8kq86ynii88bycznyr,1.888719766336878e-08,0.018468519375589677,0.0,0.018468537913968852,False,,False,No single strong signal; flagged only due to combined weak evidence.,0.01846853826278734
bc1quqdn05xt54fn5g77lk6hqiv929sevl7fq8aby5,0.0005100082765615568,0.017909705486139377,0.0,0.01841057966467219,False,,False,No single strong signal; flagged only due to combined weak evidence.,0.018419713762700934
bc1qchatndfo6sa8zovs32ykcd3i4z4yidzyning1f,2.941966660100262e-08,0.01834273314257671,0.0,0.018342762022606207,False,,False,No single strong signal; flagged only due to combined weak evidence.,0.018342762562243313
bc1q3rsasvi1x1vh3ji9pvmtm12lc9bgjq0aqk711u,4.001381914205563e-07,0.018327010205098943,0.0,0.018327403009953724,False,,False,No single strong signal; flagged only due to combined weak evidence.,0.018327410343290364
bc1qrh4k4jken2cqxrqtwceecfvsjw7tbddcmoq5pl,2.9122177245944555e-07,0.018327010205098943,0.0,0.018327296089647005,False,,False,No single strong signal; flagged only due to combined weak evidence.,0.018327301426871404
bc1qx2hk5gyimq5glhc0dj96irx3nghb3cjop0vea3,9.523496505645444e-07,0.01828295911309962,0.0,0.01828389405098052,False,,False,No single strong signal; flagged only due to combined weak evidence.,0.018283911462750185
bc1qmh0n5o9r7lj5mv6b6rj09weew0oz2wcvft9o07,5.569110237473438e-05,0.01798190440714522,0.0,0.018036594077440626,False,,False,No single strong signal; flagged only due to combined weak evidence.,0.018037595509519954
bc1q5qmktgv44ftj5ccasbuov6tt9q1ni10kqsosx4,2.516287428785025e-08,0.017924850557209947,0.0,0.017924875269043516,False,,False,No single strong signal; flagged only due to combined weak evidence.,0.017924875720084235
bc1q45j8o98bujds0sp8jb6l4pesrss0np99wihxbx,0.0003227762913861155,0.017495738661294287,0.0,0.01781286774304025,False,,False,No single strong signal; flagged only due to combined weak evidence.,0.017818514952680404
bc1qb38yhedxfe3jwe46xaad0xh2mecyjxp7x80nhj,1.5383416767591786e-06,0.01759436015864968,0.0,0.017595871434188837,False,,False,No single strong signal; flagged only due to combined weak evidence.,0.01759589850032644
bc1qjb8jxkq054cfg79kt10r709q6ohxxyfgg3ty36,1.4430314196625747e-06,0.01755488029829149,0.0,0.017556297997467274,False,,False,No single strong signal; flagged only due to combined weak evidence.,0.017556323329711153
bc1qvi7lig9gmykvygw22ygyzthqse0kivwm53noz7,5.111032928530915e-08,0.017535397787768917,0.0,0.017535448001858245,False,,False,No single strong signal; flagged only due to combined weak evidence.,0.017535448898098202
bc1qx3x10y14dsf2uwufuk15u2486d43i21pu8bwau,2.6319357106898176e-06,0.0175020162392401,0.0,0.017504602110769207,False,,False,No single strong signal; flagged only due to combined weak evidence.,0.017504648174950788
bc1qdsp7iothieht1sem5pspu69cmnjtulr7z3uorw,9.529694818503065e-07,0.017495738661294287,0.0,0.017496674957871106,False,,False,No single strong signal; flagged only due to combined weak evidence.,0.017496691630776138
bc1qv0pmqf6br2led4ouv73l5kkynlckllzssxon55,1.8145248079067484e-06,0.017373307115310387,0.0,0.0173750901158215,False,,False,No single strong signal; flagged only due to combined weak evidence.,0.017375121640118295
bc1qht1u37eb8qhs9ckhawv8ab40oobagxkk36qstt,0.0001726811613233984,0.017153399377789855,0.0,0.01732311847018797,False,,False,No single strong signal; flagged only due to combined weak evidence.,0.017326080539113255
bc1q9pyqld56yjv601s9bay6b0m1g0e5h0e8bcaokp,2.4272009188160836e-05,0.01725501198885892,0.0,0.017278865184237602,False,,False,No single strong signal; flagged only due to combined weak evidence.,0.01727928399804708
bc1qn3t85svp9io1q9hw1o8thscwd7x2n8lytg2ol0,1.4887846641390177e-06,0.01725501198885892,0.0,0.01725647508452577,False,,False,No single strong signal; flagged only due to combined weak evidence.,0.01725650077352306
bc1q8ia619q1j10idsffq0nezh1u9c245o7o7gri9e,4.242920533608628e-07,0.017156446752519604,0.0,0.017156863765228958,False,,False,No single strong signal; flagged only due to combined weak evidence.,0.017156871044572964
bc1qjh4oulyo3pjbrhwbqh5t2d8vet8an2lm1cbht9,1.6851238036454643e-08,0.017044036451219973,0.0,0.01704405301524492,False,,False,No single strong signal; flagged only due to combined weak evidence.,0.01704405330245801
bc1qvllbtxjuvrm28r3xmv6uvg7kmk07faewve14ql,1.239915288080741e-07,0.01697493498411541,0.0,0.016975056870896066,False,,False,No single strong signal; flagged only due to combined weak evidence.,0.01697505897564422
bc1qhn20gpw2po6tot087bbmux7zheqn664jy908qd,2.207962168871611e-06,0.01695213989990118,0.0,0.016954310432386488,False,,False,No single strong signal; flagged only due to combined weak evidence.,0.016954347862070052
bc1q87tletbw4ybypjqwys36eyfa2u5qh1ptxgsrmq,4.3208078584209255e-07,0.016894630474543752,0.0,0.016895055255484404,False,,False,No single strong signal; flagged only due to combined weak evidence.,0.016895062555329594
bc1qq37csuytaul62cf4mntfvge2l4zjd5n3ksgnbh,2.588423868280658e-07,0.01647822719365879,0.0,0.016478481770781928,False,,False,No single strong signal; flagged only due to combined weak evidence.,0.016478486036045615
bc1q8jo5xmdda47ofoptk2yi5yh7rpv6wbxj72i2dp,7.208571522519748e-07,0.01637765628059177,0.0,0.016378365331793376,False,,False,No single strong signal; flagged only due to combined weak evidence.,0.01637837713774402
bc1q952paxv4auxb59roga72ysqrrbjvene8dmx1vo,0.005421113566923608,0.010959969052314483,0.0,0.016321667382315552,False,,False,No single strong signal; flagged only due to combined weak evidence.,0.01638108261923809
bc1q6y8n5mu56ffjl7mhek99l1g2undquh7icpl6rm,3.728876054218404e-08,0.015985329706078792,0.0,0.015985366398766243,False,,False,No single strong signal; flagged only due to combined weak evidence.,0.015985366994839333
bc1q2k6mu0d1tt03vszvgghugt7sayqn92t2krynla,8.373779204233984e-05,0.01586398108206307,0.0,0.01594639045935664,False,,False,No single strong signal; flagged only due to combined weak evidence.,0.01594771887410541
bc1q4nzkrsn8l0uw6ik209ei8xq6tclk04p2ek1hw6,3.925146648817441e-07,0.01589881276723407,0.0,0.015899199041381706,False,,False,No single strong signal; flagged only due to combined weak evidence.,0.01589920528189895
bc1qw819fmsyg91mmo1ds3hgw10c9ix6r1nxhbqam9,1.7211815909737284e-08,0.01585916150288724,0.0,0.01585917844173812,False,,False,No single strong signal; flagged only due to combined weak evidence.,0.01585917871470315
bc1qqdji6sow4yif5d9rexpfsltj669rea3y0xaobk,8.223615284630152e-07,0.015574769351183782,0.0,0.015575578904621024,False,,False,No single strong signal; flagged only due to combined weak evidence.,0.015575591712712245
bc1q4t3y4wpwg3xg0trky8ryozdppbquakx6wb68q0,1.5796405180583085e-08,0.015411887184955732,0.0,0.0154119027379086,False,,False,No single strong signal; flagged only due to combined weak evidence.,0.015411902981360913
bc1qxco59avh094ipzgrspiw06ny41uiw5e1qml5mq,4.0571156493413743e-07,0.015157367272440037,0.0,0.015157766834485664,False,,False,No single strong signal; flagged only due to combined weak evidence.,0.015157772984004971
bc1qf4jm8r7a4k33s5r25zfc1k8j0kkagiqdz7y95c,7.866934617521153e-07,0.015032677136162824,0.0,0.01503345200351569,False,,False,No single strong signal; flagged only due to combined weak evidence.,0.015033463829624576
bc1qcvs3zrb9opllv12bvxejaxvt7cz14wjai9c2bv,3.0543404210552013e-06,0.014924419096463281,0.0,0.014927427852627795,False,,False,No single strong signal; flagged only due to combined weak evidence.,0.014927473436884336
bc1qc7hp4nn4gct8bwk8xn29gxekbzcmlox8gct3m9,3.769958062948295e-07,0.014608747181159754,0.0,0.01460911866952963,False,,False,No single strong signal; flagged only due to combined weak evidence.,0.014609124176966049
bc1q8iio1q3dzvwe8g358geejgbjxg56w0mqa1ccyy,2.6342559545965877e-07,0.014529512444535576,0.0,0.014529772042685574,False,,False,No single strong signal; flagged only due to combined weak evidence.,0.014529775870131037
bc1qcyx97i98ufqau5sefmm3jt4lmag75to3e1e42t,1.0088889573858056e-06,0.014503619716197009,0.0,0.014504613972612601,False,,False,No single strong signal; flagged only due to combined weak evidence.,0.014504628605154394
bc1qh1xllf6em3znwsztpvadzueh4jgw9krbe6eyox,1.2559453184795698e-07,0.014396899641760743,0.0,0.01439702342812077,False,,False,No single strong signal; flagged only due to combined weak evidence.,0.01439702523629259
bc1qcfhd82p5ejrsbblbadkel21aa6y87qs7jp1ilr,1.294410199016185e-07,0.013998559703880895,0.0,0.013998687332912874,False,,False,No single strong signal; flagged only due to combined weak evidence.,0.013998689144900796
bc1qce60jldblmc6xkne8ita84dq6xnvelhiymgdmw,2.425635468263224e-06,0.013181268669509172,0.0,0.013183662332024615,False,,False,No single strong signal; flagged only due to combined weak evidence.,0.013183694304977435
bc1qhonbpqga6x85zzhjy8gy39bu4uz2z0kdn3tn60,4.431427917365802e-09,0.013065770034453073,0.0,0.013065774407980957,False,,False,No single strong signal; flagged only due to combined weak evidence.,0.01306577446588099
bc1qp1zscmo1pob7fu99259p5z5zlm36vfox5wwpm3,2.3524442070258615e-08,0.012879105519689743,0.0,0.012879128741158041,False,,False,No single strong signal; flagged only due to combined weak evidence.,0.012879129044131812
bc1qgcts8h5bqd2ugqbyns7easw23ogq7ysx5tuan5,1.267916477594169e-10,0.01216398387007481,0.0,0.012163983995324146,False,,False,No single strong signal; flagged only due to combined weak evidence.,0.012163983996866459
bc1qas1ektyr1k12v2tg5pizx3hcws2wyjxtjgcedq,0.0,0.01215275913394551,0.0,0.012152759133945534,False,,False,No single strong signal; flagged only due to combined weak evidence.,0.01215275913394551
bc1qfkplpcgbqlc9eyd3mynueuvld7p441jwyr248x,4.517260214079132e-07,0.002127892420412459,0.01,0.012107059753357352,False,,False,No single strong signal; flagged only due to combined weak evidence.,0.012128344146433868
bc1qup30l1r99m2kktbk5p24t9n44fbv46mu62oedr,7.645133801294636e-06,0.011381875088870246,0.0,0.011389433206713484,False,,False,No single strong signal; flagged only due to combined weak evidence.,0.011389520222671541
bc1qml12p5wpvi06b8msg4ogb1lrxgkekt0kxgntus,4.8624877427711e-07,0.011279238576794668,0.0,0.011279719341052985,False,,False,No single strong signal; flagged only due to combined weak evidence.,0.011279724825568944
bc1qp93nyh90en4iedbtfdcdqvul7jmdxubc6a41l1,2.0267613082031914e-08,0.01071292009085738,0.0,0.010712940141345051,False,,False,No single strong signal; flagged only due to combined weak evidence.,0.010712940358470462
bc1qi1wr63juwmw3m4dy99o3ucr68nixc6odr9houn,4.498069298377188e-06,0.010458015966364146,0.0,0.010462466994782038,False,,False,No single strong signal; flagged only due to combined weak evidence.,0.010462514035662522
bc1qlhalckz3vwlo7ammpq0hzyjb48wumh9nklybwg,7.48058118103027e-07,0.010097566992386148,0.0,0.010098307496937298,True,coinjoin,False,No single strong signal; flagged only due to combined weak evidence.,0.01009831505050425
bc1qkb9z7fw0c20x450uheh3rfwtevtx3nf27e6l8x,5.876609452096033e-07,0.010083155816310519,0.0,0.010083737551778826,False,,False,No single strong signal; flagged only due to combined weak evidence.,0.010083743477255729
bc1q5yjcofnumz98trmxu7u0c0y5f2t271b5o70axw,6.905722578613935e-08,0.010064962347586458,0.0,0.010065030709753953,False,,False,No single strong signal; flagged only due to combined weak evidence.,0.010065031404812245
bc1qpsmtk7p6xsvoltrjklumcmh7lm2lw7zrtqj8cw,7.147914561315873e-08,0.009706008548957734,0.0,0.009706079334326212,False,,False,No single strong signal; flagged only due to combined weak evidence.,0.009706080028103347
bc1qsp5ooa9czv7pqovvi1yx9dy39ck5b8u8h7bi8t,2.9765621137303543e-07,0.009634382170592324,0.0,0.009634676959069943,False,,False,No single strong signal; flagged only due to combined weak evidence.,0.009634679826803697
bc1qydw9f6y5v9jrehmiqp56a2tyznm5saxyk2e58f,4.339722206505031e-07,0.008928690658660823,0.0,0.008929120756077769,False,,False,No single strong signal; flagged only due to combined weak evidence.,0.008929124630881474
bc1qihwuy0cdabyn5fo9sw23ynr9155p1ksth1rwlk,1.7783575477356333e-06,0.008744231632891291,0.0,0.008745994440068738,False,,False,No single strong signal; flagged only due to combined weak evidence.,0.008746009990439027
bc1qeu9vdow6jfpy772a8709nwa6540wfj2etpseyw,1.515261676364309e-06,0.008256476738767506,0.0,0.008257979489721068,False,,False,No single strong signal; flagged only due to combined weak evidence.,0.008257992000443871
bc1qasfqbvh0kw3pgsf3yn72bhon4wbabq0fot10gd,0.0019770693365847255,0.006214433916078423,0.0,0.00817921688592349,False,,False,No single strong signal; flagged only due to combined weak evidence.,0.008191503252663148
bc1qzgivse00hu3x5u7df891qcg41rk4mkzom2e1ba,1.289363311793766e-07,0.00755512618205057,0.0,0.007555254144251511,False,,False,No single strong signal; flagged only due to combined weak evidence.,0.007555255118381749
bc1qvg9353r4dtad4wugzbguqjj1gjpmh3uq1amkt0,3.1275532013858937e-06,0.007496562861964012,0.0,0.007499666969266183,False,,False,No single strong signal; flagged only due to combined weak evidence.,0.007499690415165398
bc1qo75rddhnsgfsh681tchwstwyrvmww3szy978tn,1.371844359756577e-06,0.006831194882559781,0.0,0.006832557355583413,False,,False,No single strong signal; flagged only due to combined weak evidence.,0.006832566726919538
bc1q4h4zx5bt8zeh3rprgygo2ype4cwsjb4lvcrfmk,2.620092768981098e-07,0.006831194882559781,0.0,0.006831455102000339,False,,False,No single strong signal; flagged only due to combined weak evidence.,0.006831456891836679
bc1qlawrtnfgzskiguvetybgd9e32lfiyz3kqjyg8i,2.527197600350441e-07,0.006527561824001081,0.0,0.006527812894117191,False,,False,No single strong signal; flagged only due to combined weak evidence.,0.006527814543761116
bc1qnyj0ufo2hoq5e7l7w05y2da5b4l6hfh4n6v3rz,2.1109200631946793e-09,0.006287234196301664,0.0,0.006287236293949894,False,,False,No single strong signal; flagged only due to combined weak evidence.,0.006287236307221727
bc1qmat2c283jzgn99lt3j6lilb7zwdc5psscp9kjy,4.59167764492669e-07,0.006214433916078423,0.0,0.006214890230375247,False,,False,No single strong signal; flagged only due to combined weak evidence.,0.006214893083842916
bc1q4jufn24xcrwdwf1tqv0r095uhgcrkfkj6xhpd3,1.7603143802367827e-07,0.005823907507503162,0.0,0.005824082513750328,False,,False,No single strong signal; flagged only due to combined weak evidence.,0.005824083538941185
bc1qfiigu72dd9eqsimyo7wy66qb3kbwifd8wzgl51,9.818024427002686e-07,0.005622883856058252,0.0,0.005623860137939807,False,,False,No single strong signal; flagged only due to combined weak evidence.,0.005623865658500952
bc1qaudwyusazqy2yr6nbqd8qkki9u0vqf6oylcb37,6.621706163704054e-07,0.004950656247040707,0.0,0.004951315139477996,False,,False,No single strong signal; flagged only due to combined weak evidence.,0.004951318417657077
bc1qmcgxznv6l8jvzslt6949qbfiy4gwt6d05hfa58,2.8406315299524194e-06,0.004884184283045944,0.0,0.004887011040408007,False,,False,No single strong signal; flagged only due to combined weak evidence.,0.004887024914575896
bc1q2im29nnqpnji8fg7s1rdolpgu8nqpckbqrgery,2.1649473582275733e-08,0.003559313201197466,0.0,0.0035593347736138092,False,,False,No single strong signal; flagged only due to combined weak evidence.,0.0035593348506710483
bc1qyi8r5ntipwl51ctae3hk3lqexrsq97npwq6yk8,4.48157686092958e-07,0.003532837082637536,0.0,0.0035332836570555193,False,,False,No single strong signal; flagged only due to combined weak evidence.,0.003533285240323629
bc1qfwmvytsu2msgqgv8h0z6wf6b3isxhvt1kkeqvi,2.0357653195293446e-08,0.0034733269793641467,0.0,0.0034733472663086573,False,,False,No single strong signal; flagged only due to combined weak evidence.,0.003473347337017342
bc1qdl4jm0d6fwunibw1gix5hy9lxl0banae2apzl9,4.875906895328481e-07,0.0027368758147302136,0.0,0.002737362070944549,False,,False,No single strong signal; flagged only due to combined weak evidence.,0.0027373634054197464
bc1q57i1niskywcoq5ldl7nhymafcb3d6idlswzuah,1.2789383405054685e-07,0.001580144375934729,0.0,0.001580272067678079,False,,False,No single strong signal; flagged only due to combined weak evidence.,0.0015802722697687796
bc1qifgyotm7ldazk4xcztblbhk10io1ar1zgzbutk,1.0189119695521897e-06,0.0,0.0,1.0189119695747095e-06,False,,False,No single strong signal; flagged only due to combined weak evidence.,1.0189119695521897e-06
