wallet,involved_in_illicit_pattern,pattern_types_involved,anomaly_score,shap_reason,shap_avg_amount_zscore_log,shap_max_abs_amount_zscore_log,shap_tx_count,shap_tx_frequency_per_day_log,shap_fan_in_degree,shap_fan_out_degree,shap_max_geo_velocity_kmh_log,shap_avg_geo_velocity_kmh_log,shap_time_of_day_entropy
bc1qn2twdl9zs13c9xqym52xg8p6befflzm764jwte,True,"coinjoin,fanin,peeling",0.7177328182222762,No individual feature stood out; flagged only by combined weak signals.,-0.2957177707887228,-1.0058220904718986,-1.2083661150947185,-0.006092488706965581,-1.1724956617418283,-1.6203193031172254,-0.7364939731767998,-0.5014634212487967,-0.4111207882863636
bc1qw9xa3kx7eedtjvzhwjr64dpja1wj0tpac56t4u,False,,0.7166192621077386,No individual feature stood out; flagged only by combined weak signals.,-0.04228449531919797,-1.0436339070745893,-1.5973866848622116,-0.012992931286920735,-1.502295145978044,-1.7966993311806674,-0.2156461133771693,-0.10168775108219424,-0.622316281694464
bc1qxfq8myx444nlz15bcw790pdw5py6b2knftu2gc,True,"fanin,fanout",0.6740010790398037,Driven by: an unusually high transaction frequency (contributed +0.126).,-0.32618249884442246,-1.65278829122165,-1.056902595639338,0.12626875957131603,-1.0600407365973235,-1.524905752838355,-0.14907896755397648,-0.16340635300768577,-0.22169555464276788
bc1qzmpjrht7zewviytwbozd1at7o75rh8lx6dut07,True,peeling,0.6662959784712541,Driven by: an unusually high transaction frequency (contributed +0.106).,-0.16632253265170593,-1.076204155976432,-1.1880368727442,0.10574553225441072,-1.1153823561576093,-1.6235544632098629,-0.3142894167899901,-0.07028074756815485,-0.4104696370978619
bc1q8e9rivh6t1ntmjsrd9q46nouhfj7upfln4rxyj,True,"coinjoin,fanin",0.6637270248574404,Driven by: an unusually high transaction frequency (contributed +0.091).,-0.2522359012833525,-1.2288486997187045,-1.0082212306548166,0.09124229539480283,-0.29131245722745736,-1.9619080630498598,-0.46981386724949525,-0.1939059791543496,-0.4866949109577349
bc1qdygfliji18k0axycelos6zle6kwhef0votqtxh,True,"fanin,fanout,peeling",0.6605790113592797,Driven by: an unusually high transaction frequency (contributed +0.089).,-0.45885287111557105,-1.5643554742957442,-1.0022565840544664,0.08906065657032157,-0.0930759207363279,-1.8629925785906005,-0.24585217895262085,-0.06857206148544515,-0.5245340861606103
bc1qmyofqewaouaxeqbnhl1n13jcat9mx2x18hafey,True,peeling,0.6600340805335339,Driven by: an unusually high transaction frequency (contributed +0.123).,-0.4326743548974806,-1.7260092762758323,-1.1071663343371785,0.12331418230241852,-0.6999650876446152,-1.2581007502441908,-0.11156747717669069,-0.1483745264508503,-0.35868992461700916
bc1qhbn5elb45l6d10a1whhkt1yjfe8udttj72ugl6,True,"fanin,fanout",0.648140770258259,Driven by: an unusually extreme single transaction amount (contributed +0.140); unusually large average transaction amount (contributed +0.112); an unusually high transaction frequency (contributed +0.030).,0.11184510150510069,0.13965836878616755,-1.5952354694653152,0.029973742269911927,-1.7584217575857402,-1.661569150501069,-0.10786164981373733,0.003810374658779431,-0.6126786333525851
bc1qugnekrcpprcjiwvhdk8lw2lm349el8hl88kzru,True,peeling,0.6465699466911321,Driven by: an unusually high transaction frequency (contributed +0.107); unusually large average transaction amount (contributed +0.090).,0.08963678516060158,-0.8328288465246584,-1.1501648706179812,0.10711560690993392,-0.5360104758281835,-1.989797881302478,-0.480958406777006,-0.25895504435281175,-0.36265169745529857
bc1q65kxvf1t2tala753lc58drc11ertj5pht0hl9x,False,,0.645708810781247,Driven by: an unusually extreme single transaction amount (contributed +0.160); unusually large average transaction amount (contributed +0.138); an unusually high transaction frequency (contributed +0.061).,0.13770996832460655,0.1600374027379192,-1.5505716713600337,0.06097364070674123,-1.2034491477492528,-2.086452842574742,-0.23505268823043746,-0.060635919292254654,-0.6174755637332281
bc1q5259gmq2p014x5dlwy1p6mxswy0szkbnsh8llr,True,peeling,0.6417583332033956,Driven by: an unusually high number of incoming payments (contributed +0.162); an atypical number of transactions (contributed +0.081); an unusually high number of outgoing payments (contributed +0.058).,-1.6845639107407318,-1.8092606023040518,0.08093765396858012,-1.5294491746669459,0.16222336004763357,0.05783911711835268,-0.12967751015405313,-0.2149220859454726,-0.23734068014408236
bc1q3fpoyipk0qtl3q4n89qkns832ejx5td44k1j6f,True,peeling,0.6385986354644488,Driven by: an unusually high transaction frequency (contributed +0.076).,-0.5639449940534969,-1.2809983490046826,-0.8246823584860452,0.07630934388860786,-0.598793970274732,-1.0908371143620401,-0.3392806503308932,-0.17235195516390986,-0.43668431556210197
bc1qa4fejgxaa2ilgb0s0r2sds8b25sq8croyr6ccv,True,"fanout,peeling",0.6352695681646169,Driven by: an unusually high transaction frequency (contributed +0.110); physically implausible peer geo-velocity (contributed +0.006).,-1.2206992558835075,-1.7904788467418717,-0.5402297287175618,0.11044957003015347,-0.010983961379234889,-1.3605678812976418,0.006391771799355668,-0.0027728228417313316,-0.3451218983897558
bc1q15ahdbvzb0oih5csk30lvylkfxhkc856wpr97y,True,peeling,0.6329222349275326,Driven by: an unusually high transaction frequency (contributed +0.123); consistently high peer geo-velocity (contributed +0.089).,-0.1723595643137363,-0.9918442077275051,-1.0469879981041799,0.12252688432476194,-0.586062757778762,-1.918568306426187,-0.026248299707079283,0.08949904576375864,-0.5692540229814591
bc1q4u89yjb1qx6gvwrdmly4lyk83tqll8os9xtogn,False,,0.6304915479291731,Driven by: an unusually extreme single transaction amount (contributed +0.207); an unusually high transaction frequency (contributed +0.129); unusually large average transaction amount (contributed +0.082).,0.0822676156895436,0.20668240809961672,-1.191211540473754,0.12856164424658725,-1.159455465184664,-1.8219188591940823,-0.6248271844502803,-0.27660941764869795,-0.3859174430994805
bc1q8osvc1u5w2k2ub5zr8346aw0ewayaj5nd3ao4m,True,peeling,0.6269132944054434,Driven by: an unusually high number of incoming payments (contributed +0.138); an atypical number of transactions (contributed +0.116); an unusually high number of outgoing payments (contributed +0.097).,-1.0674176703368732,-1.043949172431706,0.11630295896621241,-1.3766887968081043,0.13815304687203797,0.09665714927950685,-0.9074097442540472,-0.8059862332302362,-0.10796887478189288
bc1qzs43c5ba75uuzpeal2w37d4ivsolmlgses6m03,True,peeling,0.6230322038015924,Driven by: an unusually high transaction frequency (contributed +0.136).,-0.7652590539290769,-1.493066744380307,-0.8300760856678364,0.1355758197038186,-0.00013116303817259432,-1.5064295728401547,-0.09802673670055477,-0.05417941216363067,-0.25492956217239715
bc1ql8hbgcj1gnfiue2wnf5ca7zvky2refjqigyvzw,True,peeling,0.6199657443381672,Driven by: an unusually high number of outgoing payments (contributed +0.148); an unusually high transaction frequency (contributed +0.051); an atypical time-of-day transaction pattern (contributed +0.002).,-1.2508536230426364,-1.3021690278343738,-0.1077541935993126,0.051102050530357386,-0.2118988800749311,0.14831548516566315,-1.0857192591837872,-1.0362180038996753,0.0015976126162841903
bc1qpseimvihcwi64ciyhe7ur23gdppq0y9dom5igq,False,,0.6185654094734206,Driven by: an unusually extreme single transaction amount (contributed +0.202); unusually large average transaction amount (contributed +0.131); an unusually high transaction frequency (contributed +0.077).,0.13063681654877943,0.20165664566959388,-1.4741764660254346,0.07659692018492964,-1.3661561218085918,-1.7004392576663685,-0.056970097258272095,0.029364941550716065,-0.600689258759938
bc1qaqvkizzqy72wx7ptx63cfl0ukeyz7srcbpljd8,False,,0.6173865724698254,Driven by: an unusually high transaction frequency (contributed +0.135); unusually large average transaction amount (contributed +0.048); consistently high peer geo-velocity (contributed +0.011).,0.04809336948631988,-0.6025832512062533,-1.1980697281129806,0.1354195440130411,-0.925723269690493,-1.5077267329920099,-0.15615951163269085,0.011029270395449153,-0.5362614130429251
bc1qzklookep7y6wktakpuxqphr62gdswm31yihair,True,"fanout,peeling",0.6162737719988494,Driven by: an unusually high transaction frequency (contributed +0.110); consistently high peer geo-velocity (contributed +0.062); physically implausible peer geo-velocity (contributed +0.051).,-0.7560955818250394,-1.7939810219015093,-0.6801263895215697,0.1098812613932525,-0.03200482899072528,-1.3504447070723251,0.05133695308587749,0.06226557569046364,-0.3161487810606144
bc1q6vasifpwioxd9css9toqw9ja2m0w10lbt3g2qz,True,peeling,0.6136274905561125,Driven by: an unusually high transaction frequency (contributed +0.142).,-0.3061590882938308,-0.8924374208141748,-0.8669894101750587,0.1421692569747438,-0.3431364161281416,-1.8297264070586552,-0.10712607535421877,-0.10806661131842851,-0.33024298659823104
bc1qioh6cvbphvgnqgmjmbukdqp1hkf286utios5hr,True,peeling,0.6126473911177647,Driven by: an unusually high number of outgoing payments (contributed +0.134); an unusually high transaction frequency (contributed +0.039).,-1.0125517043171608,-1.306695136148403,-0.285559260715383,0.038521260108915066,-0.47256147354519124,0.13372189547403573,-0.8632989467859266,-0.6866992151246956,-0.16296663281963383
bc1q1arxabofloaz1ro03ciny2et9mkb9xn4m41kht,True,fanin,0.6112540285444981,Driven by: an unusually high transaction frequency (contributed +0.144); an unusually extreme single transaction amount (contributed +0.136).,-0.22779540218683916,0.13574899630773943,-0.8383893591878587,0.14396761771980338,-1.0731389619628657,-0.4278135170943051,-1.198738331467012,-0.9131378420658128,-0.18513934490794498
bc1qktsg7fxzv4u3bbxux1oxrwk8r2ykccprhvlz04,False,,0.6101824230224556,Driven by: an unusually high transaction frequency (contributed +0.140); unusually large average transaction amount (contributed +0.129); consistently high peer geo-velocity (contributed +0.049).,0.12931907096022058,-0.7855652873743832,-1.0504419173839152,0.1403212739609143,-0.5296502607638988,-2.0820837813804545,-0.1539951861144893,0.048612782792067065,-0.2750187525020665
bc1qs3kkv9rftmttqlgzui1b0z3nx39rbsv55psq0o,True,fanout,0.6078961152697615,Driven by: an unusually high transaction frequency (contributed +0.108).,-0.6829077557941953,-1.865232790891192,-0.506298162351791,0.10785316033674591,-0.06199179172547453,-0.9513572041399381,-0.09113321290527984,-0.032012724667932285,-0.4199377122356066
bc1qqnyy95g5dog8cfeffh8aoy7rp0aga24smux2rx,True,peeling,0.6053451384746016,Driven by: an unusually high number of outgoing payments (contributed +0.125); an unusually high transaction frequency (contributed +0.049).,-0.7871604114708319,-1.126979754052565,-0.24792515662409825,0.049424287497872234,-0.4760760941216419,0.12475372304070928,-0.9942874403570195,-0.8307566869218226,-0.15185699313023124
bc1q6g5g79or7875aud9k9tr74qgefqjg02u1g463s,False,,0.6046693516984084,Driven by: an unusually high transaction frequency (contributed +0.122); consistently high peer geo-velocity (contributed +0.064); unusually large average transaction amount (contributed +0.014).,0.013703139271908929,-0.5074055444317498,-0.9945683975508254,0.12176971070179203,-1.2178655247519088,-1.4790187590531132,-0.050710363951191814,0.06403991670393684,-0.3742995060880948
bc1q8j1ui9l69isxuwvw1pm77xvmezxleaycdy1q1e,True,peeling,0.5995277654807591,Driven by: an atypical number of transactions (contributed +0.130); an unusually high number of incoming payments (contributed +0.120); an unusually high number of outgoing payments (contributed +0.092).,-0.5295862620398138,-0.25857878465331247,0.13030267274227997,-1.5851362731839205,0.11979600188920718,0.09166503241391283,-1.0601569089956382,-1.0486658595480258,-0.15778053091745256
bc1q2vwmd5tfu2snx1se3xr6n18beqerftnvijzx4x,True,peeling,0.5993226042502444,Driven by: an unusually high number of incoming payments (contributed +0.158); an atypical number of transactions (contributed +0.123); an unusually high number of outgoing payments (contributed +0.122).,-1.3030226113048275,-1.5199490376722409,0.12316294207667777,-0.8302834905926242,0.15848473026350102,0.12221422173984678,-0.4289810133302259,-0.4999215670665858,-0.11478640761298592
bc1qo5awlgitiz7tfp3g21cqtp3174gu65s6y5h3o0,True,peeling,0.598648118808023,Driven by: an unusually high number of incoming payments (contributed +0.197); an atypical number of transactions (contributed +0.118); an unusually high number of outgoing payments (contributed +0.085).,-1.7119146955388849,-1.5920096822713894,0.11783427752396938,-0.9010697425990232,0.1967423632363261,0.08538948828252997,-0.11140595586401471,-0.12618722110484448,-0.23381800404040848
bc1qi5ldslcb8qsspye9r1f63ai9hasez2nx1wvbd4,True,"fanin,fanout",0.5979962236115715,Driven by: an unusually high transaction frequency (contributed +0.137).,-0.3300579935149121,-0.7936901292074974,-0.7414848730134627,0.13688977553894577,-1.0276526227597287,-0.3967105901263972,-0.5318147260480578,-0.2953195369408127,-0.28049500445655934
bc1q1w1ht7pze9vifttd96qe3rzsj49itn7s55j2o7,False,,0.5958519435509761,Driven by: an unusually high transaction frequency (contributed +0.150); consistently high peer geo-velocity (contributed +0.047).,-0.31032093046181386,-0.619140788214434,-1.0443472625625514,0.14979063335672396,-0.34159225360724643,-1.4736598370749636,-0.1431182682716493,0.047342322526976316,-0.472196023082184
bc1qkhhuz83yuxyp3hbrbjeqvviaa2uaqe8btsmaq3,True,peeling,0.595566299208722,Driven by: an unusually high number of outgoing payments (contributed +0.154).,-1.6149517766210735,-1.8504525275472063,-0.08657488423967444,-0.04333413535049549,-0.15562898845863676,0.15358165159208012,-0.24862046027307164,-0.26014627223098497,-0.09402792054972942
bc1q0as9v7lp1lexdnrgcl0kgdveyxfuvskk1hsnz6,True,peeling,0.5912277680073607,No individual feature stood out; flagged only by combined weak signals.,-0.8271787280221765,-1.2915111851174177,-0.2506373699906021,-0.05229347162988578,-0.35208120610879917,-0.11089953197894808,-0.5783276182800594,-0.5163623993592185,-0.11280103723143166
bc1quk18c7j0znruhmezvsq3heykukpxpsbtnbdzri,True,peeling,0.590352399350456,Driven by: an unusually high transaction frequency (contributed +0.113).,-0.5595575741904787,-1.0172506487985487,-0.27689181797864126,0.11302275775917302,-0.37936069554750934,-0.11618888833838567,-0.9645042212289814,-0.7545534526858866,-0.11490848320782773
bc1qgvzpfcglckwt2e077u55d5q3ov9jydfzdtc5pa,True,peeling,0.5898353597774498,Driven by: an unusually high number of outgoing payments (contributed +0.172); an unusually high number of incoming payments (contributed +0.167); an atypical number of transactions (contributed +0.152).,-1.672403371977397,-1.8328190633930612,0.15172602723988132,-0.9376016834832649,0.16728765280729466,0.17246576161935728,-0.06886204128628098,-0.10089604489616885,0.063860029114779
bc1qagxbbi7ne86zmq0pr72pvk3yuz5h0gk8fkffgf,True,peeling,0.5894443554044947,Driven by: an unusually high number of incoming payments (contributed +0.145); an atypical number of transactions (contributed +0.144); an unusually high number of outgoing payments (contributed +0.116).,-0.9060464565762809,-0.8607371807256274,0.14350029531161607,-1.1933421450331723,0.1446685892370041,0.11571493596205752,-0.6976334584508743,-0.7171364194036882,-0.07642986751032231
bc1q4ve41w4s6fuyc5atdzyumnqizkqoelu8a3pwjt,True,peeling,0.5892919663018068,Driven by: an atypical number of transactions (contributed +0.150); an unusually high number of incoming payments (contributed +0.140); an unusually high number of outgoing payments (contributed +0.109).,-0.7580739816401219,-0.5199228369041312,0.1497473210500861,-1.3455653146714457,0.1402600404649173,0.10948033036325518,-0.9144830485531292,-0.8347743117431238,-0.07028831606076079
bc1q0982n2atqyyv37dia5u6hc36kof8krd5eqy08p,True,peeling,0.5881385109712236,Driven by: an unusually high transaction frequency (contributed +0.119); an unusually high number of incoming payments (contributed +0.057); consistently high peer geo-velocity (contributed +0.035).,-1.0381597874368549,-2.154663275601484,-0.2110472585121852,0.11868029246440139,0.057240728684526614,-0.7004774018136244,0.02264444110421287,0.035311775111839735,-0.14419137373001134
bc1qxaji0y6dpbhsahxthv3a3zmf8mdd4v30t9nt3w,False,,0.5870739055355534,Driven by: an unusually extreme single transaction amount (contributed +0.197); unusually large average transaction amount (contributed +0.151); an unusually high transaction frequency (contributed +0.127).,0.15096863554256718,0.19666049881321196,-0.45965437129757764,0.1271248766473915,-0.36545828580109996,-1.6300832597388004,-1.0528709808604975,-0.785369193861191,-0.1692017128333301
bc1qlk3e4xyf9igfu8iogxpbwhvnzh13cd5glqj5sx,True,peeling,0.5866515386483329,Driven by: an unusually extreme single transaction amount (contributed +0.190); an unusually high transaction frequency (contributed +0.166); unusually large average transaction amount (contributed +0.128).,0.12848264738247417,0.1899510815618442,-0.950450765801018,0.16644681895442884,-0.9431875422164798,-1.6249005106992984,-0.5372329862053545,-0.22515937862093707,-0.18119588858127147
bc1q9ewo7tcbw5qqb5i92wmsj9uk693p483chelhrx,True,peeling,0.5836504367741537,Driven by: an unusually high number of outgoing payments (contributed +0.161); an unusually high transaction frequency (contributed +0.071).,-1.2770615069992324,-1.510933345296024,-0.1114250741434379,0.07050485534752762,-0.21544131033984434,0.16092291133184553,-0.4491212605194403,-0.5656846799116251,-0.0032033902880609457
bc1qdou0ze3lnzkf3ikn9ntwjipo86k24zn0mwmkcw,True,peeling,0.5832137809723088,Driven by: an unusually high number of outgoing payments (contributed +0.179); an unusually high transaction frequency (contributed +0.053); an atypical time-of-day transaction pattern (contributed +0.013).,-1.2195520231749555,-1.36368895160065,-0.1278242848670732,0.0526183742479295,-0.21760634592213352,0.17855808524711883,-0.5742144619881439,-0.6320224936315916,0.01335109876477964
bc1qtzk3ny9v20yar821uzvgww4fyb8dalfyo1750c,True,peeling,0.5815047571481805,Driven by: an unusually high transaction frequency (contributed +0.113); consistently high peer geo-velocity (contributed +0.017).,-0.7423057614401322,-1.646055064561862,-0.4541400118166969,0.11262653442926751,-0.023783294705900054,-0.7927459133775664,-0.09831597301165838,0.01650602494125739,-0.21879306879634625
bc1qyxaqafb6qdfe2k3ruuwy9zw5lf30ei0iou8h1b,True,peeling,0.5803555608526405,Driven by: an unusually high number of incoming payments (contributed +0.194); an atypical number of transactions (contributed +0.106); an unusually high number of outgoing payments (contributed +0.097).,-1.2313415784283632,-0.7626540816131017,0.10612024355646693,-1.5917677918316977,0.19360534942280597,0.09733280519271059,-0.18325075488402073,-0.23699172997484075,-0.2088210191024313
bc1q1n5t844qh2btufdoapmlqs8lxsol15m9gqjanq,True,peeling,0.5793926060600488,Driven by: an unusually high number of incoming payments (contributed +0.201); an atypical number of transactions (contributed +0.125); an unusually high number of outgoing payments (contributed +0.093).,-1.3728482559953012,-0.888445523060894,0.12536638234382438,-1.3452698913889618,0.20120970887812256,0.09316041923305915,-0.18191957050492324,-0.21501941938212127,-0.20945819596116017
bc1qbjjuidce74ahjoysj8oyrhkknnaeo0142jfutg,True,peeling,0.5783305718920216,Driven by: an unusually high number of incoming payments (contributed +0.153); an atypical number of transactions (contributed +0.150); an unusually high number of outgoing payments (contributed +0.121).,-1.0365940663867435,-0.9903534802195028,0.1503882349991492,-0.8340538490205935,0.15347151903381706,0.1206465850747233,-0.5862199099224504,-0.6835493177709098,-0.059843122305210474
bc1q6nix9twu52iybhk3h3ys1duafa0xrjal1tpnsq,False,,0.5769985157972188,Driven by: an unusually high number of incoming payments (contributed +0.197); an unusually high transaction frequency (contributed +0.051); physically implausible peer geo-velocity (contributed +0.030).,-2.1208559051609575,-1.5976758780540852,-0.04020555455625265,0.05102821881898075,0.19697888535981076,-0.14228042169632904,0.02953246926872486,-0.012873180411083499,-0.09567414108857496
bc1qvwvm4w3zkwdeekgyspengwyx9trflqbmae38sr,True,peeling,0.575289195345317,Driven by: an unusually extreme single transaction amount (contributed +0.208); an unusually high transaction frequency (contributed +0.182); unusually large average transaction amount (contributed +0.133).,0.13283604997269427,0.20845619340206586,-1.2900152079600815,0.18241668935106378,-0.6302675721910995,-1.8402812434041802,-0.011083393610864424,0.08524928749609197,-0.5254863039215254
bc1q1swjckjlteiyzcotohp6vz41nam148p0tvhhpb,True,"fanin,fanout",0.5743812272239974,Driven by: an unusually extreme single transaction amount (contributed +0.180); an unusually high transaction frequency (contributed +0.067); unusually large average transaction amount (contributed +0.050).,0.050247743391677625,0.18031123524051162,-0.5348132316527531,0.06664698520519222,-0.04402982806252136,-1.0050074142115206,-1.1707665945765302,-0.9562802816618192,-0.25113856405652946
bc1q9enulqjidknwi5flul1rsrla8s8hmbr5xqt4p5,True,"fanin,fanout",0.572975908747888,Driven by: an unusually extreme single transaction amount (contributed +0.235); an unusually high transaction frequency (contributed +0.182); unusually large average transaction amount (contributed +0.161).,0.16130404168355647,0.23542080358909662,-1.2977656724869138,0.18246592847159535,-1.2384373907150876,-1.1628238280886727,-0.10510938028642478,-0.007094590190797749,-0.39658364631652643
bc1qhzocjecb4yhbm2hnsqlnap8meesmcouez7ryc2,True,peeling,0.572919519343321,Driven by: an atypical number of transactions (contributed +0.166); an unusually high number of incoming payments (contributed +0.141); an unusually high number of outgoing payments (contributed +0.120).,-0.6793252249012431,-0.40180502225302067,0.16584484763374843,-1.276490979267379,0.1407067239287137,0.1195869960780347,-0.8089695801950669,-0.8047841834608911,-0.08193265923187883
bc1qne9ebhnqqa4p29xb4o6pjhnd3j5h4l1m3tfqco,True,peeling,0.5697023752227455,Driven by: an atypical number of transactions (contributed +0.161); an unusually high number of incoming payments (contributed +0.129); an unusually high number of outgoing payments (contributed +0.106).,-0.47662164774013815,-0.14181053857319628,0.1607394831101611,-1.3089493446333067,0.1287838366374112,0.10586140396910443,-0.8845934598014625,-0.9551241642826159,-0.17222541415969367
bc1q3e6oqe09o8a906k37e4ey9jvb6hpphpm0d5wlw,True,peeling,0.5690796394097432,Driven by: an unusually high number of outgoing payments (contributed +0.131); an unusually high transaction frequency (contributed +0.048).,-1.3277141539175952,-1.3410485276408028,-0.14470967256453574,0.047571141387789624,-0.24958650656992326,0.1310414752473535,-0.10339697075408488,-0.09541661529442584,-0.4445152251623411
bc1qi2clp81l51flmnavycs44phh62myz9vlu8wpfq,False,,0.5663733610088157,Driven by: an unusually high transaction frequency (contributed +0.188); consistently high peer geo-velocity (contributed +0.002).,-1.314063883263514,-1.115489976392109,-0.4399420071779197,0.18768136159013554,-0.32605976823537075,-0.24507446350649484,-0.06860877756140504,0.001977962561848192,-0.13774064951095782
bc1q6qjiujv6oh9sdbdw2pcn9t84azytjxepq85jsg,True,peeling,0.5652051394574548,Driven by: an unusually high transaction frequency (contributed +0.150); consistently high peer geo-velocity (contributed +0.112); physically implausible peer geo-velocity (contributed +0.085).,-0.08371720601845621,-0.8661873661953726,-0.8707272692863351,0.1495351125081794,-0.24598116005041903,-1.3109547155213033,0.08452998053144069,0.11171380587639158,-0.39501398777366886
bc1qyo4rcb1kjtgq01tee13n3bzt9d31k9qm3p91i3,True,peeling,0.5650709505521382,Driven by: an unusually extreme single transaction amount (contributed +0.209); unusually large average transaction amount (contributed +0.198); an unusually high transaction frequency (contributed +0.187).,0.19823855378151992,0.20923371199789226,-1.233515852476053,0.1869817776779529,-0.5831642615764038,-1.898522231835896,0.02692380923319746,0.07088440596544698,-0.40035327032510115
bc1q54xreazmce71j9znd8qzv5u7xhruszvd006t5e,True,peeling,0.5634869162300383,Driven by: an atypical number of transactions (contributed +0.164); an unusually high number of incoming payments (contributed +0.129); an unusually high number of outgoing payments (contributed +0.111).,-0.442841768700343,-0.0843441348831981,0.16433361092403154,-1.2431895977280587,0.12941774998255978,0.11122360835299477,-0.8807222156064247,-0.9677784260032648,-0.1679017643324756
bc1qrr43ur4mfjhojalbh1nyks9urxijam31bxpgwj,True,peeling,0.5615109453917578,Driven by: unusually large average transaction amount (contributed +0.158); an unusually high transaction frequency (contributed +0.090); an unusually extreme single transaction amount (contributed +0.080).,0.1575692787184149,0.07998442631910768,-0.5056046779868197,0.08976824670410204,-1.4967652078945173,0.0019862849517056475,-0.8282566851796893,-0.6034779985382949,-0.22508643973567868
bc1qy36ddfgs3jonou9iy4x41dntcagrp2u4dtbh55,True,coinjoin,0.5579591005260582,Driven by: unusually large average transaction amount (contributed +0.216); an unusually extreme single transaction amount (contributed +0.203); an unusually high transaction frequency (contributed +0.174).,0.21629976736021372,0.20298619835697013,-1.226384629640591,0.17373112151280265,-0.2793360414307414,-1.9908867179008032,-0.011101346158780275,0.10004821409673319,-0.42145080322663964
bc1q81bmqf7zk94yxfiblejgublmntfk7orfqla09l,True,peeling,0.5567608411792362,Driven by: an atypical number of transactions (contributed +0.169); an unusually high number of incoming payments (contributed +0.159); an unusually high number of outgoing payments (contributed +0.129).,-0.7538062156370698,-0.5776758609721193,0.16855176567483263,-0.9712148952227457,0.15926911737678667,0.12919597639652708,-0.6512384340507965,-0.6630182690537607,-0.04438194968255333
bc1qppyr6epm47whkumcisyoxomtf075g514a9969t,True,peeling,0.5564459893464532,Driven by: an unusually high number of incoming payments (contributed +0.197); an unusually high transaction frequency (contributed +0.093); physically implausible peer geo-velocity (contributed +0.027).,-2.0145638938454056,-1.207939309643153,-0.04367286320977194,0.09265537367915119,0.1969039901337052,-0.15618958690187434,0.026831704535125123,0.0021243851881498524,-0.09210797058548313
bc1qqwfwp9k1uoaa2qyruy4kj8gvskoi4swh0tt9kv,True,peeling,0.5532964131145257,Driven by: an unusually high number of incoming payments (contributed +0.222); an atypical number of transactions (contributed +0.221); an atypical time-of-day transaction pattern (contributed +0.178).,-1.7931579030068088,-1.2708098012736906,0.22107100521562617,-0.6694526208375952,0.2223281368826115,0.17167119204698597,-0.07382332069784116,-0.09804456094735806,0.17815505316674146
bc1q6q3xlrfcd6mzsgippsfnkomv2xcdyk0x65mufm,False,,0.5531098223184269,Driven by: an atypical time-of-day transaction pattern (contributed +0.153); an unusually high transaction frequency (contributed +0.131); an atypical number of transactions (contributed +0.125).,-1.0848263608057465,-1.0573817719039298,0.12525979994689593,0.13122799869952845,-0.598729675418672,-0.5675666088572113,-0.08242197078523857,-0.1257209976417402,0.15308196510022629
bc1ql0ijkcu5x0hc8cah3gdhvs41lqfs6hn95s2gkf,True,peeling,0.5528357574687329,Driven by: an unusually high number of incoming payments (contributed +0.184); an atypical number of transactions (contributed +0.173); an unusually high number of outgoing payments (contributed +0.157).,-1.2498120024203059,-1.1638271380020633,0.17310650578426443,-0.7317948082315034,0.1835783575875541,0.15697754208614423,-0.12476091053579447,-0.20308589385835515,-0.14013395786526048
bc1qo2rntjlmz04x0qzfhomtzzf8adf7pchcbn9wsz,False,,0.5526568557297709,Driven by: an unusually high transaction frequency (contributed +0.183); consistently high peer geo-velocity (contributed +0.103); physically implausible peer geo-velocity (contributed +0.100).,-0.1731337134489933,-0.4068693621600872,-0.8254367363349183,0.18308380007366168,-1.1216439050746212,-0.8741495945599217,0.09987294954298594,0.1026394701511068,-0.07933149633778366
bc1qsqc38seootuia4tndgdbnl7nfpe5hdpvqg527v,False,,0.5514511116732408,Driven by: an unusually extreme single transaction amount (contributed +0.204); unusually large average transaction amount (contributed +0.102); an atypical number of transactions (contributed +0.003).,0.10190286773479638,0.20364937655701051,0.0031445170733174115,-1.1432175946345318,-0.4640893989707523,-0.35889872683253415,-0.5059322439962077,-0.5273127759461651,-0.37193334413324763
bc1qledo515igjzae557o7rci2afi41jip23rb1w0x,True,peeling,0.5513740690441779,Driven by: an unusually high number of outgoing payments (contributed +0.140); an unusually high transaction frequency (contributed +0.068); physically implausible peer geo-velocity (contributed +0.012).,-1.2067540610864709,-1.1297718357235065,-0.14749164245624333,0.06821455413793433,-0.24745932955537142,0.13982536161405984,0.011998022164852176,-0.008910258389712886,-0.5402730808277642
bc1qd2rttdwospe14ot4fpuh7znjzhobhgs59ymzy6,True,peeling,0.5506462363080176,Driven by: an atypical number of transactions (contributed +0.174); an unusually high number of incoming payments (contributed +0.162); an unusually high number of outgoing payments (contributed +0.130).,-0.7007074724293749,-0.46603867409992644,0.17448383389348848,-0.965871055481009,0.16163696092900448,0.12972874983293065,-0.648691500072477,-0.6833201215066317,-0.04231988852740202
bc1q4dqxin67273jyzbb27s9bu1dgej1dg6fwronbv,True,peeling,0.5505674153952645,Driven by: an unusually high number of incoming payments (contributed +0.180); an atypical number of transactions (contributed +0.173); an unusually high number of outgoing payments (contributed +0.141).,-0.9754672842824613,-1.0822046331044881,0.17344265795612124,-0.8074416668341571,0.18021209770282806,0.14071652477676583,-0.24767585485153326,-0.3732108402402882,-0.04735435860992303
bc1q0hpmnz1udbfwyjxrpj1epkyrybovakhejla0gn,False,,0.5505185784350456,Driven by: an unusually extreme single transaction amount (contributed +0.228); an unusually high transaction frequency (contributed +0.186); unusually large average transaction amount (contributed +0.106).,0.10609355354864063,0.2284393474351779,-1.0379907778869084,0.18648334081789103,-0.5797406838118909,-1.3608935980887706,-0.19066662712951557,-0.006800515042812314,-0.3825963022948724
bc1qk9rx647di3e950id033tayb5bbkjy2nz7velfv,True,peeling,0.549979179406567,Driven by: an unusually high transaction frequency (contributed +0.180); physically implausible peer geo-velocity (contributed +0.070); consistently high peer geo-velocity (contributed +0.057).,-1.082108326774831,-1.6577620142526956,-0.21788315099890196,0.18028372782679677,-0.31525896622475785,-0.030783046264205756,0.06962530280156352,0.05711930402163059,-0.02641644600359848
bc1q1w7kf0fkaiezadesvtyjicvrd7m1v9e79gk0so,True,peeling,0.5499239695000611,Driven by: an unusually high number of incoming payments (contributed +0.181); an atypical number of transactions (contributed +0.173); an unusually high number of outgoing payments (contributed +0.141).,-0.988106705362871,-1.0908284876337198,0.17256274711642283,-0.7784741181922082,0.18058164997606993,0.14122321538402177,-0.24489444894291432,-0.36932871887420493,-0.044434969885802554
bc1qw3c1qkbhb7s9tj1gm25len606n9rr7s20cv3tl,False,,0.5494335290594919,Driven by: an unusually high transaction frequency (contributed +0.066); consistently high peer geo-velocity (contributed +0.058); unusually large average transaction amount (contributed +0.039).,0.03902593711729586,-0.6210808786774287,-0.6960972160311168,0.06614655376830575,-0.3336589293122011,-1.0283209267539124,-0.08706942415389009,0.058236941606493516,-0.4056946468165771
bc1qvoi8uyyf1irym81cmftdrluxm60an0jbzutrut,True,coinjoin,0.5490161482317403,Driven by: an unusually extreme single transaction amount (contributed +0.244); an unusually high transaction frequency (contributed +0.210); unusually large average transaction amount (contributed +0.190).,0.19002793402760063,0.2444263960063911,-1.1396510038852072,0.2104095871321453,-1.1580744009793589,-0.9232509012934165,-0.04973285050744769,0.03752302300200193,-0.40895831992135423
bc1qj0ua9o6h0feeb9i9exbnxdxwbc1jlidiggn92f,True,peeling,0.5488423560286547,Driven by: an unusually high transaction frequency (contributed +0.137); an atypical time-of-day transaction pattern (contributed +0.127); an atypical number of transactions (contributed +0.112).,-0.9786660732070915,-1.27240903906239,0.1123144994054752,0.13670627226359985,-0.4312389656241534,-0.40751705198327004,-0.12282384092763997,-0.1554993904536739,0.12653245896184984
bc1qd9y9b1yp4bg4w4hp5amvov4oyiz9iycr0l32u5,True,peeling,0.5476926689439044,Driven by: an atypical number of transactions (contributed +0.178); an unusually high number of incoming payments (contributed +0.165); an unusually high number of outgoing payments (contributed +0.131).,-0.7202601806226322,-0.48878473364395436,0.17849550848007123,-0.9410656411771054,0.16517663877558791,0.13096742859659102,-0.5906800043088339,-0.6668923071858809,-0.02856480574132979
bc1qsr3jfyusq1u97rwjvie6dueprtiry3ti0m2q22,True,peeling,0.5475225405896402,Driven by: an unusually extreme single transaction amount (contributed +0.236); an unusually high transaction frequency (contributed +0.178); unusually large average transaction amount (contributed +0.177).,0.17735398085246945,0.23631559980682446,-0.6901151219753215,0.17775186140023552,-1.7836954806332599,-0.002871284747869695,-0.4585979228912796,-0.24773116216478652,-0.36542675525985824
bc1qyil8sa3idy3c7rm6j8y6rh05hhiwfd7yxw1tbr,True,fanin,0.5473022455942542,Driven by: an unusually high transaction frequency (contributed +0.202); unusually large average transaction amount (contributed +0.110); an unusually extreme single transaction amount (contributed +0.055).,0.1101501993044429,0.05493308398152232,-0.5899509829499504,0.20209026475572917,-1.1094906989179258,-0.25838031973503683,-0.6275448096127038,-0.38412002971289994,-0.3487550496673291
bc1q2zl15s74nddafs1iym90pkr1ifsi159i3hz3zs,True,"fanin,fanout",0.5471589885105134,Driven by: an unusually extreme single transaction amount (contributed +0.210); an unusually high transaction frequency (contributed +0.202); unusually large average transaction amount (contributed +0.167).,0.16689306081449048,0.21028690607451228,-0.9523591005737521,0.2020580775149365,-1.3048102305662392,-0.7251540903480552,-0.15523192083492596,0.033137487510414836,-0.4220193202753639
bc1q46pl5nbti1ncv10x6wm1xrp4jdva787tag2m09,True,peeling,0.5462130809921933,Driven by: an unusually high number of incoming payments (contributed +0.177); an atypical number of transactions (contributed +0.172); an unusually high number of outgoing payments (contributed +0.141).,-0.7465322629387562,-0.7705469377639733,0.17155238317669344,-0.8624626278937089,0.1765269985639347,0.14142850871982818,-0.47343540122714783,-0.5225795440454092,-0.035576898802676324
bc1qit8d9gx2hivdts8mg00crz17a8rnxpwnua6tdx,True,peeling,0.5461896177291875,Driven by: an unusually high number of outgoing payments (contributed +0.199); an unusually high number of incoming payments (contributed +0.190); an atypical number of transactions (contributed +0.178).,-1.368255691816203,-1.2293941288482317,0.17812763101462273,-0.8728462055627916,0.1898388553286509,0.19886448671844056,-0.002854125227996317,-0.07881732191530091,0.06434562848269702
bc1qlu1eao1l9nypu87h0posqf4tiinjv5s1hhw9in,True,peeling,0.5455473231553274,Driven by: an unusually high number of incoming payments (contributed +0.191); an atypical number of transactions (contributed +0.165); an unusually high number of outgoing payments (contributed +0.149).,-0.8673640252061013,-0.9052699592747419,0.16460878892283734,-0.8044059926974019,0.19110942562650635,0.14944916168023084,-0.3167809126048648,-0.47930798837151134,-0.03563842881552396
bc1qlba0x9a8f8bor2keg7v48tpg7uv5ipbxmmnr1v,True,peeling,0.5452661363720884,Driven by: an unusually high number of incoming payments (contributed +0.191); an atypical number of transactions (contributed +0.171); an unusually high number of outgoing payments (contributed +0.163).,-1.1412092924066233,-1.0656129242421686,0.1710958165193113,-0.7062452967413402,0.19124933449333067,0.16293258384534523,-0.15411832293808048,-0.22761205790922656,-0.12645983733183447
bc1qy4vy32i3pj7k99bv2j3t4h8qfdtn0plcfr7cl6,False,,0.5448302398484619,Driven by: an unusually high number of incoming payments (contributed +0.161); an unusually extreme single transaction amount (contributed +0.125); an atypical number of transactions (contributed +0.098).,0.008785104902236945,0.12517659381625548,0.09811917430900151,-2.0233992592422236,0.16118258988618214,0.08282172540473627,-0.44863078297341985,-0.5954122638182493,-0.2928026655492296
bc1qte0y4hi5bhj3kfxsmtsvawnwgxv38pfitcgm6e,True,peeling,0.5447053419731225,Driven by: an unusually high number of incoming payments (contributed +0.202); an unusually high transaction frequency (contributed +0.105); physically implausible peer geo-velocity (contributed +0.041).,-1.9537619905721526,-0.9854093809903068,-0.050206572515107524,0.10483634684614497,0.20170828522447187,-0.14917133664554924,0.04111718087018448,0.009361982840387924,-0.09924569743007168
bc1qaj8x2bh2ns8jr1vmymlinov953a5o47aet81iq,True,"fanin,fanout",0.5441433130823637,Driven by: an unusually high transaction frequency (contributed +0.133).,-0.4061674845443657,-0.9401796481109546,-0.3991400183300724,0.1328186865013785,-0.5579366969902858,-0.1378003484601215,-0.15299473324748888,-0.31095132772637124,-0.09316159965439684
bc1qlmi1j1z322kaioz46te5u9in7ofhepn3vwtkcn,True,peeling,0.5439606360015632,Driven by: an unusually high number of incoming payments (contributed +0.195); an atypical number of transactions (contributed +0.094); an unusually high number of outgoing payments (contributed +0.035).,-0.7612043079177826,-0.2039105562524347,0.09388947190910554,-1.708727771521743,0.19474850467103919,0.0348787362237596,-0.10954243206442618,-0.09947178149095223,-0.3012103061871414
bc1qyvy96qzusofvd2ml0lrk4t0rdx0gh9q7i2hkr6,False,,0.5428315129799279,Driven by: an unusually extreme single transaction amount (contributed +0.138); an atypical number of transactions (contributed +0.011).,-0.003157953165095977,0.13801352065106837,0.011398401844093116,-1.3314894641463098,-0.45924614472652336,-0.3624815410595094,-0.18123750375253828,-0.1743128296854341,-0.4673253802277416
bc1qd7gd0nwevhvqe5kn0w0brnb84xx9jc01jr5gxq,True,peeling,0.5420157777727944,Driven by: an atypical number of transactions (contributed +0.177); an unusually high number of incoming payments (contributed +0.160); an unusually high number of outgoing payments (contributed +0.137).,-0.662481791351172,-0.4667228479878371,0.1771616427965067,-0.7856157436639604,0.16002185202367863,0.1374104753249653,-0.6475181594949758,-0.696430425337219,-0.023436557929109057
bc1qi15cqzcuctsuflsehuds3qsqcq30o30ubmc97c,False,,0.5393976139440082,Driven by: an unusually high transaction frequency (contributed +0.211); an unusually extreme single transaction amount (contributed +0.207); unusually large average transaction amount (contributed +0.150).,0.14967532024693062,0.20718792693262816,-1.0595636205360068,0.21106654185784424,-0.5716875368097437,-1.350765323461247,-0.0265703707887939,0.06830757630048903,-0.3636950862373327
bc1qjme129ymwaz5gke1rzt23942irjji6cmyul3di,True,peeling,0.5392307590280205,Driven by: an unusually high number of incoming payments (contributed +0.171); an atypical number of transactions (contributed +0.161); an unusually high number of outgoing payments (contributed +0.141).,-0.3947160058219593,-0.04274872447477416,0.16115178155761253,-1.1566378354442148,0.17057051524755026,0.1412721439427885,-0.6862378496464095,-0.7401195787760977,-0.18400630595297213
bc1q94i1q2g15r83y7418grzrky8raquefimddx13t,True,peeling,0.5389916190169327,Driven by: an atypical number of transactions (contributed +0.186); an unusually high number of incoming payments (contributed +0.180); an unusually high number of outgoing payments (contributed +0.134).,-0.5633147318858809,-0.2696055847027576,0.186228588352678,-1.4002371957158348,0.18006547658514166,0.13397271937829483,-0.39325392147795846,-0.5396850221439269,-0.05908601034401546
bc1q87xw69hzgopjdn8ezp7qyezg52kre4v9kypofk,False,,0.5385279005588977,Driven by: an unusually high transaction frequency (contributed +0.160); consistently high peer geo-velocity (contributed +0.138); physically implausible peer geo-velocity (contributed +0.060).,-1.1808054680809605,-1.5711006314641358,-0.1447272862643024,0.15972532664034514,-0.04332216409019565,-0.04021164191533763,0.06015317696827998,0.13800411547177852,-0.08990967578064196
bc1qviy3zt3p6srd84bqq8dywwmoc0bj98uud7kw64,True,peeling,0.538430103453753,Driven by: an atypical number of transactions (contributed +0.187); an unusually high number of incoming payments (contributed +0.165); an unusually high number of outgoing payments (contributed +0.133).,-0.5755114633918286,-0.33372209756354054,0.1874923962258958,-0.9388539181735402,0.1646234504694567,0.13273208887983415,-0.6133293620630589,-0.7041542101276436,-0.028786814429459965
bc1qc6lbpj8t22c50b8y5dnwnguczh9ier7u8h0imj,True,peeling,0.5381449642254031,Driven by: an unusually high number of incoming payments (contributed +0.190); an atypical number of transactions (contributed +0.179); an unusually high number of outgoing payments (contributed +0.151).,-0.8932229042125621,-0.9592236798155908,0.17896651524144622,-0.7935253316670262,0.1899805336438103,0.1512864323808276,-0.21209706122666033,-0.3404195742768722,-0.02342562308228022
bc1qpki7p5tb94874frhocn9j2qp89uzfk8ut0cvs4,True,peeling,0.5377329868896022,Driven by: an unusually high transaction frequency (contributed +0.189); consistently high peer geo-velocity (contributed +0.128); physically implausible peer geo-velocity (contributed +0.084).,-0.20151632532505243,-1.0491001778749183,-0.5914385358011237,0.18902796520676834,-0.1901483620012983,-0.8449209582510012,0.08352968801088997,0.12782382525798733,-0.21361857596945627
bc1q7f638zkrg6wmz0zcssf8hstrlt4csnc0zjxoq9,True,peeling,0.5362819917925792,Driven by: an unusually high number of outgoing payments (contributed +0.202); an unusually high number of incoming payments (contributed +0.195); an atypical number of transactions (contributed +0.186).,-1.3783885508200686,-1.0286401899358044,0.18553126886946295,-0.7888748807599406,0.19539426987494674,0.2019176907052651,-0.04118225128749032,-0.06200058138731232,0.06581759268769338
bc1q5uqpgb7r3ocwbfuk9e1v2isqp49kwv08hhxfgc,True,coinjoin,0.536243760516716,Driven by: an unusually high transaction frequency (contributed +0.202); unusually large average transaction amount (contributed +0.140).,0.1399904996536541,-0.159827229644348,-0.725307912500191,0.20194924295782388,-0.12789948105178348,-1.4985458978272972,-0.12495843479558896,-0.017015316134166913,-0.3377574006021265
bc1q46t5bc1u0zq3g0rrsxqsaaye8s2wcz5g19qguy,True,peeling,0.53623982706471,Driven by: an atypical number of transactions (contributed +0.183); an unusually high number of incoming payments (contributed +0.168); an unusually high number of outgoing payments (contributed +0.135).,-0.5751796452050624,-0.26047996221794384,0.1829528060075349,-0.9918074546229881,0.1682093629597925,0.13458683176224673,-0.6102433759126128,-0.6460153914891791,-0.05128668607281104
bc1qnsvsojrpp7r93fezez5ehr07n8voeubfn9kr2f,False,,0.5361374623755828,Driven by: an unusually high transaction frequency (contributed +0.213).,-0.25097529253772144,-0.8707481273757158,-0.46966199911509315,0.21250644476568795,-0.3137251496462506,-0.28945289192050183,-0.11819224912815633,-0.03917604045505332,-0.5070165190373499
bc1qc67aibxjunms9m6egzgaap5uvk3oqqwm0dt08n,True,peeling,0.5356572286283972,Driven by: unusually large average transaction amount (contributed +0.205); an unusually extreme single transaction amount (contributed +0.197).,0.2052808065070723,0.1968308696984573,-0.18419727517029968,-1.1738264015953048,-0.7134662568143728,-0.4482176994103273,-0.23213588267786325,-0.22203111926251357,-0.06143398994152965
bc1qaard7dq8vdgwmqebn26f4dqwml7o610hlsefgb,True,peeling,0.5353644087329285,Driven by: an unusually high number of incoming payments (contributed +0.197); an atypical number of transactions (contributed +0.179); an unusually high number of outgoing payments (contributed +0.158).,-0.8060728942943578,-0.9071516222601136,0.17947012717977998,-0.7446571318577684,0.19695599481174894,0.1584712840334857,-0.26919924121330496,-0.40239944304871134,-0.0305322027591011
bc1qc9qh1j5tac9pfhj1oycfz61i3eyj5q0s9ajygz,True,peeling,0.5352542946043712,Driven by: an unusually high number of outgoing payments (contributed +0.200); an atypical number of transactions (contributed +0.192); an unusually high number of incoming payments (contributed +0.180).,-1.2134581034866672,-0.7894428764218885,0.19195091718797738,-0.7297159071645984,0.1801917604660257,0.1996938579908716,-0.23332173104800863,-0.27710483369259675,0.04913207673878392
bc1qvy74zq50op7xmr8fhydrgfr27riu9mjyg4s3me,False,,0.5351312299306228,Driven by: an unusually high transaction frequency (contributed +0.206); unusually large average transaction amount (contributed +0.027).,0.027372072004418203,-0.0150885067813676,-0.6095798425353907,0.20624706118659628,-0.6445845484229054,-0.4379788894803623,-0.6026525120330638,-0.48086477692399576,-0.06154629712764194
bc1qi0ycm90f89vxg7nvkbjn7fdtgskegdez18x4ry,False,,0.5345443233418655,Driven by: an unusually high number of incoming payments (contributed +0.204); an unusually high transaction frequency (contributed +0.112); physically implausible peer geo-velocity (contributed +0.062).,-1.8200714320108797,-0.9100962605940733,-0.042363341261324364,0.11201093191210627,0.20405319886668974,-0.14792942590831545,0.06195502957370921,0.027809735532494988,-0.08782568851973506
bc1qt1500eeod1vaa4ltv5lx9beahza9t0z6m9zmxz,True,peeling,0.5342060701790127,Driven by: an unusually high number of outgoing payments (contributed +0.194); an unusually high transaction frequency (contributed +0.161).,-1.0652409788520958,-1.0655403396969625,-0.07404628328619524,0.16052256903920553,-0.25717079164977075,0.1943228270856688,-0.1318026034879094,-0.2694985346945989,-0.08464750105101239
bc1qwyqmlh13c71ud2zdlx1q8f6jng7l4lrcer4kmu,False,,0.5339874785273542,Driven by: unusually large average transaction amount (contributed +0.229); an unusually high transaction frequency (contributed +0.228); an unusually extreme single transaction amount (contributed +0.088).,0.22948485257099843,0.08822374382052472,-0.850678424555738,0.22783417250336707,-1.0221042267464473,-0.812080422983375,0.014411451385426445,0.02717763694568213,-0.48932132442040377
bc1qpqo2lngixmc4sx27dcbhhlk3yjz99106ak32oo,False,,0.5338200099662419,Driven by: consistently high peer geo-velocity (contributed +0.243); an unusually high transaction frequency (contributed +0.191); physically implausible peer geo-velocity (contributed +0.177).,-0.7686604481815006,-1.5766997659067525,-0.310077552177076,0.19117237872111265,-0.2405197571984266,-0.22671589210639104,0.17704829306804773,0.2425873372454809,-0.07055109556200458
bc1q0m1shrskr6l5a2lse3v3czbsq5mbl8l24w3zxo,True,peeling,0.5330689099654329,Driven by: an unusually high number of incoming payments (contributed +0.171); an atypical number of transactions (contributed +0.164); an unusually high number of outgoing payments (contributed +0.141).,-0.396013261442988,-0.03871710057870246,0.1637979483566324,-1.1834468298276348,0.17096927438198126,0.1410357988929193,-0.5427280149847823,-0.7049294858574275,-0.17157419203290933
bc1q3wug0rqap37lxmzkg8jwnuk491rz84ems8e809,True,peeling,0.5327447657514295,Driven by: an atypical number of transactions (contributed +0.185); an unusually high number of incoming payments (contributed +0.166); an unusually high number of outgoing payments (contributed +0.142).,-0.6019324402449714,-0.39597884919138693,0.18491731367401018,-0.8291575421672697,0.16643321671480926,0.14247748134550914,-0.5987141618883415,-0.5947814728210934,-0.025879323780448323
bc1qhvbfy15k945y9kgmfvf3nys3uui5xbof8yh8km,True,peeling,0.5324779344219628,Driven by: an atypical number of transactions (contributed +0.176); an unusually high number of incoming payments (contributed +0.169); an unusually high number of outgoing payments (contributed +0.147).,-0.9123863582898598,-0.732496595846264,0.17643751494594376,-1.1104637177252312,0.1688913750193116,0.1472912470015158,-0.0999305063706843,-0.08930231742530707,-0.09325179238900784
bc1qb7oxyvbz4gjhjj30u2vjf17acwf6pzifs4s5qt,True,peeling,0.5315925933263944,Driven by: unusually large average transaction amount (contributed +0.229); an unusually extreme single transaction amount (contributed +0.193); an unusually high number of outgoing payments (contributed +0.043).,0.229167528888472,0.19342860027987843,-0.4960031585626781,-0.07682646766780717,-1.5384379062361007,0.04319011742058227,-0.47431757393352897,-0.13015635645889545,-0.2706609195797308
bc1qcgmiurpv2wj6o6u9179b9nt5dxi7qodsu9f16x,False,,0.5315470693984229,Driven by: an unusually high number of outgoing payments (contributed +0.201); physically implausible peer geo-velocity (contributed +0.086); consistently high peer geo-velocity (contributed +0.005).,-1.2996080206447183,-1.0946179787015362,-0.08039045898514532,-0.1222978700273698,-0.11950889029283962,0.20147694924590973,0.08568511928594207,0.004858017442150233,-0.09494722910598617
bc1qd2iptndbbcfcjtqejppttxwgcuu54heaglrhhk,True,peeling,0.5314481609692391,Driven by: an atypical number of transactions (contributed +0.188); an unusually high number of incoming payments (contributed +0.187); an unusually high number of outgoing payments (contributed +0.144).,-0.5529745151582192,-0.35146652570273307,0.1878875425415303,-1.2732164088305624,0.1872949094905308,0.1440905352047282,-0.3352990501713639,-0.48007478626156064,-0.04284158109057286
bc1q418zitzhx2g7u6x8w1qxsr97jxi6qxcwni30yv,True,peeling,0.5295175572339185,Driven by: an unusually high number of incoming payments (contributed +0.184); an atypical number of transactions (contributed +0.173); an unusually high number of outgoing payments (contributed +0.162).,-0.9816904960126663,-0.6300219700109828,0.17271641949481906,-1.0723139112296063,0.18390862612120112,0.16249118641076185,-0.040286611229971625,-0.08887333242962682,-0.16874009921018282
bc1qk7596d4htuw52rb3bihf19j2vp8c6roczq1fzx,True,peeling,0.5294681995989352,Driven by: an atypical number of transactions (contributed +0.189); an unusually high number of incoming payments (contributed +0.187); an unusually high number of outgoing payments (contributed +0.146).,-0.8144325936472894,-0.626821607571253,0.18925167862638612,-1.0235053151331357,0.18724807965840617,0.146059867288378,-0.17586507674989865,-0.3122213188455917,-0.031146149850845743
bc1qwlok7gbupl5roszhx14a80q15fqjit6f5q4myi,True,peeling,0.529331460333664,Driven by: an unusually high number of incoming payments (contributed +0.207); an unusually extreme single transaction amount (contributed +0.163); an atypical number of transactions (contributed +0.032).,-0.4873826997400634,0.16273183093089622,0.0317894177342554,-1.9288779359326313,0.20719723051096986,-0.013233831134143463,-0.008211986424905835,-0.04615083388780308,-0.37547606506315295
bc1qmszr0mzrd5d7vkc5bnz72wuma4800hersosp89,True,peeling,0.5292661977753977,Driven by: an atypical number of transactions (contributed +0.201); an unusually high number of outgoing payments (contributed +0.196); an unusually high number of incoming payments (contributed +0.182).,-0.8150182506257219,-0.3968702957436715,0.20124054894821142,-0.9240517932472564,0.1816956645246339,0.19572804213501657,-0.35424854072347867,-0.4865549819586714,-0.05771288207141633
bc1qpriludqd6od6ih10ejqbeccxhj4wupr4tw5s63,True,peeling,0.5292534518195742,Driven by: unusually large average transaction amount (contributed +0.214); consistently high peer geo-velocity (contributed +0.118); physically implausible peer geo-velocity (contributed +0.022).,0.21366754984368305,-0.032392633801296415,-0.6356372597655828,-0.2614761880524416,-1.3288853663754203,-0.30594027464754847,0.02175166775261896,0.11829302475046348,-0.2448170656189184
bc1qnidp9mgyh523ggodlught7ehmgoloqc3xnchkv,False,,0.5287971943619922,Driven by: an unusually high transaction frequency (contributed +0.190); consistently high peer geo-velocity (contributed +0.014).,-0.44578259380002083,-1.0612243510321326,-0.4179301850642271,0.18971803396511203,-0.310454696049354,-0.2567955910054131,-0.0034064918014679664,0.013859689163826436,-0.15067329140908375
bc1qtl48ornrfj6ns395pavh9ks02qh4e3u4ooxa8r,True,peeling,0.5287411808053245,Driven by: an atypical number of transactions (contributed +0.182); an unusually high number of incoming payments (contributed +0.173); an unusually high number of outgoing payments (contributed +0.145).,-0.6272572970220128,-0.42104225476399315,0.1819212131201766,-0.7600239144203991,0.17304487771875626,0.14543085711672266,-0.5523961514423733,-0.5492821535254884,-0.03151897094129077
bc1qmd478mfs0iuduahgk6t9dhsznvp8gmnhie9ede,False,,0.5280850129733322,Driven by: an unusually high number of incoming payments (contributed +0.149); an unusually extreme single transaction amount (contributed +0.134); an atypical number of transactions (contributed +0.096).,-0.04527413558046675,0.13421007773692792,0.09647039089759818,-1.7177384654853773,0.1488857849594206,0.09143610579740624,-0.34892970026238823,-0.45887021631090646,-0.32296016495199853
bc1qxmvmtyglfs9awkc1imek33dc5sggceuddva3pq,True,peeling,0.5273916529021561,Driven by: an unusually high number of incoming payments (contributed +0.196); an atypical number of transactions (contributed +0.029).,-0.340330631447167,-0.10832889511650896,0.02883362639153111,-1.7312012296710741,0.1955974603721592,-0.020975646418640387,-0.007624274259850902,-0.04596577345927556,-0.3733563987341397
bc1qrmhrcnbh6nqqb9lzs34jtgxnx4sn6sm5rrvsff,False,,0.5267274063743526,Driven by: an unusually extreme single transaction amount (contributed +0.243); unusually large average transaction amount (contributed +0.232); an unusually high transaction frequency (contributed +0.220).,0.23186626855776704,0.24302435382556326,-0.972795816921872,0.21984350211860035,-0.8074247037146625,-0.6879149230443338,-0.10446344173975596,-0.07907927126561419,-0.42778057762295607
bc1q8q0p5mw1c8n3vo0en9uu2y4ix0hy9kdppeq1zj,True,peeling,0.5261071372194535,Driven by: an atypical number of transactions (contributed +0.182); an unusually high number of incoming payments (contributed +0.175); an unusually high number of outgoing payments (contributed +0.144).,-0.5365693711241222,-0.27764000615878476,0.18163852854515208,-0.9184324770573463,0.17496677588514803,0.14400865031580978,-0.4964621409663514,-0.6088197469519693,-0.029999685277552344
bc1qhokm948iy00g0bf8zq1vkvv411qizrmt0nhb62,True,peeling,0.5254430890284937,Driven by: an unusually high number of incoming payments (contributed +0.152); an atypical number of transactions (contributed +0.135); an unusually high number of outgoing payments (contributed +0.113).,-0.21617823633280933,-0.10377077143715123,0.13519244777254338,-1.5284245641165068,0.15227189265299043,0.11321800010936035,-0.19722410516260255,-0.3808539650116818,-0.322873089883331
bc1q9lny2svhotqf74rqvfx2zvl9e9zr3rzn9l3h03,False,,0.5249535195123021,Driven by: an unusually high transaction frequency (contributed +0.215).,-0.22570093584954504,-0.1873294297150696,-0.62277239558899,0.21455241972907,-0.5622764652506135,-0.40905798089535145,-0.2891107289467022,-0.02667205502008144,-0.2264974006025836
bc1qf8cgvyie6ivwpvs7hzioykl1cq99chj755nf4z,False,,0.5242036728245802,Driven by: an unusually extreme single transaction amount (contributed +0.269); unusually large average transaction amount (contributed +0.096); consistently high peer geo-velocity (contributed +0.040).,0.09583393204688481,0.26908661060254185,-0.3354487462939834,-1.2344765689346426,-0.06010807328385207,-0.9306175957219577,-0.014156702483027236,0.0401976102136405,-0.1440483924025567
bc1qjhe9fi3m5rpbla6szo61lqonewrx4me6xkjupq,False,,0.523416155743127,Driven by: an unusually extreme single transaction amount (contributed +0.239); unusually large average transaction amount (contributed +0.170); an atypical time-of-day transaction pattern (contributed +0.106).,0.17046145043308675,0.2385739755043402,0.03796731049116379,-1.1613168641774512,-0.3902599439646608,-0.4709023848556304,-0.34981328972897546,-0.47183760050325924,0.1056103970837654
bc1q13m9npk2v014jponzv1v8pdewd6l5hrjae8qk4,False,,0.5232853541030356,Driven by: an atypical time-of-day transaction pattern (contributed +0.108); unusually large average transaction amount (contributed +0.093); an atypical number of transactions (contributed +0.057).,0.09324272386587787,-0.22351931561075095,0.05659438252629973,-0.970762862112051,-0.3455054491379847,-0.4883785082469894,-0.20308216641081828,-0.31392222172427997,0.107510469143999
bc1qgbxqj7dpfssbjdx0pkovtrpyx8hbbjcdiwzod0,True,peeling,0.5229905571188616,Driven by: an unusually high number of incoming payments (contributed +0.232); an unusually high number of outgoing payments (contributed +0.205); an atypical time-of-day transaction pattern (contributed +0.200).,-1.8897599129407892,-1.4020910072806216,0.18166527199896484,0.13959772621166527,0.23165432913452177,0.2045393690174771,0.03253019343818758,0.022376565797397996,0.19999333943420103
bc1qb1yoa8os23sbkp1l4wfxfmd13ug3zj395eri8d,True,peeling,0.5229432724112889,Driven by: an unusually high number of incoming payments (contributed +0.180); an atypical number of transactions (contributed +0.172); an unusually high number of outgoing payments (contributed +0.140).,-0.4719863501716977,-0.26838295648060007,0.17234167705729225,-0.9888393858737996,0.18025447617324766,0.14022580285945396,-0.3847579107189024,-0.5989287977624845,-0.05808432083657134
bc1qy4k7bpgyvyv2gqu7dknncptkezjsszwd0w9ry7,False,,0.5219656284407377,Driven by: an unusually extreme single transaction amount (contributed +0.259); unusually large average transaction amount (contributed +0.059); an unusually high transaction frequency (contributed +0.030).,0.05931973198416777,0.25898149071589843,-0.6569318465312933,0.029835172119623152,-0.6235772163933859,-0.5469583981487677,-0.32882651994309914,-0.06883386756372326,-0.3735090482877838
bc1qfwcs4bju8oxm9f4oheun5a8xaejgnzfzunq2w9,False,,0.5219510889025591,Driven by: an unusually high transaction frequency (contributed +0.231); consistently high peer geo-velocity (contributed +0.166); physically implausible peer geo-velocity (contributed +0.047).,-1.089763002256458,-1.3568476473480626,-0.1197228921882014,0.2311683322038667,-0.04120366863158622,-0.023618959632616437,0.04685477858519974,0.16646241565859488,-0.06341814831543076
bc1q095tkiziwwl0a9gq2ycqhcfb4mfpvk4wyziqou,True,peeling,0.5210834206039845,Driven by: an unusually high number of outgoing payments (contributed +0.209); an unusually high number of incoming payments (contributed +0.203); an atypical number of transactions (contributed +0.194).,-1.2716854845673167,-0.7474478177041325,0.19430359310374287,-0.8565406075605588,0.2029030794998478,0.20947088968700744,0.0055545810026399415,-0.06230252032978456,0.10024568804387796
bc1q5uzbikcidkwnnhj7xvg0fn9xuy41ibljh75lxo,False,,0.5210457638911759,Driven by: an unusually extreme single transaction amount (contributed +0.241); an unusually high transaction frequency (contributed +0.152); unusually large average transaction amount (contributed +0.148).,0.14846004408274383,0.24068657519562703,-0.8924895326285426,0.152057416961621,-0.6121312008996309,-0.9412348741664586,0.007943578572490582,0.11152492605800814,-0.43924739333989193
bc1qie0rnujjq9k6re4q6qdy4lmct64z7w2sehe2at,False,,0.5210127907436637,Driven by: an unusually extreme single transaction amount (contributed +0.276); an unusually high transaction frequency (contributed +0.153); unusually large average transaction amount (contributed +0.148).,0.14837088438644244,0.2762464620807103,-0.6036893927565005,0.1529060925573459,-0.07069293071320214,-1.288311430798826,-0.42320033660245826,-0.30613551242744863,-0.10898894391256568
bc1qk0xl26f1poasvba8pl5qyzenpt1h3jwbxzwaiu,True,peeling,0.5209283652898735,Driven by: an atypical number of transactions (contributed +0.188); an unusually high number of incoming payments (contributed +0.175); an unusually high number of outgoing payments (contributed +0.139).,-0.4394758728499571,-0.13030316143739254,0.18770259035535716,-1.0528913621974718,0.1747561385691482,0.13852855313789794,-0.416827887815746,-0.5428568958394918,-0.13973203649741106
bc1qajn23t8agedxqwbmj6v9ic8haj0irsc965qv3q,True,peeling,0.52092604289707,Driven by: an atypical number of transactions (contributed +0.192); an unusually high number of incoming payments (contributed +0.188); an unusually high number of outgoing payments (contributed +0.142).,-0.5420263687000899,-0.2466348736391352,0.19237689265125088,-0.9790976558353083,0.18781213358170212,0.14192906839924488,-0.3993342699477946,-0.5429811339269246,-0.033077834742290736
bc1qf0h74isrcaxhcyep5zplyo0su0r7g0sgq9werx,True,peeling,0.5201330514369902,Driven by: an unusually high number of incoming payments (contributed +0.184); an atypical number of transactions (contributed +0.161); an unusually high number of outgoing payments (contributed +0.124).,-0.2831745477104729,0.008032617438967255,0.16055026270398928,-1.1149198237899807,0.18411122137487945,0.12386570391090379,-0.4584597892669725,-0.5964554140385934,-0.2220678187024442
bc1q7s44z78iy664l90fxv2yrelzawr7zj8fn2be6o,True,peeling,0.520088481465853,Driven by: an unusually high number of outgoing payments (contributed +0.221); an unusually high number of incoming payments (contributed +0.210); an atypical number of transactions (contributed +0.205).,-1.4349817112098873,-0.8652221075805934,0.20528239854186572,-0.6485560350579852,0.21047469184769618,0.22077622533004507,-0.06144848221297674,-0.02101893402406565,0.197442919087778
bc1qhr59c81do6ouz1egntb34kuqaaj84rx6pryiej,True,"coinjoin,peeling",0.5199361416367267,Driven by: an atypical time-of-day transaction pattern (contributed +0.235); an unusually high number of incoming payments (contributed +0.227); an unusually high number of outgoing payments (contributed +0.221).,-1.8111259847615417,-1.1525852958078842,0.19647196972046413,0.05001267650836014,0.22707449717354822,0.2212146548430918,-0.07883973132555809,-0.08031657241358915,0.23517263847890035
bc1q4u7s0kdy8lwkhrzfdyxsx2yp7vnsgolcbtl97p,True,peeling,0.5198103287671206,Driven by: an unusually high number of incoming payments (contributed +0.204); an atypical number of transactions (contributed +0.200); an unusually high number of outgoing payments (contributed +0.164).,-0.7733054038856235,-0.7084877261947438,0.20006046614608644,-0.7145095910574879,0.20367556757901106,0.16404009609299663,-0.2459387292365234,-0.30380216688073114,-0.011076779888081693
bc1qb5gtnobc2f8dnz3lvr26ompi8yh6grbkcy7qfu,True,peeling,0.519471251543499,Driven by: an unusually high number of incoming payments (contributed +0.206); an atypical number of transactions (contributed +0.199); an unusually high number of outgoing payments (contributed +0.159).,-0.8292853735980142,-0.7508416254606466,0.19948202182025837,-0.7232445832948107,0.2061250119811374,0.15869303214941272,-0.14160878395059465,-0.2653682826807398,-0.03365135145119192
bc1qfwojq44g23tyifjhs1jqedli5vlmq4vbgr3ajn,False,,0.5189309435093835,Driven by: an unusually high transaction frequency (contributed +0.156); consistently high peer geo-velocity (contributed +0.045).,-0.33327417855379127,-0.49109514110366337,-0.4183135969366311,0.15551754626178307,-0.3263317530717923,-0.2759316604923843,-0.008867013003484891,0.04484337710443512,-0.5108665826452722
bc1qcxlvpymb5m9j98cwn2y8fv2bc2nnuvy8n1utox,True,coinjoin,0.5186187209171081,Driven by: an unusually extreme single transaction amount (contributed +0.262); an unusually high transaction frequency (contributed +0.210); unusually large average transaction amount (contributed +0.122).,0.12207391870886311,0.2619203332407297,-0.6355794982873368,0.20981697302989774,-0.5545629118599128,-0.8685866275810538,-0.2950800729256616,-0.11016551805306803,-0.28526026530983095
bc1qxtf52bwhnybjk8jv7ojmp6o6f7n2elmv5e71g4,False,,0.5185751100128497,Driven by: an unusually high number of incoming payments (contributed +0.184); an unusually extreme single transaction amount (contributed +0.144); an atypical number of transactions (contributed +0.108).,-0.019884763563947506,0.14417953872441377,0.10754197141815132,-1.3438829238168843,0.18377636409115433,0.10318041270074983,-0.41352223437595237,-0.6229699073815931,-0.2925992103336556
bc1qjc2r07lp7dfjcp0tlz1xgpxahkudiz1xevo7q5,False,,0.5180633239065714,Driven by: an unusually high transaction frequency (contributed +0.207); consistently high peer geo-velocity (contributed +0.195); physically implausible peer geo-velocity (contributed +0.154).,-0.13171826593878994,-0.7239119821302449,-0.6251343757015414,0.2073087104634279,-0.6278989876613422,-0.3836250263282268,0.15353302535303376,0.19459960812224625,-0.20273967159833065
bc1qrbnvl0os3x23ietyr9x20bw2mrllgu1tlxzb63,True,peeling,0.5180523578801249,Driven by: an atypical number of transactions (contributed +0.190); an unusually high number of incoming payments (contributed +0.183); an unusually high number of outgoing payments (contributed +0.144).,-0.5132258628436287,-0.2229713053664278,0.18977196665066443,-1.1653446978078141,0.1826936980462099,0.14429711016295457,-0.2952446627127671,-0.4151692383478798,-0.04408111479495803
bc1qurlzh6a50nooo0nl9c59e7f1811mzwncnpir7n,True,fanin,0.5177125929546923,Driven by: an unusually extreme single transaction amount (contributed +0.205); an unusually high transaction frequency (contributed +0.187).,-0.2235005506952977,0.2045034589941194,-0.3098316915990287,0.18742916595395,-0.21747250501328863,-0.2566598430225509,-0.6707189332625495,-0.4294847790104541,-0.4138417254420468
bc1qby7uxu23vd141avye45qz9vx4xsq60mv6w2jgz,True,peeling,0.5173087593542247,Driven by: an atypical number of transactions (contributed +0.205); an unusually high number of incoming payments (contributed +0.189); an unusually high number of outgoing payments (contributed +0.148).,-0.6279333941010802,-0.38179856547203544,0.204535867666831,-1.0754707023728032,0.18871239694368436,0.1481409503256811,-0.19700372840329936,-0.3394040282069304,-0.037822730544334035
bc1qx3t8c7itiouray2ymvl2pjccxgk2ysi9zf3xiz,True,peeling,0.5168751042876807,Driven by: an unusually high number of incoming payments (contributed +0.191); an atypical number of transactions (contributed +0.191); an unusually high number of outgoing payments (contributed +0.156).,-0.5874720796905858,-0.4077987589153708,0.19098261695056237,-0.8124449495362203,0.1912592083093255,0.155681208214655,-0.3588917940029003,-0.4596984416060836,-0.01726574557854509
bc1qnu1uxf45x0ley2wz6ddy65mox9fxq6s27380uk,True,peeling,0.5163220826306979,Driven by: an atypical number of transactions (contributed +0.191); an unusually high number of incoming payments (contributed +0.190); an unusually high number of outgoing payments (contributed +0.150).,-0.6424975531670253,-0.48977786816473223,0.19052945918040784,-0.8096708473893116,0.19035502624739975,0.14996596472827747,-0.262271173954282,-0.42451442364663305,0.008054839579924096
bc1qhzh54g8tbzopso6jprzdi1eodl6urbjsad0j2n,True,peeling,0.5161632050543794,Driven by: an unusually high number of incoming payments (contributed +0.193); an atypical number of transactions (contributed +0.188); an unusually high number of outgoing payments (contributed +0.156).,-0.6306919500209669,-0.4938606419566326,0.18807999958508406,-0.7542508316600156,0.19315587303555137,0.1563113708559566,-0.30437953910716925,-0.43887433181156843,-0.000767844054286253
bc1qrgrewds0hprwzbywwimt8545yrwvtkh861pqip,False,,0.5153400642451869,Driven by: an unusually high transaction frequency (contributed +0.205); consistently high peer geo-velocity (contributed +0.138); physically implausible peer geo-velocity (contributed +0.094).,0.02119745018200247,-0.8100162364435974,-0.6027374195451045,0.2048970725234964,-0.5857550267489815,-0.33552808451638233,0.09446082269545651,0.13752008347735184,-0.18572750935229682
bc1qyf84z7ht7ryme6psrb6y2s79vicmnia2y7vfhp,True,peeling,0.5152005974442223,Driven by: an atypical number of transactions (contributed +0.212); an unusually high number of incoming payments (contributed +0.187); an unusually high number of outgoing payments (contributed +0.175).,-0.8946945473830763,-0.5294026972212119,0.21189158430005847,-0.8006785432938641,0.18671553640504537,0.17510474664504613,-0.07087846717315811,-0.21360118761536778,-0.12214478877565736
bc1q06ftlo4qdbxvh7katqydshlv76mf4nnkm95d0p,True,peeling,0.5151471824179836,Driven by: an unusually high number of incoming payments (contributed +0.193); an atypical number of transactions (contributed +0.190); an unusually high number of outgoing payments (contributed +0.157).,-0.6309821548342569,-0.4982757840914822,0.18981082789292805,-0.7202894780567917,0.19333709031547147,0.15704158902604626,-0.30744973746906384,-0.43753208528010146,-0.0018161813337526616
bc1qz7ko0ql4tc9yvrzmwpl00acma2h5csrrqsx696,False,,0.5150125949696366,Driven by: an unusually high number of incoming payments (contributed +0.201); unusually large average transaction amount (contributed +0.056); physically implausible peer geo-velocity (contributed +0.041).,0.05648519643454071,-0.17612556802139365,-0.049839010493908625,-1.6360251652482054,0.20069532908141532,-0.0693755012305027,0.040992478579857876,-0.0076039185640808015,-0.41149780336722414
bc1qmcd6xhmk0ufucguw0v0i1itqpq4bw34s764623,False,,0.5139360797488917,Driven by: an unusually high number of incoming payments (contributed +0.207); an unusually high transaction frequency (contributed +0.118); physically implausible peer geo-velocity (contributed +0.098).,-1.5912962844755774,-0.6991729185461911,-0.0009013820242108058,0.1181328592287443,0.2069715157510619,-0.15880533904354582,0.09819307993957403,0.07687051102880535,-0.0713593170952046
bc1qfel6246hid25owf75935a0l7253j2d54i3qk2i,False,,0.513277502867351,Driven by: consistently high peer geo-velocity (contributed +0.190); an unusually high transaction frequency (contributed +0.152); physically implausible peer geo-velocity (contributed +0.125).,-0.6942216245871756,-1.1155121062208806,-0.12022036237993132,0.15235749677500143,-0.02658481877579459,-0.44872674558568376,0.1252858517394976,0.18987197634506095,-0.06466505050306641
bc1q8zov7ln23y30ysxpnngh8riec4d145bm1enf31,False,,0.5127544726729312,Driven by: an unusually extreme single transaction amount (contributed +0.248); an unusually high transaction frequency (contributed +0.227); unusually large average transaction amount (contributed +0.206).,0.20596733019948116,0.24781572365188811,-0.8970385528597976,0.22720806286942344,-1.1082542585224007,-0.461297554311107,-0.00509007937596944,0.1149072718203182,-0.3115647341156317
bc1qx15dtoz5sthslmwa6tj3kps04jse17quami0uz,False,,0.5127111764298257,Driven by: unusually large average transaction amount (contributed +0.233); an unusually high transaction frequency (contributed +0.232); an unusually extreme single transaction amount (contributed +0.217).,0.2327007248758227,0.21720035735113136,-0.6384167821689394,0.23230728994909466,-1.1058499646078048,-0.45909016172444833,-0.21125585074669503,0.022753436642870942,-0.2764477790116742
bc1ql44y9ik01l0vdp6orsnc2czo2sug5hcbbmhnqo,False,,0.5125811245370725,Driven by: an unusually high transaction frequency (contributed +0.157); consistently high peer geo-velocity (contributed +0.119); physically implausible peer geo-velocity (contributed +0.034).,-0.08783976337531829,-0.46731499278268673,-0.5323504220612817,0.1565970246836964,-0.6077429409111944,-0.1855594677003891,0.03390861238969706,0.118517188143235,-0.41056444700440275
bc1qppqpxykfo7iqxbs000dk4k1nvkeeslvakv3x2c,True,peeling,0.5125438853625606,Driven by: an atypical number of transactions (contributed +0.201); an unusually high number of incoming payments (contributed +0.191); an unusually high number of outgoing payments (contributed +0.155).,-0.6118553097362744,-0.42492347909898714,0.20057760224883367,-0.8483297784111468,0.19136985746992094,0.15486795890985597,-0.24744650804953863,-0.37924524109199353,-0.016290494532798357
bc1qozrzuwqffp5ny1li8are104rp59q6pu4y6dm5n,False,,0.512139812914803,Driven by: an unusually extreme single transaction amount (contributed +0.215); an unusually high number of incoming payments (contributed +0.172); an unusually high number of outgoing payments (contributed +0.112).,-0.05931657838346586,0.21486688821839117,0.10819580257392007,-1.3561533151004228,0.17152909154120674,0.11153130784711254,-0.344462391871077,-0.4538130653123074,-0.3619964156799627
bc1qr0aymk99jcjn9978imoe0sy5ypuplvqexuyhey,False,,0.5119473707926634,Driven by: an unusually extreme single transaction amount (contributed +0.259); an unusually high transaction frequency (contributed +0.205); unusually large average transaction amount (contributed +0.123).,0.12340414061383694,0.25901835357181,-0.6592655925092227,0.20524256941726104,-1.3675951168706524,-0.12410495226410884,-0.027832128098639487,0.09249930199774058,-0.4654304319309984
bc1qegok01tnzrf5a7qy8yb7w8p74mjdxo100vhmyg,False,,0.5116812285573887,Driven by: an unusually high transaction frequency (contributed +0.219); consistently high peer geo-velocity (contributed +0.146); physically implausible peer geo-velocity (contributed +0.137).,-0.05491406584607559,-0.4332339006450635,-0.6245331532660805,0.21927086174550828,-0.5851560983358394,-0.4148561352298922,0.13670965742438987,0.1456105634493427,-0.3452759781607454
bc1qfdzltoczcecert7awrpmehrtvce3skso6dkfla,True,"fanin,fanout",0.5114634248425427,Driven by: an unusually high number of outgoing payments (contributed +0.206); an atypical number of transactions (contributed +0.200); an unusually high number of incoming payments (contributed +0.162).,-0.3957866718159468,0.1437293258092422,0.19984232282694908,-1.1454217881076372,0.16240905080365534,0.20571641481912997,-0.4875540694806259,-0.7031718796673959,0.07015171709988993
bc1qxxwnrsnimux73a4rh7gn938ky4yuowziut00aa,True,peeling,0.5112047872551715,Driven by: an atypical number of transactions (contributed +0.205); an unusually high number of incoming payments (contributed +0.191); an unusually high number of outgoing payments (contributed +0.154).,-0.6286721928455723,-0.4000842987166877,0.2045151205492309,-0.9353006508885429,0.19088426035355605,0.1537627561161232,-0.1821383629082059,-0.3185016880199154,-0.027074617983970307
bc1qo893envrjq9he6vb7hfg5lu7pkhel706hoqq0r,False,,0.511116572081324,Driven by: an unusually extreme single transaction amount (contributed +0.250); unusually large average transaction amount (contributed +0.204); consistently high peer geo-velocity (contributed +0.168).,0.20374975110008717,0.2499495424815807,-0.35420254782428057,-1.2847938342190288,-0.4034736797873877,-0.49905430608231216,0.06377237401027307,0.16767060493003652,-0.08367685977687231
bc1qvcjxn7prwmoegpcp03yys14imd01n1t7nrqh4s,False,,0.5110629385654641,Driven by: consistently high peer geo-velocity (contributed +0.153); an unusually high transaction frequency (contributed +0.151); unusually large average transaction amount (contributed +0.145).,0.14472692135326404,-0.4170522686322322,-0.23858173579135308,0.15106168618917318,-1.2261487224395626,-0.44688554530632274,0.02385178546735462,0.15254681333007228,-0.08202687474963048
bc1q9gntdwhmbun6xbelko48dhcbzcxqud8m829a7z,True,peeling,0.510851941261261,Driven by: an atypical number of transactions (contributed +0.214); an unusually high number of incoming payments (contributed +0.206); an unusually high number of outgoing payments (contributed +0.168).,-0.693772482062283,-0.42750505384851906,0.21368007945954223,-0.7109489148176984,0.2061521344607762,0.1677822499753729,-0.28638357620419075,-0.36162497437214247,-0.039784043322214226
bc1qrm7pyxdw2zcfzw0ldalmjegqtoamdvlnknd669,False,,0.5106707260695134,Driven by: physically implausible peer geo-velocity (contributed +0.108); an unusually high transaction frequency (contributed +0.066); consistently high peer geo-velocity (contributed +0.027).,-0.04256146781224492,-0.9158928638764093,-0.05584497946367401,0.06602626511537987,-0.7447270565657061,-0.07390574345258877,0.10753512391675643,0.027245313070114633,-0.2950352839226364
bc1qeg1y9xca6qs0szaa1eipicerhnxi09p5el2b2o,False,,0.5105874252662557,Driven by: an unusually extreme single transaction amount (contributed +0.241); an unusually high transaction frequency (contributed +0.240); unusually large average transaction amount (contributed +0.210).,0.20959526072912799,0.2414286384696852,-0.8176392916732851,0.23956161481164998,-0.8493857241265362,-0.32639513689111854,-0.10767145873820415,-0.12362203813976654,-0.39062142846557996
bc1qi1uz5zcfpvw4nh81tjrt2rmc967fd2ybnmzogq,True,"fanin,fanout",0.5102760156295872,Driven by: an unusually high transaction frequency (contributed +0.168); consistently high peer geo-velocity (contributed +0.122); physically implausible peer geo-velocity (contributed +0.110).,-0.9119189817162788,-0.927224726338214,-0.19909062368415242,0.16847300280919955,-0.2746324709655421,-0.010292049067009992,0.11019872288466423,0.12180121467686457,0.006953536872835952
bc1q6t94ow3litnt0mq8abkae6a9hl1737suudqfj6,True,"fanin,fanout",0.5101133337257409,Driven by: an unusually extreme single transaction amount (contributed +0.230); an unusually high transaction frequency (contributed +0.157).,-0.0003553715626023968,0.2301642932833332,-0.18930968331762646,0.1567946032640258,-0.05161727652357832,-0.08870336031392737,-1.0083526290048046,-0.9598926868363578,0.00025254852583078365
bc1q71phquz3mpkst69pv6lr0lu57bq0u75cnxle9l,True,peeling,0.5095599325764374,Driven by: an atypical number of transactions (contributed +0.193); an unusually high number of incoming payments (contributed +0.192); an unusually high number of outgoing payments (contributed +0.147).,-0.5627368002407619,-0.24454748249671354,0.1929431013969738,-1.0099162183464194,0.19208796470814765,0.1473884911137831,-0.1686660240875739,-0.38289600283790537,-0.05863358175530145
bc1q01nouhtcs1k9ye9o2m71hssbelrqvslwf90km3,False,,0.5093182614833498,Driven by: an unusually high transaction frequency (contributed +0.205); consistently high peer geo-velocity (contributed +0.190); physically implausible peer geo-velocity (contributed +0.110).,-0.47891298695110834,-0.9938640008655986,-0.3217409236152825,0.20511815497524147,-0.06142397409684829,-0.471511637772136,0.10992408885446295,0.1900008778914468,-0.06555467849352983
bc1ql745csf0almwnmj0sisj424iq93h5ywl94mopa,True,peeling,0.5092275154216587,Driven by: an atypical number of transactions (contributed +0.204); an unusually high number of incoming payments (contributed +0.196); an unusually high number of outgoing payments (contributed +0.159).,-0.688727506800669,-0.4779467544874673,0.2041351033697626,-0.8524473913416322,0.1955989510659433,0.15851692106251666,-0.1212315536259774,-0.2646790911175114,-0.03855013268294015
bc1qdo4xxwxj46t9dnzwss9v66dqa4svkxb3ctojtf,True,peeling,0.5090804692770836,Driven by: unusually large average transaction amount (contributed +0.254); an unusually high transaction frequency (contributed +0.173); an unusually extreme single transaction amount (contributed +0.126).,0.2540653963997282,0.12559979050059736,-0.7637464478502645,0.17313550075993978,-1.3973862619723092,-0.30097934296433176,0.07713972585423595,0.12139132493908894,-0.1702825812859036
bc1quhz1gv0e38daly8ozcywd14ve92mpnsm43d8w3,False,,0.5087724359963975,Driven by: an unusually extreme single transaction amount (contributed +0.265); unusually large average transaction amount (contributed +0.245); an unusually high transaction frequency (contributed +0.131).,0.2452095294461255,0.2650231770648152,-0.3937380900664516,0.13135941871965034,-0.7494584132990054,-1.3103507915983157,0.03051371166032601,-0.10923461437602738,0.01855898168746044
bc1qkuhyd07dvrmy93pomv7mbci56fjpz42q8bz53g,True,peeling,0.5086868822343007,Driven by: an atypical number of transactions (contributed +0.210); an unusually high number of incoming payments (contributed +0.200); an unusually high number of outgoing payments (contributed +0.161).,-0.7361977896570986,-0.46129981628665634,0.2102680985103976,-0.7798474162693756,0.20015480697694157,0.16074285524158227,-0.12247310292778452,-0.3024855928027692,-0.03849354725213639
bc1qxj3y1xc2i92pv07uj4fqksd7gdp9ii37y3d2fn,False,,0.5079762962889709,Driven by: an unusually high number of outgoing payments (contributed +0.199); an atypical time-of-day transaction pattern (contributed +0.167); an atypical number of transactions (contributed +0.151).,-0.03187117523347905,-0.56869549869891,0.15143216750197533,-1.0174485964009699,0.14750207800967713,0.19902186589509674,-0.39448319219573164,-0.5014746297805238,0.16704624038239502
bc1qzrmpgx44qx1clmmvh71hw3gm7q6lfj18lm6s0z,False,,0.5076263790845733,Driven by: an unusually high transaction frequency (contributed +0.168); an atypical time-of-day transaction pattern (contributed +0.108); an atypical number of transactions (contributed +0.102).,-0.5025319557725468,-1.0297288594379541,0.10244729104279052,0.16828640861341718,-0.2697361119063196,-0.4547166651599424,-0.012522336854383061,0.05188006623483033,0.10783612324264212
bc1q9z9e076wyk3x5zn9c56b1ubb25k9qhzgirickw,True,peeling,0.5072845681596759,Driven by: an unusually high number of incoming payments (contributed +0.210); an atypical time-of-day transaction pattern (contributed +0.210); an unusually high number of outgoing payments (contributed +0.205).,-1.028384037735862,-0.30946737354266257,0.1890414977794507,-1.1574921414631478,0.21020216578442041,0.20454427259378583,-0.07173297351192344,-0.07518000645729468,0.20963809617915086
bc1q811id07t3ljokbzvyx9d18k9vak1vpangw3paj,True,peeling,0.5069420621416819,Driven by: an unusually high number of outgoing payments (contributed +0.218); an unusually high number of incoming payments (contributed +0.201); an atypical number of transactions (contributed +0.183).,-1.0574707515219623,-0.5049836178628941,0.18265272007303876,-0.9368042808880002,0.2010194371511726,0.2182382571439247,0.0030361388918038372,-0.06654468234454061,0.14200879463943802
bc1qagl58kxo9t7e8g8jdp0lvsnujza7tz0yncxll4,False,,0.5066765897725429,Driven by: an unusually high transaction frequency (contributed +0.258); unusually large average transaction amount (contributed +0.141); consistently high peer geo-velocity (contributed +0.052).,0.14105239062334451,-0.4952600656082039,-0.6369940702332697,0.2580098766366152,-0.6093928958816026,-0.4077941950641972,-0.10451221339963163,0.05216031158558537,-0.008375152588223333
bc1qfbffheyzqqxbv0deoegezq0x717hw0bupmtxq5,True,"fanin,fanout",0.5065057636219539,Driven by: an unusually high number of incoming payments (contributed +0.185); an atypical number of transactions (contributed +0.183); an unusually extreme single transaction amount (contributed +0.151).,-0.34407772303284023,0.15097323232852483,0.1832535397105399,-0.9388378030469032,0.18531322006761294,0.14963045351467222,-0.40496818879120905,-0.5383672650925291,-0.24904153129484766
bc1q1d1kdk2ywfmax9fke4vzn8z4c0x2hyvezrad8e,True,"fanin,fanout",0.5062877169254164,Driven by: an unusually high number of outgoing payments (contributed +0.202); an unusually extreme single transaction amount (contributed +0.194); an atypical number of transactions (contributed +0.191).,-0.37480736203973897,0.19388054090342988,0.19143893960144606,-1.1374003462895654,0.16560053443752312,0.201603784119336,-0.4712692475886216,-0.675386252271044,0.10658142022295083
bc1qw29py5kh2nxxms3rag0kxxkxnoad78qig6uo3z,True,peeling,0.5060273034486135,Driven by: an unusually high number of incoming payments (contributed +0.191); an atypical number of transactions (contributed +0.189); an unusually high number of outgoing payments (contributed +0.154).,-0.504937083795004,-0.19849202078099812,0.18945850691117827,-0.8374845834481491,0.19123856978595855,0.15437355851898552,-0.23887472615434321,-0.41292302262965924,-0.13451296909927307
bc1qdzo392ptg8325iupz883lfuok8cysh6xqguudj,True,peeling,0.5056720724388301,Driven by: an atypical number of transactions (contributed +0.209); an unusually high number of incoming payments (contributed +0.195); an unusually high number of outgoing payments (contributed +0.161).,-0.6243983474897054,-0.3536304702788702,0.20850603127147901,-0.9840874422847391,0.19548456983034432,0.1613043584537637,-0.07891665079714702,-0.244993707755805,-0.06104285638839811
bc1qna2fqztio4m7pp0pnnlo0hhgh5xw6t1oxhfdxk,False,,0.5054896403358864,Driven by: an unusually extreme single transaction amount (contributed +0.261); unusually large average transaction amount (contributed +0.181); an unusually high transaction frequency (contributed +0.114).,0.18091245245002027,0.260726134429056,-0.21546824960189848,0.11366078726084446,-0.6102524350748326,-0.5083675205927012,-0.4569766497820614,-0.47044383439572335,-0.07023200543499206
bc1q4teq3cyfwp5wlf0llya85bektjepgyap9eib0t,False,,0.5054711670229581,Driven by: an unusually high transaction frequency (contributed +0.150); unusually large average transaction amount (contributed +0.140).,0.13983415554621959,-0.2267959174856356,-0.45253004468788544,0.15016882599839243,-0.2925210814523108,-0.4622645302143109,-0.16836428649507929,-0.35130743476034154,-0.11212085361721102
bc1qd5kgf39wf58yj9ohnjypogx49jmz43d3zb28mc,True,peeling,0.5053971264459731,Driven by: an atypical number of transactions (contributed +0.204); an unusually high number of incoming payments (contributed +0.186); an unusually high number of outgoing payments (contributed +0.165).,-0.8479437055277956,-0.38707664603791647,0.2040180826205593,-0.6853756285278965,0.18600665794540727,0.164645583289634,-0.06505594408244335,-0.13210725042185414,-0.21084719625137535
bc1q5hsts68cfff8tx134l8xafsumuxqjctpvev64g,True,peeling,0.5048383884586863,Driven by: an unusually high number of incoming payments (contributed +0.170); an unusually high number of outgoing payments (contributed +0.167); an atypical number of transactions (contributed +0.164).,-0.7107370302210987,-0.30515526798209264,0.16390950820400346,-0.8503951604880157,0.17001880239073155,0.1669418249449821,-0.014432112109385095,-0.10931840103913935,-0.26821916537912366
bc1qrsiv34j008cydvxvxyi1o46mzju1ucvm5o9coo,True,peeling,0.5048354830013475,Driven by: an atypical number of transactions (contributed +0.199); an unusually high number of incoming payments (contributed +0.185); an unusually high number of outgoing payments (contributed +0.152).,-0.44897072588392156,-0.11138357146678578,0.19888662747871924,-0.8961245597540671,0.18535799443122425,0.15152854433116109,-0.24059374266146605,-0.4516130103450013,-0.14438949491155306
bc1qzp08j3trp0j43d5iqvnb4gh2m5zja8dzr1yxr2,True,fanin,0.5042596829778578,Driven by: an unusually extreme single transaction amount (contributed +0.243); an unusually high transaction frequency (contributed +0.223); unusually large average transaction amount (contributed +0.214).,0.21352592147792462,0.24340890279574293,-0.5029407545395249,0.22281252763512582,-0.5875788666481567,-0.48037773998244193,-0.5443270463014008,-0.2789096902817379,-0.02604786121715806
bc1qkhw8gakh3ycqe8xavmnkw7wvy9rmjr211pv58y,True,coinjoin,0.5042066550477857,Driven by: an unusually high transaction frequency (contributed +0.245); consistently high peer geo-velocity (contributed +0.171); unusually large average transaction amount (contributed +0.153).,0.15264144954584216,-0.38107632492073135,-0.6183535608435405,0.24492377612961344,-0.6380083100605002,-0.4552585379067032,0.12678488043977548,0.17083651740202407,-0.3413701424172093
bc1qdsctxo6we815vn8lt25cdzbgqox54k7ynk76k9,False,,0.5041777442632319,Driven by: an unusually high number of outgoing payments (contributed +0.222); an unusually extreme single transaction amount (contributed +0.144).,-0.18052964753349496,0.14362672211357502,-0.12360103790023474,-1.1509846019137606,-0.1599391972604635,0.22245878753283757,-0.19067080625473334,-0.2914689529472244,-0.0069240168310439575
bc1qdemm0uez19yei8p4yedn2z2v17tz63rrpncsqc,True,peeling,0.5041218199141,Driven by: an atypical number of transactions (contributed +0.213); an unusually high number of incoming payments (contributed +0.199); an unusually high number of outgoing payments (contributed +0.152).,-0.5829323001614107,-0.2699063836268116,0.2134888662084724,-0.9383369934421639,0.1993340587181795,0.15224094871305985,-0.14991904511491902,-0.30796028229153344,-0.05240209461110148
bc1q0s5rmjpcza3sfgho4qhcg7fd143xrv8df2f5nk,True,peeling,0.5038012472881109,Driven by: an atypical number of transactions (contributed +0.220); an unusually high number of incoming payments (contributed +0.208); an unusually high number of outgoing payments (contributed +0.173).,-0.7454227817434679,-0.36361273630703095,0.22027137596835286,-0.6500382947015059,0.20804937996546805,0.1732798766170394,-0.18984459990489513,-0.28139514064059007,-0.09827861650568025
bc1qubatpz00h4fl7q15whqmn7d922wahdo61xn8dk,False,,0.5037675111697638,Driven by: an unusually high transaction frequency (contributed +0.160); consistently high peer geo-velocity (contributed +0.105).,-0.2319452838472381,-0.5790138323072938,-0.11194790599888754,0.16024708932075057,-0.5881074470272442,-0.44822521621906086,-0.010216008013429591,0.10504548601153973,-0.021838665309279012
bc1q956jd1bpo49im4knpi91py9t27yfzrklsppczu,True,peeling,0.5034517705404813,Driven by: an atypical number of transactions (contributed +0.195); an unusually high number of incoming payments (contributed +0.191); an unusually high number of outgoing payments (contributed +0.165).,-0.6318545946365478,-0.273223224123423,0.19496922874189265,-0.6600626847890171,0.190991077150642,0.16526282227762978,-0.24422879718027557,-0.2573518934585766,-0.2012372705097541
bc1q45pu2pitt8bo7jfm03tdv0iqf1g5fu3hxk13c3,True,peeling,0.502913728593871,Driven by: an atypical number of transactions (contributed +0.206); an unusually high number of incoming payments (contributed +0.204); an unusually high number of outgoing payments (contributed +0.162).,-0.5993614215178071,-0.26701459539389577,0.20588912902416082,-0.7215228514407978,0.20447588502282849,0.1622104152807149,-0.23927993406680179,-0.3783327826463453,-0.06799517342396198
bc1qbobcd11r89d842zsa6ha3vmot4saymwr03v867,True,coinjoin,0.5028356989577893,Driven by: an atypical number of transactions (contributed +0.197); an unusually high number of incoming payments (contributed +0.190); an unusually high number of outgoing payments (contributed +0.164).,-0.5855060151436521,-0.25975712142523966,0.19731277459224777,-0.737356100160088,0.18999835372554214,0.16368228343160357,-0.22096305517391304,-0.27176353972231004,-0.17428552636167827
bc1qh4lv73qi3urnjek91kegj52t2pm318giyrnq1m,True,peeling,0.502714362601822,Driven by: an unusually extreme single transaction amount (contributed +0.206); an atypical number of transactions (contributed +0.186); an unusually high number of incoming payments (contributed +0.167).,-0.37673847665519444,0.20642983316519856,0.18621600133588298,-1.4049631359220118,0.16687410107336856,0.1407290355913441,-0.08459751635078613,-0.10788463503887075,-0.42113622793005223
bc1qiqknppajiyryyiqezrp1482gqt1kaywq9p94jt,False,,0.5021886727118111,Driven by: unusually large average transaction amount (contributed +0.120); an atypical time-of-day transaction pattern (contributed +0.118); an atypical number of transactions (contributed +0.071).,0.12014837497806939,-0.15464566935823815,0.07126944609667867,-0.9877709894990272,-0.3619900791614238,-0.4643337147198608,-0.05848206431058229,0.038205464023648036,0.11799187123693766
bc1q0yn4o5u58pdd8taiauxy9or1ati2huxmozxraz,True,peeling,0.5018948484202285,Driven by: an atypical number of transactions (contributed +0.119); an atypical time-of-day transaction pattern (contributed +0.113); consistently high peer geo-velocity (contributed +0.067).,-0.29841320144138056,-0.6621360756276847,0.11861908722563164,-0.21426183025928536,-0.3086094529694558,-0.4373736760611686,-0.04872313159806525,0.0672756794106837,0.11266541089116928
bc1qm4t8bp6nlnqbu4kzrezrdyxyur4sor8wm9lbb4,False,,0.5007324313523142,Driven by: an unusually high transaction frequency (contributed +0.218); unusually large average transaction amount (contributed +0.183); an unusually extreme single transaction amount (contributed +0.126).,0.18332045040293854,0.12596856917138144,-0.5610741354224056,0.21836395861903188,-0.39357069705980063,-0.379739496792537,-0.14211403200382794,-0.11900161208910184,-0.5688389849346838
bc1q31jwz55h7w8fkroufyb7e8v0mtb77meuuydux8,True,peeling,0.5005675393650448,Driven by: an unusually high number of incoming payments (contributed +0.206); an atypical number of transactions (contributed +0.203); an unusually high number of outgoing payments (contributed +0.162).,-0.5233985736301128,-0.23477517685819574,0.2025043144435506,-0.7980852389427895,0.2061291241109275,0.16210187434577059,-0.18706019766907897,-0.4010260842374653,-0.05820811616930044
bc1quyfliuf4pjdf8129tc6cgelvd3dd4sijzv07ey,False,,0.5003356659645921,Driven by: an unusually extreme single transaction amount (contributed +0.256); an unusually high number of incoming payments (contributed +0.216); unusually large average transaction amount (contributed +0.156).,0.1558940258145791,0.2563756185151047,-0.02021048444968355,-1.8375862848551474,0.2159563520643818,-0.0748893353440048,0.08864422646902806,0.013413761430259075,-0.42256792439509777
bc1q025ju26sphncasljsi3uduurwudkbu0t369o8w,False,,0.5000659109748675,Driven by: an unusually high transaction frequency (contributed +0.168).,-0.09567705025988026,-0.03401242125307528,-0.15893600333119212,0.16837393283299057,-0.8162666535460877,-0.48307719745315186,-0.008902076116814938,-0.08534988725780994,-0.10315188829602567
bc1q7bo119xp9n56nyxtxmgtt0iaakytt3imj70e3p,False,,0.4998581378753777,Driven by: an unusually extreme single transaction amount (contributed +0.265); unusually large average transaction amount (contributed +0.147); an unusually high transaction frequency (contributed +0.127).,0.14691261822280996,0.2645815006940899,-0.526358995581694,0.12726589145649572,-0.33480207312793525,-0.732700735139492,-0.06743618090567409,-0.009048012097865528,-0.47927098545235886
bc1qstrmzrmt8am1kbw6giokoqs8d6kyb27xjx6yy6,False,,0.49953984314493965,Driven by: consistently high peer geo-velocity (contributed +0.180); an unusually high transaction frequency (contributed +0.123); physically implausible peer geo-velocity (contributed +0.110).,-0.8904241203464973,-0.8815039214386338,-0.15352407576618662,0.12257147023344644,-0.015425848652221973,-0.09383603537215764,0.11014598491803075,0.17968913134843054,0.02086495446397912
bc1qkp748ffoywwadsq32ql5g0trhc76wiz6p51pub,False,,0.49953957734860804,Driven by: an unusually extreme single transaction amount (contributed +0.266); an unusually high number of incoming payments (contributed +0.214); unusually large average transaction amount (contributed +0.184).,0.1843240142123447,0.2657374204497219,-0.032421380173807086,-1.8416505050022962,0.21442543425145638,-0.06671865276659893,0.09085486177929147,0.007747837528220876,-0.4237336266683213
bc1q7u2mrix5vcmgjvc2smtc0d6qj2onveox3akv62,False,,0.4989345207522148,Driven by: an unusually high number of incoming payments (contributed +0.167); unusually large average transaction amount (contributed +0.136); an unusually high number of outgoing payments (contributed +0.116).,0.13553279583856306,-0.043085465145837644,0.10619085917953225,-1.1797292051268853,0.16701418192662573,0.11606671230709771,-0.19042794668403046,-0.2544307048279152,-0.4406529182889561
bc1q7xp2kugeorl0yb9c55c5mwbwacj28msabbkazj,False,,0.49883845760846496,Driven by: an unusually high number of incoming payments (contributed +0.217); an atypical number of transactions (contributed +0.099); an unusually high number of outgoing payments (contributed +0.071).,-1.1890075707612764,-0.490233163096128,0.09867258103507852,0.009409674047350925,0.21673253679439536,0.07090671398714041,0.02798850353310223,-0.018597343521282984,-0.3065476428342897
bc1qj7q4kfmm0qpop1o8m291azhzknl2luhhs4dilr,False,,0.4985242056877998,Driven by: consistently high peer geo-velocity (contributed +0.229); an unusually high transaction frequency (contributed +0.194); physically implausible peer geo-velocity (contributed +0.156).,-0.7015124270954043,-0.8785951420332374,-0.1707933962778017,0.19401577273892323,-0.2944044941994202,-0.02735141802495079,0.15570530772364607,0.22875415928589768,-0.07718017155037209
bc1q3i1rd31tb0515f9mz99zjuk9qs57wc8mmferft,False,,0.49772902468116254,Driven by: an unusually extreme single transaction amount (contributed +0.227); an unusually high number of incoming payments (contributed +0.168); an unusually high number of outgoing payments (contributed +0.110).,0.052023733146018845,0.22662683889314794,0.10749093152659112,-1.404492351830956,0.16828907663584206,0.10983458545953866,-0.1686836476090727,-0.17638056736301025,-0.4624763235935368
bc1qfp64thu9qoo3t91aay0a1v9q3r1ss07zp3ufr4,True,peeling,0.4976633736923345,Driven by: an unusually high number of incoming payments (contributed +0.163); unusually large average transaction amount (contributed +0.145); an unusually high number of outgoing payments (contributed +0.128).,0.14506385567389266,-0.029181933417057965,0.11354955989298013,-0.8925948073982116,0.1634663732365351,0.12805856912811733,-0.2963374264719723,-0.43603086543951497,-0.4418114130268049
bc1q115zg80zwvhyjeedp2nafh6q9y4yzkmru4eesz,True,"fanin,fanout",0.4974265788188624,Driven by: an unusually high number of outgoing payments (contributed +0.215); an atypical number of transactions (contributed +0.201); an unusually high number of incoming payments (contributed +0.170).,-0.41251795836282856,0.1620167100466938,0.20111506948826355,-0.9899460220472305,0.16982725599929865,0.2150500323216409,-0.4080223303740362,-0.6083520948392361,0.13204548293801116
bc1q5d3nmyb4bomzqb09uw8pdwxezihzvzgmffohk9,False,,0.4967069136580308,Driven by: an unusually extreme single transaction amount (contributed +0.229); an unusually high number of incoming payments (contributed +0.223); unusually large average transaction amount (contributed +0.138).,0.1384504122059053,0.22895224641822978,-0.021018273746150434,-1.6893307202998722,0.22289423363719935,-0.06900213808298314,0.1041898383018294,-0.003771582226336469,-0.42874891257974307
bc1qimyn4u9bxf445cri8bixoiq2q4qerxdouadvwk,False,,0.49669806204346184,Driven by: an unusually high transaction frequency (contributed +0.192); consistently high peer geo-velocity (contributed +0.049).,-0.08033272523423692,-0.6123111884982334,-0.4221439443339211,0.1919575612161802,-0.2934916426866088,-0.2455456137417072,-0.028792030834028252,0.04850384487717965,-0.07496576491192286
bc1qbk6dhx16h7009wvnf751vutpqcmsv1r9y7n17l,True,peeling,0.49543634122678326,Driven by: an atypical number of transactions (contributed +0.201); an unusually high number of incoming payments (contributed +0.175); an unusually high number of outgoing payments (contributed +0.169).,-0.47240004809590386,0.013823044823651626,0.2012619821392632,-0.7388483861142848,0.1754167674881632,0.1692420295192334,-0.23107567909773116,-0.3148136228872127,-0.2821352156191179
bc1qhb9eeq0cx5j1iipnqrpjz3n3m4lhckxpda6c6w,True,peeling,0.49541212370952725,Driven by: an unusually high number of outgoing payments (contributed +0.238); an atypical number of transactions (contributed +0.189); an unusually high number of incoming payments (contributed +0.176).,-0.8277728854254567,-0.33850889652973704,0.18855509799810832,-0.8697284141715528,0.1757690418696648,0.2377629975600865,-0.051259463346251796,-0.11498924066208072,0.12136512040988505
bc1q0j1mnyw0yfkoe2hk724d6gq2wipp101yqt061a,True,coinjoin,0.4943643319964637,Driven by: an unusually extreme single transaction amount (contributed +0.273); unusually large average transaction amount (contributed +0.155).,0.15533952063566595,0.27268266492683235,-0.386614155457077,-0.2985026677493983,-0.2416497947877803,-0.3420537413489194,-0.35717838993986106,-0.11078882828785291,-0.1387484240162926
bc1quacotfvan0fvel57obvlxuiiy3xgwk1gpcxway,False,,0.4941674485140934,Driven by: an unusually extreme single transaction amount (contributed +0.239); unusually large average transaction amount (contributed +0.233); an unusually high transaction frequency (contributed +0.231).,0.23304620579574317,0.23915642610780982,-0.25973147154900034,0.23125073295587112,-1.1755010339445684,-0.5183334045395024,-0.05735778620242628,0.00041766495421835254,-0.13457372391630415
bc1qrsufv3dzwavmc0kjy4guz9lisybw6mzkntk3ih,False,,0.4940341385931551,Driven by: an unusually extreme single transaction amount (contributed +0.295); unusually large average transaction amount (contributed +0.242); an unusually high number of outgoing payments (contributed +0.139).,0.2419615771825131,0.2949602242840974,-0.33793364560746125,-0.8562639987851675,-0.42482273995062275,0.13853655412478566,-0.0986685756664195,-0.1838020563627433,-0.21160601822216554
bc1qpoxrteo2t8fy620n8tteavt8k06moxsfh4gg24,True,peeling,0.49331409583196384,Driven by: unusually large average transaction amount (contributed +0.302); an unusually high transaction frequency (contributed +0.167); an unusually extreme single transaction amount (contributed +0.048).,0.30191989559388305,0.04756405849456834,-0.43351352066251,0.16662021841938027,-0.8084089546783332,-0.09651842254978822,-0.19907073020809335,-0.022770444457755973,-0.3719034574857707
bc1qfdtzj2l72v08ktrpw3hhigvummwcmzx8j5ms20,False,,0.49296632388708905,Driven by: an unusually extreme single transaction amount (contributed +0.241); an unusually high number of incoming payments (contributed +0.171); an unusually high number of outgoing payments (contributed +0.123).,0.07807218595267697,0.2414009930391748,0.1122576339463449,-0.8718858167891359,0.17125456443158346,0.12325939663024829,-0.37589375189834245,-0.47018756565874936,-0.4139358004029133
bc1qn0ajufqymbnw8bkxcgw1vgll42jzntmfek2o7f,False,,0.4928307795659895,Driven by: an unusually extreme single transaction amount (contributed +0.224); unusually large average transaction amount (contributed +0.160); consistently high peer geo-velocity (contributed +0.138).,0.16039784243022642,0.2239707184135258,-0.7356362958880773,0.13565730940794773,-0.665282284370458,-0.5524693811699135,0.07394192003408764,0.13807139975685764,-0.18024495066225085
bc1qxhl5v32bh1a4ogn378vpcayp9ypdax6kdd49ik,False,,0.4923502229579314,Driven by: an atypical time-of-day transaction pattern (contributed +0.251); an unusually high number of incoming payments (contributed +0.240); an atypical number of transactions (contributed +0.215).,-1.5323939621690785,-0.7652228409538161,0.21501909724822796,0.15073199336905332,0.24034140057890796,0.21446976533108453,-0.04766360469362605,-0.11326286752937936,0.25080630353906236
bc1qzvrctlt4q9bc2be3yqy5fu7bfxq7bzegbl2qgv,False,,0.49221837874070345,Driven by: an unusually extreme single transaction amount (contributed +0.260); unusually large average transaction amount (contributed +0.244); an unusually high transaction frequency (contributed +0.190).,0.24398671275926198,0.25998800454542387,-0.3998393407343347,0.1896265753005981,-0.7850421863060437,0.07631024341826187,-0.22360086289402087,-0.3960043072775223,-0.34864113389982765
bc1qx5zphw7lhxol0iuod0fuviv6txomi8co2xzdir,False,,0.4920623628495852,Driven by: unusually large average transaction amount (contributed +0.219); an unusually high transaction frequency (contributed +0.190); an unusually extreme single transaction amount (contributed +0.132).,0.2194288768967553,0.1323278654761887,-0.25983021828262115,0.18966550439567229,-0.9060386893831079,-0.41722895657772513,-0.0884811048563455,-0.11842145994469909,-0.12995260530351396
bc1q0kz4z7whwkmy9x8sylemruyp04k43safyh1fkj,False,,0.49196285091205033,Driven by: unusually large average transaction amount (contributed +0.287); an unusually extreme single transaction amount (contributed +0.234); an unusually high transaction frequency (contributed +0.234).,0.28667141542366514,0.23395363674802533,-0.6394567548581541,0.23373638029092864,-0.5694547063410801,-0.4577935070243696,-0.12469679709411463,-0.03596308237342703,-0.3025380293905158
bc1qdo7002g3yu6vk0ucc1m3o55ixva1nkbtfshb0o,True,"fanin,fanout",0.49157176476640485,Driven by: an unusually high transaction frequency (contributed +0.249); an unusually extreme single transaction amount (contributed +0.242); consistently high peer geo-velocity (contributed +0.049).,0.03641319502547701,0.24209436148877364,-0.6049758411678333,0.2488108252424391,-0.6332514934690652,-0.5108315553963051,-0.10938395573889405,0.048743571406741557,-0.08140644633714203
bc1qdkmu6u4pllgf309hsuwdkejp5k7917xfh41a68,True,"fanin,fanout",0.4914139904290005,Driven by: an unusually extreme single transaction amount (contributed +0.256); an unusually high transaction frequency (contributed +0.220); unusually large average transaction amount (contributed +0.064).,0.06410451563023027,0.2560015423890241,-0.20797068404482444,0.22006176288803855,-0.06742037898584052,-0.17837145440722788,-0.8237902066906074,-0.6265332866079868,0.004875410747604158
bc1quv1ffofq1rucl37pr5a5hfsh6qrnv3hlw3zfes,True,fanin,0.4913346208241036,Driven by: an unusually extreme single transaction amount (contributed +0.231); an unusually high transaction frequency (contributed +0.228); an unusually high number of outgoing payments (contributed +0.155).,-0.4185927522386978,0.2314972640392513,-0.2452439248722385,0.22779578079642093,-0.508180742106566,0.1550846697070417,-0.48580347880557984,-0.3195763120364598,0.0063640800296598694
bc1qp8hqmabsi9nb74x2ek3zezqacj4t0sekkbp2qd,True,coinjoin,0.49081223437625293,Driven by: unusually large average transaction amount (contributed +0.267); an unusually extreme single transaction amount (contributed +0.267); consistently high peer geo-velocity (contributed +0.006).,0.2671133793106397,0.2668148291868727,-0.1942934611132307,-0.08340185257260167,-0.7586149039683979,-0.8291488549025985,-0.01966576456570707,0.006473024139045314,0.003790714164176289
bc1qh1joqnuvk6jopzdtjxaf16yfeiq7ka8obm5ry6,False,,0.4904999631078994,Driven by: an unusually high number of incoming payments (contributed +0.231); an atypical number of transactions (contributed +0.229); an atypical time-of-day transaction pattern (contributed +0.221).,-1.5531815198613936,-0.7545815223714096,0.22854782909268662,0.1360162711639611,0.2313191770577703,0.19269336635670684,0.001447351127471609,-0.03449389634319945,0.22070663080891048
bc1qjsfpfmnf7uiwjta882jozibp9of9svca3dc9e6,True,fanin,0.48999593182269247,Driven by: an unusually extreme single transaction amount (contributed +0.274); an unusually high transaction frequency (contributed +0.178); an unusually high number of outgoing payments (contributed +0.153).,0.09395776515772457,0.27444212242474725,-0.2708620621995094,0.17826498759366188,-0.5878207683321229,0.1526690598852699,-0.5673864454991465,-0.43636953804107914,-0.15322580995974255
bc1qf1xw53zg1igae7utei5cqom3oqcez5xtebi7t9,True,peeling,0.4899818117994365,Driven by: unusually large average transaction amount (contributed +0.256); an unusually extreme single transaction amount (contributed +0.149); an unusually high number of outgoing payments (contributed +0.068).,0.2561526416604646,0.1491323038881947,-0.34981266632080255,0.0379772759784927,-1.165376918100302,0.06758539056979769,-0.1409024331592064,-0.007832165149054859,-0.16282820034619158
bc1q5k5dj3rzql0h5qqjvwuptvn29mrqvd7x1jmh6t,True,peeling,0.4897059473767699,Driven by: unusually large average transaction amount (contributed +0.211); an unusually extreme single transaction amount (contributed +0.176); an atypical time-of-day transaction pattern (contributed +0.120).,0.2111411334007609,0.1764304901188905,0.061900098583235016,-0.7298784750317093,-0.3216952373649023,-0.46600312532928273,-0.17151729089007506,-0.18776250338294245,0.11980380808920632
bc1qf65j1vrkf4ht69a14350q8obw3j6sog2lbwtbv,True,peeling,0.48959119909598425,Driven by: an unusually high transaction frequency (contributed +0.224); consistently high peer geo-velocity (contributed +0.092); physically implausible peer geo-velocity (contributed +0.064).,-0.623536134042731,-0.8768097023970856,-0.143053388290411,0.22366034381692765,-0.009187738171829427,-0.06518158851905265,0.06402060462678914,0.09161705071870671,0.03435313623277177
bc1q1phjhddqef0s9kai1x2iuxorjgru9td57rezw3,False,,0.48945563092039013,Driven by: an unusually extreme single transaction amount (contributed +0.255); unusually large average transaction amount (contributed +0.196); an atypical time-of-day transaction pattern (contributed +0.121).,0.1963116538520409,0.25487767446392096,0.05355559339602057,-0.7835987943889705,-0.3182129997465231,-0.47040838531562745,-0.17765661637866453,-0.17614091929557707,0.12124855957125102
bc1q22hr5sosc0whs14eci9rtj6u5a2x54u44qunf5,False,,0.48922428147693703,Driven by: an unusually extreme single transaction amount (contributed +0.263); unusually large average transaction amount (contributed +0.198); an unusually high number of outgoing payments (contributed +0.190).,0.1976559540705608,0.26341088076611374,-0.14388398955897147,0.13990215076168008,-0.09941051735000928,0.1897256050584942,-0.9346661469056718,-0.9537977365286582,0.048027271117906924
bc1qhszdimopw9i93t3m5txcx7ly6yv0916pjpvwp8,False,,0.4887292098611621,Driven by: an unusually high transaction frequency (contributed +0.178); unusually large average transaction amount (contributed +0.107); an atypical time-of-day transaction pattern (contributed +0.020).,0.10693125190342857,-0.347179495478416,-0.1168510488999351,0.1781821432765239,-0.5449229317412703,-0.4761190550609238,-0.035145366448035405,-0.0630881652714441,0.020120447529183832
bc1qvni8e61493685efzvmt4fvmypj2nnoc3arpyyf,False,,0.4885856994111887,Driven by: an unusually extreme single transaction amount (contributed +0.269); an unusually high transaction frequency (contributed +0.260); unusually large average transaction amount (contributed +0.238).,0.23796864474294707,0.2693687939854839,-0.2998144353344607,0.2604266496655031,-1.0168475612139871,0.06178977019161234,-0.4595374501402311,-0.17897962705676218,-0.14810634480882087
bc1qx7lju6adqc59z6nsm3v3dqju7asxb25t0fw5jd,False,,0.4881414980582574,Driven by: an atypical time-of-day transaction pattern (contributed +0.241); an unusually high number of incoming payments (contributed +0.217); an atypical number of transactions (contributed +0.190).,-0.09160374293184503,-0.7931526069539209,0.18981713355295934,-1.2122432649614259,0.2167276851593179,0.1745402619356216,0.01962729282839035,-0.00456171202727435,0.24056092626357425
bc1q3ifhv1xg1r11q7uww5wfcpkjcslqc3c54wsqt2,False,,0.4877292174691351,Driven by: an unusually high transaction frequency (contributed +0.158); an atypical time-of-day transaction pattern (contributed +0.045); an unusually high number of incoming payments (contributed +0.023).,-0.5535316286614257,-0.46806589966863016,-0.14195061782449903,0.15804040747245338,0.023375160325348223,-0.2444692144470503,-0.03717634615366827,-0.029336363426006082,0.04531489290159444
bc1q5wi6fqjja26yfpmvxpj4hnriuu9k9xjuy0bvr6,True,coinjoin,0.4873308888619585,Driven by: an unusually high transaction frequency (contributed +0.251); consistently high peer geo-velocity (contributed +0.171); physically implausible peer geo-velocity (contributed +0.171).,0.17105885465317527,-0.2393637912177671,-0.6098347720080138,0.2506982707895085,-0.16621906418712185,-1.0216837023263932,0.17113962644953654,0.1713113334871868,0.03716946292163187
bc1qgx5y7zjc7r1qoohf59she953a8b5yk7e315h9h,True,"fanin,fanout",0.48584531804051845,Driven by: an unusually high number of outgoing payments (contributed +0.227); an atypical number of transactions (contributed +0.204); an unusually extreme single transaction amount (contributed +0.190).,-0.4313389875717681,0.18977371381206787,0.20413599232511379,-0.9604725172191863,0.168798341963003,0.22668553477079337,-0.3147990595521402,-0.43281093324631487,0.15942827993567488
bc1qh5hzwr73yao3s0eoarrwws4fzrg4pb7qu3054o,True,coinjoin,0.48508567171766137,Driven by: an unusually high number of outgoing payments (contributed +0.103); consistently high peer geo-velocity (contributed +0.102); physically implausible peer geo-velocity (contributed +0.077).,-0.26276763437625034,-0.3043249989652041,-0.22044463687111052,-0.08675443012201564,-0.4582640283496363,0.10285453620991024,0.07740322162374573,0.10221935558703656,-0.11739345229566783
bc1qam0yws4rhbr3i93qf2hp4c3fx6lbqmlfp36jh8,False,,0.4845032125543584,Driven by: an unusually high number of incoming payments (contributed +0.211); an unusually high transaction frequency (contributed +0.159); physically implausible peer geo-velocity (contributed +0.158).,-1.3037260028334665,-0.24981384859952932,-0.010702976335421872,0.15938369466271712,0.21115685250269312,-0.11309036247092,0.15796135190430055,0.12167124997561689,-0.12255440904318726
bc1qzzg9bcdc25dmup1yvwqj8vv457gnvba43ijwef,True,coinjoin,0.48399087536388,Driven by: an unusually high number of incoming payments (contributed +0.213); an unusually high transaction frequency (contributed +0.159); physically implausible peer geo-velocity (contributed +0.154).,-1.2753438403986297,-0.2609916840032713,-0.014462327826970022,0.15939367175418506,0.2127382988781079,-0.12198558332343029,0.15420330888497547,0.1266853972842519,-0.1143142486433252
bc1qd6oi9di53cd0znuajpbpkvcm2cd1w6rud5wc9f,True,coinjoin,0.48399087536388,Driven by: an unusually high number of incoming payments (contributed +0.213); an unusually high transaction frequency (contributed +0.159); physically implausible peer geo-velocity (contributed +0.154).,-1.2753438403986297,-0.2609916840032713,-0.014462327826970022,0.15939367175418506,0.2127382988781079,-0.12198558332343029,0.15420330888497547,0.1266853972842519,-0.1143142486433252
bc1q7ndcwdhnlbx1z75gbotxxgsh4vwtv7k5uglxkr,False,,0.4835345425754602,Driven by: an unusually extreme single transaction amount (contributed +0.246); an unusually high number of incoming payments (contributed +0.190); an unusually high number of outgoing payments (contributed +0.122).,0.06464375063237117,0.24611532105828343,0.10212050275020815,-1.0107304434762097,0.19014631671195395,0.12233323910089722,-0.1471798341389265,-0.1949207553497358,-0.4926630715611568
bc1q8ueno88uogmvv6v3v020iltr9uqrvn2aejgs5j,True,peeling,0.482914980599276,Driven by: an unusually high number of incoming payments (contributed +0.209); physically implausible peer geo-velocity (contributed +0.162); an unusually high transaction frequency (contributed +0.160).,-1.2948788876513508,-0.22794044015280712,-0.0075378152369572505,0.16025008332275184,0.20901467491052061,-0.11013081750853068,0.16200799145300587,0.12262514890461872,-0.1145947721713984
bc1qv6ckmalq5u6jzv9nou3dyms1mwnpr424tkb9oi,False,,0.48261755205512497,Driven by: unusually large average transaction amount (contributed +0.223); an unusually high transaction frequency (contributed +0.192); consistently high peer geo-velocity (contributed +0.104).,0.22292507784363724,-0.09057571756530222,-0.538146939712673,0.19201605063898822,-0.6045634305414905,-0.22222850545161688,0.050082490075648606,0.10399135588310926,-0.20557932248556174
bc1q4ygyflq8xpa95g1amra5rbaykis11d2mrmtxjq,True,"fanin,fanout",0.4825603317105907,Driven by: an unusually high transaction frequency (contributed +0.274); an unusually extreme single transaction amount (contributed +0.234); unusually large average transaction amount (contributed +0.173).,0.17271705043226976,0.23379439636908053,-0.6182222841228256,0.2742124145629196,-0.5721403380899563,-0.41631630345527415,-0.0879020210597762,0.06716349069121061,-0.14363287946232153
bc1qx3bid6v1lk4aglbd0xqtqv8elspj6sfas04lx5,True,peeling,0.4822354152904233,Driven by: an atypical time-of-day transaction pattern (contributed +0.246); an unusually high number of incoming payments (contributed +0.230); an unusually high number of outgoing payments (contributed +0.226).,-1.4692534820730032,-0.7394577437281006,0.19617000218047048,0.18260469905081936,0.2297573633522486,0.22585726185097282,0.05349066405277109,-0.005176944129652175,0.24563674697507412
bc1qbq6fwsklws8onkctq7vin5lvdo8yu98gfex6dc,True,peeling,0.4820291012509425,Driven by: unusually large average transaction amount (contributed +0.272); consistently high peer geo-velocity (contributed +0.038).,0.2719200865009584,-0.0648385762091601,-0.4139072934075947,-0.1005134527902248,-0.5328451616050398,-0.16116375609350522,-0.07111850596857075,0.037688926039788025,-0.03926900681077387
bc1qnoqu9y3z2t4h20rape6wtlrj4bdfhj4d0jmu3m,False,,0.48198221467394825,Driven by: an unusually high transaction frequency (contributed +0.261); unusually large average transaction amount (contributed +0.253); an unusually extreme single transaction amount (contributed +0.210).,0.2530570997764299,0.2097544614155317,-0.6436573532917917,0.2609523049873016,-0.5911001898688868,-0.47598339480894386,0.10330627946262934,0.1457946344751639,-0.3347328662377219
bc1qe7ajul7w8cof3138i2xog4c8j6e07fpy1aeldw,True,coinjoin,0.4817989141186969,Driven by: an unusually high transaction frequency (contributed +0.272); unusually large average transaction amount (contributed +0.237); an unusually extreme single transaction amount (contributed +0.139).,0.23719014415866413,0.139495348593121,-0.5408789115988423,0.2722796152816191,-0.5733277084807064,-0.18427735116210356,-0.30548471984272874,-0.06030250303317374,-0.05168092101633385
bc1qhd2orwhp6wqfk6xw4emm9vasjevts1hn6bedye,False,,0.4817031653471565,Driven by: an unusually high transaction frequency (contributed +0.247); consistently high peer geo-velocity (contributed +0.130).,-0.1291470990712447,-0.3474114996954076,-0.399926933941269,0.24736385095488816,-0.241556220004139,-0.2508472539605127,-0.005661923252937501,0.12994859294640462,-0.06681095704318593
bc1q3no3aamtfpw6m9hkhjg4ihgjd3ex5mhqnngs2w,False,,0.48141267532148047,Driven by: consistently high peer geo-velocity (contributed +0.220); an unusually high transaction frequency (contributed +0.219); unusually large average transaction amount (contributed +0.082).,0.08169830609625332,-0.0587465686135042,-0.32408800599459237,0.21921021794662243,-1.13462640039931,0.056296361556278464,0.059770292063536706,0.21991926096253844,-0.17456712350291861
bc1qds7kvk1xv1jl7tg6cd2ipe7ykrz3fu0luzj486,False,,0.48140747327505296,Driven by: an unusually high number of incoming payments (contributed +0.213); an unusually high transaction frequency (contributed +0.163); physically implausible peer geo-velocity (contributed +0.154).,-1.2842238829196189,-0.17746388875117652,-0.009427295672866471,0.1631938396098398,0.21269515991691598,-0.12158726248648741,0.1538335550112555,0.12843022739157461,-0.1204244006126369
bc1qu41vsvdt7663c42xcv96q3qzd2lguqionmc7ic,False,,0.4808210533278936,Driven by: an atypical time-of-day transaction pattern (contributed +0.261); an unusually high number of outgoing payments (contributed +0.255); an unusually high number of incoming payments (contributed +0.212).,-1.251729046490359,-0.5590946197169075,0.20555454487089103,-0.11802096386883405,0.21184052376553442,0.25536297951175274,-0.03300854673737601,-0.008899760252521658,0.2610360681714973
bc1q21ej2vhak2x9pf16o8bjmigj6hm3j5uesl4pd8,False,,0.48026685485923076,Driven by: unusually large average transaction amount (contributed +0.177); an atypical time-of-day transaction pattern (contributed +0.142); an atypical number of transactions (contributed +0.079).,0.17698713666691784,-0.042161503323818315,0.0787762422829357,-0.3928453310618923,-0.34196374316047906,-0.46079246558137144,-0.1556083197578769,-0.02470265819814289,0.14239729382021574
bc1qvh30qbkern6yjmk3tgmalwvmb0idd0wpj8yi34,False,,0.4801578586443799,Driven by: an unusually high transaction frequency (contributed +0.265); unusually large average transaction amount (contributed +0.264); an unusually extreme single transaction amount (contributed +0.262).,0.26350411227247394,0.2619923132038008,-0.49979570531064205,0.26538299604396637,-0.31961418804351194,-0.3563743026326349,-0.040511227818345076,0.006152377744584033,-0.5972950145879404
bc1qpif8rdzrq8eb7u6606u00dmdlm9nwjwfdhtf1r,False,,0.48013113575010546,Driven by: an unusually extreme single transaction amount (contributed +0.275); an unusually high number of outgoing payments (contributed +0.207); an atypical time-of-day transaction pattern (contributed +0.185).,0.09230627096276615,0.2752849079715015,0.1508491195855464,-1.0740448140406076,0.17929627905224355,0.2069618389984931,-0.4847589837291812,-0.5469430774326887,0.18531241878994084
bc1q7kb7iyno667vgp52f1johkk7qg24dsysymmq8q,False,,0.4799943636330873,Driven by: an unusually extreme single transaction amount (contributed +0.282); unusually large average transaction amount (contributed +0.202); an unusually high transaction frequency (contributed +0.147).,0.2024255063360928,0.2818199077758532,-0.20259847312005477,0.146990387248839,-0.9052634307743179,-0.47345563006484137,-0.02526708710798038,0.058399284996587635,-0.09457559130094846
bc1q63dc0vsvits03l38gx8m8ct71wb0bjhppipg6a,False,,0.4797934236332129,Driven by: unusually large average transaction amount (contributed +0.276); an unusually high transaction frequency (contributed +0.220); an unusually extreme single transaction amount (contributed +0.116).,0.2764769624932021,0.11611417150311588,-0.27222034948969703,0.21986237086284324,-0.4209712485301948,-0.13838813749688275,-0.43882559385016584,-0.2592045616824518,-0.08818006062160304
bc1qk9azu9pk42ud2dtbzxmuuca7r6d2x6lod6d8e2,False,,0.4797472897386713,Driven by: consistently high peer geo-velocity (contributed +0.143); physically implausible peer geo-velocity (contributed +0.082); an atypical time-of-day transaction pattern (contributed +0.045).,-0.3354991957666286,-0.36854428860206867,-0.22194687005429223,0.041524777878698974,-0.3363693002174782,-0.05303548209477704,0.08178991039587433,0.14278340014750573,0.04538182866211183
bc1qsicvpdqe97n6y2c2bvpdcb4owo52wqqpwdxyas,True,coinjoin,0.47947445820561235,Driven by: an unusually high transaction frequency (contributed +0.224); consistently high peer geo-velocity (contributed +0.142).,-0.23457301816078283,-0.047211930899943744,-0.4457949593415057,0.22415285165250382,-0.2645505375186019,-0.2961751975777582,-0.008532458971198715,0.14203872911785123,-0.06486089848816258
bc1qdhylurtp0lzjjeget1ghr09skdgigatj9tze5r,False,,0.47942988389502283,Driven by: unusually large average transaction amount (contributed +0.283); an unusually extreme single transaction amount (contributed +0.272); an unusually high transaction frequency (contributed +0.259).,0.28325602873177524,0.2718447105826802,-0.7068144900852075,0.25865333896818893,-0.2547091320128127,-0.6444334075240955,0.09441669931386573,0.1802082927911775,-0.4765553679243123
bc1q93qnybmc06wrpx7j86fbojpgjjbkdypjz5eicu,False,,0.47939172952454717,Driven by: an unusually extreme single transaction amount (contributed +0.095); an unusually high transaction frequency (contributed +0.080); unusually large average transaction amount (contributed +0.013).,0.013131792144280422,0.09483350494253079,-0.25500697617452245,0.0804893490341035,-0.09956442349666027,-0.24286435608519938,-0.2071448827195686,-0.17938660915159646,-0.19744443874310388
bc1qxzeanpgxuj3so5xj5i2mt71raih0nogzeon9sz,False,,0.4793576874476843,Driven by: an unusually extreme single transaction amount (contributed +0.164); unusually large average transaction amount (contributed +0.114); an atypical time-of-day transaction pattern (contributed +0.111).,0.11440637364627482,0.16408573038150626,0.06845981944974777,-0.3095962310299669,-0.3385890579113165,-0.48688635735462343,-0.14667664440451741,-0.16815878818559085,0.11104770041547016
bc1qgfxamhv1f070vk32rgwhgxmd7qcq3za8e83mte,False,,0.47931528425326553,Driven by: an unusually extreme single transaction amount (contributed +0.274); unusually large average transaction amount (contributed +0.204); consistently high peer geo-velocity (contributed +0.102).,0.20411234272899456,0.2737067664803298,-0.34849262121371266,0.07785504892549215,-0.7321196735847331,-0.26620198998453126,-0.010781840631179238,0.10242043337401659,-0.29109844161717713
bc1qdv6nyycj4q0rr1l9gvbmqq749q6qf1pafl9woa,False,,0.47924806110426377,Driven by: an unusually high number of outgoing payments (contributed +0.239); an atypical time-of-day transaction pattern (contributed +0.207); an unusually high number of incoming payments (contributed +0.195).,-1.1271710313014638,-0.519255740882494,0.19345342641598934,-0.03560997523578722,0.1954423532379491,0.2390300560476081,-0.0752923433045504,-0.06660968263326039,0.20748598848087146
bc1qsmvvbjb1jven2z7mb41g877fxv7a7kx7mr9vqi,True,"fanin,fanout",0.4787815660533703,Driven by: an unusually high number of outgoing payments (contributed +0.233); an unusually extreme single transaction amount (contributed +0.201); an unusually high transaction frequency (contributed +0.155).,-0.34609382690508367,0.2011957847554557,-0.09004854447254289,0.15536672469950336,-0.10638714364918846,0.2326867203838199,-0.5542464111450879,-0.5120614006860807,0.04545492986351347
bc1q68uuj2g430lr3oozit4mm186zudnmopg8ux018,False,,0.4783808080498789,Driven by: unusually large average transaction amount (contributed +0.296); an unusually extreme single transaction amount (contributed +0.285); an unusually high transaction frequency (contributed +0.140).,0.2959149906001751,0.28472583292996706,-0.2589241931625737,0.1402614360088694,-0.9000255327655887,-0.429271022653034,-0.09341188435589265,0.10065393534313766,-0.10168007088815384
bc1qpig3yvr2eu4kb57l1376qwvgfri7fz5xbiguj9,False,,0.47806578722300114,Driven by: an unusually high transaction frequency (contributed +0.116); an atypical time-of-day transaction pattern (contributed +0.111); an atypical number of transactions (contributed +0.098).,0.03184189154684905,-0.21661386786978715,0.0984707823882557,0.11557930505950703,-0.5060829127308033,-0.41642225517014086,-0.0661064036355637,-0.10400945987190248,0.11132251846403461
bc1q04j3m9iqbq9j2h1tlom344mw04i3dzxlrgnjzm,False,,0.4771523294222045,Driven by: an unusually high transaction frequency (contributed +0.238); consistently high peer geo-velocity (contributed +0.219); physically implausible peer geo-velocity (contributed +0.133).,-0.30162665259821214,-0.6029128052963292,-0.13106421811822055,0.23756490763161867,-0.20837237874796766,-0.2508120964321039,0.13311537350164734,0.21894201234799457,-0.01858668897282445
bc1qvdb828192v4dusgehn0z1r5fn3eh81a4rkgjzo,False,,0.477089809568809,Driven by: an unusually high number of outgoing payments (contributed +0.225); an atypical time-of-day transaction pattern (contributed +0.222); an atypical number of transactions (contributed +0.174).,0.13824973442953395,-0.33726458736081427,0.17448833230335897,-0.828582521824082,0.13656672092191657,0.22494304104869062,-0.2625077382863698,-0.3902042721398046,0.22249546114425026
bc1qcmblepso1gs58pkjousk57qntpapcjpuf7vxqo,False,,0.47641189180488047,Driven by: an unusually high number of outgoing payments (contributed +0.236); an atypical time-of-day transaction pattern (contributed +0.234); an unusually high number of incoming payments (contributed +0.179).,-0.13132776505373556,-0.3046642463500849,0.17903246836168413,-0.7779956778502974,0.1794209719176591,0.23646903337112557,-0.23424290663487718,-0.2817485370208621,0.23425742672862088
bc1q1b86isvyyrkpoywm42yjmleqmj1ssqvrua7bl1,True,peeling,0.4763887675709825,Driven by: an atypical time-of-day transaction pattern (contributed +0.252); an unusually high number of incoming payments (contributed +0.237); an unusually high number of outgoing payments (contributed +0.235).,-1.3363782559183852,-0.7028351420248518,0.19546757490554048,0.1304439160914194,0.237137615532235,0.23451321429487856,0.06563925986843726,0.02414639765299798,0.2517836047729967
bc1qhn14eb8753ayeqahthsjr0fzauxbgk2wbxanj4,True,fanin,0.4763779015308774,Driven by: an unusually extreme single transaction amount (contributed +0.232); an unusually high transaction frequency (contributed +0.135); an unusually high number of outgoing payments (contributed +0.129).,-0.22917651016581458,0.2320818087626326,-0.2273659092972987,0.135433275534241,-0.37794591352399426,0.12878230344349653,-0.16697197620502713,-0.25845026997448006,-0.1361314979522832
bc1qi5482q78e5sfe0x7h2cpcc3zkgyr58mx4yqq14,True,fanin,0.47635931938819903,Driven by: an unusually high number of outgoing payments (contributed +0.217); an unusually high transaction frequency (contributed +0.140); an atypical time-of-day transaction pattern (contributed +0.027).,-0.5111400267093965,-0.0062250561736491876,-0.10279486951819722,0.14024158255943636,-0.09729033593334838,0.21701679380344646,-0.2891686341946558,-0.2769718382133925,0.02716423500221556
bc1q12q4x0808xgbde6tez66190ruiijc57v3wpxwd,True,peeling,0.47618816883741927,Driven by: an unusually high number of incoming payments (contributed +0.213); an unusually high transaction frequency (contributed +0.171); physically implausible peer geo-velocity (contributed +0.169).,-1.2334447112477587,-0.12851580919361477,0.0006279946820572918,0.17090838517016715,0.2131959635167728,-0.10269823713731605,0.1692142144819917,0.13213415427106726,-0.11527883298577324
bc1qfl8mpj4zgu5w4633566dzgg3etivmdh1jilhbi,False,,0.4759622276295156,Driven by: consistently high peer geo-velocity (contributed +0.160); an unusually high transaction frequency (contributed +0.150); physically implausible peer geo-velocity (contributed +0.088).,-0.4152948588060208,-0.6557226645882888,-0.16789538636700455,0.15024438435410548,-0.00995299032048608,-0.08869736696244715,0.08780775177638558,0.15952033013875408,0.05314842182493379
bc1qbi86mtzhsp3v5vs0jzwlsd4tr4gse74v5dm5nq,True,coinjoin,0.47569716346467417,Driven by: consistently high peer geo-velocity (contributed +0.171); physically implausible peer geo-velocity (contributed +0.090); an unusually high number of incoming payments (contributed +0.014).,-0.4880382341438646,-0.2860830090704887,-0.15734471311562048,-0.08635242574600144,0.014436779728344132,-0.10330711095810599,0.09038944322891139,0.17140340640120583,-0.03371317096478254
bc1q1bb2yaj1wr892kdpyta7d589tocp8fp1k8rzuo,True,peeling,0.4748563419819364,Driven by: an unusually high number of outgoing payments (contributed +0.275); an atypical time-of-day transaction pattern (contributed +0.257); an atypical number of transactions (contributed +0.216).,-0.9346400411915131,-0.4827257854778792,0.2160040175563185,-0.2835386552806664,0.1936180626894785,0.2751631221290059,-0.0897526080052885,-0.003585867365571383,0.25699645869196686
bc1qjovhwt3ubjvjkxxkm79pplg1tq1v53hd78rswe,False,,0.47475965130944253,Driven by: unusually large average transaction amount (contributed +0.286); an unusually extreme single transaction amount (contributed +0.192); an unusually high transaction frequency (contributed +0.022).,0.2863303015584109,0.19173809537693315,-0.25986533743436846,0.021595661500695872,-0.4609377187441274,-0.10521190448556783,-0.266927445568534,-0.251984344684497,-0.00418876419746408
bc1qzs13hdnh4nred6m42fq4t7phi0ezf0zpbdurvf,False,,0.47382601482575726,Driven by: an unusually high transaction frequency (contributed +0.285); an unusually extreme single transaction amount (contributed +0.272); consistently high peer geo-velocity (contributed +0.166).,0.15240183945427205,0.27230483019203233,-0.6812864744622843,0.2850586125189746,-0.7769185167297176,-0.27067217809232547,0.06286057300716492,0.16628378026213161,-0.030389604716108125
bc1q07hdhjo5ctzetrij2frnlx6b02b7yjnxz6ytip,False,,0.473610746799398,Driven by: an unusually extreme single transaction amount (contributed +0.258); an unusually high transaction frequency (contributed +0.253); consistently high peer geo-velocity (contributed +0.155).,-0.0006454063763824677,0.2584141306103443,-0.4360478626621804,0.2532145197722679,-0.2612861343720999,-0.2921795153075785,-0.021098456953572126,0.1549555703968883,-0.4689675908164708
bc1qtnkziy75itdl35jrj9r3vp8lim06etcqr3ev1r,False,,0.47352480705255495,Driven by: unusually large average transaction amount (contributed +0.309); an unusually extreme single transaction amount (contributed +0.272); an unusually high transaction frequency (contributed +0.209).,0.3086885494392856,0.27235903193971644,-0.19251067489205487,0.2094268390243659,-0.8441473663927905,-0.4852913831423546,-0.027054787226047712,0.02266369346599899,-0.07509246299549086
bc1qjfppzje6xg541mpw57gn79hmhvl66sajxxo9zj,True,coinjoin,0.4730065227372612,Driven by: an unusually high number of outgoing payments (contributed +0.230); an atypical time-of-day transaction pattern (contributed +0.221); an atypical number of transactions (contributed +0.201).,0.029520058773948178,-0.5616316469863468,0.20106136268222136,-0.9637344418718008,0.18263505838542077,0.22977308839032454,-0.045531747021584336,-0.08755069762110139,0.22068641814110634
bc1q72j8np9s8e9gf2fxx9xjue6ihruj9ycsrk5sls,False,,0.4729098116635158,Driven by: an atypical time-of-day transaction pattern (contributed +0.262); an unusually high number of incoming payments (contributed +0.220); an atypical number of transactions (contributed +0.187).,0.03753654116079303,-0.5316520757279645,0.18722361460512818,-1.184422330353301,0.2200518285509227,0.16757619432091134,0.04818545484442065,0.0016304887706347219,0.2621199858770786
bc1qb4eyq1s4dj9dv3uy5evszzsu8e6xfwz73whcf5,False,,0.47268920510525575,Driven by: an atypical time-of-day transaction pattern (contributed +0.130); an atypical number of transactions (contributed +0.106); an unusually high transaction frequency (contributed +0.091).,-0.2804502565637114,-0.031368926414712416,0.10631798115195816,0.09102847511809337,-0.36331604990032257,-0.5105650759294336,0.02958298616460881,0.044371789257031016,0.1295451118080143
bc1qqjsqcz0n04oae7l0rcti8f34gadktoc1yfmhby,False,,0.4726826963832151,Driven by: unusually large average transaction amount (contributed +0.286); an unusually high transaction frequency (contributed +0.275); an unusually extreme single transaction amount (contributed +0.260).,0.2860237343244472,0.25992886450700026,-0.6924158939854942,0.274626509378535,-0.6655342037908828,-0.5456750631107499,0.13526867640050505,0.1757329961470365,-0.012606068586899806
bc1q0yc1ne2ooatyyxz90vqszxpgbmczdbraeiu5ax,False,,0.47240525579667886,Driven by: an unusually high transaction frequency (contributed +0.227); an unusually high number of outgoing payments (contributed +0.218); physically implausible peer geo-velocity (contributed +0.056).,-0.6214966613444045,-0.6034781497488642,-0.022201736911800378,0.22689609380225878,-0.09934522600626054,0.21841114567325312,0.0558057472832792,0.04896992394180443,0.020466113275062935
bc1qer3urev2z1k3bdgrb2d5lo9j5rwhhi4pjhl5nz,False,,0.47199597397701626,Driven by: an unusually high number of outgoing payments (contributed +0.230); an atypical time-of-day transaction pattern (contributed +0.226); an atypical number of transactions (contributed +0.175).,0.1357686211709598,-0.30357749018409175,0.17528071176740354,-0.8824367281607616,0.14912267384692462,0.2300816486596366,-0.16306647412013747,-0.3307318968326528,0.226396879753549
bc1qzfvb9ektr1t05qxs2u4oj7g4ebc94e6nkar1h1,False,,0.47186023203600513,Driven by: an unusually high transaction frequency (contributed +0.261); an unusually extreme single transaction amount (contributed +0.245); unusually large average transaction amount (contributed +0.179).,0.1793886738498932,0.24521024786780007,-0.41484894876688594,0.2608547421493328,-0.852749084806715,-0.10772696897337962,0.08772607438039906,0.1773186677522151,-0.33408422356958495
bc1qotuo4uw590z92jn67lm8e49ite92srl3vzzxt9,False,,0.4712890673995367,Driven by: an unusually extreme single transaction amount (contributed +0.285); an unusually high transaction frequency (contributed +0.255); unusually large average transaction amount (contributed +0.183).,0.1825578163813456,0.2846377108533661,-0.29120938545559344,0.25450422544238777,-0.11657262413915578,-0.2623192002367572,-0.23177762332439847,-0.363567234788862,-0.1972630757280838
bc1qvuupltxu3yf15z08n10hlinh8jv7fxp323c9nu,False,,0.4705789444015258,Driven by: an atypical time-of-day transaction pattern (contributed +0.251); an unusually high number of outgoing payments (contributed +0.237); an unusually high number of incoming payments (contributed +0.195).,-1.2344546208011737,-0.5663179560481778,0.19101256846029896,0.16298724670274195,0.19511720070905125,0.23706796135525146,0.06671816720296012,-0.0220654857921613,0.2512124649196027
bc1q9nzhqhzedcj9zqnkyp1m2vc8bzbo3fasemuhjq,False,,0.47049652699235006,Driven by: an unusually extreme single transaction amount (contributed +0.250); unusually large average transaction amount (contributed +0.208); an unusually high transaction frequency (contributed +0.191).,0.20846574235188522,0.2504301037119054,-0.12546738676434668,0.190602166723567,-0.04979599918975981,-0.29945177157359687,-0.4889173981527757,-0.4351439804134855,0.033144886656712925
bc1qin3oeuvtyt8qzpky32orwixz2c9ros7yt2m6tw,True,peeling,0.47003061849681765,Driven by: unusually large average transaction amount (contributed +0.284); an unusually extreme single transaction amount (contributed +0.275); an unusually high transaction frequency (contributed +0.223).,0.2843010310761578,0.27538447015506906,-0.43900148522018156,0.22293078591587126,-0.05033195345096075,-0.625912348020965,-0.11674447627055222,0.06612272252905702,-0.3182391792266018
bc1qehlxslg6mm1zxyvgiui9kkhzlm72jeyn9382kk,False,,0.4699859016660052,Driven by: an unusually high transaction frequency (contributed +0.256); an unusually extreme single transaction amount (contributed +0.253); unusually large average transaction amount (contributed +0.224).,0.22364867749564646,0.2527546161332083,-0.678229087073967,0.25632247369105615,-0.1962246937475862,-0.5621633266975978,-0.03818246755731967,0.09356194048502083,-0.051572380707378004
bc1qyrmjljx8xgsic43olfark6o0u93mzywr7mkgxu,False,,0.46989774608636287,Driven by: an unusually extreme single transaction amount (contributed +0.278); an unusually high transaction frequency (contributed +0.269); unusually large average transaction amount (contributed +0.231).,0.23139927480781802,0.27755438927698506,-0.11860256300277758,0.2693612897148476,-0.2117039840490138,-0.3427205014502586,-0.5355464053984316,-0.2954844560849679,0.028431278076055316
bc1qcro04byv5jhurr8iqrt007pceaseh5e5rwsf5p,False,,0.4696849574512596,Driven by: an unusually extreme single transaction amount (contributed +0.288); unusually large average transaction amount (contributed +0.183); an unusually high transaction frequency (contributed +0.175).,0.18271479363107737,0.28755222422653154,-0.2249559545353049,0.174947339519203,-0.19051611814949748,-0.48368798671075774,-0.14568689722610856,-0.2743891716395749,-0.016595375419394136
bc1q38xrg2gzr7txcb48y1o4izasnwywrratatj9a3,False,,0.4693761469041595,Driven by: unusually large average transaction amount (contributed +0.295); an unusually extreme single transaction amount (contributed +0.245); an unusually high transaction frequency (contributed +0.183).,0.29479565422084564,0.24544545448950242,-0.36061073556554196,0.18261951559330392,-0.08268207363798454,-0.7504947872119827,-0.08578281249635132,0.10064443179593957,-0.22483092485677428
bc1qg3y2t5ovjyzxfuj7xn1ypqpmqk8sz7iwdl14wc,False,,0.4683267502966585,Driven by: an unusually high transaction frequency (contributed +0.247); consistently high peer geo-velocity (contributed +0.219); physically implausible peer geo-velocity (contributed +0.112).,-0.3521296080364028,-0.3724547832388345,-0.22654829037075683,0.24699500317736733,-0.3555088729435419,-0.027848406850922755,0.11172823799578652,0.2187421511300726,0.10920949990514406
bc1q0fodro8bnp84dyt9moge4qxxva2ieuc1hh5lf6,False,,0.4683230986032795,Driven by: an unusually extreme single transaction amount (contributed +0.269); an unusually high transaction frequency (contributed +0.184); unusually large average transaction amount (contributed +0.152).,0.15248645553706383,0.268577550747028,-0.29117747740784905,0.18385109540451647,-0.018139275579488818,-0.9990490033402701,0.027576518533024744,0.09380150608836328,-0.065627193755198
bc1qwafftouhylu6k7p9mda9oekntbz3m55izolnnt,True,"fanin,fanout",0.46804110333278237,Driven by: consistently high peer geo-velocity (contributed +0.247); an unusually high transaction frequency (contributed +0.238); an unusually extreme single transaction amount (contributed +0.212).,-0.2370635437065161,0.2117311371538786,-0.33056333411021266,0.23831806484769155,-0.19547315781022956,-0.2538391763099733,0.10590568129239099,0.24682614551464316,-0.424639307915869
bc1qryztbvhuazun6fht60kusfhvmljekbvxsogb20,False,,0.4677584101804456,Driven by: an unusually extreme single transaction amount (contributed +0.283); an unusually high transaction frequency (contributed +0.275); unusually large average transaction amount (contributed +0.160).,0.15965466329089054,0.28329466632693096,-0.313199827734974,0.27462807999734234,-0.16906953783774128,-0.2610656346330981,-0.4392269074173644,-0.11779431845853386,-0.04708892513726755
bc1q2abg9sho5d5afql0dgh6m3sgur4pu6w93k8ekt,True,"fanin,fanout",0.4676987888881509,Driven by: an unusually extreme single transaction amount (contributed +0.243); an atypical time-of-day transaction pattern (contributed +0.076); unusually large average transaction amount (contributed +0.068).,0.06758113945416712,0.24348647622892156,-0.2005809506925938,0.02366157071685188,0.007671156278679591,-0.12445319735969676,-0.40624548842265107,-0.31476603573868694,0.07566160247275022
bc1qeoz906gnhh4oipr11v127my89sfqeri7b03rag,True,peeling,0.46768649142135227,Driven by: an unusually high transaction frequency (contributed +0.277); an unusually extreme single transaction amount (contributed +0.261); unusually large average transaction amount (contributed +0.226).,0.22627398416358382,0.2607285807306006,-0.5198540367427446,0.27709867918354003,-0.5755381955140277,-0.1871411236812131,-0.06002800813974652,0.11205706906362448,-0.16119205007113982
bc1q2tbw4pyx3s63lc6p0drqfvfa5qub00mf9awrzv,True,coinjoin,0.46761955759449203,Driven by: an unusually high transaction frequency (contributed +0.149); consistently high peer geo-velocity (contributed +0.121); an atypical time-of-day transaction pattern (contributed +0.116).,-0.17387617070359893,-0.07597719054654299,0.11189708291864883,0.1488880868936931,-0.30590351035642627,-0.4841369595534769,-0.08429588251518015,0.12143231872156018,0.11649255433318233
bc1qmx15z8vmuhxid4n1u3493wxa73jgzlma5uofwb,False,,0.4673771890805003,Driven by: an unusually extreme single transaction amount (contributed +0.258); an unusually high transaction frequency (contributed +0.257); unusually large average transaction amount (contributed +0.239).,0.2393430742271976,0.258351555815409,-0.4415171308517458,0.25697917356323197,-0.27481133095618837,-0.30264513065234944,-0.001854826455353331,0.13370093656304008,-0.4853634495593113
bc1qm19attkprehvyronadcvmsak0ojw1jvaa08d71,False,,0.467273591470043,Driven by: an unusually extreme single transaction amount (contributed +0.299); unusually large average transaction amount (contributed +0.217); consistently high peer geo-velocity (contributed +0.053).,0.2169273938232138,0.29888706260949854,-0.2449887635163555,-0.6768960757052243,0.01140517979530496,-0.13329167742710185,-0.036961235502287276,0.0527388218718024,-0.10236135703074682
bc1qhfy40jotv7h10b8vk9qkav8c3pq5u74ij643yu,False,,0.4668943169984787,Driven by: an unusually high transaction frequency (contributed +0.226); consistently high peer geo-velocity (contributed +0.141); physically implausible peer geo-velocity (contributed +0.092).,-0.4681823762969457,-0.42066282262899934,-0.1644161914326737,0.2260626231522751,-0.012709398459063805,-0.07867746603970176,0.09198078658564553,0.14054169760431798,0.08352399501887776
bc1q9t6m7rjbn9qb1jfegh1vowd186t2pxm8ec4nnz,False,,0.46670350459337423,Driven by: an unusually extreme single transaction amount (contributed +0.243); an atypical time-of-day transaction pattern (contributed +0.122); unusually large average transaction amount (contributed +0.080).,0.07952084048156548,0.243230216489581,0.0646421866179165,-0.17956904541873644,-0.28717659018859676,-0.4415092868953308,-0.16608316592196976,-0.031973259239943715,0.12242057383870053
bc1qmigovr9ahembh4vsk23afpybuxhwrrvaxgumdf,True,coinjoin,0.4666213692546063,Driven by: an unusually high transaction frequency (contributed +0.277); an unusually extreme single transaction amount (contributed +0.262); consistently high peer geo-velocity (contributed +0.199).,0.19053100480808166,0.2617024262085917,-0.3182919580678503,0.27707304226042967,-1.126947167755693,0.03961204232804544,0.040291042465092096,0.19947856668949107,-0.15734514795726637
bc1qnipg43tlrcelmdz5vaiegd572i2f8rpjx0wuzl,False,,0.46651414174128775,Driven by: consistently high peer geo-velocity (contributed +0.218); an unusually high transaction frequency (contributed +0.193); an atypical time-of-day transaction pattern (contributed +0.093).,-0.35993193477448315,-0.5950232121804383,-0.13882937320774763,0.19318064507382404,0.011202142301994955,-0.09454128126618648,0.08236343970430057,0.21828242846858206,0.09279778378864309
bc1q3b0hxz8y8k25gp0a8d2odkwdgseotp5or4nn9n,False,,0.46625459175775974,Driven by: an unusually high transaction frequency (contributed +0.233); an unusually high number of outgoing payments (contributed +0.222); consistently high peer geo-velocity (contributed +0.089).,-0.4844860953463271,-0.45278037438077473,-0.10579967446743498,0.2325357656558747,-0.19513316325635924,0.2222028647468907,0.06443503199795958,0.08936795845899642,0.04738366382350987
bc1qz4xutxbe5nw8r3mu50cs9qb62j77rueoc7jnx8,True,peeling,0.46621916283118336,Driven by: unusually large average transaction amount (contributed +0.242); consistently high peer geo-velocity (contributed +0.096); an unusually extreme single transaction amount (contributed +0.082).,0.2418574135293548,0.08186811986935946,-0.15417813288980078,-0.580385021954373,-0.059806126363401484,-0.3001926676172656,0.0316931918431809,0.09574177099844214,0.06225055499633638
bc1qmp9a9uri7ev4dh9ugf10oo1pvlnd581lto4rq3,False,,0.46613218894744135,Driven by: unusually large average transaction amount (contributed +0.291); an unusually extreme single transaction amount (contributed +0.279); an unusually high transaction frequency (contributed +0.247).,0.2910014356782177,0.2794649680312586,-0.4134747909241375,0.24703197820445486,-0.31411871411861486,-0.38149213028666656,-0.15084647737506202,0.05742321591256736,-0.1933828793753781
bc1qzmvutiymr0az0znz3t1wm3eqlsu8mijpw105uv,True,peeling,0.465601888877808,Driven by: an unusually high transaction frequency (contributed +0.282); unusually large average transaction amount (contributed +0.165).,0.16507614806244486,-0.44833028860432694,-0.24083610485698076,0.2819145030671014,-0.057570922893701255,-0.13079742886762244,-0.038471174492085126,-0.011621997531508723,-0.08093184620280242
bc1qxe0jdcz1oa3vf02gvllsajhjxqkd8ur6tiaron,False,,0.46555595113536985,Driven by: an unusually high number of outgoing payments (contributed +0.241); an atypical time-of-day transaction pattern (contributed +0.220); an unusually high number of incoming payments (contributed +0.180).,0.14726528946775827,-0.08156855099135028,0.1730488937680465,-1.156961634877273,0.17962191019596618,0.24072666222376227,-0.11900365442771918,-0.16302558889909863,0.21978588222442708
bc1qmt4c46p9nbav4vjhp60iq7sddvxylfu2faw2xc,False,,0.46554672609437053,Driven by: an unusually high transaction frequency (contributed +0.244); consistently high peer geo-velocity (contributed +0.066); an unusually extreme single transaction amount (contributed +0.051).,-0.01118833213044929,0.05065452168375139,-0.29439279479909775,0.24445529260251606,-0.4167381148950342,-0.03622372702349857,-0.006181847781231843,0.06552347285325046,-0.15572639005296265
bc1q2lofn1r4kz36u8ueihx74d0gjyv5g10ur5l8a7,False,,0.4655122922617689,Driven by: an unusually high transaction frequency (contributed +0.278); unusually large average transaction amount (contributed +0.242); consistently high peer geo-velocity (contributed +0.119).,0.24228963482023164,-0.1016588912714959,-0.44969304480125366,0.27805959439403216,-0.05075497584632777,-0.5526071074512221,-0.011404484204636658,0.1188247823418378,-0.03178018896933798
bc1qep9p9w4j66cnoljq52wspofv177udktmonrvbj,False,,0.4653701335288542,Driven by: unusually large average transaction amount (contributed +0.270); an unusually high transaction frequency (contributed +0.222); an unusually extreme single transaction amount (contributed +0.202).,0.26984437082074736,0.20215314473874732,-0.15431039403989774,0.2224148739503249,-0.22504152180669088,-0.3759975788515722,-0.37369635563105597,-0.13449295102696532,0.014915979772863977
bc1q8p8o85biofu2ncu22kb8ohl1zumkvgg4np4d8j,False,,0.4652466757816797,Driven by: unusually large average transaction amount (contributed +0.314); an unusually high transaction frequency (contributed +0.271); an unusually extreme single transaction amount (contributed +0.265).,0.31395714362848254,0.265151065347033,-0.2777817038973132,0.27094016159186624,-0.09587952830371116,-0.2613089568093909,-0.24503134804931814,-0.3524877868224207,-0.16784796047712422
bc1qvj0va0stka0914abazd84vf16185ibjubi6mgh,True,peeling,0.46507774015578285,Driven by: an unusually high transaction frequency (contributed +0.195); physically implausible peer geo-velocity (contributed +0.153); consistently high peer geo-velocity (contributed +0.135).,-0.19796787434959254,-0.4157650610308931,-0.1850707241258825,0.19507426298820713,-0.2970513591651955,-0.021730855584566743,0.15310738946628566,0.13496007269430432,0.08952300183713008
bc1qulthycx8ae0jxyo6hfd7lttc954ai2278eqe12,False,,0.4649400008562334,Driven by: unusually large average transaction amount (contributed +0.262); an unusually extreme single transaction amount (contributed +0.260); an unusually high transaction frequency (contributed +0.255).,0.2616411488234814,0.2602692352356533,-0.5374225061888709,0.2547267330377535,-0.6472416390841749,-0.20633270169233126,0.11225030651335761,0.17946622162677264,-0.21789996903806538
bc1qzi5sgwcr8b97egt2hspqfhpvku8h5r8mnqpvpf,True,"fanin,fanout",0.4646881215916331,Driven by: an unusually extreme single transaction amount (contributed +0.296); an unusually high transaction frequency (contributed +0.260); unusually large average transaction amount (contributed +0.256).,0.25616387271445035,0.2961827913969787,-0.4090557384369734,0.25983933481907007,-0.32666190635810366,-0.40156534543203604,-0.05538145618650925,0.08925889249262604,-0.24131440062184842
bc1qq9vjuhbp9vrnegn2b4jtj27yh6uamwjpiwujt4,False,,0.4644554213370613,Driven by: an unusually high number of incoming payments (contributed +0.223); an atypical number of transactions (contributed +0.128); an unusually high number of outgoing payments (contributed +0.091).,-0.3283182598211918,-0.02021655405429644,0.12812820915119105,0.06845971752671215,0.2228020833742483,0.0911659043395532,-0.06353925075369912,0.05223092562918019,-0.6758435078453138
bc1q4cowgzrixa11dpg8sbi4q2y9v86wzs3t60rjiw,False,,0.4641135310670582,Driven by: an unusually extreme single transaction amount (contributed +0.282); unusually large average transaction amount (contributed +0.187); an unusually high number of incoming payments (contributed +0.146).,0.18724050181043034,0.28176316155805675,0.10933097659077876,-0.4392483051087754,0.14564445440794677,-0.5950166223996572,-0.15903731034932503,-0.10456883065694554,0.059645012524273226
bc1q7yirq8rtm4j3dab42hhihxs58yreg2iv7zzj64,False,,0.46375409420227987,Driven by: an unusually extreme single transaction amount (contributed +0.287); an unusually high transaction frequency (contributed +0.264); unusually large average transaction amount (contributed +0.107).,0.10663705860110251,0.2869483691787027,-0.27604320865161774,0.26367112029524536,-0.3555972336104359,-0.416378412987824,-0.025640917128536462,0.06813519749135095,-0.15452793509991533
bc1q10q2lg1zhqunue7a34mpyo2tla27f8lwvv59ho,False,,0.4634128314627085,Driven by: an unusually extreme single transaction amount (contributed +0.270); unusually large average transaction amount (contributed +0.262); an unusually high transaction frequency (contributed +0.244).,0.2618277278663871,0.27042806845325756,-0.5109135140681417,0.24367814069092386,-0.28377971689227466,-0.3513515443834067,-0.013440768997776851,0.03684975099497317,-0.1452138837974554
bc1qrln36v1mzb3i4fieecy2c11bd2scejcy127h6g,False,,0.46226059569099875,Driven by: an unusually high number of outgoing payments (contributed +0.229); an atypical time-of-day transaction pattern (contributed +0.226); unusually large average transaction amount (contributed +0.179).,0.1788498333606061,-0.045461398091054074,0.1732271199758086,-0.794683220534205,0.17040836417057284,0.2292337998915883,-0.2386069090235916,-0.3542249104943865,0.22613672977051033
bc1qv4bktcv1ltwbj9uu2bl7amkoh109zdo0d3fvnv,False,,0.4621855724088652,Driven by: unusually large average transaction amount (contributed +0.249); an unusually extreme single transaction amount (contributed +0.233); an unusually high transaction frequency (contributed +0.148).,0.24887997291647068,0.23349500499377124,-0.3192450651519529,0.14794982832264358,-0.18700548096296124,-0.25041277351735647,-0.038467714466824295,0.08289769580505935,-0.37081310877915974
bc1q1cgwj9s8u287m5c6reaguucqb39bw4q46derg8,False,,0.46192628006057546,Driven by: physically implausible peer geo-velocity (contributed +0.235); an unusually high number of incoming payments (contributed +0.226); an unusually high transaction frequency (contributed +0.166).,-0.11545631728596485,-0.9922577541454991,0.04468077735831087,0.1659665941510397,0.2258137832355279,-0.05287418469067101,0.23507048305420525,0.14259504834178752,-0.09796591946667974
bc1qhkcqwb00n114py4fngbg4pdfcopzfzz5t6v8vl,False,,0.46133875350288767,Driven by: unusually large average transaction amount (contributed +0.250); an unusually extreme single transaction amount (contributed +0.194); an unusually high transaction frequency (contributed +0.170).,0.24991623741163027,0.1940774580799781,-0.3355149455949846,0.16959198538539696,-0.18462224740014874,-0.28443627956721235,0.06702841610500944,0.14816636903827515,-0.44982365286335174
bc1qs9dwd7oi0pesgbm65q57te8tvq05pxt6ridlof,False,,0.4612600156789821,Driven by: unusually large average transaction amount (contributed +0.333); an unusually extreme single transaction amount (contributed +0.286); an unusually high transaction frequency (contributed +0.195).,0.3332556821187567,0.28647111311235335,-0.34174010076709727,0.19549192973943721,-0.10037016728444656,-0.3517187374413734,-0.12746616341496578,-0.33127997181806734,0.014262524413246984
bc1qv6j9rufivipv8mswrr90909jfjfl12z4yjdkei,False,,0.46113610720266335,Driven by: an unusually high number of outgoing payments (contributed +0.249); an unusually extreme single transaction amount (contributed +0.248); unusually large average transaction amount (contributed +0.211).,0.21147906895809862,0.24774231682209394,-0.1995606690391801,-0.8654570597273081,-0.186314355966787,0.24940856605872405,-0.014847798080419807,0.08152130288693286,0.056905649422403316
bc1q16dkpmvno9i1s6xh7abm4ml2iqr2ahnyrvfont,False,,0.46103067738437314,Driven by: an unusually extreme single transaction amount (contributed +0.295); unusually large average transaction amount (contributed +0.165); consistently high peer geo-velocity (contributed +0.111).,0.1651859536433763,0.2949027908083376,-0.21964686578410586,-0.5717389327265895,0.02656062581981428,-0.14545506322743162,0.0192637405636309,0.11090191255221087,-0.09571757557044953
bc1q8xvi673kllzcuh1i8yatye737fentd7kfn8k6p,True,"fanin,fanout",0.46089585012153933,Driven by: an unusually high transaction frequency (contributed +0.242); an unusually extreme single transaction amount (contributed +0.238); unusually large average transaction amount (contributed +0.185).,0.18531601063048242,0.237731470433354,-0.16777608463228696,0.24177005144002528,-0.2582836316423474,-0.03985138773415229,-0.4456410607538434,-0.24177694977797862,0.07709119758218141
bc1qvw7njkhvyqdk9xma5vixr4dto8uflv4ba7obbc,False,,0.4600241608512008,Driven by: unusually large average transaction amount (contributed +0.272); an unusually extreme single transaction amount (contributed +0.170); consistently high peer geo-velocity (contributed +0.130).,0.2720379187771217,0.1703851148830226,0.07497981328009622,-0.1837571541898713,-0.4064589979395443,-0.4206803193643318,-0.12627395514306095,0.12956552215807282,0.10676160841065581
bc1q015oop767j2dg1wjuiiymyrsvzn4regb1ajo09,False,,0.4599570464736753,Driven by: an unusually extreme single transaction amount (contributed +0.293); an unusually high transaction frequency (contributed +0.201); unusually large average transaction amount (contributed +0.154).,0.15367534671107136,0.29272196754384805,-0.13749973320792322,0.20058902094373607,0.020030018989528466,-0.07153830987512731,-0.4600687250054468,-0.3441652713944472,-0.03502829394790026
bc1qkh5nnaubfwapukhl6j3yvhwb2asflxezxpfhak,False,,0.45982617529341074,Driven by: physically implausible peer geo-velocity (contributed +0.244); an unusually high number of incoming payments (contributed +0.225); an unusually high transaction frequency (contributed +0.162).,-0.04976363704250642,-1.0059248642296628,0.043262727928201045,0.1623773576692839,0.22519158552152496,-0.03780715773298742,0.2443222768430295,0.14309235388117972,-0.10182866026787335
bc1qty3addqhkgad7x48wze4ex6u86zjq7w7jp61lf,True,fanin,0.45977385504144985,Driven by: an unusually extreme single transaction amount (contributed +0.142); an unusually high transaction frequency (contributed +0.139); an atypical time-of-day transaction pattern (contributed +0.127).,-0.0693588474460511,0.1415493603331915,0.10349351814913163,0.13859680588811477,-0.3776650067120942,-0.48885721447767416,0.01999216586755851,0.029565408752090058,0.12728760495074715
bc1qk2vmwwyzx4w6xlpu0dk0get8t63j3r30me8f84,False,,0.4597581828929017,Driven by: an unusually high transaction frequency (contributed +0.135); consistently high peer geo-velocity (contributed +0.134); an unusually high number of incoming payments (contributed +0.061).,0.03256540843010057,-0.08315909830994339,-0.23982918584606538,0.13533619029655639,0.061007290615465865,-0.4351118689459473,0.02693033488097062,0.13378367535098593,-0.006415139221613592
bc1qtmo11if24hyg1hb3z30zbtvfh7b0ahi1ywt3hk,False,,0.4596234964919017,Driven by: an unusually extreme single transaction amount (contributed +0.278); unusually large average transaction amount (contributed +0.275); consistently high peer geo-velocity (contributed +0.173).,0.2747084075407336,0.2775861631889824,-0.272917612369041,-0.6269950211653186,-0.019329089493906198,-0.2276043290573503,-0.017981648330775007,0.17309572900231332,0.06887547452499282
bc1qo3xt083rwr3ow37gjnxi5p2qfs7glb82motz60,False,,0.45955568062879015,Driven by: an unusually extreme single transaction amount (contributed +0.327); an unusually high transaction frequency (contributed +0.255); unusually large average transaction amount (contributed +0.121).,0.12112709438940554,0.3267274384905292,-0.18977839672058455,0.25518955306131824,0.0020383983972608456,-0.1083678183979623,-0.5338443409962818,-0.3332367864419181,0.0917638428594886
bc1qlk4ktcm2vss666cevpoui0omoms98z2n4xxzu3,True,coinjoin,0.45940358474697573,Driven by: an unusually extreme single transaction amount (contributed +0.182); an unusually high number of outgoing payments (contributed +0.158); an unusually high transaction frequency (contributed +0.156).,-0.19423997352446262,0.18180789008214718,-0.2336599108664171,0.15556845040364914,-0.5526335310944507,0.15781232151329075,0.028841742669837515,0.07704970825125329,0.015964755102987987
bc1qh4kymhvkcxallssfk7qirjqr0u09xox3mslzar,False,,0.4593317823490947,Driven by: an unusually extreme single transaction amount (contributed +0.286); an unusually high number of outgoing payments (contributed +0.235); an atypical time-of-day transaction pattern (contributed +0.234).,0.1464004108448354,0.28618806223131,0.1810406672301247,-0.8649640289992135,0.18331589819635008,0.23483669346574293,-0.3311356852095421,-0.43124300790573833,0.2343826731148698
bc1qemdf3jphnb5vngblcqzj82zqyjm3ppsohxf823,False,,0.4593089283374043,Driven by: physically implausible peer geo-velocity (contributed +0.246); an unusually high number of incoming payments (contributed +0.225); an unusually high transaction frequency (contributed +0.162).,-0.04903853748890454,-0.9953092825570702,0.046252690655992565,0.16236980016513314,0.22510346789935276,-0.03780715773298742,0.24582923025936287,0.14398553189739727,-0.10182866026787335
bc1q1v4kfiwkesvr022wgn51nsgzsr8ruw2xh6qihp,False,,0.45870378432413095,Driven by: an unusually extreme single transaction amount (contributed +0.296); an unusually high transaction frequency (contributed +0.184); unusually large average transaction amount (contributed +0.158).,0.15815148318556368,0.2955656622390577,-0.25970436176738443,0.18377619480822818,-0.05439267632142855,-0.22280020206042414,-0.11392972243452137,-0.17317893509391402,-0.15444462010098006
bc1q1y2d6unuwixuy3opa59f96ls9tzj9vfa9sxvf1,False,,0.4584643389718308,Driven by: an unusually high number of outgoing payments (contributed +0.249); an atypical time-of-day transaction pattern (contributed +0.242); an atypical number of transactions (contributed +0.228).,0.04890189149208197,-0.7439720777891221,0.22816125728070297,-0.2605569467470178,0.17357397261695148,0.2493313120442703,-0.14606226472905037,-0.12429468020724663,0.24167763845774665
bc1qcjwtl9tqvdz4x1zhqimqodpxnf7c3dd03uvule,False,,0.45821739078833273,Driven by: an unusually extreme single transaction amount (contributed +0.275); unusually large average transaction amount (contributed +0.192); an unusually high transaction frequency (contributed +0.161).,0.19150174682090593,0.274668593059375,-0.25349825147852484,0.16068771540291316,-0.04967354464468373,-0.2134701590952024,-0.0977007843362951,-0.18177653292807827,-0.15601536241038624
bc1q0lgrpzrxep46agyggfmnuf8z3hjeym4um75w15,False,,0.45815393106465835,Driven by: consistently high peer geo-velocity (contributed +0.191); an unusually extreme single transaction amount (contributed +0.180); an unusually high number of outgoing payments (contributed +0.120).,-0.030445752894029125,0.17999284519888054,-0.20447010421989567,0.052022345500563734,-0.5490703993655841,0.11968560936312508,0.02461664232143637,0.19085182542199944,-0.10641251725661695
bc1q0sqcnf9w5n9c70pa8jx54pegjks4i2nr1p02jy,False,,0.4578014755446574,Driven by: unusually large average transaction amount (contributed +0.292); an unusually high number of outgoing payments (contributed +0.217); an unusually extreme single transaction amount (contributed +0.164).,0.2917370280947523,0.1643087068450824,-0.14691872574611464,0.16091110814685888,-0.07277816411582806,0.21747263566685376,-0.44246270407665633,-0.5035864575174128,0.019461684079255654
bc1qzdo74v1qx8ertb74rs7gu0env5sn961j88qeoz,False,,0.45714793938469,Driven by: an unusually high transaction frequency (contributed +0.236); an unusually extreme single transaction amount (contributed +0.144); consistently high peer geo-velocity (contributed +0.141).,-0.47704807378757386,0.14383681020401723,-0.21966608098887055,0.23614242260502727,-0.01905051180374377,-0.19420445899933864,0.02095037276270774,0.14073199972708458,0.07756706343705443
bc1qjojwlrkxjtmyswe1ga6srg1yd5my3gdilk1qy7,False,,0.45701919967137894,Driven by: an unusually extreme single transaction amount (contributed +0.283); unusually large average transaction amount (contributed +0.223); an unusually high transaction frequency (contributed +0.126).,0.2225746104130503,0.282652914956438,0.05436309408066719,0.12608909671650081,-0.540701011105752,-0.4118385185759702,-0.026432971353916722,-0.09962126489246305,0.10633647127810286
bc1qbkski19ur8nzjee1b34rqvzyie8mylacydctq1,False,,0.4566412025830794,Driven by: physically implausible peer geo-velocity (contributed +0.238); an unusually high number of incoming payments (contributed +0.226); an unusually extreme single transaction amount (contributed +0.196).,-1.1442728799510269,0.19566091780812808,0.041406430025253356,0.18868553669569413,0.2258578624307609,-0.08900528262070823,0.23844984846425868,0.1598399077927669,-0.09097036953659358
bc1qz7e5rdeky820icfmq0ycy6bdzsgu4w8wiv5hhq,True,"fanin,fanout",0.45663949735076503,Driven by: an unusually extreme single transaction amount (contributed +0.281); an unusually high transaction frequency (contributed +0.251); unusually large average transaction amount (contributed +0.201).,0.20051317729361376,0.2814367469512942,-0.16442603228263677,0.25093302571818715,-0.24705836388574676,-0.050063175846215925,-0.42908390721891254,-0.18687502586951002,0.07033071951022893
bc1q36mhcclxntxlpup0t2k5clf0xsz6xj3anq6v09,False,,0.4565169475080347,Driven by: physically implausible peer geo-velocity (contributed +0.245); an unusually high number of incoming payments (contributed +0.224); an unusually high transaction frequency (contributed +0.177).,-0.13970383760526595,-0.8392466794565729,0.04841884647827889,0.17682442346671934,0.22360591821721593,-0.042353050344191866,0.24470335662942264,0.1384835762651219,-0.08105827822227576
bc1qardaaw2afi63ovwumzt2eoda5jjvk2ky6oc8fy,False,,0.45624779545949407,Driven by: physically implausible peer geo-velocity (contributed +0.252); an unusually high number of incoming payments (contributed +0.226); an unusually high transaction frequency (contributed +0.166).,-0.01677299678914654,-0.9443942812352649,0.050519812907825895,0.1662673301401357,0.2255413401747984,-0.03720454286790259,0.2515336424967083,0.15089448091444627,-0.10799394011304264
bc1q3vna31xbidfwa88d0mzhrupflfcywe3dks4f6a,False,,0.45559715109172155,Driven by: unusually large average transaction amount (contributed +0.332); an unusually high transaction frequency (contributed +0.279); consistently high peer geo-velocity (contributed +0.234).,0.3321686520508155,0.08561510081054578,-0.3559940385911323,0.2793655901812345,-0.1957054458674487,-0.28428293463307147,0.10893507650462748,0.2341127323093875,-0.44473131518808573
bc1q7ixhhkffn16db0ic1kxgjw2wzoiv10jh6zaz50,False,,0.45555495886327063,Driven by: an unusually extreme single transaction amount (contributed +0.270); an unusually high transaction frequency (contributed +0.203); unusually large average transaction amount (contributed +0.181).,0.1809823401481271,0.27004857840160323,-0.14025448557205333,0.20270933593394694,-0.04477252481379367,-0.3066991671867008,-0.13251816469828223,-0.12558748004267525,-0.14305618821618787
bc1qjx084dehnsb02lnnw139mxfgbl0m3i1689want,False,,0.4555099198380756,Driven by: physically implausible peer geo-velocity (contributed +0.241); an unusually high number of incoming payments (contributed +0.228); an unusually high transaction frequency (contributed +0.189).,-1.100966736058397,0.17491271965100294,0.04138263563558736,0.18941581292593893,0.2276440707302129,-0.07766723691674887,0.24148965787084642,0.1575365544690774,-0.09143391053195833
bc1qw5zs9bk4ufsvuxzuykmg3duvschl80zd8ip5ob,True,peeling,0.4553565758001858,Driven by: unusually large average transaction amount (contributed +0.304); an unusually high number of outgoing payments (contributed +0.234); an atypical time-of-day transaction pattern (contributed +0.039).,0.304131908686617,-0.01889167345171775,-0.14506439435694382,-0.5262309897167715,-0.0813685838175633,0.2344885500138314,-0.012209940430418691,-0.026356337630555993,0.03879147060467115
bc1qrtmpv5lmq15fbs4wvt3f2f3hycpesbda7xfizm,False,,0.4553493212978678,Driven by: an unusually extreme single transaction amount (contributed +0.302); unusually large average transaction amount (contributed +0.212); an unusually high transaction frequency (contributed +0.204).,0.2121404101922616,0.30181005479979256,-0.24110909968720073,0.20351401700989155,-0.3064166815237605,0.16473871755674502,-0.18876706044944092,-0.2974840594936612,-0.08090081813609412
bc1qe7cxsuo874ohl5thlvjyqtaybgi0rr0tiaxufv,False,,0.4553463917381502,Driven by: an unusually high number of outgoing payments (contributed +0.250); an atypical time-of-day transaction pattern (contributed +0.246); an atypical number of transactions (contributed +0.205).,0.10751395684968253,-0.5212302136926329,0.20515389216099492,-0.40965890445504854,0.17713982181971996,0.24978536674746932,-0.13045793341071188,-0.15706850533932312,0.24644308980779667
bc1q3618leu6zu1tozhdv5ojzto7d835kuc9pbtyjr,False,,0.4552219555952937,Driven by: unusually large average transaction amount (contributed +0.319); an unusually high transaction frequency (contributed +0.256); an unusually extreme single transaction amount (contributed +0.237).,0.31889116354254055,0.23742273262660551,-0.28479302819968677,0.2560414102138581,-0.6664490341933679,0.10384213115921764,-0.017223297907628606,0.043813964681676136,-0.21988584895504867
bc1qzeeqnsn2s8nn16uxf5gzpl1qweehwjq4ta5ivr,False,,0.45507216629426167,Driven by: an unusually high transaction frequency (contributed +0.257); unusually large average transaction amount (contributed +0.227); consistently high peer geo-velocity (contributed +0.184).,0.22675268199880305,0.14897195233042845,-0.4431804893272991,0.2569802863741998,-0.2568746644539101,-0.33504471416590215,0.021107374792280455,0.18384781714958068,-0.026035914196170535
bc1quq1ik8238xkexnbtbcgtijst72v3m4lkmswvbc,True,peeling,0.45504408781329575,Driven by: an atypical time-of-day transaction pattern (contributed +0.293); an unusually high number of incoming payments (contributed +0.249); an atypical number of transactions (contributed +0.246).,-0.7474039831874028,0.1956596475061397,0.24593393742152472,-0.7195049038125076,0.2494325926231392,0.21385313065760175,0.04086336968325424,0.005235917515659217,0.29336659833691603
bc1qskxlojsyt5wsgrx37jw34670chqi014o46w4jk,False,,0.45465816531580217,Driven by: an unusually high transaction frequency (contributed +0.221); an unusually high number of outgoing payments (contributed +0.214); consistently high peer geo-velocity (contributed +0.189).,-0.47768281666941037,-0.4212788939231615,-0.021854942563311174,0.2206919156849735,-0.02652924049812514,0.21435171729881294,0.04516366906976703,0.18851105766162451,0.06860413238206954
bc1qa7zp8pwn40e1jjdzcya1jusshu1bacxf6rnh5e,False,,0.45431398148406243,Driven by: physically implausible peer geo-velocity (contributed +0.242); an unusually high number of incoming payments (contributed +0.223); an unusually high transaction frequency (contributed +0.179).,-0.1586701372210756,-0.7647856118592007,0.058164555011755076,0.1786120448326083,0.22292493168846725,-0.03822905286620494,0.2415758250306041,0.14066490540181495,-0.07908785660126756
bc1q58cuij0yxiyqbvtdg3c6scivuqt2lwhedhthru,False,,0.45409475024502055,Driven by: an unusually extreme single transaction amount (contributed +0.280); an unusually high transaction frequency (contributed +0.270); consistently high peer geo-velocity (contributed +0.216).,0.13018792298372311,0.27964182365483764,-0.3276947253636605,0.26981082976087895,-0.16154479731656646,-0.2787975115362252,0.10884492198604015,0.21610354280684854,-0.42824848851454056
bc1qjvrqvqlq93bvmy7twy6h7tnvokeynjtps9o5sr,False,,0.45358449612834123,Driven by: an unusually high number of outgoing payments (contributed +0.245); an atypical time-of-day transaction pattern (contributed +0.241); an atypical number of transactions (contributed +0.221).,0.03848087480223664,-0.6464267727407295,0.2209847989387225,-0.18174199955463732,0.1801216284896122,0.24531007644185818,-0.14455567537072073,-0.12785289048001372,0.24060079642548715
bc1qa6ar1ar6ufcmvq9oat0leupk9iphptmqk0ymxn,False,,0.453496160229941,Driven by: an unusually extreme single transaction amount (contributed +0.270); an unusually high transaction frequency (contributed +0.184); unusually large average transaction amount (contributed +0.171).,0.17085458761632835,0.26992754550805204,0.047004024945952357,0.18367777942079652,-0.5033546624736511,-0.43604983644261464,-0.021183458490995243,-0.01534917532696291,0.13227274349362728
bc1qtj54696qz6cp7savzebu2y0oy58f1n2ojgfhz5,False,,0.45321588311677835,Driven by: an unusually extreme single transaction amount (contributed +0.296); an unusually high transaction frequency (contributed +0.212); unusually large average transaction amount (contributed +0.205).,0.20453326008432965,0.29620473281089227,-0.20634456472884796,0.21156181370002397,-0.23065038108566827,-0.5784706969334975,0.04020265793372891,0.0051615601758710225,0.09473861709415318
bc1qco2jep91oxjcbyhgmn9ztdy61aa0c5hdfub4rc,True,coinjoin,0.4527570685294865,Driven by: physically implausible peer geo-velocity (contributed +0.245); an unusually high number of incoming payments (contributed +0.229); an unusually high transaction frequency (contributed +0.190).,-1.058821835889992,0.18605316525802995,0.058755635658748674,0.19012046165349533,0.22864544899778738,-0.07064758082105663,0.24489963619127084,0.16240594725550064,-0.08950363766839985
bc1q1gbz30v0vsgqg034l4kv2ra0t51lc8a4oc1cqb,False,,0.45252724452337345,Driven by: unusually large average transaction amount (contributed +0.245); an unusually high transaction frequency (contributed +0.201); consistently high peer geo-velocity (contributed +0.123).,0.2449985782494301,-0.0744358435570469,0.09492750725826832,0.20131585565481788,-0.37643326196252835,-0.4662445291330915,0.008412029121427068,0.12260088739185089,0.10427043863575161
bc1qt1dx6ta7ypp5zp7r1m264upj16dvtja0assnh2,False,,0.4524954176953366,Driven by: an unusually high transaction frequency (contributed +0.240); consistently high peer geo-velocity (contributed +0.147); physically implausible peer geo-velocity (contributed +0.058).,-0.21010264406019855,-0.20983574684937062,-0.13072217251860338,0.23979780717922028,0.02754087514367601,-0.03328160634134335,0.05761422013420434,0.14687550470582403,-0.02743503696766296
bc1qrbc76ub7l8v1zocfi4o6l1f90s9bp4m18o1bj9,False,,0.4522303921809789,Driven by: consistently high peer geo-velocity (contributed +0.228); an unusually high transaction frequency (contributed +0.193); unusually large average transaction amount (contributed +0.092).,0.09171660543692106,-0.6038831345687717,-0.12992399416029415,0.19308532843760692,0.046895329355327045,0.001672180195423121,0.047966013925290193,0.22828607926748545,-0.006704012761524191
bc1qarpkfzqfo5yvmtd503779u7c1a7yj8hqde7m7h,True,coinjoin,0.45192717634041546,Driven by: an unusually high transaction frequency (contributed +0.271); consistently high peer geo-velocity (contributed +0.245); an atypical time-of-day transaction pattern (contributed +0.015).,-0.01715657180835452,-0.48357258896795163,-0.11946054549149038,0.2706107019487728,0.010999579858726682,-0.057159822757462606,0.014170893606902215,0.2453070058155805,0.015284958861912643
bc1qd97oie00ejhrmbl4otpt318yw1dgtg6zom2oyh,False,,0.45183084892622827,Driven by: physically implausible peer geo-velocity (contributed +0.265); an unusually high number of incoming payments (contributed +0.224); an unusually high transaction frequency (contributed +0.175).,0.0005915808814745715,-0.8749081997230582,0.06629682661631277,0.17480324827941002,0.22417939844729753,-0.031951985003224444,0.2650715515836049,0.15518038192368402,-0.0970885102898365
bc1q6k8z6r5cqm24bihb24ay2v58f22ejpkc0xtyvr,True,peeling,0.45172435436430697,Driven by: an unusually high number of outgoing payments (contributed +0.252); an atypical time-of-day transaction pattern (contributed +0.236); an atypical number of transactions (contributed +0.207).,0.1469562585282593,-0.422059854094187,0.2074905899562581,-0.4183022527438996,0.18105220638617636,0.25195091925431473,-0.1236974222132092,-0.17390120326744035,0.23616906199754228
bc1qjglwmk6sf9nrmozl65x4wu1i7xxeq58wzuaczr,False,,0.45155670155186983,Driven by: an atypical time-of-day transaction pattern (contributed +0.300); an unusually high number of outgoing payments (contributed +0.266); an atypical number of transactions (contributed +0.230).,-0.786957756348717,-0.10179545113512807,0.23029122389020587,-0.0632823206130406,0.19453707486338168,0.26629050835858104,-0.07069829096914157,-0.07696560649450679,0.2997254140280298
bc1qyuxczaumapqppmj6jfhvsthbnbizfwtjsjffp5,False,,0.45129254025607946,Driven by: an unusually extreme single transaction amount (contributed +0.272); an unusually high transaction frequency (contributed +0.270); unusually large average transaction amount (contributed +0.268).,0.2682716543961038,0.27179705362574996,-0.34110751818715707,0.2697642326135704,-0.2168347124767224,-0.269790635731413,0.12260646218420189,0.21927743994707063,-0.4241902833490138
bc1q6vgtvyfyk3md6x73zca7fxloz2rcu8kd9gnlpy,False,,0.45103213678381776,Driven by: an unusually extreme single transaction amount (contributed +0.305); an unusually high transaction frequency (contributed +0.228); unusually large average transaction amount (contributed +0.177).,0.17652196136312331,0.3045179478480238,-0.21244978145714077,0.22813489591313632,-0.04193234539739018,-0.23484152786825072,-0.09586364154871431,-0.02455551789702684,-0.19120747879573013
bc1q1prf3l4jxgyfr3op2ldyr3kvgnqd7j3h2wmdl3,False,,0.4508381035835373,Driven by: an unusually extreme single transaction amount (contributed +0.281); unusually large average transaction amount (contributed +0.232); consistently high peer geo-velocity (contributed +0.210).,0.23206257485978518,0.2809242306809474,-0.25103882384531195,0.06959348164919646,-0.5533243686783155,0.11571616025611679,-0.011578833020852265,0.2098052023532819,-0.17747538055521103
bc1qkdm6z6xtb80u10kwccimnschlsxjxrqmbbxdo7,True,fanin,0.4506359718086231,Driven by: an unusually extreme single transaction amount (contributed +0.260); an unusually high number of outgoing payments (contributed +0.231); an unusually high transaction frequency (contributed +0.191).,-0.5329937140064281,0.25992592094471917,-0.09681028408400491,0.1908105335243766,-0.06411226314722343,0.23146384447015564,-0.043659347117827825,-0.05567933388998095,0.032366973106439476
bc1qw6b9w5zqw6l87psch8q7qrerika7lxx08dw54i,False,,0.4505384772497011,Driven by: an unusually extreme single transaction amount (contributed +0.290); an atypical time-of-day transaction pattern (contributed +0.245); an unusually high number of outgoing payments (contributed +0.242).,0.1704104813838358,0.29002617384237084,0.18305211478952885,-0.8544753642028775,0.1878904971281173,0.24179593419015968,-0.24804059087317548,-0.2909739667389874,0.24482504908649305
bc1q6n0tgiyi04cvunxfamadgp56efiq0g2lwl0tqf,False,,0.4500424409453691,Driven by: an atypical time-of-day transaction pattern (contributed +0.270); an unusually high number of outgoing payments (contributed +0.243); an unusually high number of incoming payments (contributed +0.204).,0.198067031868551,-0.15431849922783664,0.18393208360963395,-0.822773142411081,0.20365392006280203,0.2432930009418985,-0.14906737456155425,-0.032204458823752634,0.27020938483191315
bc1q53pixdi0qiv55rcd48p6eh2y205kh0405crzet,False,,0.44988230281791547,Driven by: physically implausible peer geo-velocity (contributed +0.264); an unusually high number of incoming payments (contributed +0.224); an unusually high transaction frequency (contributed +0.176).,0.0002780068367839079,-0.8142275824371538,0.06827745067574166,0.1758243053779351,0.22425205324988076,-0.030259905076389065,0.2641725397225107,0.1531980891581624,-0.09546289494947635
bc1qnj8u81nwytau731qx4q7xolxcy6fd627dtq9ru,False,,0.4496196089159469,Driven by: an unusually extreme single transaction amount (contributed +0.301); unusually large average transaction amount (contributed +0.203); an unusually high transaction frequency (contributed +0.134).,0.20331756305922977,0.3007152861623657,0.04777712105221663,0.13401729212223878,-0.3318712474351766,-0.48346960797658756,-0.08517262373746677,0.07536141365489628,0.0940097256853119
bc1qdhh2ks1cbcifl79r9kpu8o9onsrhdvnff2wcfi,False,,0.4494964915345175,Driven by: an unusually extreme single transaction amount (contributed +0.293); an unusually high transaction frequency (contributed +0.161); consistently high peer geo-velocity (contributed +0.105).,0.09616058404582381,0.29346555201505137,-0.21573242564265338,0.16061113401388943,-0.4697345362913206,0.09423949661095553,-0.0017321741333615412,0.10476264848032343,-0.10330763724120012
bc1q10ljrnicd0sqpzygwezuv263fl2aze5ezkjs7m,False,,0.44926368701303293,Driven by: an unusually extreme single transaction amount (contributed +0.278); an atypical time-of-day transaction pattern (contributed +0.253); an unusually high number of outgoing payments (contributed +0.243).,0.14635415054263512,0.27789847449382044,0.17182216073583714,-1.0767978378483092,0.2126320933155515,0.24318072518885817,-0.08494773034409489,-0.1771528382778455,0.25340036890800227
bc1qb9c2zufdnu4i5ymqt3dgd8opocmvh0eqt8fhu9,False,,0.4491877458321415,Driven by: an unusually extreme single transaction amount (contributed +0.291); unusually large average transaction amount (contributed +0.237); an atypical time-of-day transaction pattern (contributed +0.126).,0.23682427004221066,0.2908915309736308,0.0631987975624826,0.09185427644126715,-0.43496304226531973,-0.4709523035223855,0.01953324085801727,0.04615223130978026,0.12634912384739558
bc1qxu6m9deocirio74jlys7jd6z6pq1auf0tj5jgz,False,,0.44908310131811907,Driven by: an unusually extreme single transaction amount (contributed +0.267); an atypical time-of-day transaction pattern (contributed +0.255); an unusually high number of outgoing payments (contributed +0.239).,0.0724739170707037,0.26663529043236767,0.1940132194079535,-0.9435263739026125,0.1980164802998513,0.23850775850661635,-0.13038337546521642,-0.17813428074571325,0.2547291154087987
bc1q2sw24wjt8hdpwvbz7cn0eqwmi6kti221xj7wwu,False,,0.44883338964564706,Driven by: an unusually high transaction frequency (contributed +0.234); unusually large average transaction amount (contributed +0.175); consistently high peer geo-velocity (contributed +0.173).,0.17536738720738215,-0.3532877983681757,-0.20738409168494154,0.23447656011594947,-0.004153780726940579,-0.12323259287701627,0.035995919721762484,0.17338027902905878,0.04939058550792707
bc1q2lhgcsotdhhlmh1t939ayq6ww8yl68ntk63n2q,False,,0.44872717710270926,Driven by: unusually large average transaction amount (contributed +0.355); an unusually extreme single transaction amount (contributed +0.294); an unusually high transaction frequency (contributed +0.207).,0.3548926588242419,0.2937432781450128,-0.26628701473743155,0.2070854444669861,-0.6218065207378138,0.11041377158677775,-0.0001606758607300963,0.09039650786827616,-0.1842269894757768
bc1q5ev5925uak3j16cuashezj9v9ligzkczequbnl,False,,0.44836842975174207,Driven by: unusually large average transaction amount (contributed +0.287); an atypical time-of-day transaction pattern (contributed +0.258); an unusually high number of incoming payments (contributed +0.251).,0.28717324659638244,0.2378137765187182,0.1684958271007114,-1.5026524021608714,0.2514025407385903,0.1479899554920684,0.09593326243221438,0.05215299595694868,0.25756232722499245
bc1qcgspfrj2nwban52v58ng0dlhxbaac6qdcv2iyq,True,peeling,0.44834559895372567,Driven by: unusually large average transaction amount (contributed +0.264); an unusually extreme single transaction amount (contributed +0.218); an unusually high transaction frequency (contributed +0.165).,0.2638946256298023,0.21841222880479153,0.06453158976222886,0.16502148797550414,-0.30842302257821774,-0.47947445747729506,-0.10983882830210125,0.10456682127814394,0.07793370161676201
bc1qd60ajbv6jnsczkm9x9e82i5x65um4yrv8voygh,False,,0.44809914024935343,Driven by: unusually large average transaction amount (contributed +0.233); an unusually high transaction frequency (contributed +0.192); an unusually extreme single transaction amount (contributed +0.140).,0.23275813598514358,0.14024031485046962,0.06770414373324785,0.19200552775974816,-0.4415288669797559,-0.4181965423461319,0.05489221808677604,0.06000674539160901,0.11686941737753245
bc1qt3t9lp2e2asoevgkh250cvgfgm1tm27o19qtg1,False,,0.4480357397449129,Driven by: an unusually extreme single transaction amount (contributed +0.278); an unusually high number of incoming payments (contributed +0.242); unusually large average transaction amount (contributed +0.190).,0.18987509958127455,0.2778811315909065,0.01040240204533281,0.12270496559972316,0.24206960229193955,0.005399879081999899,-0.0523819039881193,-0.03714638296666426,-0.7519623522760543
bc1qcituf8cyotwg7nfdinu31eiwucx67xkwq0ywm9,True,"fanin,fanout",0.4479654375998598,Driven by: an unusually extreme single transaction amount (contributed +0.249); an unusually high transaction frequency (contributed +0.248); unusually large average transaction amount (contributed +0.090).,0.09007306066204825,0.24923188396367607,-0.20174479498129796,0.247513186678692,-0.03195128744713308,-0.21313909348053725,0.016928106721256556,0.06065186040232816,-0.20840112892696266
bc1qyuztw32atxab0g3yvolllmju1bzqw29asaj7sr,False,,0.44762732689491364,Driven by: physically implausible peer geo-velocity (contributed +0.256); an unusually high number of incoming payments (contributed +0.226); an unusually high transaction frequency (contributed +0.193).,-0.15815581888545005,-0.6268732665516776,0.08553305901538132,0.19303498656677426,0.2262978789992874,-0.02654769592116142,0.2555390678769087,0.1460912596031788,-0.07459790947653833
bc1qz91playybgrxh5lqxxeglziubhuhrtpmo841lc,False,,0.44741051521904346,Driven by: an atypical time-of-day transaction pattern (contributed +0.312); an unusually high number of outgoing payments (contributed +0.248); an atypical number of transactions (contributed +0.222).,0.1151398343218807,-0.4950542033439389,0.2222598933782287,-0.6643372673741919,0.18896994732022027,0.24837070701634567,0.024146252401443438,0.07589776812712419,0.3120892071113552
bc1qlfqajgojcvj0s121mjdsrr2ku2nnu8uy5mruo0,False,,0.4473557220401306,Driven by: physically implausible peer geo-velocity (contributed +0.261); an unusually high number of incoming payments (contributed +0.230); an unusually extreme single transaction amount (contributed +0.221).,-0.9878446951062994,0.22140022107071597,0.07852932517174072,0.19159586302592677,0.22961532804767923,-0.05986677052811011,0.26124927946795856,0.1680418857283606,-0.07342810985894409
bc1qlj2twc5kqqljwqrlvc35ty40qculvuksvzoots,False,,0.4473346766614629,Driven by: unusually large average transaction amount (contributed +0.254); an unusually high number of incoming payments (contributed +0.244); an unusually extreme single transaction amount (contributed +0.219).,0.2536978564049665,0.21880640300255633,-0.00834869910150753,0.13955089240118404,0.24404172349713138,-0.008612544965649432,-0.05012650644359261,-0.02881836506092849,-0.7302031030567767
bc1q110bs6to8wyaqtflvm8nyzhhizebg9k4ssb1pb,False,,0.44701539023914805,Driven by: an unusually high transaction frequency (contributed +0.278); consistently high peer geo-velocity (contributed +0.197); physically implausible peer geo-velocity (contributed +0.099).,-0.46206943210551893,0.061498224859464816,-0.12720707752049804,0.2776866204561864,0.03258112857078041,-0.029137791399421475,0.09871158342675887,0.19665865228760457,-0.008181160207820625
bc1q60yup1shntcvl0yqzdubb9mit3vhtn7su62j8l,False,,0.4466400881820313,Driven by: an unusually extreme single transaction amount (contributed +0.301); an unusually high transaction frequency (contributed +0.264); unusually large average transaction amount (contributed +0.183).,0.18250264600125715,0.30078113920159266,-0.28840185702634585,0.26445414900296993,-0.7007875487921911,0.17301262375585874,0.02291975571369045,0.1405487240427663,-0.0420747150655281
bc1qzxfmx9iyhosdqe3nhwvl9v73puwsxvti2v0zsl,False,,0.44639564555589367,Driven by: physically implausible peer geo-velocity (contributed +0.277); an unusually high number of incoming payments (contributed +0.223); an unusually high transaction frequency (contributed +0.185).,0.03499516229118839,-0.7560886134396809,0.06894792868471336,0.18469054528656095,0.22250740573702182,-0.022106071397701595,0.2765769572185958,0.15200076949314412,-0.1004779304347405
bc1qow60zz0i0835tvv8y5sic4s8pnne6it1ekkh0u,False,,0.44615324218523955,Driven by: an unusually high transaction frequency (contributed +0.263); unusually large average transaction amount (contributed +0.250); consistently high peer geo-velocity (contributed +0.070).,0.25049881975130495,-0.08715606640184291,-0.23207244577670466,0.2631694618975112,0.0046891104790364,-0.14643112112835036,-0.012776344086398885,0.07045250133051081,-0.04129965033615038
bc1q57jyf8jshl96ept6aar17qr0apxp8iqfvapr4w,False,,0.4461099663812789,Driven by: an unusually high transaction frequency (contributed +0.242); an unusually high number of outgoing payments (contributed +0.231); consistently high peer geo-velocity (contributed +0.159).,-0.2064172474758936,-0.23784246819433383,-0.09801379791549662,0.24162600358045094,-0.09332214596683437,0.23079974731290429,0.05326455473301338,0.15939007798245525,0.02102324385308864
bc1qvfq6d6suzrddn7p29euq3puzhhorblb8tnjxcm,True,fanin,0.44599722800119235,Driven by: physically implausible peer geo-velocity (contributed +0.269); an unusually high number of incoming payments (contributed +0.230); an unusually extreme single transaction amount (contributed +0.208).,-0.9415794445958847,0.20752205073483257,0.07475633394219527,0.1950701026763307,0.2296596739482735,-0.059536687673117,0.26915436485387073,0.17047551667731337,-0.07127833258689856
bc1q9phwn8ddinz298l4jm8c9tfldy3ygqaop37728,False,,0.44597682525923993,Driven by: unusually large average transaction amount (contributed +0.296); an unusually high transaction frequency (contributed +0.163); an unusually extreme single transaction amount (contributed +0.159).,0.29633446895972065,0.15936624517545087,0.08264790866393933,0.1625753002323255,-0.4029751003638531,-0.45746355297520064,-0.015600941610585568,0.1567068121844228,0.09332858778779236
bc1q6oq7qh96ycfnhp39lqt9ngq6tlv0gub5kb3pkb,True,coinjoin,0.44582532050384227,Driven by: an unusually high transaction frequency (contributed +0.276); consistently high peer geo-velocity (contributed +0.260); unusually large average transaction amount (contributed +0.212).,0.21155485916993708,-0.11957240807279727,-0.2400498028673991,0.27600070516327324,-0.3127189332593804,-0.06177620132247522,0.08555680754462464,0.25976510876506853,-0.018818547750029765
bc1q2tdo1dfsts3yqfbz9zqhbqiqicb5ntjk2gzaug,True,fanin,0.4454475984113071,Driven by: an unusually high transaction frequency (contributed +0.312); an unusually extreme single transaction amount (contributed +0.285); unusually large average transaction amount (contributed +0.151).,0.1514620286034425,0.28545793397978414,-0.21108224082732388,0.31228064315785725,-0.03630307967351997,-0.16304897585544004,-0.06627976986586659,-0.10855631248776244,-0.07146102205343491
bc1q83dyj6s5ibgg2tgg48lefx70h1dffpnnqk0gm5,False,,0.4453279899801559,Driven by: an atypical time-of-day transaction pattern (contributed +0.292); an unusually high number of incoming payments (contributed +0.233); an atypical number of transactions (contributed +0.226).,0.0772370138896199,-0.6182771636771638,0.22628403339086853,-0.41197009537716855,0.233324153455502,0.1883622626539099,0.10652936466111607,0.0028304877002301885,0.29211832354529027
bc1qezfrxymm2798p7prjhhzh139q0ep8v1uc8eanr,False,,0.44532132015593706,Driven by: physically implausible peer geo-velocity (contributed +0.277); an unusually high number of incoming payments (contributed +0.223); an unusually high transaction frequency (contributed +0.185).,0.054916813348246746,-0.7531778069920273,0.07503209542349504,0.1847380787796397,0.22250349580875306,-0.02222312069792345,0.2766110986739711,0.15292563454489344,-0.09466654085199337
bc1qdeg3zgarfi44td1fpe60qraqik3omd4poru09b,False,,0.44530746869640675,Driven by: unusually large average transaction amount (contributed +0.290); an unusually high transaction frequency (contributed +0.286); consistently high peer geo-velocity (contributed +0.249).,0.2899805141606781,0.22630303751275974,-0.3028374748684633,0.28627772122797085,-0.17267421069268474,-0.24831166344972597,0.16472079562086647,0.2494843694522695,-0.3958236080158018
bc1q3fm348ni747x202vmbmp050orneee0jq9rvn97,False,,0.44505675151378055,Driven by: an unusually extreme single transaction amount (contributed +0.293); unusually large average transaction amount (contributed +0.212); an unusually high number of incoming payments (contributed +0.064).,0.21241827956071455,0.29319368685974767,-0.1443707890857674,-0.062058694188938265,0.0638898848354292,-0.09896793227885992,-0.10561809170082251,-0.0029576388596940966,-0.05008539428041893
bc1qdnf4x13qinf2p091pqfmpah3qn21r91r0hrlia,False,,0.4450233409920248,Driven by: an unusually high transaction frequency (contributed +0.276); unusually large average transaction amount (contributed +0.224); an unusually extreme single transaction amount (contributed +0.216).,0.22362082835194835,0.21596874040684866,-0.16753836998145402,0.2760305280449648,0.03379233152071842,-0.08561519490329364,-0.339451341461696,-0.1303707287953702,0.08011610364860307
bc1q97lcpxxvk0qqxc9u2ho755lz2l2e9eu0g8lwdk,False,,0.4449473053024822,Driven by: unusually large average transaction amount (contributed +0.274); consistently high peer geo-velocity (contributed +0.220); an unusually extreme single transaction amount (contributed +0.143).,0.27418500726197365,0.14308950839130424,-0.18160620337968694,-0.010371033785912932,-0.3170732759124002,-0.07474176006789968,0.11345419887168826,0.21959276821353482,-0.057450805662810786
bc1q550kqpga8vc1j2t2tngtg2lgj3s6ogq4ivn2qq,False,,0.4445683625048444,Driven by: unusually large average transaction amount (contributed +0.320); an unusually high transaction frequency (contributed +0.309); consistently high peer geo-velocity (contributed +0.183).,0.31998522813829716,0.13345204750458622,-0.23936020217108542,0.30946189154949727,-0.5520356506135692,0.10609064819099014,0.012926199875455586,0.1827333372731777,-0.15158216354578116
bc1qycxneam5cspm0os2c4xn98uncqs6519eyinyco,False,,0.4444717952235104,Driven by: an atypical time-of-day transaction pattern (contributed +0.251); an unusually high number of outgoing payments (contributed +0.235); an unusually extreme single transaction amount (contributed +0.234).,0.20044980058459955,0.23439757163590358,0.17883626334778877,-0.6392554210751775,0.18977661580662467,0.23538360708228426,-0.2772773617504611,-0.24796134113083512,0.2505324176716737
bc1qfzrlgq9azhdqdwvcw5magk6p0n17uxhvdhgues,True,coinjoin,0.4441642925046636,Driven by: an unusually high number of outgoing payments (contributed +0.226); an unusually extreme single transaction amount (contributed +0.200); an unusually high transaction frequency (contributed +0.188).,-0.29698814158249726,0.19988964073155369,-0.06460124373791322,0.18805453293915017,-0.15906238821724622,0.22569630355146003,0.028262658872799537,0.03514854274058641,-0.021288785180336948
bc1qawcud3i2iwmc07lblwvf36zpi288h23tu8lm7x,False,,0.4439701747395844,Driven by: an atypical time-of-day transaction pattern (contributed +0.298); an unusually high number of incoming payments (contributed +0.224); an atypical number of transactions (contributed +0.222).,-0.024823209060794302,-0.7902871969912213,0.22230901087047597,0.21183873499392275,0.22356922699960124,0.1946400049050989,-0.012172068484094228,-0.18189339807511082,0.29839091989673683
bc1qot7txkdotrbad3wrdhw9re2q6jxnnngbpj4ufz,False,,0.4438712338168904,Driven by: an unusually extreme single transaction amount (contributed +0.287); an unusually high transaction frequency (contributed +0.277); unusually large average transaction amount (contributed +0.277).,0.2766907595779907,0.2869942463459389,-0.1334437150548975,0.2767824681442642,-0.1834116403490416,-0.2982572648436777,-0.12753003980268054,0.06231469668321236,-0.015273305481916756
bc1qzhz3e88seby8en00bgbb1r3yqs5pyyz5ymit72,True,"fanin,fanout",0.44369667843242344,Driven by: an unusually high transaction frequency (contributed +0.287); an unusually extreme single transaction amount (contributed +0.281); consistently high peer geo-velocity (contributed +0.149).,0.020438115473399583,0.28054956138123743,-0.2850843084290899,0.2873485716360728,-0.13998166490090902,-0.21399288439414074,0.034839298260567565,0.14882798657195104,0.017735039954768453
bc1qlz0o158j8h19yx6yinw4uf3s9m8yi038z2fs1o,False,,0.44337221110163233,Driven by: an atypical time-of-day transaction pattern (contributed +0.287); an unusually high number of outgoing payments (contributed +0.269); an atypical number of transactions (contributed +0.231).,-0.6827934258970774,0.023833127644771142,0.23117627181262115,-0.03966410982367854,0.1899042318535474,0.2685589669207471,-0.020374640569983067,-0.09568084806035992,0.2865325000871727
bc1qctzgwkidnfe9o1xgjngvspj0lxwtr1ueiaq3j9,False,,0.44294452097653353,Driven by: unusually large average transaction amount (contributed +0.257); an unusually high number of incoming payments (contributed +0.239); an unusually extreme single transaction amount (contributed +0.209).,0.25716867673123406,0.20919405371025773,0.03360943615765938,0.09811855396443718,0.23932603474618844,0.018886705805731346,-0.01658837167741765,0.05555612113910998,-0.7195149472689787
bc1qnwd0jfneo2s9nblgu0tbqoivwqm91284sec275,True,"fanin,fanout",0.44291274045116696,Driven by: an unusually extreme single transaction amount (contributed +0.299); an unusually high transaction frequency (contributed +0.244); unusually large average transaction amount (contributed +0.069).,0.06932245604073241,0.2993170075813933,-0.1630619109131375,0.24410107416243707,-0.008174253283126551,-0.19903452712018352,-0.03024446735321748,-0.05185093661722703,0.01644230478335388
bc1qjt660j08xtr5igzgxoiyfoy0sxylka51e04pd8,False,,0.44266888647775604,Driven by: an unusually high transaction frequency (contributed +0.290); an unusually extreme single transaction amount (contributed +0.286); consistently high peer geo-velocity (contributed +0.206).,0.05568802842482424,0.28643200923520795,-0.1629891230354793,0.2901619162994007,-0.23727230596552687,-0.4070559846049224,0.10130311080097931,0.20626482477079083,0.05242396456066426
bc1qs0hcn1d53i0qaoyrxxo1id2cpdd8l0aihegyir,False,,0.4425650087874601,Driven by: physically implausible peer geo-velocity (contributed +0.277); an unusually high number of incoming payments (contributed +0.236); an unusually extreme single transaction amount (contributed +0.219).,-0.8809086120150909,0.2187586114240511,0.08243610679306504,0.19626020182323653,0.23600923801848978,-0.04764641399266023,0.27711688621415737,0.17141361843452219,-0.0650144618850064
bc1q23ba9incu2lqm585u7d2xg770xdhj5sc36u9cy,True,"fanin,fanout",0.4425126368176318,Driven by: an unusually extreme single transaction amount (contributed +0.290); unusually large average transaction amount (contributed +0.260); an unusually high transaction frequency (contributed +0.244).,0.2596304885882052,0.2903511496788192,-0.2919597620215206,0.24448309911049093,-0.1462342416292327,-0.22608015266189918,-0.03746953164884149,0.0593173602413573,0.03813590416031866
bc1q0kz6xnomb42o3q825q30zx815g5fjd5mbfsrkh,False,,0.4424328539435827,Driven by: an unusually high transaction frequency (contributed +0.269); consistently high peer geo-velocity (contributed +0.155); physically implausible peer geo-velocity (contributed +0.105).,-0.19690946228618897,-0.07904159230770033,-0.10442779913094193,0.26873158400951735,0.021698432418156333,-0.03773957030933006,0.10489589496457347,0.15468796484053596,0.06094387837469778
bc1q930i6g61pcwe4c1v47lzn9uhjpkhf33guwyh36,False,,0.4424280661884191,Driven by: an unusually extreme single transaction amount (contributed +0.289); an unusually high transaction frequency (contributed +0.282); consistently high peer geo-velocity (contributed +0.188).,0.10436801122173048,0.2886555441937592,-0.31289629321453755,0.28245800337588395,-0.13913935096289543,-0.2633797152575332,0.050538096947323384,0.1879978581919751,-0.005602881486931838
bc1q6hhwmf1gzvg042mz8m6xhigx1pzgsvanry632i,False,,0.4423204353695935,Driven by: an unusually high transaction frequency (contributed +0.295); consistently high peer geo-velocity (contributed +0.206); physically implausible peer geo-velocity (contributed +0.091).,-0.07863878991022107,-0.12535550820355063,-0.15894540765057721,0.29469187553856946,0.013063575054404131,-0.05901994288502773,0.09061000852058619,0.2059505751254848,0.014238919827051078
bc1q953467wcdpi2eyenyjym9oo2tp5hqkjnz057h5,False,,0.442283054109732,Driven by: an unusually extreme single transaction amount (contributed +0.305); an unusually high number of outgoing payments (contributed +0.215); an unusually high transaction frequency (contributed +0.213).,0.10322770677373769,0.3054104523311337,-0.12720489606881788,0.21258531158981486,-0.09494290099089507,0.2153863990835207,-0.2529738496844022,-0.20275929634384413,0.03911552147955646
bc1q82sfr23c60cjbmuvhgqk820ps5i5ftojtbpgt9,False,,0.44226522509896893,Driven by: unusually large average transaction amount (contributed +0.324); consistently high peer geo-velocity (contributed +0.187); an unusually extreme single transaction amount (contributed +0.185).,0.3243445851623221,0.1846194966906019,-0.1644331035835446,-0.16732337645427964,0.029313631867343762,-0.11563464970656201,0.030223201515567878,0.18681253276425935,-0.10948205363310043
bc1qcokz5syj3d6m1fmpryfzmyoa2vcywl9700lfqf,False,,0.44219525235590745,Driven by: an unusually high transaction frequency (contributed +0.309); an unusually extreme single transaction amount (contributed +0.283); unusually large average transaction amount (contributed +0.252).,0.25173305752445607,0.28257120337045605,-0.2178062394528722,0.30880642979323875,-0.5459689404869073,0.10890910336595304,0.007728257385269582,0.12545188980916575,-0.12064588963047035
bc1qeiqetk5lp9c5so79h4ha0mvf4s2ni8tndfww41,False,,0.44212570822636443,Driven by: an unusually extreme single transaction amount (contributed +0.291); unusually large average transaction amount (contributed +0.283); an unusually high transaction frequency (contributed +0.257).,0.2829740453867081,0.2907013200092675,-0.27740295247062063,0.25689190955371,-0.668293453209068,0.16412317011145053,0.041532725933037154,0.15421583461624205,-0.04163907948773488
bc1qktior4v1og07vscqmpd7z4kso03w2mrop2byee,True,fanin,0.4419836714322283,Driven by: an unusually high transaction frequency (contributed +0.279); an unusually extreme single transaction amount (contributed +0.230); consistently high peer geo-velocity (contributed +0.221).,0.21924482197764752,0.23012127888408612,-0.2653595995358019,0.27936853851238663,-0.38916055166652685,-0.051380187443891154,0.0402191863123082,0.2207909266013975,-0.07599189884280746
bc1qb890zm8jkx2y5l3eowr8j0jmmyr77yh3y8a6m9,False,,0.4418623322620126,Driven by: physically implausible peer geo-velocity (contributed +0.280); an unusually high number of incoming payments (contributed +0.232); an unusually extreme single transaction amount (contributed +0.204).,-0.8531141229943375,0.20412709422951733,0.08484811039328799,0.19488613572911193,0.23190464939045013,-0.04092659379969416,0.27960634642337534,0.17533044776665724,-0.0647513732650556
bc1qdnobk8hup3ftj6ac4jrcq97rcq6w948ju63lxs,False,,0.4416521180730035,Driven by: an unusually high transaction frequency (contributed +0.297); unusually large average transaction amount (contributed +0.251); consistently high peer geo-velocity (contributed +0.218).,0.2512463958537818,0.11626709084181858,-0.1906551977212339,0.29678229814461343,-0.49563081272539633,0.0963199400355727,-0.002843442268379175,0.21820982070685474,-0.07075216341907084
bc1q9ey5qwqmkqi028h1v8svwudj9vhqcnjbps0qcu,False,,0.44161095130961014,Driven by: unusually large average transaction amount (contributed +0.292); an unusually extreme single transaction amount (contributed +0.248); an unusually high number of outgoing payments (contributed +0.247).,0.2918612786007302,0.2481484503224726,-0.13344659874252626,-0.5592374836993865,-0.0830726996018164,0.24731081482565612,0.03730413728262751,0.09740681563669125,0.07404694267468134
bc1q84baxy8qegexas2r8lriubr6d6nwtv79bke94x,False,,0.4415129740641419,Driven by: physically implausible peer geo-velocity (contributed +0.278); an unusually high number of incoming payments (contributed +0.232); an unusually extreme single transaction amount (contributed +0.199).,-0.8438134689188872,0.1990545388262002,0.0872400477365137,0.19495176067855222,0.23191215389885672,-0.04032564472082712,0.27826679077238703,0.17556225351911886,-0.059247253894871905
bc1quzs1xke1kwonrrlrnr2kyb3gd60uglbb8nmt3y,False,,0.4413218303188927,Driven by: an unusually high transaction frequency (contributed +0.285); consistently high peer geo-velocity (contributed +0.235); unusually large average transaction amount (contributed +0.204).,0.20378511412371658,-0.14432636405688662,-0.2769156630127148,0.2852295487875848,-0.11743496718136409,-0.20477448984894364,0.19153406787603613,0.23491211998564324,0.057991921221703546
bc1qqmutwxpiwhwu6yhvwnlbs0umiffvmam3jkx2ka,False,,0.4412504823720728,Driven by: an unusually high transaction frequency (contributed +0.279); unusually large average transaction amount (contributed +0.275); an atypical time-of-day transaction pattern (contributed +0.083).,0.2754692057506883,-0.17917173116311133,-0.17258018339962133,0.2785541768480857,0.024315989477429103,-0.10375253491268023,-0.01889392784513714,0.04583455232207664,0.08261541101935353
bc1qfpj0i9wkh5z649hcf4j2bcy7txb60i8c9fn01j,True,peeling,0.4410561275548043,Driven by: unusually large average transaction amount (contributed +0.251); an atypical time-of-day transaction pattern (contributed +0.245); an unusually high number of outgoing payments (contributed +0.236).,0.2509242490986539,0.04260516604534939,0.1922918052870701,-0.6633029313224138,0.19990470432580212,0.23594125961339074,-0.1391801723204268,-0.1251929320371734,0.2449113322740994
bc1qvfua9bq1btr23qiua08ekxdrkz40aq15o2nqw4,True,peeling,0.4410415650272667,Driven by: unusually large average transaction amount (contributed +0.292); an unusually high transaction frequency (contributed +0.253); an atypical time-of-day transaction pattern (contributed +0.100).,0.29153464598854906,0.07127985532846597,-0.18237399241379249,0.2530425566470081,-0.2942312858590221,-0.04010411819642285,-0.042249527028223675,0.08228992560225247,0.10020242880389187
bc1q7r1bllypgw00jyj2dsaexmojd85dw1nn9f7qa1,True,coinjoin,0.4406425794381066,Driven by: an atypical time-of-day transaction pattern (contributed +0.343); an unusually high number of outgoing payments (contributed +0.253); an atypical number of transactions (contributed +0.246).,-0.964681107888819,-0.044468606132944996,0.2464478635499,0.13472148771354586,0.2404020335056014,0.25295393980705616,0.03616649447649532,0.008194557604730278,0.34303058807772047
bc1qlso2z6m81rjwpx5zj2o4q067cszvutbt6ao3fj,False,,0.44061296885129453,Driven by: an unusually high transaction frequency (contributed +0.294); unusually large average transaction amount (contributed +0.289); an unusually extreme single transaction amount (contributed +0.114).,0.28873114790809823,0.11443541974731686,-0.166441048762172,0.294426512418395,-0.2705015610343024,-0.043817027537894015,-0.01580418753745768,0.06905119340987456,-0.016319963078303534
bc1qwpgbgqfqe6rp9uqezfmhk403uxh9a1g7irdlk9,False,,0.44060886302881075,Driven by: unusually large average transaction amount (contributed +0.232); consistently high peer geo-velocity (contributed +0.178); an unusually high transaction frequency (contributed +0.173).,0.23165773746011192,-0.07010280480480596,-0.21342535163928336,0.1731056290310133,0.01704689604890078,-0.1767054496018173,0.05347722596728391,0.1781693998059248,0.06067493109685553
bc1qs04sju6uqvl7erdtompsdwx96ach245l5do3gq,False,,0.4404783715994303,Driven by: an unusually high number of outgoing payments (contributed +0.227); an unusually high transaction frequency (contributed +0.220); an unusually extreme single transaction amount (contributed +0.169).,-0.37836681879179035,0.16912565801495583,-0.042851115382609564,0.2200428600659271,0.024130538756066675,0.2270761057349459,-0.06264181417053119,0.00048092598717545157,0.10127981379009474
bc1q3tdw7v1qsa11ptkftuwfv2ttuswetyx2cb2pn4,False,,0.4404580514380417,Driven by: an unusually extreme single transaction amount (contributed +0.297); an unusually high transaction frequency (contributed +0.250); an unusually high number of outgoing payments (contributed +0.187).,0.10622511702296616,0.2974537034026151,-0.13942177050559051,0.24960501466688997,-0.17445036297365465,0.186888616584622,-0.087883660754535,-0.19642802127900547,0.016969368668718527
bc1qkn646uw7ye46f7761xs1cxdcwgk6rzlch2xrnw,False,,0.44036741481991903,Driven by: an unusually extreme single transaction amount (contributed +0.281); an atypical time-of-day transaction pattern (contributed +0.260); an unusually high number of outgoing payments (contributed +0.242).,0.16460007098102064,0.2812405791297633,0.1938262108303134,-0.8048550081977315,0.21789902086857565,0.24196814960411986,-0.13886337134076648,-0.153665994956501,0.2598500776123336
bc1qxsv4daund14bkbfc142ae21761j0345zyrdb14,False,,0.4403293133710316,Driven by: an unusually extreme single transaction amount (contributed +0.317); an atypical time-of-day transaction pattern (contributed +0.292); an unusually high number of incoming payments (contributed +0.256).,0.24396703958263924,0.3174433566368215,0.18088928569630197,-1.3763082396729875,0.25561622656459826,0.1656908819930406,0.1134972232640675,0.07065863443304564,0.29182418276752853
bc1qajneq5d5dui7a6cv41cowftahqbbu55dva51nn,False,,0.4402971994888937,Driven by: an unusually extreme single transaction amount (contributed +0.275); an atypical time-of-day transaction pattern (contributed +0.263); an unusually high number of outgoing payments (contributed +0.243).,0.1543545664359311,0.2746363180400143,0.20021366842741936,-0.7983654349028901,0.21933547599504358,0.24314688986427377,-0.14225673915263543,-0.14949074607669707,0.262782565525174
bc1qrtcvmujp8uuhnykyfjnbif9yrodt2dtoohuain,False,,0.4402544574437665,Driven by: physically implausible peer geo-velocity (contributed +0.309); an unusually high number of incoming payments (contributed +0.222); an unusually high transaction frequency (contributed +0.201).,-0.32339992154731473,-0.3107304503189481,0.09109474310011458,0.20138837382004388,0.2224860267110425,-0.030379349895317397,0.3092899911638103,0.16108129975824723,-0.05503929617628795
bc1qxnu4v80w6haih7wfrac8e3pqk1io1zm4lcvhfw,True,coinjoin,0.4401457806677349,Driven by: an unusually extreme single transaction amount (contributed +0.265); an unusually high transaction frequency (contributed +0.215); unusually large average transaction amount (contributed +0.182).,0.1820272734598009,0.2646404287311412,-0.1365809264116822,0.2152678222026762,-0.17854521072958707,0.18080636471635175,-0.09647970973821497,-0.1799717809756599,0.018276067308593897
bc1q3o9ycm9po2fknvzddh16359ll2j2ng1gag5t3l,False,,0.44013220875746856,Driven by: physically implausible peer geo-velocity (contributed +0.307); an unusually high number of incoming payments (contributed +0.227); an unusually high transaction frequency (contributed +0.207).,-0.2591798006814313,-0.4049951263687276,0.0929623001483149,0.20700971981235183,0.22745598398725395,-0.01599364591952103,0.3072777661080547,0.16695912668078536,-0.05160024389634533
bc1qpuc8eylb0wvy2jkqqnj0rocmqxtjbldwv7naqg,False,,0.4401121837241018,Driven by: physically implausible peer geo-velocity (contributed +0.309); an unusually high number of incoming payments (contributed +0.222); an unusually high transaction frequency (contributed +0.203).,-0.31255261188778377,-0.3188393095526131,0.09406931808482648,0.20274625351433223,0.22193135704047137,-0.027394206053877226,0.3088208496177274,0.16076963100054067,-0.058982725926492445
bc1qrt2l2ieo9uvj3bsy3onx3f86ugyfunmad1bx6a,False,,0.4399839804502234,Driven by: physically implausible peer geo-velocity (contributed +0.291); an unusually high number of incoming payments (contributed +0.236); an unusually high transaction frequency (contributed +0.195).,-0.7603112865361816,0.1280332003663827,0.08814278363402252,0.19485225100578793,0.23625544897469347,-0.036941047769194164,0.29122548492738876,0.17728551009871882,-0.0436677714983033
bc1qro37u9ssbu7ge3ai6aynpe6swyu2rnadkn2k7i,False,,0.4398585450639097,Driven by: an unusually high transaction frequency (contributed +0.311); an unusually extreme single transaction amount (contributed +0.285); unusually large average transaction amount (contributed +0.232).,0.23223398914489726,0.28532388157129024,-0.20361496175704433,0.31067777566188665,-0.28214698120851506,-0.4015683873047493,0.07948934306504753,0.19324117741392094,0.0654530023030297
bc1qsujckuh1dl1zl8g0esoy2z1ogy0t5fxpmdzcp3,True,coinjoin,0.43981672264045335,Driven by: physically implausible peer geo-velocity (contributed +0.305); an unusually high number of incoming payments (contributed +0.226); an unusually high transaction frequency (contributed +0.202).,-0.23367196789159161,-0.41376001870722545,0.0926885015608523,0.20238546935840485,0.22607623534912755,-0.01850707543999953,0.3046413996367149,0.16925093907345393,-0.048609264596735556
bc1qzrv2h24p1avftxxzufzrdix2bv50m3nvyx9t80,True,coinjoin,0.43981672264045335,Driven by: physically implausible peer geo-velocity (contributed +0.305); an unusually high number of incoming payments (contributed +0.226); an unusually high transaction frequency (contributed +0.202).,-0.23367196789159161,-0.41376001870722545,0.0926885015608523,0.20238546935840485,0.22607623534912755,-0.01850707543999953,0.3046413996367149,0.16925093907345393,-0.048609264596735556
bc1q2spxkklj7hax23180qkxkp43mdhohgn48ipbqm,True,coinjoin,0.43981672264045335,Driven by: physically implausible peer geo-velocity (contributed +0.305); an unusually high number of incoming payments (contributed +0.226); an unusually high transaction frequency (contributed +0.202).,-0.23367196789159161,-0.41376001870722545,0.0926885015608523,0.20238546935840485,0.22607623534912755,-0.01850707543999953,0.3046413996367149,0.16925093907345393,-0.048609264596735556
bc1qocjpztc09zgnx3vpf9pavcedtcxnmj5ian8nd7,False,,0.4397364551848255,Driven by: an unusually extreme single transaction amount (contributed +0.293); unusually large average transaction amount (contributed +0.271); an unusually high transaction frequency (contributed +0.197).,0.27074474527692766,0.2928846058340151,0.07839044574033677,0.19695669111056435,-0.33887615593149945,-0.48139512129678186,0.02927416118338741,0.14104014796920933,0.09417233963409775
bc1qjyot59he2ahozlv48pqxkzkjfs59h9xdelltrq,False,,0.4393581826159844,Driven by: physically implausible peer geo-velocity (contributed +0.290); an unusually high number of incoming payments (contributed +0.237); an unusually high transaction frequency (contributed +0.194).,-0.7719185957468797,0.16569630283829836,0.09108737048344401,0.19417339043717452,0.2370270605239091,-0.03766141873758503,0.29034889490111604,0.173736464218176,-0.04657793392639054
bc1qs49mi9zu1eh3366sqmqqwhh3tt255kcmg2k87b,False,,0.43896117344596214,Driven by: an unusually extreme single transaction amount (contributed +0.267); an unusually high number of outgoing payments (contributed +0.231); consistently high peer geo-velocity (contributed +0.193).,-0.44424364028251045,0.2668471940732698,-0.013269880568348399,0.06849154879212355,-0.05482886373090362,0.2309370813048605,0.011998638424790339,0.19281787816774962,0.050523069099108864
bc1q8t6aidizs3j0evzymkx9khh83gsv5e033dzqq5,False,,0.43888510181060086,Driven by: unusually large average transaction amount (contributed +0.324); an unusually extreme single transaction amount (contributed +0.290); consistently high peer geo-velocity (contributed +0.245).,0.32357989429348555,0.2902550347251993,-0.38560181822862366,0.23938099363313306,-0.2197322664995142,-0.3702328450294436,0.13422673495988796,0.2449217988528641,0.05503709712680869
bc1qb9j52oyyr2ozz9z76mh8pu9jn01n3p6egkazal,False,,0.43888037782487616,Driven by: an unusually extreme single transaction amount (contributed +0.286); an unusually high transaction frequency (contributed +0.269); consistently high peer geo-velocity (contributed +0.223).,0.08626961115773152,0.2859850927295039,-0.19347962791778756,0.26905308924940113,-0.3184712897524613,-0.07927453421293712,0.07624579052879135,0.22314984837686283,-0.0374842685290771
bc1qqph8a51gzfz7yhtd6oo7g5b0l8o9ics9jrmbk3,False,,0.4388563126741327,Driven by: physically implausible peer geo-velocity (contributed +0.313); an unusually high number of incoming payments (contributed +0.223); an unusually high transaction frequency (contributed +0.204).,-0.28482604007771334,-0.3374332950862745,0.09739898734223136,0.203863221787993,0.22293975649619766,-0.013765766182316078,0.3134691437835614,0.1629097801676754,-0.05175161746934947
bc1qg9t6jznue5rau33x58pzj3mnhtzqttaazvorq5,False,,0.43876251852012244,Driven by: an unusually extreme single transaction amount (contributed +0.302); an atypical time-of-day transaction pattern (contributed +0.262); an unusually high number of outgoing payments (contributed +0.245).,0.19565938016334666,0.30165302710443037,0.19509358629537601,-0.8390422428404107,0.21424949718533298,0.24459093050832795,-0.12044904401240293,-0.13783998093241598,0.26204821368574116
bc1q4w7rpnkgd8abfs83jq1nkwm3n3e1i0b4dj7n79,True,peeling,0.43832399670243216,Driven by: an atypical time-of-day transaction pattern (contributed +0.298); an unusually high number of outgoing payments (contributed +0.269); an unusually extreme single transaction amount (contributed +0.238).,-0.5046829844682629,0.238116742962781,0.23466490247750602,-0.2186733188329823,0.20324776029730984,0.26937968250510824,-0.07457173845799082,-0.11506229115127026,0.29832397067544403
bc1q9y5edm228gn0gx4ozv6zvnsoj9uhgv9m58tgtu,False,,0.43819537498937233,Driven by: physically implausible peer geo-velocity (contributed +0.309); an unusually high number of incoming payments (contributed +0.223); an unusually high transaction frequency (contributed +0.200).,-0.3543420123647451,-0.21031752805547618,0.10301614216778666,0.20022141562241255,0.22301543136404162,-0.03464275369269151,0.30918190832973325,0.15908199887813299,-0.06013417576458469
bc1qf6te8cp9k02psoi373dzwi7plc1kjg7dp5ulp2,False,,0.43819537498937233,Driven by: physically implausible peer geo-velocity (contributed +0.309); an unusually high number of incoming payments (contributed +0.223); an unusually high transaction frequency (contributed +0.200).,-0.3540744273641319,-0.2102235195638961,0.1031124982506078,0.20023194455744273,0.22301543136404162,-0.03464275369269151,0.30894766907471105,0.15908199887813299,-0.060368415019606984
bc1qxcijqn6c4w713qnvy4h03b27lak0pntkluuj7k,False,,0.4380950844459029,Driven by: physically implausible peer geo-velocity (contributed +0.307); an unusually high number of incoming payments (contributed +0.228); an unusually high transaction frequency (contributed +0.206).,-0.2578415201602482,-0.35003944663533193,0.09936342690959281,0.2064018143853495,0.22762276254878192,-0.013935107542710793,0.3071727573404044,0.16646656611036328,-0.04674769644560325
bc1qh8hyf87sw1k9m94uzxy4g8on3w9hx6i62r2cxt,False,,0.43808028746602207,Driven by: an atypical time-of-day transaction pattern (contributed +0.276); an unusually high number of incoming payments (contributed +0.243); an atypical number of transactions (contributed +0.210).,0.09478333601672101,-0.4844195453828325,0.20972456920952512,-0.3278896929188434,0.24272615397036376,0.17718793849743342,0.12379214435896775,0.02696610577530011,0.27609176336554964
bc1qxxy6wkhvpp55u1r8a5j8ur63nyir1dkf84qyup,False,,0.4380670397533395,Driven by: physically implausible peer geo-velocity (contributed +0.309); an unusually high number of incoming payments (contributed +0.223); an unusually high transaction frequency (contributed +0.200).,-0.37514946775368513,-0.1915758338404224,0.1067775282444743,0.20006509023346652,0.22274759198141306,-0.03179052536656032,0.30853286785413736,0.16398697882709815,-0.06418449534454337
bc1qjoznhe8ifxdnm655ck3tb94cllsad0ucswnqmw,False,,0.43801766992698843,Driven by: an atypical time-of-day transaction pattern (contributed +0.267); an unusually high number of outgoing payments (contributed +0.236); an atypical number of transactions (contributed +0.207).,0.030875455035978404,-0.6249647672548163,0.20716922766477636,0.014974106877488487,0.17777239375199044,0.2361724600604406,-0.016310366590321174,0.04825690313478415,0.26713011996139896
bc1qhn3f9zxqerbkn3dkvr5nbhgpbktmav6763v1m3,False,,0.4380056920674338,Driven by: an unusually extreme single transaction amount (contributed +0.293); an unusually high transaction frequency (contributed +0.192); unusually large average transaction amount (contributed +0.169).,0.16867227333427212,0.2931269717256037,-0.14959283863101042,0.19201803683662755,-0.05237398130064711,-0.36210460653041404,0.03964626529316358,0.15107563814316396,0.06101194957846264
bc1qnwbhkvjz09owgmf4ln5rgsg6a8mlik22xmq664,False,,0.43787712733955814,Driven by: an unusually high transaction frequency (contributed +0.270); unusually large average transaction amount (contributed +0.246); consistently high peer geo-velocity (contributed +0.230).,0.24580148494965093,-0.08322211490615926,-0.17695169800965949,0.27020363455388713,-0.2374360885431176,-0.04879566711926752,0.1432750451045507,0.22959518797753364,0.003348854172199639
bc1qppp4kyz6sex7geoqgfa32j5ufvfcwgq8x2mpxt,True,peeling,0.43780944318182985,Driven by: physically implausible peer geo-velocity (contributed +0.300); an unusually high number of incoming payments (contributed +0.228); an unusually high transaction frequency (contributed +0.192).,-0.45160630455391737,-0.1104073472968887,0.1058130117825603,0.19158767277038372,0.22786980810045745,-0.03202716857215988,0.29962793049712066,0.1720531201080761,-0.05480730077266965
bc1qhpl2iljl8vj61tyjavf61dm78ui5mgab1w1hgw,True,coinjoin,0.437809378945725,Driven by: an atypical time-of-day transaction pattern (contributed +0.327); an unusually high number of incoming payments (contributed +0.268); an atypical number of transactions (contributed +0.259).,-0.5976117887046695,0.22120350456087293,0.25931339403929715,-0.45716777425623173,0.26791060780097886,0.21608111383762574,0.08972572333425484,0.02140288676010897,0.3272479232479861
bc1qhwswczt0lfj4b121y50df0wcyr2p6xcw8afmne,False,,0.4377900010758707,Driven by: unusually large average transaction amount (contributed +0.302); an unusually high transaction frequency (contributed +0.234); consistently high peer geo-velocity (contributed +0.200).,0.3021223748150753,0.18551370176187484,-0.28165972803378175,0.23390487916213812,-0.1548492629997531,-0.2551545559138997,0.0891264035085982,0.20003543750762298,0.02972053604629048
bc1qwnac1pmadfa0goajb6ru3t28sie7coc0wkn4w1,False,,0.4376861204391979,Driven by: physically implausible peer geo-velocity (contributed +0.278); an unusually high number of incoming payments (contributed +0.245); an unusually extreme single transaction amount (contributed +0.238).,0.11614421679981848,0.2377647204163265,-0.04137405098104634,0.11744938106812343,0.24484925234727467,-0.08501950045629561,0.27798178462656836,0.0622793273932031,-0.5778078501560417
bc1qfyiifa2lr9p6hjb2jtxb02b6lkc86y5o44iuse,False,,0.43745324104911476,Driven by: an unusually high transaction frequency (contributed +0.287); an unusually extreme single transaction amount (contributed +0.282); unusually large average transaction amount (contributed +0.275).,0.27522902555450135,0.28215082457659457,-0.3677707763228153,0.2867377027923725,-0.16873746607815795,-0.2966726738558228,0.12858106606849745,0.23524263516063065,-0.014626935633825342
bc1qj7o6rhd5e9jlwxwu1r0dn952b5ikro8ua4nuth,True,peeling,0.43743864468758037,Driven by: physically implausible peer geo-velocity (contributed +0.303); an unusually high number of incoming payments (contributed +0.229); an unusually high transaction frequency (contributed +0.191).,-0.47396092300258263,-0.08784599915354946,0.10766616217658598,0.1913459658026388,0.22901508670497356,-0.026040788894320387,0.30340226139957394,0.16880858833215534,-0.051763780695428925
bc1qifrml29q2l48c1cqg433e1i1p0bq1s9ryllwb7,False,,0.4374123419985423,Driven by: an unusually extreme single transaction amount (contributed +0.290); an unusually high transaction frequency (contributed +0.239); consistently high peer geo-velocity (contributed +0.188).,0.16248501979166952,0.2901386780828422,-0.13564237215152938,0.2388507840797262,-0.17806439457102904,-0.3270830097030898,0.12460833969586092,0.1883532084872963,-0.0021309448808581
bc1q0shdkkg1r1cqkih548jrpe2xn9txfjnjd5sloc,False,,0.4371606033760976,Driven by: unusually large average transaction amount (contributed +0.295); an atypical time-of-day transaction pattern (contributed +0.287); an unusually high number of incoming payments (contributed +0.255).,0.29509112679690014,0.22957786881886383,0.1927499624403425,-1.2279475872123038,0.25517675681944013,0.1625225312703503,0.09330185372095344,0.08236790979868167,0.28718353543200886
bc1q9e8cdk9x0740c98uzzy00ew9jzf4epm7zdng61,False,,0.4371231769400879,Driven by: an unusually extreme single transaction amount (contributed +0.297); an unusually high transaction frequency (contributed +0.262); consistently high peer geo-velocity (contributed +0.197).,0.09128561079298689,0.29673620720057214,-0.16689041997438298,0.2622027708061668,-0.2643529122697194,-0.051824200433629265,0.047588575530303615,0.19727948957661925,-0.040735748752519375
bc1qa44tbidsechu3ycpkavm96n7kbnkfvdhlz02z7,False,,0.4368856242332572,Driven by: an unusually extreme single transaction amount (contributed +0.304); an unusually high transaction frequency (contributed +0.281); unusually large average transaction amount (contributed +0.148).,0.14812472281041278,0.3039605420365199,-0.17892920859539804,0.28105727610019365,-0.24290549634100228,-0.05122675197973214,0.03336731074368529,0.13154318545349575,-0.04566785354210435
bc1q4bn7j5ukr8ieu122jn86taip1kelbu8pt8tagi,False,,0.43663888880130614,Driven by: physically implausible peer geo-velocity (contributed +0.303); an unusually high number of incoming payments (contributed +0.226); an unusually high transaction frequency (contributed +0.198).,0.07599114280960934,-0.5924061249917135,0.11188577923801923,0.19772421772039214,0.22556519353561472,-0.01651019695335069,0.30344386867238726,0.1620098038896307,-0.08003040432475504
bc1qob7nbqw35f5sayrszqussjhmotoy9qjs7i58up,True,coinjoin,0.43660607795077044,Driven by: an atypical time-of-day transaction pattern (contributed +0.312); an unusually high number of outgoing payments (contributed +0.252); an atypical number of transactions (contributed +0.233).,-0.8020734333697579,-0.018082935599242445,0.2330289704199788,0.10693036944744609,0.19974919779102646,0.25152277624754876,0.0015316543603405496,0.10419971191313121,0.311977646422086
bc1qghdomspfqlfqebiwrcqla6m04yprpaqccgzdn5,False,,0.4365396777234426,Driven by: an atypical time-of-day transaction pattern (contributed +0.296); an unusually high number of incoming payments (contributed +0.240); an atypical number of transactions (contributed +0.218).,0.07531654832241003,-0.5335824695502797,0.21830172902792208,-0.22727619172959168,0.23987796771032913,0.17990703539194283,0.13957165262824636,0.0030785202576327176,0.2958371308897396
bc1qiiennngvdlv0wgd4hkpwi25y4xvrydafv87vo2,False,,0.43651390419068553,Driven by: an unusually extreme single transaction amount (contributed +0.300); an unusually high transaction frequency (contributed +0.270); consistently high peer geo-velocity (contributed +0.219).,0.21852430455562996,0.30042889846858345,-0.19898303196806064,0.2702545376655293,-0.4950519529558891,0.10058868845279248,0.05227771066277089,0.21931076073916916,-0.07544534318255622
bc1q493dxwor17dpubkpiqnhqe86o3z0anik5j42oi,False,,0.43647488086523495,Driven by: unusually large average transaction amount (contributed +0.324); an unusually high transaction frequency (contributed +0.300); consistently high peer geo-velocity (contributed +0.272).,0.3241834092169709,0.03713730706288831,-0.30179643145113877,0.2995128284906178,-0.16451127052146733,-0.25780195632589636,0.15851449647731364,0.2722288965248829,0.02575865674336701
bc1q9shq8bc4pw8zw7nhpgjx19emf8rsjrrw24ivsr,False,,0.43647327524862023,Driven by: an unusually extreme single transaction amount (contributed +0.276); consistently high peer geo-velocity (contributed +0.238); unusually large average transaction amount (contributed +0.134).,0.13447591023039324,0.27645269831346775,-0.11054284636494979,-0.13187611308739508,0.05521320798970277,-0.1256714558969482,0.05737986008308466,0.23756786915340092,0.00028117590381591495
bc1qqhacmeyp17x89nadhe709hkd6k7rmnzsyhripv,False,,0.4364170562368178,Driven by: unusually large average transaction amount (contributed +0.300); an unusually extreme single transaction amount (contributed +0.284); consistently high peer geo-velocity (contributed +0.266).,0.30012111967393407,0.28369097097020685,-0.15484270607485962,-0.1870218425002725,0.04807433851636874,-0.09712280647550779,0.028746806682562926,0.2663661963314739,-0.09282793139485497
bc1qyyom0f6qepyohakc37wmfpta7ls9b7ry0cgq4h,False,,0.4361094130839794,Driven by: unusually large average transaction amount (contributed +0.290); consistently high peer geo-velocity (contributed +0.245); an unusually high transaction frequency (contributed +0.203).,0.29037211996886947,0.1949645190306672,-0.2838917247925996,0.20316845309142012,-0.14859055694606027,-0.2684512673840381,0.14208446419017154,0.24476508371724878,0.03118563988820701
bc1qr5xej2vbqkuw37j9ggfwj6jyidr6x0accho6v8,True,coinjoin,0.43602995866858035,Driven by: an atypical time-of-day transaction pattern (contributed +0.283); an unusually high number of outgoing payments (contributed +0.276); an atypical number of transactions (contributed +0.245).,-0.4285778757678832,0.22940103515157742,0.24452748071803357,-0.20955100952133643,0.2103741771364793,0.27569485366756064,-0.09739461081198804,-0.09943870344808631,0.2832643996258377
bc1qg5yxzouup1kzvjh5ozyr4n26smmqz6nev8soty,False,,0.4358573722764364,Driven by: physically implausible peer geo-velocity (contributed +0.310); an unusually high number of incoming payments (contributed +0.227); an unusually high transaction frequency (contributed +0.200).,-0.3770556134688444,-0.13502533621231716,0.11024376534352062,0.20024829219179857,0.22735522586089443,-0.028791135724216214,0.31040882481174903,0.16515671717877697,-0.05838968501653375
bc1qwc3bnecjq427u1nvmeagwp82h6sgl5wr6zebcv,False,,0.4358312198026689,Driven by: an unusually extreme single transaction amount (contributed +0.320); an unusually high number of outgoing payments (contributed +0.219); an unusually high transaction frequency (contributed +0.199).,0.12436731788898574,0.32019166963505374,-0.15042017083810402,0.19896074437882072,-0.07864734570359298,0.2189617095459047,-0.1371953309969787,-0.09487044559590155,0.013689773046223846
bc1q802xvxitifxziu6hulprx05h3k7ujj31w0gq34,False,,0.43581364151579066,Driven by: an unusually high transaction frequency (contributed +0.291); consistently high peer geo-velocity (contributed +0.276); an unusually extreme single transaction amount (contributed +0.266).,-0.3776452455145098,0.26628080900125756,-0.11714356510119221,0.2912849456785122,0.04967994498346212,-0.05182283715952769,0.06861184738213434,0.2762448830219169,0.01014327288713919
bc1q3rzidvrifuvzlfy1u7n4vaq6jc15gyiccwbpoy,False,,0.43580395634595576,Driven by: an unusually extreme single transaction amount (contributed +0.323); an atypical time-of-day transaction pattern (contributed +0.293); an unusually high number of incoming payments (contributed +0.268).,0.24275801023082502,0.323435870573637,0.1867458267344141,-1.272918897717099,0.2676371971674127,0.16699858195036146,0.11980371603131626,0.08850261799172525,0.2929995964130172
bc1qe8a54hbph1ve8susfh70m9ohdsrs8anp8dmlc8,False,,0.4356515758541467,Driven by: an unusually extreme single transaction amount (contributed +0.320); unusually large average transaction amount (contributed +0.313); an unusually high transaction frequency (contributed +0.282).,0.31342161936244195,0.32000826324696946,-0.13875848470807403,0.2822608962889475,0.03870465889493846,-0.07267246798170422,-0.283226285007853,-0.11181023069580277,0.07320336428655864
bc1qgmdrdsferfxiokpg3dp4fmpm5hgbo06fhrxjpt,False,,0.4353290431162615,Driven by: an unusually high transaction frequency (contributed +0.306); unusually large average transaction amount (contributed +0.285); consistently high peer geo-velocity (contributed +0.261).,0.2852830179373818,0.13974736093806076,-0.33161733276700506,0.3057713372633292,-0.15022692717283992,-0.25976453989382925,0.14793920423982734,0.26106902863159115,0.03387660478062433
bc1q1wmfpt00e2qmk3uhk6hmrtiehc2yix79pbrtg6,False,,0.4352978452232511,Driven by: an atypical time-of-day transaction pattern (contributed +0.304); an unusually high number of outgoing payments (contributed +0.248); unusually large average transaction amount (contributed +0.232).,0.23193962575828972,0.23142063539042562,0.18938497328435122,-0.8985743592471038,0.22210657719451482,0.24778387210141195,-0.06939922549717661,-0.025333886527563014,0.30380879516466036
bc1qxx60lxet8sjtnwu9s151vl9rz4d4yji359t8zg,True,peeling,0.43508384856398197,Driven by: an unusually high transaction frequency (contributed +0.310); an unusually extreme single transaction amount (contributed +0.289); unusually large average transaction amount (contributed +0.251).,0.25147757094971457,0.28945797764373526,-0.20457864580657192,0.3096849991331865,-0.32685720566734316,-0.0610521040137898,0.01515851512619761,0.20088034564929622,-0.03376662743837784
bc1qzbl5kzhcmz2rno6cysvuhiwzwt994pn8qix43i,False,,0.4347690929820187,Driven by: unusually large average transaction amount (contributed +0.337); an unusually high transaction frequency (contributed +0.278); consistently high peer geo-velocity (contributed +0.191).,0.33740346353563605,-0.07917921112244566,-0.1297774134846224,0.27806149548425985,0.010820783395896552,-0.27008399716525733,0.0288178421798095,0.19060480105608535,0.0844333822495906
bc1q4ulpqp81ycegnnjmxwepu44tm1quanx0h6vy9r,False,,0.43462588504222055,Driven by: an atypical time-of-day transaction pattern (contributed +0.310); an unusually high number of outgoing payments (contributed +0.242); an unusually extreme single transaction amount (contributed +0.242).,0.22123291362343955,0.24168730312467263,0.19300029806102043,-0.87166366393638,0.21803147419795887,0.2422988178504505,-0.07924724482053003,-0.01921104208711158,0.30984148054868627
bc1q6j3vme942hqfxclq08jt6gk3lv323xqpluyg3h,True,coinjoin,0.43456848266963277,Driven by: an atypical time-of-day transaction pattern (contributed +0.319); an unusually high number of outgoing payments (contributed +0.254); an atypical number of transactions (contributed +0.234).,-0.7928798988729971,-0.02488916175090192,0.23365359395863375,0.14719490229653717,0.20261695497263865,0.254205775838747,0.020028088394919208,0.09880602991062615,0.3191862312190979
bc1qweyuk6bcdfqvdpmm9xagi30cn89yxjh8kgyzm5,True,peeling,0.434523579928536,Driven by: physically implausible peer geo-velocity (contributed +0.305); an unusually high number of incoming payments (contributed +0.226); an unusually high transaction frequency (contributed +0.200).,0.08590698702388097,-0.552130055398775,0.11204776413837453,0.20002398758849418,0.22649865542607728,-0.013672482447468258,0.30523117992559745,0.17135545290618603,-0.07581171010332054
bc1q8zzkk4j1o5hd4hsbrebndycpn0p1xs910baf4j,False,,0.43449351824758464,Driven by: an unusually extreme single transaction amount (contributed +0.289); physically implausible peer geo-velocity (contributed +0.251); an unusually high number of incoming payments (contributed +0.248).,0.2105337046041381,0.2891893857731062,-0.027035325862817712,0.07200657266553916,0.24793131283595274,-0.07227769319328228,0.25083145746232927,0.06221372554082134,-0.572920793876955
bc1qzrp9dxoq2vpgstqmgvu4isotn9uzeryf0992qc,False,,0.43447617803248767,Driven by: an unusually extreme single transaction amount (contributed +0.285); an unusually high transaction frequency (contributed +0.247); consistently high peer geo-velocity (contributed +0.246).,0.2380094379381623,0.28474353300542016,-0.21697190788059179,0.24676675594904454,-0.32533053247202826,-0.05250426385474319,0.07726527999554612,0.2458098684432702,-0.036725954732183014
bc1qa7b1bb61pdbhf3suthk9oe7te8rtmsy77bmbvm,False,,0.4342284594327438,Driven by: an unusually extreme single transaction amount (contributed +0.308); an atypical time-of-day transaction pattern (contributed +0.295); an unusually high number of outgoing payments (contributed +0.246).,0.1916909964384793,0.3083760228816803,0.18310898518036603,-0.6750721302986791,0.21128856533947765,0.24607998022694313,-0.13600979590506168,-0.15480144879168578,0.29483037555657504
bc1q9jrd4hqfghdiluvnhdczp0nwntj5r2slrw4vnz,False,,0.4342149540731944,Driven by: unusually large average transaction amount (contributed +0.312); an unusually extreme single transaction amount (contributed +0.290); an unusually high transaction frequency (contributed +0.285).,0.3116779913647063,0.28971693955193195,-0.2262014515828414,0.28490659360275,-0.5532850942044595,0.1683983691449678,0.0009582375771028333,0.190338374019803,0.0034412878809316626
bc1q5nyq3yhgmlt43e90eqeihuo63wedplhrtc7i85,False,,0.43383864137004086,Driven by: physically implausible peer geo-velocity (contributed +0.308); an unusually high number of incoming payments (contributed +0.226); an unusually high transaction frequency (contributed +0.201).,0.08813659808529864,-0.5434930134273985,0.11234133026236315,0.20105822341484672,0.22646203228819167,-0.013761533037131528,0.30752198854484314,0.17160253527404185,-0.06710219313642898
bc1q7h0ums48iw5xnqdz98jhe17o7pnud53qe5eeaz,False,,0.4338237290071783,Driven by: an atypical time-of-day transaction pattern (contributed +0.315); an unusually high number of outgoing payments (contributed +0.247); an unusually high number of incoming payments (contributed +0.210).,0.20061415241686523,0.0022639727970042716,0.20916121620551842,-0.7642708573938972,0.21035864679108873,0.24704926596049528,0.007127214920268514,0.05646850934699404,0.31450189258074934
bc1qmmk4wl656d1biob6ffrlkwlq3tnpp2vpfh22cp,False,,0.433734816419649,Driven by: an atypical time-of-day transaction pattern (contributed +0.324); an unusually high number of outgoing payments (contributed +0.267); an atypical number of transactions (contributed +0.228).,-0.15693612042839458,-0.22047906880782403,0.22761232200404946,-0.22232979795624017,0.2184223768771174,0.26666720910325203,-0.02562005112453177,0.07494454652595615,0.3240220994431431
bc1qdlqh1cv2xb402nmsikji92xpi865eo9w6ya8jb,False,,0.43357814858163257,Driven by: consistently high peer geo-velocity (contributed +0.267); an unusually high transaction frequency (contributed +0.226); unusually large average transaction amount (contributed +0.179).,0.17871130293565546,0.1034222929036041,-0.11651315926926012,0.22595957706029834,-0.02328360943298881,-0.26635472386685877,0.06608027136309283,0.26680205878332486,0.05681913071468759
bc1qnozemdmz5rgoi9wm1sav9cng8tana6u48gwghm,False,,0.4334918976671686,Driven by: physically implausible peer geo-velocity (contributed +0.307); an unusually high number of incoming payments (contributed +0.227); an unusually high transaction frequency (contributed +0.201).,0.09099401001808899,-0.5391283249327188,0.11357023389612819,0.2010391081590854,0.22658211609808399,-0.01291259896728861,0.30747951618278613,0.1716678363023884,-0.06470828854517369
bc1qa54vdjpca12j8z8do3p0amts7ynxj5yhy8n59u,False,,0.43339863096826287,Driven by: unusually large average transaction amount (contributed +0.301); an unusually high transaction frequency (contributed +0.213); consistently high peer geo-velocity (contributed +0.109).,0.3006949041784431,-0.11741367877236904,-0.14153496605299876,0.2130996590836636,0.037816812619102295,-0.07014149930642906,0.0918069528477665,0.10939385436830527,0.07404187690813964
bc1q1c795rlqiob0nlw0vs52sq3b9so0uswbkok3qp,True,peeling,0.4332519378384109,Driven by: unusually large average transaction amount (contributed +0.320); an unusually extreme single transaction amount (contributed +0.293); an unusually high transaction frequency (contributed +0.225).,0.32014315584538766,0.2933903946140634,-0.18999741131137626,0.2254122827413742,-0.4027730311231348,0.10411249558338297,0.054173199198782405,0.14766479664431773,-0.04935848204774185
bc1qh5cfgk7h3i8no7nqotsvfk2knelwl8u8pn74fy,True,"fanin,fanout",0.4332186090669519,Driven by: an unusually high transaction frequency (contributed +0.247); an unusually high number of outgoing payments (contributed +0.228); an unusually extreme single transaction amount (contributed +0.215).,-0.23359645198315512,0.21506036413950652,-0.021740220765989027,0.24687036327984876,0.02830190008101327,0.22830385071349357,-0.03943596649151606,-0.019636640155924204,0.09977723227980569
bc1qp7swvtqqkljqkcjev9zuyh97y8pzl99uj6safk,True,coinjoin,0.43311047289747423,Driven by: an atypical time-of-day transaction pattern (contributed +0.318); an unusually high number of incoming payments (contributed +0.233); an atypical number of transactions (contributed +0.229).,-0.12267590936937184,-0.5746673628507226,0.22916112314473772,0.22858272651717804,0.23341961780349593,0.19276781138029714,0.07631454984767716,-0.07366929474416353,0.3183609018244541
bc1qaont75ez6iz8er6u0estie6sv5itmtjlegp4h2,False,,0.43279865730823297,Driven by: an unusually high transaction frequency (contributed +0.288); unusually large average transaction amount (contributed +0.257); consistently high peer geo-velocity (contributed +0.167).,0.2567384239787894,0.10076648422545471,-0.20979738184295438,0.2875805038509224,0.008999044668952185,-0.16061486587914445,0.0015852351456302483,0.16658245254918108,0.06639893950311414
bc1qdji1oahnox8fk2076vmdnhqnjvdpngwds9yxz7,False,,0.43263721879131956,Driven by: unusually large average transaction amount (contributed +0.327); an unusually extreme single transaction amount (contributed +0.316); an unusually high transaction frequency (contributed +0.192).,0.32744370482615837,0.3162424951108384,-0.1948296599075204,0.19239134119187604,0.02810992555322431,-0.1569397440028781,-0.014123032292387662,0.11692792090531025,-0.09146995909024337
bc1q03iqhycvpnx4yk1w031mpyynq66q73smql2tbe,True,coinjoin,0.43248944162833747,Driven by: an atypical time-of-day transaction pattern (contributed +0.325); an unusually high number of outgoing payments (contributed +0.279); an atypical number of transactions (contributed +0.248).,-0.45117263050842615,0.21793375311085644,0.24772796228635324,-0.26127005338061604,0.2161037071262852,0.2789552539759459,-0.06648587599668342,0.022243191259386,0.3247670221471687
bc1qxoycg1fjgbvyow47lueq4d7d7gdlwagawq57ly,True,coinjoin,0.4320424423856056,Driven by: an atypical time-of-day transaction pattern (contributed +0.285); an unusually high number of outgoing payments (contributed +0.241); an atypical number of transactions (contributed +0.199).,0.01399108525982109,-0.6167625503665835,0.19859736701744235,0.10118462138906138,0.1858460832081551,0.24120828258922342,0.031808892595014134,0.10343706021928122,0.2847753321601482
bc1qh4z8d2vfhzpqvjldnhm63q68jov58toe3pgihn,False,,0.43189826617642724,Driven by: unusually large average transaction amount (contributed +0.323); an unusually high transaction frequency (contributed +0.264); an unusually extreme single transaction amount (contributed +0.247).,0.3226530023350747,0.24725420291498185,-0.17115693763202838,0.26439055679136003,-0.29486056969269536,-0.04004500151304874,0.04059071385091494,0.10453969012076683,0.07565357754139697
bc1q7nwuqiq9vobgggkycsnu966wqx1n6ph1raemyd,False,,0.4317253813868516,Driven by: an atypical time-of-day transaction pattern (contributed +0.309); an unusually high number of outgoing payments (contributed +0.263); an atypical number of transactions (contributed +0.224).,0.1693137941701527,-0.3127381679102985,0.22362585726455614,-0.3755726312434843,0.21257469429585035,0.26263872976343494,-0.031225212956031013,0.09764728917139144,0.30867239286594794
bc1qu5jslhgmrzzqo17rv2y7cdabbajaq08dnx80nk,False,,0.4314780496833771,Driven by: unusually large average transaction amount (contributed +0.330); an unusually high transaction frequency (contributed +0.271); consistently high peer geo-velocity (contributed +0.236).,0.33035133379903464,-0.010454431897745732,-0.13035547401771092,0.270670202992374,0.0016927996945850811,-0.2629608403344125,0.07973918432224048,0.23621321450286728,0.04851056169744077
bc1q9ozo13jf46de7kios320hmh74uz5lq0nh0rudb,True,peeling,0.43145356427565,Driven by: unusually large average transaction amount (contributed +0.330); an unusually high transaction frequency (contributed +0.134); consistently high peer geo-velocity (contributed +0.120).,0.3298016423139366,0.007978721626190306,-0.13131368869437904,0.13441516153784294,0.055696702236805264,-0.054325218246385774,0.05988612325472245,0.11984486617631378,0.042261000622714755
bc1qd33i7ops2rrtxvf4z1846849a7zvd8h3chufeu,False,,0.43145257816569293,Driven by: an unusually extreme single transaction amount (contributed +0.306); an unusually high transaction frequency (contributed +0.160); consistently high peer geo-velocity (contributed +0.154).,0.13607644610796554,0.30603542556878477,-0.18073402798338203,0.15953797746537401,0.039064476782536176,-0.16356247438654642,0.022612553574821448,0.15435497097198117,0.09089374342040314
bc1q1qicxbr8iybatolodlonkcp8ov5nwvsjjcaxod,False,,0.4314292226876617,Driven by: an atypical time-of-day transaction pattern (contributed +0.318); an unusually high number of incoming payments (contributed +0.260); an atypical number of transactions (contributed +0.235).,-0.3423054330815778,-0.05987786272563541,0.2351485505697052,-0.1884083860457033,0.2602611613890571,0.19631869662806126,0.12182958203149637,0.02404227988619515,0.3180706028103089
bc1qqu0k5qzzkw3gi60q6guo8i5jwk6z0hr9t9cd1l,False,,0.4313101365242384,Driven by: an atypical time-of-day transaction pattern (contributed +0.336); an unusually extreme single transaction amount (contributed +0.280); an atypical number of transactions (contributed +0.250).,-0.7905383874731076,0.279593957871158,0.25040572450313336,0.17244308341432044,0.24658869080296134,0.22352982286530512,-0.04537672894604509,-0.10329142061445402,0.3358047150857822
bc1qw59sqwhbef46rf7bnhjw6qdbtfbsciqup06idi,True,peeling,0.43112411290442076,Driven by: unusually large average transaction amount (contributed +0.320); an unusually high transaction frequency (contributed +0.263); consistently high peer geo-velocity (contributed +0.238).,0.31975265163575955,-0.12850901040543294,-0.1536873912732348,0.26281317520605546,0.027895502250529412,-0.1311386831536906,0.04995649642533022,0.23835799505344052,0.09009473029439226
bc1q4i5vgd1x8l3jda0hxv2zottsmznms8ijjunwu1,False,,0.4310424321903015,Driven by: physically implausible peer geo-velocity (contributed +0.316); an unusually high number of incoming payments (contributed +0.226); an unusually high transaction frequency (contributed +0.197).,0.09070882530565141,-0.4835758369714554,0.12411535555530466,0.19706572362476935,0.2258201981922297,-0.009334750625171964,0.3163570237807465,0.17851900317293096,-0.061339578775229504
bc1qio16um6tt9h9l80hnsfe1v0onrnvwx994wah3q,False,,0.43077511424726006,Driven by: an unusually extreme single transaction amount (contributed +0.303); an atypical time-of-day transaction pattern (contributed +0.270); an unusually high number of outgoing payments (contributed +0.260).,0.19527484423938907,0.30257336183085837,0.19459056302974717,-0.424036378948188,0.20967769039801754,0.2598789662144982,-0.19997123237874753,-0.2209072686936964,0.2704243670293991
bc1qcgaghft9zzcgl9fwvvskp30tx8j1ccm0w3c1za,False,,0.43046604698991076,Driven by: unusually large average transaction amount (contributed +0.318); an unusually extreme single transaction amount (contributed +0.273); an unusually high transaction frequency (contributed +0.267).,0.31826654117686287,0.27302234078534854,-0.19499651237041585,0.26693585657907193,0.03522214768701691,-0.13807177139249416,-0.023533092531047902,0.13240884510124423,-0.07114140532543635
bc1qhop0e62n3pp1vm3i0gxhc660ujrihz8eekc8u0,False,,0.4302805443552035,Driven by: an unusually extreme single transaction amount (contributed +0.305); an unusually high transaction frequency (contributed +0.276); unusually large average transaction amount (contributed +0.102).,0.10210521163505917,0.305492858622637,-0.11551771417460961,0.27597067554462995,0.05857926203467004,-0.061854997089909346,-0.04744860232101762,0.05330191413712411,0.03385495931431966
bc1q5pdtz91x70fqldb2uuijnwpaytxw1vzc7d2kd1,False,,0.4298146866517608,Driven by: an unusually high transaction frequency (contributed +0.294); an unusually extreme single transaction amount (contributed +0.291); unusually large average transaction amount (contributed +0.288).,0.2877184727549241,0.29116551927566886,-0.34514618767288247,0.29442106487457437,-0.15497699109632002,-0.27199554976716633,0.1689252195921688,0.26291557287236583,0.08746726670547351
bc1q2cdrxu9435o1l8wj6zgylkcs2yx1zdnqsamctx,False,,0.4296235274618495,Driven by: an atypical time-of-day transaction pattern (contributed +0.316); an atypical number of transactions (contributed +0.253); an unusually high number of incoming payments (contributed +0.242).,-0.9003213321663952,0.1860980148939205,0.252554835498775,0.1920678917084442,0.24188664007100236,0.2096373484812378,0.07631876671977275,0.052342795530740685,0.31648429898722047
bc1qrtqhnol3obopab05dwjate4vv9c0xfevmy1qnq,False,,0.4289734934832345,Driven by: unusually large average transaction amount (contributed +0.301); an atypical time-of-day transaction pattern (contributed +0.290); an unusually high number of incoming payments (contributed +0.253).,0.30064922677210376,0.175621012726383,0.19740776372880603,-0.9416349076547817,0.2532180037159135,0.16052377603676185,0.12614830487363132,0.08773879086729025,0.28977695208367754
bc1qt3ppe690cwbke4hs0lt59hhpzuyr7vhtclr452,False,,0.4289045760125214,Driven by: consistently high peer geo-velocity (contributed +0.299); an unusually high transaction frequency (contributed +0.295); an unusually extreme single transaction amount (contributed +0.262).,0.1604695514739035,0.26190912089024904,-0.12547323271768918,0.2947158655984213,-0.16379786596260823,-0.3009960022893232,0.18528974824336747,0.29891480272224386,0.040791645031300235
bc1q4jgsqof3wgi8y0423h7t6udojy6g107g8o8g8h,False,,0.4288725307599546,Driven by: an unusually high transaction frequency (contributed +0.302); an unusually extreme single transaction amount (contributed +0.285); unusually large average transaction amount (contributed +0.191).,0.1910712744345115,0.28503609968548954,-0.18139229831345668,0.3021348800505387,0.037055781568546706,-0.06935334094569978,-0.03239086892871833,0.1584239199361107,-0.0376574917089366
bc1ql5nfltq680cog1zn1riamwu28rl5h3g7vkc5ss,False,,0.42885097944952133,Driven by: an atypical time-of-day transaction pattern (contributed +0.296); an unusually high number of outgoing payments (contributed +0.275); an unusually extreme single transaction amount (contributed +0.255).,-0.4875838472261646,0.25454856908302237,0.23514066324729058,-0.04102835347645677,0.20234638837250574,0.2754628266177713,-0.04969781956010905,-0.031506043900008746,0.29598830636381296
bc1qvnnvbzw5apmxd6lqga3qupo4jnmyk8516sp18o,False,,0.42868498724015547,Driven by: unusually large average transaction amount (contributed +0.305); an unusually high transaction frequency (contributed +0.268); an unusually extreme single transaction amount (contributed +0.197).,0.30472464051291975,0.19710657955669453,-0.15861569095733596,0.2675967566933694,-0.2966017043886662,-0.03521007720954293,0.11075877073005268,0.17390110741617837,0.09573223206255212
bc1qw0te52vxslhu6l29il9yq8ocucnri2i397i6yx,False,,0.42866019971824537,Driven by: unusually large average transaction amount (contributed +0.323); an unusually extreme single transaction amount (contributed +0.302); an unusually high transaction frequency (contributed +0.287).,0.3226315201760063,0.3020834468917133,-0.1520891204137381,0.28679096034355794,-0.203576074424937,-0.03655172238263982,0.028267227356320843,0.11213004810176146,0.0005609706732208192
bc1q88rbywcybo1y97jylaqs4fusnzdwp73wuqaygi,False,,0.42861975043719047,Driven by: physically implausible peer geo-velocity (contributed +0.320); an unusually high number of incoming payments (contributed +0.228); an unusually high transaction frequency (contributed +0.200).,0.11275528999025067,-0.435786554790982,0.13119158508908108,0.19960360669885485,0.2278235327947747,-0.011616979415291941,0.3198562988690071,0.1885451945104252,-0.07072997205976156
bc1q0jdcli6978v0bjwkon8uujs75eltfebe5407k5,False,,0.4285910618813465,Driven by: an unusually extreme single transaction amount (contributed +0.308); an unusually high transaction frequency (contributed +0.194); consistently high peer geo-velocity (contributed +0.127).,0.09425720684359876,0.3083979465427972,-0.11917588900973301,0.19377188765929101,0.054262193051664506,-0.07589957227393884,0.04531083265461313,0.12748536386326706,0.03422133195368958
bc1q13zp84jrh8iptc16ze7blp7dgt60pv7tiqijb3,False,,0.4285888168812401,Driven by: physically implausible peer geo-velocity (contributed +0.320); an unusually high number of incoming payments (contributed +0.228); an unusually high transaction frequency (contributed +0.200).,0.11283863361301735,-0.43585336004437286,0.13125736412414563,0.19960904714582772,0.2278235327947747,-0.011616979415291941,0.3198562988690071,0.18937982524167676,-0.07058564139697363
bc1qs6gkj71k16y0upu536lzms804bfpv0v6443ktx,True,peeling,0.4285277636193895,Driven by: unusually large average transaction amount (contributed +0.311); an unusually high transaction frequency (contributed +0.295); an atypical time-of-day transaction pattern (contributed +0.107).,0.3111343789843392,-0.09982666809814461,-0.13344940004693537,0.29537368842255124,0.04022626282412713,-0.03690938738384141,0.08471097060485598,0.09631947778778774,0.10723499730572118
bc1qhd1qsmpm675bnkafpcxede4nabh41m4i299ij2,False,,0.42850467545815596,Driven by: physically implausible peer geo-velocity (contributed +0.319); an unusually high number of incoming payments (contributed +0.227); an unusually high transaction frequency (contributed +0.195).,0.11980341693129247,-0.43810817283098896,0.1327728451756598,0.19540604048567206,0.22748329050101793,-0.008325996325896892,0.3188504324320842,0.1885451945104252,-0.07081638985209338
bc1q8yc8gzkdf6j76biviss8jltcbw6atvd1xeuq4s,False,,0.42850265886463956,Driven by: an unusually extreme single transaction amount (contributed +0.292); unusually large average transaction amount (contributed +0.286); an unusually high transaction frequency (contributed +0.271).,0.28604283667097036,0.29206660715143706,-0.16227809103065902,0.271372769424502,-0.28467355481432166,-0.06333363488859536,0.13013471100014384,0.2399712373171413,-0.043622662840030926
bc1qygtmov6ki4epxr9ogjegxeyeb900yeh8uxz3ad,True,peeling,0.42828228321031137,Driven by: unusually large average transaction amount (contributed +0.284); an unusually high transaction frequency (contributed +0.244); an unusually extreme single transaction amount (contributed +0.217).,0.2835242724438351,0.21699006150453953,-0.14097236369667404,0.24396025436148802,-0.15452738310856018,0.20831633816471037,0.05641879924049809,-0.021372375029508773,-0.019054147883772746
bc1qfs0gd5ml524hiarmle6nphvoxj0au1armx6z7v,False,,0.4281788872453615,Driven by: an unusually extreme single transaction amount (contributed +0.263); an unusually high transaction frequency (contributed +0.222); consistently high peer geo-velocity (contributed +0.141).,-0.017585965387727612,0.2632396032438532,-0.10016221653062826,0.22208914464984444,0.04372367616596279,-0.06614403720593984,0.13927967708127892,0.14061982856054583,0.05179238510697905
bc1qe576mouze66vw9b0mqoq4kreg167d6vnxnpsv8,False,,0.4280286477582552,Driven by: unusually large average transaction amount (contributed +0.302); an unusually high transaction frequency (contributed +0.299); consistently high peer geo-velocity (contributed +0.224).,0.3021967363137875,0.16415888531481526,-0.1531950664660887,0.2994779557804634,-0.249186675301481,-0.04295659771247316,0.13776784080111845,0.22443663432077726,-0.0006606700417876067
bc1qo3lfln7ft5hkojj9vynhccy7b0u2hvmbn4hzwc,False,,0.42799746600993455,Driven by: physically implausible peer geo-velocity (contributed +0.325); an unusually high number of incoming payments (contributed +0.228); an unusually high transaction frequency (contributed +0.201).,0.11254243672398132,-0.4204233545387845,0.13091620100336732,0.20093441640846543,0.22783223196104194,-0.013186690254259175,0.32530004288608116,0.19035278047250945,-0.07115225837747713
bc1qsqry1eyn70w1pfxmbesb2lcrz3rj4biohk0vey,False,,0.42795267938070247,Driven by: an unusually extreme single transaction amount (contributed +0.295); an atypical time-of-day transaction pattern (contributed +0.282); an unusually high number of outgoing payments (contributed +0.262).,0.14286363190490414,0.2945725433872569,0.1895187649888602,-0.30847367811554305,0.21288937492848425,0.2623729185248388,-0.1747644613882962,-0.21585020966077076,0.28153362388276604
bc1qomyvuxt9kls1qcwq85x7pwo6cmlxzvo5270sqg,False,,0.4277543772765319,Driven by: an atypical time-of-day transaction pattern (contributed +0.279); an unusually high number of incoming payments (contributed +0.235); an atypical number of transactions (contributed +0.180).,0.1462192891728541,-0.3291211195499936,0.18026490949075813,0.13539589819555908,0.23490126848190243,0.16003095757599178,-0.020144375424898067,-0.09514348470999717,0.2791094559440857
bc1q5wnwlc83gy1fkoldxb7gbdgbxnrwvbhza7x73q,False,,0.4273876010823894,Driven by: an atypical time-of-day transaction pattern (contributed +0.314); an unusually extreme single transaction amount (contributed +0.302); an unusually high number of incoming payments (contributed +0.265).,0.19619734912084155,0.30158191876521584,0.1952251436409969,-0.9870485823164289,0.2646237626938793,0.1694454797372373,0.1590863279572469,0.09096632127471613,0.3141136323556408
bc1qn6mbypjdfaw1lxxd8t18s1saxt8jh34udtlvr7,False,,0.42724329115095994,Driven by: an unusually extreme single transaction amount (contributed +0.305); an unusually high transaction frequency (contributed +0.251); consistently high peer geo-velocity (contributed +0.191).,0.10399035709495902,0.3051184253243547,-0.16402222094699032,0.25117957866504226,0.03700966426686818,-0.14060949275676565,0.0181833194996316,0.19125928566698072,0.10707385996442984
bc1qcz75t6xdo7l5dl0ed8a6b3odf76img7zd3q0e0,False,,0.42712081297660165,Driven by: an unusually extreme single transaction amount (contributed +0.321); unusually large average transaction amount (contributed +0.293); an unusually high transaction frequency (contributed +0.271).,0.29293772567896054,0.3212249364298123,-0.13589247562924814,0.2714741575099123,0.0631006028775888,-0.09176609102217237,-0.12381814716001677,0.01734354072037421,0.09881615216021788
bc1qvw2oxenfrrybcn78hzffghf3obs0swv5qd8c1a,False,,0.4269533641116037,Driven by: an unusually extreme single transaction amount (contributed +0.302); unusually large average transaction amount (contributed +0.181); an unusually high transaction frequency (contributed +0.174).,0.1808234024553117,0.30242812518824497,-0.11310473786467706,0.1740987045932765,0.06015824195981763,-0.05896841998192541,0.05628223506244576,0.07087449619652081,0.04662388730099938
bc1q21xg77flv7ejm1r1qjqmfd2smd7kl9intuo1r3,False,,0.42683672302138087,Driven by: an atypical time-of-day transaction pattern (contributed +0.308); an unusually extreme single transaction amount (contributed +0.276); an unusually high number of outgoing payments (contributed +0.267).,0.19567857699490537,0.275595076871701,0.18684979665875626,-0.5036703336286523,0.22619003369180604,0.26690245746737773,-0.13746740317642137,-0.0948938871173196,0.3080699977872979
bc1qb9boqcpl72u22eftixdwr024lpo6gf9xxwnkpz,False,,0.42672062614991807,Driven by: an atypical time-of-day transaction pattern (contributed +0.285); an unusually high number of outgoing payments (contributed +0.228); an unusually high transaction frequency (contributed +0.217).,0.09024244289004711,-0.5922461255392225,0.19975996402395393,0.21713376377209687,0.19000325695418352,0.22791998339365582,-0.00024676114478167397,0.10966525931173134,0.2850431664324085
bc1qxuxnb9dssrkfi53llp0nfdd2pj0mmug8xjk31d,False,,0.42669908878443547,Driven by: an unusually high transaction frequency (contributed +0.282); unusually large average transaction amount (contributed +0.279); an unusually extreme single transaction amount (contributed +0.254).,0.2793055446930531,0.25419426985425336,-0.11644776884155193,0.28236634438569436,0.06952284279149229,-0.06674502062288032,-0.038885762969160076,0.04324676010527293,0.02146373703160239
bc1qpts0mmbbsu04w4jsnym31sk0540sejokilp4vn,False,,0.42666299690292997,Driven by: physically implausible peer geo-velocity (contributed +0.328); an unusually high number of incoming payments (contributed +0.229); an unusually high transaction frequency (contributed +0.201).,0.13088510422089467,-0.39403422179949715,0.13040959302384542,0.20056816678205652,0.2288343026489524,-0.019271590219827682,0.32826171938045,0.19214094015824926,-0.06852285777433353
bc1q5f6y1nm7935krnm7th9iiukcum8smqp72t4yur,True,coinjoin,0.42663403079513335,Driven by: an atypical time-of-day transaction pattern (contributed +0.320); an unusually high number of outgoing payments (contributed +0.280); an atypical number of transactions (contributed +0.238).,-0.40874217784762795,0.23111808671749492,0.23762170238622812,-0.07744377051006428,0.2191682413123966,0.2797182789264017,-0.05886540531127082,-0.01279429351052852,0.32049394647340335
bc1qf3d4d32nkx5zt5tt9ka1dluclle4a2g76rwr3s,False,,0.4264105918346432,Driven by: an atypical time-of-day transaction pattern (contributed +0.285); an unusually high number of outgoing payments (contributed +0.235); an atypical number of transactions (contributed +0.229).,-0.08315343496547255,-0.5621390836657624,0.22886459422667696,0.20390975301211828,0.21316400323319473,0.23486581539939666,0.08621832227919278,0.13173461461400346,0.2845527515401139
bc1qjkd9ucegyua4qgvmdvmwtrshrbsh103uf8ri3p,False,,0.4262606802527964,Driven by: physically implausible peer geo-velocity (contributed +0.331); an unusually high number of incoming payments (contributed +0.228); an unusually high transaction frequency (contributed +0.201).,0.13638276883074874,-0.39470655231652757,0.13227557381450938,0.20056816678205652,0.22839792292828545,-0.016057460606592085,0.33104393887652817,0.19214094015824926,-0.06683087149216964
bc1qet3h7psxmdx52f7gfppsyazhxdo3gtxyz8akv3,False,,0.42624550990009863,Driven by: an atypical time-of-day transaction pattern (contributed +0.298); an unusually high number of outgoing payments (contributed +0.230); an atypical number of transactions (contributed +0.229).,0.0343771111029527,-0.7389889349472203,0.2293570379381121,0.22492923417646715,0.211340178507925,0.23049858622072172,0.08569974583259146,0.1687986918720274,0.2977287995008412
bc1q1amisu1o67u61o85vo1tk5ezs96kw0pn524ksk,False,,0.42619478377439857,Driven by: an unusually extreme single transaction amount (contributed +0.324); unusually large average transaction amount (contributed +0.294); an unusually high transaction frequency (contributed +0.288).,0.2941526502771979,0.32411033783619164,-0.1397101663810045,0.2877651500474959,0.061366690535481244,-0.09233755908688682,-0.11856415385919924,0.031956616892936295,0.09675991906197098
bc1qw1qxph1y3bqhok3zy5sro0l9layke3zcxu11to,False,,0.4261536027688766,Driven by: an unusually high transaction frequency (contributed +0.293); unusually large average transaction amount (contributed +0.267); consistently high peer geo-velocity (contributed +0.220).,0.2670633068528298,0.03020027947478558,-0.1352336366386598,0.29332008299035306,0.0371473073994367,-0.027097470220948165,0.04793864225529259,0.22022924911809352,0.013359916072894905
bc1qfk0ilbhvab8ckqc4lfsi0lj7zkxewv000pn58i,False,,0.42608170956394176,Driven by: an atypical time-of-day transaction pattern (contributed +0.279); an unusually high number of outgoing payments (contributed +0.262); an unusually extreme single transaction amount (contributed +0.245).,0.18526461573418368,0.24480718941788926,0.19376261057391045,-0.2556264170008969,0.2031024067340782,0.2624909529572938,-0.18341318515754088,-0.1803203750052028,0.27935352680708714
bc1qbfv9xomigc3j3yc6wz8l6m5wk3bneguarhjrhe,False,,0.42591251646966277,Driven by: an unusually extreme single transaction amount (contributed +0.319); unusually large average transaction amount (contributed +0.316); an unusually high transaction frequency (contributed +0.295).,0.3161385335720337,0.31909966497934683,-0.23296634424999937,0.2953961654621964,0.013718875468326059,-0.21186473343816598,0.015705392590097664,0.174498022677932,0.06556594631597674
bc1q9txadn2tvdnhbobvgyihuivgayiuqgx8uwtk7s,False,,0.42556788908796295,Driven by: an atypical time-of-day transaction pattern (contributed +0.264); an unusually high number of outgoing payments (contributed +0.263); unusually large average transaction amount (contributed +0.263).,0.2625238240714756,0.22311042934183964,0.2047269156693625,-0.2720899630304368,0.20170953104936004,0.26320049005214485,-0.18120162059420933,-0.19905599433819496,0.26433206343999854
bc1qdn7zi6gaxlkkvpjrmeyy1em30vvijvddwvb853,False,,0.42544595684813874,Driven by: unusually large average transaction amount (contributed +0.301); an unusually extreme single transaction amount (contributed +0.300); an unusually high transaction frequency (contributed +0.204).,0.30060175155438573,0.30045262295095443,-0.10151176348307542,0.20396504717416,0.08100533405356553,-0.05006497183009177,-0.011049505673880338,0.0209226070700465,0.027169898087174422
bc1q2s530tj2t9o5a439gf5lxk2g5eol0ta8rd05n9,False,,0.4252947843034926,Driven by: an atypical time-of-day transaction pattern (contributed +0.290); an unusually high number of incoming payments (contributed +0.233); an atypical number of transactions (contributed +0.220).,0.0703393052839395,-0.5240816092238608,0.21991149258749254,0.15947866318802623,0.23303234216199273,0.17538679537277838,0.14666551756585514,0.005815701297615824,0.2901955102873878
bc1qapun9woqih029nlklog2arxxlhy4uxmwa178fx,False,,0.42512868305641216,Driven by: an atypical time-of-day transaction pattern (contributed +0.283); an unusually extreme single transaction amount (contributed +0.277); an unusually high number of outgoing payments (contributed +0.252).,0.145514237246557,0.2766052986436966,0.1893772044867781,-0.16637292577923715,0.21227225955661105,0.25164967482481976,-0.21733084106233932,-0.19179429659512243,0.28259667737681105
bc1qd61098cjnjz9g6dvnq49440dclqgdd0dilxn48,False,,0.42506507002007454,Driven by: an unusually extreme single transaction amount (contributed +0.299); consistently high peer geo-velocity (contributed +0.244); an unusually high transaction frequency (contributed +0.215).,0.12241534153403277,0.2989378357090033,-0.11290170858492617,0.21517953589532088,0.032918340649040534,-0.05597379569850283,0.07434709138496041,0.24357803437261225,-0.03377164182294159
bc1qnvqebwuwqheyto5f9m969f5gcl9lcqh1uf22ep,False,,0.42505885578199787,Driven by: unusually large average transaction amount (contributed +0.380); an unusually high transaction frequency (contributed +0.223); consistently high peer geo-velocity (contributed +0.221).,0.37979030274032033,0.07343817605711177,-0.14790102000307725,0.2228159596489711,0.03655736971148978,-0.06648140727721948,0.08165351183603962,0.22075167365332488,-0.015679453991211463
bc1qs2e6lzkwe9cztartgbjbi9za57hwue4gnya55h,False,,0.4250448934403231,Driven by: an atypical time-of-day transaction pattern (contributed +0.323); an unusually high transaction frequency (contributed +0.236); an unusually high number of incoming payments (contributed +0.233).,-0.15044639975730584,-0.43768482515315815,0.22826154305748864,0.23550381152638208,0.23286539441729764,0.2189902861466079,0.042916028372581946,0.09185600857123431,0.32316876953444473
bc1qzzw6b2klvhn4ozodil01av2r2a95c434dt6un6,False,,0.42498502117984843,Driven by: an atypical time-of-day transaction pattern (contributed +0.326); an unusually high transaction frequency (contributed +0.237); an unusually high number of incoming payments (contributed +0.231).,-0.23697124901021815,-0.31242406806634115,0.2123159868353327,0.2372939640258305,0.23142470110796126,0.21594921120320984,0.04378056527612178,0.06968112354771253,0.32646246572713894
bc1ql12qfaf5kcihdiy4nrmqyz6y3z1de1e1630poc,False,,0.42489213809662185,Driven by: an atypical time-of-day transaction pattern (contributed +0.289); an atypical number of transactions (contributed +0.240); an unusually high number of outgoing payments (contributed +0.232).,-0.17601952126185116,-0.3929383166974994,0.23952540349023047,0.19518608952392114,0.2263178982510192,0.23215950074069983,0.05836527733770671,0.11959734458339784,0.2885496549177021
bc1q3h8g8t922d0nx5wt3hju31fi0n6dgg5gr0xafg,False,,0.42483616752788644,Driven by: an unusually high transaction frequency (contributed +0.301); consistently high peer geo-velocity (contributed +0.281); unusually large average transaction amount (contributed +0.255).,0.25535318744302393,-0.05270015102864193,-0.1280809999102956,0.30073552599522574,0.03363497983990365,-0.03525531002167399,0.09645741124034007,0.28147904640841387,0.04106673269071416
bc1qf0bro5xyt861sechxg7fhi7fhrbksbxwjtvtok,True,peeling,0.4247616345749591,Driven by: physically implausible peer geo-velocity (contributed +0.331); an unusually high number of incoming payments (contributed +0.230); an unusually high transaction frequency (contributed +0.199).,0.1512945573452335,-0.37748517163578404,0.13800623165299392,0.19893448061936814,0.23010612297285052,-0.006273300956229626,0.33075403597859065,0.19341191704583602,-0.06346521619781077
bc1qgpw3o4dp632f93ntcunbdzcf5akd95bu1etllg,False,,0.42457103940681146,Driven by: an atypical time-of-day transaction pattern (contributed +0.293); an unusually extreme single transaction amount (contributed +0.284); an unusually high number of outgoing payments (contributed +0.252).,0.1428781698921323,0.28355266139030744,0.16359856947627208,-0.12513252208740805,0.20214179577186758,0.25157601103335764,-0.2159578588828584,-0.19422671859910956,0.2934870200363472
bc1qhra1361bgmy4iqz6df08upnzasywdrkupcj8mo,False,,0.4243789256538172,Driven by: an unusually high transaction frequency (contributed +0.272); unusually large average transaction amount (contributed +0.257); an unusually extreme single transaction amount (contributed +0.256).,0.2565940563075104,0.25570012417861426,-0.18014747742609732,0.2720456067659841,0.02637368284790764,-0.15708228522899514,0.058359472495642724,0.21416111110664982,0.06260217520713235
bc1qhjr6eet0dy571vxnz0nxu43iedd070en48uact,False,,0.424116048613654,Driven by: an unusually high transaction frequency (contributed +0.282); unusually large average transaction amount (contributed +0.277); consistently high peer geo-velocity (contributed +0.233).,0.27747914108709265,0.1767753836434416,-0.1814200845110107,0.2818111110016549,0.01636887252489538,-0.12507425265712796,0.08092200161112369,0.2331507906025011,0.05775170418782532
bc1qouqjacpttcrdevcjzxcv21rx6mvfynetuy56h2,True,peeling,0.42409840673055615,Driven by: an unusually high number of outgoing payments (contributed +0.239); an unusually high transaction frequency (contributed +0.234); an unusually extreme single transaction amount (contributed +0.229).,-0.22798459184514588,0.22886589121241233,-0.013524605302628227,0.23446543616260854,-0.004545547870477719,0.23904166968726825,0.04504358932327814,0.2125348418248193,0.10448280156641962
bc1qqy3ot760rs6c4x56v3dgs9gt0r0vip35t54gyl,True,coinjoin,0.42407037841369327,Driven by: an atypical time-of-day transaction pattern (contributed +0.334); an unusually high number of incoming payments (contributed +0.244); an unusually high number of outgoing payments (contributed +0.213).,-0.2056037716963032,-0.3605624048793155,0.21191562746032644,0.20471069033618725,0.24447610955073257,0.21258344934530987,0.060260569794314156,0.11802977469221038,0.33354627584761204
bc1qikgeq20hwobm3hxyjckt1elou83g47rrbefq56,False,,0.42398152475261713,Driven by: an atypical time-of-day transaction pattern (contributed +0.313); an unusually high number of incoming payments (contributed +0.232); an atypical number of transactions (contributed +0.205).,0.1634623203547261,-0.25821009519585925,0.20543530884955444,0.13676840278589356,0.23221655201580296,0.17671910651921133,-0.007990615128727157,-0.13916245754890014,0.31321492955935976
bc1qpnfircvcz8p5aiekx6mj53yxhzkiew6or6xn6l,True,fanin,0.4238676004812491,Driven by: an atypical time-of-day transaction pattern (contributed +0.323); an unusually extreme single transaction amount (contributed +0.281); an atypical number of transactions (contributed +0.273).,-0.8172512549518369,0.28054056852997955,0.27266222125433665,0.14956730355624345,0.24916232780430916,0.21392319210761093,0.10524957973719004,0.049340417012105044,0.32323105355698184
bc1qsvolctylh82jpllq7s1oraz0oy44tfw0znmvns,False,,0.42381924780150854,Driven by: an atypical time-of-day transaction pattern (contributed +0.288); an unusually high number of outgoing payments (contributed +0.240); an atypical number of transactions (contributed +0.236).,-0.14596788371567423,-0.43655523887707454,0.2364808952667872,0.21295511868857525,0.21928709954541384,0.23992158006962114,0.08283755829935573,0.131649522122177,0.28750289044608535
bc1qav3g60992a96gorcpacq5ah9og5bmabuhoqjku,True,peeling,0.42370464976902017,Driven by: unusually large average transaction amount (contributed +0.340); an unusually high transaction frequency (contributed +0.285); consistently high peer geo-velocity (contributed +0.105).,0.34004708255083665,0.08089738388673699,-0.10221139693078199,0.28516935691615236,0.055546719843402856,-0.04099794006878516,0.05431000531748054,0.10540016854554937,0.05394714199087189
bc1q52e77dyvgdgfwmqx327ycif8r2bc9r4x1v4dx6,False,,0.4236177345232452,Driven by: unusually large average transaction amount (contributed +0.331); consistently high peer geo-velocity (contributed +0.291); an unusually high transaction frequency (contributed +0.287).,0.33144490212282274,-0.10018658144870973,-0.11975344463354745,0.28713619726037576,0.060863161467771175,-0.03250922032137627,0.08815595187039127,0.2905797413615753,0.0294099880326365
bc1q67st8li72w4oebmqpjbmwmnohg3vtl1drz0xv6,False,,0.423512767923173,Driven by: an atypical time-of-day transaction pattern (contributed +0.285); an unusually high number of outgoing payments (contributed +0.239); an atypical number of transactions (contributed +0.235).,-0.20044995052984443,-0.34556231301021917,0.2345429417571346,0.17166085708208972,0.22558683620848194,0.2394769395571841,0.08196157417767365,0.14612117609401645,0.2854653870941761
bc1qskbcbdpdxujjcsexggoc5kvqywj85gg0v5dtae,False,,0.4234975506305608,Driven by: an unusually high transaction frequency (contributed +0.294); an unusually extreme single transaction amount (contributed +0.254); unusually large average transaction amount (contributed +0.252).,0.25193277510616413,0.2538701521161814,-0.13639169788122632,0.29368093606827794,0.04879378396809389,-0.06473392850384595,0.016558541210685066,0.1918310012636823,-0.016207040382913724
bc1qd143mo2op6vmjobru2qlc65q2efhazmiq5pxlg,False,,0.4234931582801941,Driven by: an unusually extreme single transaction amount (contributed +0.286); an atypical time-of-day transaction pattern (contributed +0.280); an unusually high number of outgoing payments (contributed +0.254).,0.16109840075323933,0.2860226686288836,0.19107274478352912,-0.15905801650581156,0.21400411788212242,0.2536295486644507,-0.20348583885623397,-0.18408247559610136,0.2802866671964477
bc1qrv4a3m1xgb1botm1cd4zyefg5odhdgqnxskyz8,False,,0.423399357910719,Driven by: an atypical time-of-day transaction pattern (contributed +0.303); an unusually high number of incoming payments (contributed +0.233); an unusually high transaction frequency (contributed +0.217).,0.15141283074256276,-0.3303720433112911,0.19864526947771918,0.2172558613089835,0.23293576458383553,0.17675841745977397,0.028427780109025115,-0.13505778347831138,0.30275575297961455
bc1qszwymx9djoyohaz7t0uum3i8qoagsusmesjt2j,True,coinjoin,0.4232789025080139,Driven by: unusually large average transaction amount (contributed +0.291); an unusually extreme single transaction amount (contributed +0.284); an unusually high transaction frequency (contributed +0.280).,0.29096982650230924,0.28361184566238534,-0.15539207535293542,0.27988343110377634,-0.24301363987258692,-0.03691490087593555,0.15188521107767514,0.26335528344988074,0.012582339388590288
bc1q77ih0fuojjfaf8edjm7w4hxiobcfphg4bc2fvf,False,,0.4231346061943535,Driven by: an unusually extreme single transaction amount (contributed +0.337); an atypical time-of-day transaction pattern (contributed +0.311); an unusually high number of incoming payments (contributed +0.268).,0.2647845160554355,0.33700351400915846,0.19260597667812793,-0.92494477587081,0.26759025208783,0.17434533951922307,0.14673124583258473,0.08270333818823442,0.3111873216519552
bc1qenh6be8xohav66m8m89bvv2j2cgq7af9vhu7ak,False,,0.4228292326384449,Driven by: an atypical time-of-day transaction pattern (contributed +0.326); an unusually high number of outgoing payments (contributed +0.263); unusually large average transaction amount (contributed +0.240).,0.24009032220863774,0.1709741625995098,0.21819499684840385,-0.6249257051503028,0.2276026894883958,0.26255134293211935,-0.004718627171520999,0.04728235279031473,0.32562573444162773
bc1qdh9ptfnm88ua3a6s5zxqomts1egpgvtn4ypkw7,False,,0.4226859246746499,Driven by: unusually large average transaction amount (contributed +0.277); consistently high peer geo-velocity (contributed +0.259); an unusually high number of outgoing payments (contributed +0.234).,0.2771137767613668,-0.1265148861826737,-0.09433591645016937,0.22163053719897274,-0.027616636609861085,0.23401785601605934,0.06140772497137,0.25922785775780954,0.06275716308916762
bc1q6x3b9kyhkzh6ejebhbw9kckwdhx5wgtm16ymbn,True,peeling,0.42230517143205076,Driven by: an unusually extreme single transaction amount (contributed +0.308); unusually large average transaction amount (contributed +0.247); an unusually high transaction frequency (contributed +0.239).,0.24693976113032978,0.307930204367467,-0.06746699481602522,0.23851515694729464,0.04085078843463591,0.204732118527562,-0.11160622072968199,-0.08136517829607885,0.10247765907550775
bc1qm0p875knortlqbk2whz3m21o5k3ckohelh913s,False,,0.42199724753778606,Driven by: unusually large average transaction amount (contributed +0.315); an unusually high number of outgoing payments (contributed +0.231); an unusually extreme single transaction amount (contributed +0.110).,0.3148164700477138,0.11038646214774048,-0.08522831817198051,0.096514801599338,0.03831906947486641,0.23100961120900587,0.013814609687963891,0.06242760638544626,0.10972781138735771
bc1qz87wg8v961y2x6mspzpdyj49ix5tteugqv2x2h,False,,0.4219607245811689,Driven by: an unusually extreme single transaction amount (contributed +0.334); an atypical time-of-day transaction pattern (contributed +0.326); an unusually high number of incoming payments (contributed +0.269).,0.25362076996618677,0.33447291049933586,0.19364869526438774,-0.8869065159024352,0.26943942188768755,0.172165385944293,0.1559415095297302,0.07500565709895607,0.3256795290769412
bc1qw5oxio25na8ky60p0hzwcykvmqybxpfyjl4ykf,False,,0.4217178687227985,Driven by: an unusually extreme single transaction amount (contributed +0.288); an unusually high number of outgoing payments (contributed +0.226); unusually large average transaction amount (contributed +0.149).,0.14894406381844827,0.2878951442782659,-0.08501213767176223,0.1128988639787483,0.0073317083586553235,0.22600935984955156,-0.014107726468733076,0.10048042370804637,0.11713666016671789
bc1qgwlf9yxam97yofcx7culoqvbv1jpvktaf6blbv,False,,0.421711431497811,Driven by: unusually large average transaction amount (contributed +0.326); an unusually high transaction frequency (contributed +0.315); an unusually extreme single transaction amount (contributed +0.293).,0.32592119831789673,0.29255101411906814,-0.16275345656994455,0.3150975004173161,0.05082273416908823,-0.0655675281475926,-0.012909208809035741,0.16805984714039696,-0.009420131426950131
bc1q2ixexb92yfai6yr8nkrz25yyexhpcocwmij5rn,False,,0.42160271731298854,Driven by: an unusually extreme single transaction amount (contributed +0.311); unusually large average transaction amount (contributed +0.298); an unusually high transaction frequency (contributed +0.271).,0.29781545048140606,0.31089454347483886,-0.12893800451258197,0.2710577159243926,-0.15205608801924098,0.219159383607646,0.06266189415693244,0.019379138452193075,0.005638625603749049
bc1ql2e4f4n3za0co76o8qhe4qgfulz2ads83gyzie,False,,0.42097581299688697,Driven by: an atypical time-of-day transaction pattern (contributed +0.311); an atypical number of transactions (contributed +0.255); an unusually high number of incoming payments (contributed +0.254).,-0.6034797335274256,0.1964869745857243,0.25496730873424445,0.14054559849400167,0.2535806494379601,0.19551706612897926,0.14179572549751668,0.03694595092420537,0.3112467905748373
bc1qudlwrflvrktgu8tl777k1d8nruu8f855mdtce9,False,,0.42083669260399986,Driven by: an atypical time-of-day transaction pattern (contributed +0.293); an unusually high number of incoming payments (contributed +0.244); an unusually high transaction frequency (contributed +0.195).,0.13794457295401805,-0.15667429555975335,0.1822302718954938,0.19463824596627918,0.2435888145096955,0.1494136865109261,-0.0047171354232700274,-0.10735902186529026,0.2934263903344693
bc1q1a5ugxbrytivr40dm9if826bhyz1ov5vxa8mku,False,,0.42080613730311645,Driven by: an unusually extreme single transaction amount (contributed +0.312); an unusually high transaction frequency (contributed +0.305); consistently high peer geo-velocity (contributed +0.210).,0.11907169671336666,0.31232212181995617,-0.10676337927307335,0.3047072725262167,0.054496716965117015,-0.0649948238529736,0.04004287225275728,0.20992675405325176,0.06475546070375217
bc1q0j4a8ywy5apyx4l4oesrsbzb7tlom539iy87hl,False,,0.42076872123602205,Driven by: an unusually extreme single transaction amount (contributed +0.316); unusually large average transaction amount (contributed +0.299); consistently high peer geo-velocity (contributed +0.197).,0.2985316568993889,0.3155340232577251,-0.12178602370169203,0.19666333551925086,0.07113758446585568,-0.05649982893529619,0.06571902219122362,0.19706386124975303,-0.03148470663834883
bc1qtgduq6ddtbyrgc8kixccsg4ofdtrc85ehpzrv7,True,peeling,0.42074889892043466,Driven by: unusually large average transaction amount (contributed +0.348); an unusually extreme single transaction amount (contributed +0.308); an unusually high number of outgoing payments (contributed +0.228).,0.3481593181661606,0.3076753832523566,-0.10648590586217593,0.19301069414451463,-0.14022428514327828,0.22817020257430018,0.02500015379619866,0.05272913830123846,0.027540527585350864
bc1qbzyi9v8u9da1l526rqgkcumczq991p778rnkow,False,,0.42073111929585877,Driven by: an unusually extreme single transaction amount (contributed +0.324); unusually large average transaction amount (contributed +0.249); an unusually high number of outgoing payments (contributed +0.227).,0.24893483182466672,0.32356605590488646,-0.18064210100251835,0.2123652275882729,-0.22239580147785895,0.22730235130320262,0.06432303454346279,0.19361563194300774,0.06913057258040567
bc1q6z6elcanrtlq74fcm56j61um04acc7y1wngxam,False,,0.42034344922136957,Driven by: an unusually extreme single transaction amount (contributed +0.289); an unusually high number of outgoing payments (contributed +0.234); unusually large average transaction amount (contributed +0.187).,0.18659926971393773,0.28900297632722316,-0.07464253146704532,0.06202745476702926,-0.009141238150033005,0.23384071157980624,0.005893863908916569,0.17427560519869825,0.08196863116883607
bc1qff7so8w5038hvqrhofu1wsgy7vcneas6y3vg6v,False,,0.4203249395063092,Driven by: unusually large average transaction amount (contributed +0.329); consistently high peer geo-velocity (contributed +0.270); an unusually high transaction frequency (contributed +0.221).,0.3293935318878899,0.18029911733739862,-0.12424521338451398,0.22136939483349394,0.05576144795169183,-0.05611060806269936,0.08422012159005296,0.27000750771728466,-0.010219705484431298
bc1qj6sb053akzxfp5ke09jneftz53c5dwumjacypz,True,peeling,0.4202980542784229,Driven by: an atypical time-of-day transaction pattern (contributed +0.307); an unusually high transaction frequency (contributed +0.242); an atypical number of transactions (contributed +0.239).,-0.14334667570646792,-0.4294226409057467,0.23900795383611562,0.241740524871721,0.22883495304194457,0.23488330616982397,0.11359783342250061,0.1591206623203265,0.3070050852714288
bc1qatdux63rr8jpvq308n32k1ihkpju9hr6f27p6s,True,peeling,0.42017713644508625,Driven by: an atypical time-of-day transaction pattern (contributed +0.317); an unusually high number of outgoing payments (contributed +0.240); an atypical number of transactions (contributed +0.226).,-0.49889746101904686,0.1550576873628456,0.22632726443969284,0.20209686545145622,0.22444509710814312,0.23972947892818303,-0.01184294855485433,0.10153280343654206,0.31722498861532844
bc1qo62k5tsg5gqvaugs664fn80m9eweupahl52iru,True,peeling,0.42013250473773694,Driven by: unusually large average transaction amount (contributed +0.301); an unusually extreme single transaction amount (contributed +0.280); an unusually high transaction frequency (contributed +0.225).,0.30142930008106517,0.2798657051059198,-0.04755367399796522,0.2248635988925199,0.042187221581060294,0.21285227066526927,-0.10325297060528964,-0.06577686756666296,0.11262923242219179
bc1qdl4ycpuukbi7ijxm5lze6hvoge67snvce8xpu4,False,,0.42001365396694323,Driven by: unusually large average transaction amount (contributed +0.293); an atypical time-of-day transaction pattern (contributed +0.263); an unusually high number of outgoing payments (contributed +0.260).,0.2928042518232252,0.22623664067131027,0.21124811821901227,-0.20373196993904127,0.2140832681564996,0.26044440399772634,-0.16065772676087997,-0.14174053278018092,0.2627390735222917
bc1qg91hovsrm9xxk7ttma008wbgpfwcinvskhd1yu,False,,0.41966171671457925,Driven by: physically implausible peer geo-velocity (contributed +0.337); an unusually high number of incoming payments (contributed +0.233); consistently high peer geo-velocity (contributed +0.206).,0.19808949230779516,-0.294304688023676,0.14000251777915923,0.20344051682807016,0.23269530001672442,0.003835892559319558,0.33666978540225634,0.20571301170130263,-0.05232660606658129
bc1qbchz6puf3edpvgnyhc1rhloe20rillpgey18js,False,,0.41959455546558255,Driven by: an atypical time-of-day transaction pattern (contributed +0.328); an unusually high number of outgoing payments (contributed +0.262); unusually large average transaction amount (contributed +0.230).,0.22956651931181074,-0.002824856095622782,0.21926745694033167,-0.38231313223937285,0.22776471581195004,0.2618052676809136,-0.012494308051224909,0.10784136359095076,0.327567739147526
bc1q37l5rptbq818gsvpi2jonew1mkdwvm7a7p4efg,False,,0.4194684550272918,Driven by: an unusually high transaction frequency (contributed +0.311); unusually large average transaction amount (contributed +0.299); consistently high peer geo-velocity (contributed +0.173).,0.298820552208379,0.14153186024769426,-0.1068436340715847,0.3114413501648149,0.0452593582865517,-0.05491512418645513,0.07391837631840578,0.17347408742797335,0.09793645374895012
bc1qd643j2x9a6tdv9rruhcu5m767jez24wpfdfhj0,False,,0.4193145278374805,Driven by: an unusually extreme single transaction amount (contributed +0.296); an unusually high transaction frequency (contributed +0.249); an unusually high number of outgoing payments (contributed +0.228).,0.1935838293496434,0.29569384773633484,-0.09034595312392688,0.24912673016277684,-0.11949373727526784,0.22774634766385823,0.013338363625801269,0.16178778081415862,0.05461073116327208
bc1quusfn07ea28ditmownx23veuljgqpq8r4hc7jv,False,,0.4192089982047143,Driven by: an unusually extreme single transaction amount (contributed +0.315); an unusually high transaction frequency (contributed +0.294); consistently high peer geo-velocity (contributed +0.289).,0.1286044127308622,0.31462570084280106,-0.10927387585885091,0.2941647164437941,0.05231569646212426,-0.04505511473305254,0.07253133421323318,0.288748337063752,-0.006893069830606639
bc1qr90mwb4ll3k4bk8ejnfmoctclka9lz57v4ndjm,False,,0.4191592722618175,Driven by: an unusually extreme single transaction amount (contributed +0.318); an unusually high transaction frequency (contributed +0.270); an unusually high number of outgoing payments (contributed +0.224).,0.20178199347033035,0.3184157622200883,-0.09880659364589453,0.26987225666520576,-0.10829868248926623,0.2243981570313093,0.019364006310610207,0.13263969468769435,0.032154838028129455
bc1qst5v0175du23jh0zagrd1ppkpggersduhh03g9,False,,0.4191020949011713,Driven by: an unusually high transaction frequency (contributed +0.307); unusually large average transaction amount (contributed +0.279); an unusually extreme single transaction amount (contributed +0.229).,0.2787433983745095,0.22878886573012883,-0.09594865286822475,0.3070013186471831,0.07248877152284944,-0.04082817423938148,0.06551438376976434,0.0949328350161028,0.08284496909930374
bc1qizva3t862vl1tku04vpwymfvtacblqi1n6clpd,True,fanin,0.4190077538119723,Driven by: an atypical time-of-day transaction pattern (contributed +0.317); an unusually high number of outgoing payments (contributed +0.250); an atypical number of transactions (contributed +0.241).,-0.4611475645095852,0.025906677269333316,0.24108140730461072,0.20314094943744296,0.2410611957600588,0.2502319349448107,0.043862075246920054,0.13561069482207455,0.31711775793771807
bc1qilpqfbqw1hukb6mxz1yj74q7svoq85t27fz092,True,peeling,0.418871478564811,Driven by: unusually large average transaction amount (contributed +0.325); an unusually high transaction frequency (contributed +0.232); an unusually high number of outgoing payments (contributed +0.219).,0.32492519389992647,0.18087146465938664,-0.08224627809071965,0.23150467101431985,0.023017190901844353,0.2190443106613752,-0.004355581072283303,-0.008383026585049282,0.11729493798178477
bc1q3i6kdpr2vz5ux0l45ubmr81mzap796iqphxi17,False,,0.4183447294600572,Driven by: physically implausible peer geo-velocity (contributed +0.340); an unusually high number of incoming payments (contributed +0.233); unusually large average transaction amount (contributed +0.206).,0.20554458220183294,-0.2713178601803333,0.15991563415148652,0.20329538735899488,0.232526206086657,0.0046478546551129134,0.33956838077752566,0.20408357398942203,-0.05799258536710795
bc1q7fbv2i6oeuh8vaqvbdim28aqwd1bqfdtnbs5xr,False,,0.4181179859925784,Driven by: unusually large average transaction amount (contributed +0.333); an unusually high transaction frequency (contributed +0.252); an unusually high number of outgoing payments (contributed +0.221).,0.3333354558343074,0.17296731113646216,-0.09500660705664146,0.2523327597768639,0.03620827819697475,0.22087519944713255,-0.011121974409214537,-0.006200049484642707,0.1248937974758106
bc1qaubpm9dbeza9agulm5fqjyyiir41g20dfxuj5o,False,,0.417888392694874,Driven by: an unusually high transaction frequency (contributed +0.272); an unusually extreme single transaction amount (contributed +0.245); an unusually high number of outgoing payments (contributed +0.222).,0.14477949531863074,0.24481090238388073,-0.055787451693497164,0.2719023533181849,-0.04756016396464151,0.2218109795181476,0.014682334963179588,0.16993697574359626,0.07182688300319988
bc1qke6zadotiwtlinj1q3q5pcnil8472qw44xriig,False,,0.417820597212699,Driven by: an atypical time-of-day transaction pattern (contributed +0.307); an unusually high number of incoming payments (contributed +0.232); an unusually high number of outgoing payments (contributed +0.218).,0.09721415592195568,-0.4027636341869534,0.20595295565417718,0.19135603257444156,0.23162177935609468,0.2179836653944148,0.12968170659408187,0.06085448901904812,0.30689917642081727
bc1qu6o3lpo7381onrpoj9bmay74fpllgrcutreurf,False,,0.41774843968680286,Driven by: physically implausible peer geo-velocity (contributed +0.340); an unusually high number of incoming payments (contributed +0.233); unusually large average transaction amount (contributed +0.214).,0.21366495292093665,-0.2598821352904521,0.16203913463732567,0.20315600474522283,0.2332108314846962,0.00654095652867758,0.34045215955186564,0.20545540453779154,-0.06328424530991987
bc1qtxt1b1mvhmn8533khzh4j5bnforp25v320sxnw,False,,0.4171247377196737,Driven by: an unusually extreme single transaction amount (contributed +0.286); an unusually high number of outgoing payments (contributed +0.243); an unusually high transaction frequency (contributed +0.225).,0.032197106804766375,0.28634342003342117,0.004066973795254525,0.2247649939740645,0.007853663116895117,0.2429291938566907,-0.01164378836462344,0.17006785037550573,0.10685692480101383
bc1q04c5cjb3gex0sutbh7w5glo1bxba22jyqmwt0i,False,,0.4169967694506713,Driven by: unusually large average transaction amount (contributed +0.290); an unusually high transaction frequency (contributed +0.280); an unusually high number of outgoing payments (contributed +0.216).,0.29000574884133445,0.10380340825847376,-0.06856442482348504,0.28020964494988754,-0.04487745081145017,0.21625417340738695,0.042447602430710045,0.1770227108575586,0.07166995112158188
bc1qhysbz0oc7vuwkxt0azqg91z4pe05sa9c2ltwi0,False,,0.41689809991699817,Driven by: an unusually extreme single transaction amount (contributed +0.247); an unusually high number of outgoing payments (contributed +0.230); unusually large average transaction amount (contributed +0.219).,0.21915257724781168,0.24738926642491246,-0.06321899487608215,0.10305361609804925,0.03662528014599474,0.23030042219871544,0.0490459700648386,0.11611765932336958,0.1330032354316154
bc1q5u0332w04nxv50ot1k8hcd1sd44wl8mdzfwqva,False,,0.41664132056984465,Driven by: an unusually extreme single transaction amount (contributed +0.295); unusually large average transaction amount (contributed +0.281); an unusually high transaction frequency (contributed +0.237).,0.2805129670747565,0.29537735152477984,-0.06348829022726932,0.23652114490583737,0.044404064090426826,0.22186272249332362,-0.03014768735767663,-0.021899349284234586,0.11743238353197677
bc1qnwkq4ksd9gao4h86dd372dtf2533uot477iqfx,False,,0.41656216496272336,Driven by: an unusually extreme single transaction amount (contributed +0.335); unusually large average transaction amount (contributed +0.277); an unusually high transaction frequency (contributed +0.269).,0.2766551591884935,0.3345095591928443,-0.05571951014888043,0.269361798727355,0.04434038583788058,0.2149828024385364,-0.0829561202033158,-0.036059603977714454,0.11826909621287851
bc1qh2v9msk0nlydjixl7vsky6c5tg8bka8v0igbv7,True,coinjoin,0.416552678949558,Driven by: an atypical time-of-day transaction pattern (contributed +0.328); an unusually high transaction frequency (contributed +0.243); an unusually high number of incoming payments (contributed +0.228).,0.09322064515281855,-0.4065595269515659,0.2114558742352353,0.24293494123349987,0.2282737969739208,0.21438690418182682,0.07839926036386603,0.09340238718073661,0.32820586282912445
bc1qgdkd8m4pkixsx097nfud1ahiia7bw2vnomzz8w,False,,0.41636418078858767,Driven by: an atypical time-of-day transaction pattern (contributed +0.295); unusually large average transaction amount (contributed +0.277); an unusually high number of incoming payments (contributed +0.267).,0.27729270749896756,0.1501088772886005,0.20218328431042015,-0.46909014088201406,0.26656262079114523,0.16428190022901942,0.13922821876051183,0.06530051448497527,0.29454194922405424
bc1qxa7hy7ai33993n4bfiy5pu5wh50jyook63rvwo,False,,0.4162145288914571,Driven by: unusually large average transaction amount (contributed +0.336); an unusually extreme single transaction amount (contributed +0.309); an unusually high transaction frequency (contributed +0.275).,0.3363718275050522,0.30882478825631365,-0.14915426981379226,0.2752854485652804,0.06857311733366712,-0.11721680533352628,0.04410721180374364,0.21592744846716008,0.11300445732284028
bc1qooh1xawj28cw9rtnfw6szf4lur02tyaxy2nz5x,False,,0.41614749019435315,Driven by: an unusually extreme single transaction amount (contributed +0.321); an unusually high transaction frequency (contributed +0.256); an unusually high number of outgoing payments (contributed +0.229).,0.19628890073502553,0.3211347407601538,-0.09345758444805134,0.25557627551187057,-0.06640042977247403,0.2292277643198025,0.014609533535059139,0.15972263281757904,0.08140217520839553
bc1q2x2ezc7fov2ygnmby49e7eobjlzy1uu9ymszdx,False,,0.4160868878000038,Driven by: an unusually extreme single transaction amount (contributed +0.329); an unusually high number of outgoing payments (contributed +0.224); consistently high peer geo-velocity (contributed +0.192).,0.1892847219792495,0.3290310830748556,-0.06679106168730334,0.1760714005540733,-0.049976522639209056,0.22372206784964402,0.03734787605377079,0.1920740589182298,0.06949292301753392
bc1qxlaxhnoc2xi3rnc02blu27xnpzcu7mpa7dzvhl,False,,0.4159440677559938,Driven by: an atypical time-of-day transaction pattern (contributed +0.287); an unusually high number of outgoing payments (contributed +0.232); an unusually high transaction frequency (contributed +0.224).,0.1497929109555927,-0.4372167926201135,0.21893369854313519,0.2238230765609036,0.21783205972361186,0.2322808241378378,0.09481162311125205,0.11789969075068561,0.28717352612681446
bc1q9kkvp2me59o2ee75c7qxmjblineewkihpy36z6,False,,0.4158540682616449,Driven by: an atypical time-of-day transaction pattern (contributed +0.288); an unusually high number of incoming payments (contributed +0.244); an unusually high transaction frequency (contributed +0.218).,0.157894577928116,-0.36715548564726463,0.199220428256723,0.2178507545898609,0.24354161478668168,0.157832646965159,0.16637021992261572,0.04453164869513199,0.288442583349842
bc1qz8rptsetigpr1hvtw5eje32te5x53lrzmo3dxu,False,,0.4156667539744751,Driven by: an atypical time-of-day transaction pattern (contributed +0.366); an unusually extreme single transaction amount (contributed +0.278); an unusually high number of outgoing payments (contributed +0.264).,0.11756025863215458,0.27845655085581517,0.21282752829791754,-0.3754319984064138,0.2239816624303852,0.2637648698599166,-0.0595924035051212,0.08732607056940793,0.3662953819400008
bc1qs3k337ov9wxhvy3nukondhkbrjiglg08yvu69q,False,,0.4155529513007581,Driven by: an unusually extreme single transaction amount (contributed +0.299); an unusually high transaction frequency (contributed +0.252); an unusually high number of outgoing payments (contributed +0.215).,0.19827724208188405,0.2993955109611102,-0.06273296080294809,0.2517808861078473,-0.05166357749623426,0.21459079987527827,0.017213335435959685,0.17785657434101237,0.07451720540746716
bc1q2v4b2rcybrxodhs6jhb0c148mo64e51o762nky,False,,0.4152881394597262,Driven by: an atypical time-of-day transaction pattern (contributed +0.291); an unusually high number of incoming payments (contributed +0.234); an atypical number of transactions (contributed +0.208).,0.16009525375023373,-0.31517421197545264,0.20756514772848464,0.19938149132948724,0.23358633960326494,0.1622946210798748,0.15652804337252754,0.033316250928503856,0.2910637142067417
bc1qq8su5nkc419u772ns8erkd0rngct2xfdzoejfv,False,,0.41527910377918115,Driven by: an unusually extreme single transaction amount (contributed +0.303); an unusually high transaction frequency (contributed +0.273); unusually large average transaction amount (contributed +0.236).,0.23576525960318562,0.30313773972645,-0.09878155029700444,0.2730546727954149,-0.09511997945549842,0.22658794319271294,0.0632522290387129,0.15315256874165212,0.06792934951005654
bc1qj6jdpbj1npkmx0f6ov0ndyu5473ujs3ev33pv7,False,,0.41493353064921473,Driven by: an unusually extreme single transaction amount (contributed +0.311); consistently high peer geo-velocity (contributed +0.229); an unusually high number of outgoing payments (contributed +0.224).,0.1582707232015566,0.31141685824894744,-0.06476109936198464,0.20773348962079183,-0.04084006840757613,0.22379920779380488,0.03884289960104294,0.22893049438030674,0.07789004274476329
bc1qhmm04k3hf9pqn4g6rckpa29mff0gbvp8fkqbjr,False,,0.4149139731852032,Driven by: an atypical time-of-day transaction pattern (contributed +0.321); an unusually high number of incoming payments (contributed +0.279); an unusually extreme single transaction amount (contributed +0.278).,0.2541198145295932,0.27777617613171735,0.20312095893443133,-0.628160690159733,0.2787966609856083,0.18165297706801228,0.16599453329897715,0.08772951487305133,0.320949262414684
bc1qk2yb4u33k2w1i5ki7ve3au09ie8jjfupmvl5ve,False,,0.41489144025495905,Driven by: an unusually high transaction frequency (contributed +0.306); consistently high peer geo-velocity (contributed +0.282); an unusually extreme single transaction amount (contributed +0.276).,0.21309172360585357,0.2764376851813738,-0.08607483281853784,0.30558811055011453,0.0746736827941046,-0.03295994962402561,0.07921376401874326,0.28205058022276397,0.030761134778882735
bc1qv50ew25x1fvk1pbcd6fxnoq37ktll8sn5yz7vx,False,,0.41469496972450354,Driven by: an unusually high transaction frequency (contributed +0.311); unusually large average transaction amount (contributed +0.310); an unusually extreme single transaction amount (contributed +0.293).,0.30977872071156903,0.29256289518706863,-0.10399096173920996,0.31051778720599454,0.07324535755940442,-0.0382772688342285,0.07937007768643041,0.22545512503285756,0.0011208838878261672
bc1qm3rkl39vel08kklseauzvmmh541oo5vyfrrloa,False,,0.4146035209488146,Driven by: an unusually extreme single transaction amount (contributed +0.300); an unusually high transaction frequency (contributed +0.261); an unusually high number of outgoing payments (contributed +0.229).,0.20860974769941698,0.3001110632866117,-0.0989294749879783,0.2612709643426166,-0.0800261881670089,0.22918828548654815,0.07456603774398791,0.18761424829536946,0.07063760429790744
bc1qzityfippr46qheqkmqpy6n7qlbw66v3jr1njki,False,,0.41438980887595933,Driven by: an unusually extreme single transaction amount (contributed +0.326); an unusually high transaction frequency (contributed +0.258); an unusually high number of outgoing payments (contributed +0.224).,0.19375794226831888,0.32587882892473796,-0.09427999540930977,0.2583748695451657,-0.074502733537703,0.22422067798172002,0.05610854664946883,0.181599026128933,0.08950564911783744
bc1qf8c8clrki72oalfwypeek035n8cqphli5l692t,False,,0.4143472261635568,Driven by: unusually large average transaction amount (contributed +0.307); an unusually extreme single transaction amount (contributed +0.281); an unusually high transaction frequency (contributed +0.277).,0.30718002410112255,0.28069989739053897,-0.08113772600372834,0.27652917029481794,0.053718577850246974,0.21185990498845464,-0.017764059337521638,0.0006295210536838807,0.13046638097238314
bc1q3c36vfh3mi2dnodkd3hhgwhp08d2qlaw8f52k1,False,,0.4142605149217441,Driven by: unusually large average transaction amount (contributed +0.311); an unusually extreme single transaction amount (contributed +0.308); an unusually high transaction frequency (contributed +0.303).,0.31069676543282126,0.30781289797658323,-0.10643232922832771,0.30289100034393873,0.07099374355497552,-0.043284295366745634,0.08769266196528262,0.2364763188088353,-0.0015716926456664643
bc1qm242om7ztrj67dxlse33dcnf225aa35wfw5q52,False,,0.4140939066842652,Driven by: unusually large average transaction amount (contributed +0.344); an unusually high transaction frequency (contributed +0.303); an unusually extreme single transaction amount (contributed +0.285).,0.3442094977634093,0.2847641585348693,-0.10745249608900392,0.3027480830792673,0.07687219343419349,-0.05253348528536228,0.06881590962179251,0.1795492208167891,0.07424747095061415
bc1qwjfii0ugpkakritgfjmhdnbrqit4j0sgq53alj,False,,0.41397482717300355,Driven by: an atypical time-of-day transaction pattern (contributed +0.322); an unusually high number of incoming payments (contributed +0.243); an atypical number of transactions (contributed +0.199).,0.15152003225317376,-0.11236886621289545,0.1991080439897799,0.1943055035782175,0.24327812735901613,0.1776460332628196,0.08209260288550002,-0.0818867482988271,0.32177669031346323
bc1qku4nc0iba65d2h5lomzolmyqa78cuhcztgzohc,False,,0.4136690724188635,Driven by: an unusually high transaction frequency (contributed +0.314); unusually large average transaction amount (contributed +0.306); an unusually extreme single transaction amount (contributed +0.293).,0.30632261809965955,0.2931182214355392,-0.10118853704339612,0.3144214022691826,0.0670054505107469,-0.037744612226892585,0.0922802118879411,0.25090627833403856,0.0012707345689157478
bc1q8o34lpqk5fp7ah2csanhapywdrdpmpcejcilpj,True,peeling,0.4136227241464083,Driven by: unusually large average transaction amount (contributed +0.305); an unusually extreme single transaction amount (contributed +0.303); an unusually high transaction frequency (contributed +0.282).,0.30495301030038513,0.3028641359368478,-0.07090509715950415,0.28170424572155184,0.04132523059479899,0.21745962439110086,-0.011533900716094055,-0.014360908755476806,0.13654150869602596
bc1q9ca26qex3zl3fuht4lg5hu63rxwmdv107m4sq8,False,,0.4133038847237207,Driven by: physically implausible peer geo-velocity (contributed +0.342); an unusually high number of incoming payments (contributed +0.240); unusually large average transaction amount (contributed +0.217).,0.21703701587897203,-0.1651300271705036,0.1845350613570228,0.20136127113388025,0.24039743519709963,0.023134469273506503,0.34234476643935974,0.20931760256983883,-0.05355218651083594
bc1qxkqmuyb2jmxs7s8w50qv28n4q17ro9tns9hlb4,False,,0.4127806263206413,Driven by: an atypical time-of-day transaction pattern (contributed +0.335); an unusually extreme single transaction amount (contributed +0.314); an unusually high number of incoming payments (contributed +0.280).,0.23559066092038713,0.3143026321190518,0.20968930501648278,-0.6047247755566539,0.27964841047956146,0.187385485327686,0.1713310829677271,0.0896242250719152,0.3353223794145537
bc1qztdl25b7kxupr6h2hxn4d24n9ygcmr8esmpf0i,False,,0.4125847137111304,Driven by: an atypical time-of-day transaction pattern (contributed +0.284); an unusually high number of incoming payments (contributed +0.259); unusually large average transaction amount (contributed +0.257).,0.2574282171631057,0.02471396385843582,0.14987712291528035,0.18752638064130858,0.25871201417911355,0.13243812632974278,-0.026572951585483614,-0.042589449723406995,0.28365252119258005
bc1qqnx0of7swuq0r0g6hqhuxkup5gsu572f08d287,False,,0.41258364527944014,Driven by: an atypical time-of-day transaction pattern (contributed +0.352); an unusually high transaction frequency (contributed +0.238); an unusually high number of incoming payments (contributed +0.226).,0.1561927585818591,-0.26286003520483253,0.19795851183435348,0.23783533366957585,0.22588133338041366,0.20301503661121117,0.07413036010000876,0.04151515344172613,0.3515557671845585
bc1qlc254zh0qa1lszkzn0lyimoes1ai9a44yzlxoe,True,peeling,0.4123188307867894,Driven by: an unusually extreme single transaction amount (contributed +0.259); consistently high peer geo-velocity (contributed +0.250); unusually large average transaction amount (contributed +0.223).,0.22342976806074033,0.2588281737619133,-0.03884548513978179,0.21727611517960826,-0.006260323572283856,0.22338791769715774,0.025148012361962905,0.2502164301652618,0.08153316818446474
bc1qxeghpmxpkn3b8pfy4qcyd52alunqr8o1kjwv2q,False,,0.4122659531490185,Driven by: unusually large average transaction amount (contributed +0.315); an unusually extreme single transaction amount (contributed +0.311); an unusually high transaction frequency (contributed +0.308).,0.31488990010653983,0.31073284182238364,-0.08162891349624916,0.30827058687137804,0.08190327338787051,-0.06010141910068059,0.04688551128451915,0.24268346079009998,0.07297412113521377
bc1qh4217pftpybor9mm201lda71yp6e9kgy2twscw,False,,0.41194676850582335,Driven by: an atypical time-of-day transaction pattern (contributed +0.302); unusually large average transaction amount (contributed +0.227); an unusually high number of outgoing payments (contributed +0.221).,0.2268220637702081,-0.18398170510419076,0.1864960574475379,0.1540827375739024,0.2072984445824262,0.2208824202815856,0.00123383384906493,0.13305084515267587,0.3021721344203337
bc1qyvbdelflspgqttoh9jv8a6m66szvetc543ev6n,False,,0.4118467810622316,Driven by: physically implausible peer geo-velocity (contributed +0.345); an unusually high number of incoming payments (contributed +0.243); unusually large average transaction amount (contributed +0.223).,0.22310016224644633,-0.12718984385502344,0.17837250684740869,0.20368529805464686,0.24316610101253383,0.023798548905544507,0.34456462934447585,0.21725797062581856,-0.05511069460897936
bc1qnef1ffrm2738yhd6wbm8mikm85npge98xh27r8,False,,0.4117009419362672,Driven by: an atypical time-of-day transaction pattern (contributed +0.314); an unusually high number of incoming payments (contributed +0.230); an unusually high number of outgoing payments (contributed +0.217).,0.16481906680000372,-0.3008918382056564,0.20696786464382283,0.1967528067386997,0.23045712731834525,0.21650249481541256,0.12059177294316183,0.10764897003535846,0.3140311168059681
bc1qcubzqvqg0xtdnwzzg4c4epzl4j4x0ly66g9zna,True,coinjoin,0.4115151746763743,Driven by: an unusually extreme single transaction amount (contributed +0.307); an unusually high transaction frequency (contributed +0.243); unusually large average transaction amount (contributed +0.228).,0.22840943823434154,0.3071304112439619,-0.07332986356010426,0.24310286733311795,0.03490997527606067,0.21990602043686633,0.02570737476131352,0.11940840198503598,0.158305313262372
bc1qygwr70iofifoq6pk5mssewkn8xqky9kvgcpm5f,False,,0.4113863931327863,Driven by: an unusually extreme single transaction amount (contributed +0.309); consistently high peer geo-velocity (contributed +0.248); an unusually high number of outgoing payments (contributed +0.228).,0.2048482089789802,0.3094476235183686,-0.0645955313307821,0.2194620857806648,-0.01666068288416091,0.22822785531368106,0.056052016842015745,0.2484963417798169,0.08289809445071745
bc1qsnles1d3q9540h2yiwby2vg6c7nnlknwt9yxy1,False,,0.41121581112521804,Driven by: an atypical time-of-day transaction pattern (contributed +0.342); an unusually extreme single transaction amount (contributed +0.327); an unusually high number of incoming payments (contributed +0.278).,0.26658738077780075,0.32730306808178156,0.20905073376094604,-0.5949164744515069,0.27814479471391396,0.1870922967463847,0.16490078196307378,0.09428291693574056,0.34186036812259113
bc1q63tfms12wbake2dcq81uense13dww8dxajxmb5,False,,0.41087478723921095,Driven by: an atypical time-of-day transaction pattern (contributed +0.308); an unusually high number of incoming payments (contributed +0.257); an unusually high transaction frequency (contributed +0.197).,0.15562262780884095,-0.17506982547368702,0.1816041266011581,0.1965458009641942,0.25688182962907885,0.139534889935154,0.17427891436650347,0.04884100799723726,0.3083287945856968
bc1qrlez662pqzv62e84l9yilzr015k9co1ski045y,False,,0.41062530372944317,Driven by: unusually large average transaction amount (contributed +0.274); an unusually extreme single transaction amount (contributed +0.253); consistently high peer geo-velocity (contributed +0.245).,0.2740448642343255,0.25330209004385035,-0.05839302883954566,0.24339550127719528,-0.012272056968839852,0.23192134245468543,0.04771318208311781,0.24519985154628182,0.0706336232327748
bc1qnlzl7hvwr3yniijuqw4qd102kkvr0tmtocts4r,False,,0.41046091274098545,Driven by: unusually large average transaction amount (contributed +0.323); an unusually extreme single transaction amount (contributed +0.306); an unusually high transaction frequency (contributed +0.241).,0.32325681730024214,0.3063752383962377,-0.06862938267932996,0.24117745462443624,0.05036514139967398,0.2254057162838877,0.018055364446311443,0.06402786531138564,0.14142944119015974
bc1qnbi5e0l1q9rvsf0s60kqhj9zu0f5e47rhow59q,True,peeling,0.4104553792788732,Driven by: an atypical time-of-day transaction pattern (contributed +0.300); an unusually high number of outgoing payments (contributed +0.234); unusually large average transaction amount (contributed +0.217).,0.21683801837514372,-0.14306885157835747,0.1901358966701202,0.1774697587998198,0.20973107075603653,0.23394514710372236,-0.0076826471716101305,0.12386954450217638,0.30042497180827854
bc1qygwow7l7j7y96yg626m8a41zblm576m2yvp6mp,False,,0.41031542546092564,Driven by: an unusually high transaction frequency (contributed +0.321); an unusually extreme single transaction amount (contributed +0.304); unusually large average transaction amount (contributed +0.288).,0.2878913363752342,0.3036648716601096,-0.06644220909294499,0.3213065218283852,0.07228061315403655,-0.028741134820024196,0.06854310026640231,0.28230803476510447,0.06589222896063499
bc1q1arvyxtuyl0bu1iadyw8wr4iji934qpvbxsm4n,False,,0.409925802202423,Driven by: physically implausible peer geo-velocity (contributed +0.347); an unusually high number of incoming payments (contributed +0.243); unusually large average transaction amount (contributed +0.232).,0.23236198572358244,-0.09677226853324841,0.1817536938316462,0.20478831943486364,0.24315641774795294,0.030644827038024375,0.3473842503607286,0.2247532832322044,-0.0473257558453456
bc1qoovxji1ijol9gdmbiqath5pkp6vcrjjp6e0ccg,False,,0.40970157740499535,Driven by: an atypical time-of-day transaction pattern (contributed +0.299); an unusually high number of outgoing payments (contributed +0.231); an unusually high transaction frequency (contributed +0.231).,0.2124903459415551,-0.160859271838866,0.19322499732995208,0.23089601429743126,0.20838209959940876,0.2312212025969073,-0.005446718879081006,0.12037988305285786,0.2985429501967701
bc1qmyf01nwq1fttt1vdy3v83mcymu0zj4o99p1f3a,False,,0.40959983638672876,Driven by: physically implausible peer geo-velocity (contributed +0.349); an unusually high number of incoming payments (contributed +0.245); unusually large average transaction amount (contributed +0.234).,0.23444466293302899,-0.09139217218453119,0.1817536938316462,0.20502156664233911,0.24458891891585377,0.030582323278768975,0.3490713760855184,0.2263013577035788,-0.04786943808484908
bc1qpjyv97ji7tjabwhm24n2gpzv1417h80qhmrfor,False,,0.40943719623639024,Driven by: an atypical time-of-day transaction pattern (contributed +0.363); an unusually extreme single transaction amount (contributed +0.280); an unusually high number of outgoing payments (contributed +0.258).,0.18776028918586496,0.2801979646372779,0.20072546063819285,-0.22304089363342533,0.22877442979891133,0.25761472625837534,-0.06117530827194103,0.10411210399641051,0.3634034208062098
bc1q8pj1ydot948u6b15x8g1hzvnasjp0esuswiy7k,False,,0.40943160747307544,Driven by: an atypical time-of-day transaction pattern (contributed +0.352); an unusually high number of incoming payments (contributed +0.244); an unusually high number of outgoing payments (contributed +0.213).,0.1863839481455424,-0.15333386672926122,0.1806574666842339,0.1966664312146348,0.24449796575645283,0.21302978939770825,0.05581219587051247,0.06272335308951972,0.35213665749394546
bc1qo3hli32bs5mygkndr07vo79i3evjn2j6bvvbbb,False,,0.4093771541093426,Driven by: an atypical time-of-day transaction pattern (contributed +0.361); unusually large average transaction amount (contributed +0.275); an unusually extreme single transaction amount (contributed +0.263).,0.27524705761576906,0.26286131922285755,0.21300731736807663,-0.27405943007217476,0.24622800764939265,0.2465523096735298,-0.0844215049732515,0.09426822081518652,0.3608564874745277
bc1qttymmcwpbv6cidr6k3lyyz7prtdqijd44y3npz,False,,0.4092471185539801,Driven by: an atypical time-of-day transaction pattern (contributed +0.308); unusually large average transaction amount (contributed +0.300); an unusually high number of incoming payments (contributed +0.254).,0.2995848485422485,0.03463008096196779,0.19778763280973308,0.1980155057744778,0.2542645295185311,0.17183822191671025,-0.0007287900765751878,-0.11776542855168232,0.30760871030656695
bc1qxui8lpy058e6plui46hdv8i969sfi30m85yai7,True,peeling,0.4092297552002057,Driven by: physically implausible peer geo-velocity (contributed +0.349); an unusually high number of incoming payments (contributed +0.245); unusually large average transaction amount (contributed +0.229).,0.2294667202166041,-0.08180699752202017,0.1807680112837824,0.20510201824092344,0.24456175427763838,0.03351659195069283,0.34893399277525516,0.22629431041398707,-0.04097399449701188
bc1qy69xfq1enngay37vg688u595cekof92y8lz8cv,False,,0.4089253181808492,Driven by: an unusually extreme single transaction amount (contributed +0.320); unusually large average transaction amount (contributed +0.296); an unusually high transaction frequency (contributed +0.239).,0.2964477277815381,0.32017077616790424,-0.04739604228776438,0.2388069982444802,-0.019667515933818148,0.2218713212814965,0.05195289983493877,0.20997435239783316,0.08470128064026824
bc1qdldsc0q0dbszyleol2mywgd245m0rrcdw26uel,False,,0.40885622640243746,Driven by: physically implausible peer geo-velocity (contributed +0.348); unusually large average transaction amount (contributed +0.252); an unusually high number of incoming payments (contributed +0.242).,0.25222172386977343,-0.06570867434313699,0.16585117007883782,0.20135180244993509,0.24191299288199822,0.023503371445003394,0.34803512040675516,0.23114921746389352,-0.038957481581531755
bc1qroxil6rsofrvaf6ytcmbvptgsivhxlwi1cuf8g,False,,0.4087701830464202,Driven by: an atypical time-of-day transaction pattern (contributed +0.359); an unusually extreme single transaction amount (contributed +0.322); an unusually high number of outgoing payments (contributed +0.271).,0.23333149668292338,0.32152353689127683,0.20767975549685397,-0.336234747491758,0.2358068653931206,0.2705394804909856,-0.03994731252644907,0.11054606257256289,0.35922488459070834
bc1q3lp15tftzwcd4u4lb2emnimchy7lxsbb3l5zsv,False,,0.4083178236353686,Driven by: an atypical time-of-day transaction pattern (contributed +0.320); an unusually high transaction frequency (contributed +0.247); an unusually high number of incoming payments (contributed +0.226).,0.16017026947295265,-0.27458352754331794,0.2110342994698231,0.24701514571436228,0.22565189207093672,0.21976754265698806,0.12284009883374564,0.146765918795098,0.3201735942192049
bc1q5dkqbo8pnbifeuo4w2c0pmou6ez96sjmhj6c6a,True,peeling,0.4083152219933608,Driven by: physically implausible peer geo-velocity (contributed +0.348); unusually large average transaction amount (contributed +0.259); an unusually high number of incoming payments (contributed +0.243).,0.25942886060082254,-0.059082166353410306,0.170757721501341,0.20135180244993509,0.24274296096669054,0.023503371445003394,0.34803512040675516,0.23114921746389352,-0.038957481581531755
bc1qz6r222h1d2ow25avpk9wfucweeemmv8b71kvax,False,,0.4082190027214728,Driven by: physically implausible peer geo-velocity (contributed +0.350); an unusually high number of incoming payments (contributed +0.245); unusually large average transaction amount (contributed +0.235).,0.23536099339298813,-0.062061727044774806,0.183542774628275,0.20610749491616748,0.24474754904785587,0.03430923135491182,0.34968295086877865,0.22739892204741813,-0.03667545358205206
bc1qr2zehkbicicdbpu4d4niv12dkz49foeffo48ea,True,peeling,0.4079833600645103,Driven by: physically implausible peer geo-velocity (contributed +0.350); an unusually high number of incoming payments (contributed +0.245); unusually large average transaction amount (contributed +0.235).,0.23525584136271108,-0.04497661902120458,0.17363148837421283,0.20689509781933305,0.24519579451534254,0.03385265381249167,0.35047590527805506,0.22969113182309414,-0.039074357444188086
bc1qj4pki46ji5enmmpvckjmxcmhycsxf1gehw9rh3,False,,0.40789444980074036,Driven by: physically implausible peer geo-velocity (contributed +0.353); an unusually high number of incoming payments (contributed +0.245); unusually large average transaction amount (contributed +0.241).,0.24137017831652324,-0.052699291735831176,0.17411795721524748,0.20661442569225918,0.245041851463599,0.034106460846301936,0.35250915394657534,0.22978297210497278,-0.03667545358205208
bc1q4iqsejwska3ylbxn1rp6x4svxhx4nwlkgsdg5x,False,,0.4075862544369233,Driven by: an atypical time-of-day transaction pattern (contributed +0.341); an unusually extreme single transaction amount (contributed +0.334); an unusually high number of incoming payments (contributed +0.274).,0.250367133421893,0.33427975046539093,0.20403407953468725,-0.43502198909415046,0.27384354833622615,0.19236099838641754,0.16725570966935757,0.07676482178204444,0.3414559005886487
bc1quwoxt118qzb6uxqrkuw2032lyxj2j4bo6gpn1m,False,,0.4072262286185688,Driven by: an atypical time-of-day transaction pattern (contributed +0.351); an unusually extreme single transaction amount (contributed +0.312); an unusually high number of outgoing payments (contributed +0.259).,0.2189007493657154,0.3120892591348424,0.20049261898032494,-0.16540456440826026,0.230585516486423,0.25913318706665617,-0.02619537052931327,0.037737975262940524,0.3510617729299912
bc1q6xlyjmazrvhpj93rvuv5ybd4xdd8iuzv3zbxpq,False,,0.4072034999296904,Driven by: an atypical time-of-day transaction pattern (contributed +0.289); unusually large average transaction amount (contributed +0.233); an unusually high number of outgoing payments (contributed +0.226).,0.2328176850116562,-0.08665917563288138,0.1981862734371061,0.210523551359444,0.2240876153773556,0.22603263122634315,0.05657785370388166,0.06898599283132778,0.28867366683339907
bc1qhipc9spw17kf6jzqf2rkaorexft0sazwvmpgzb,False,,0.407196873934153,Driven by: an atypical time-of-day transaction pattern (contributed +0.372); an unusually extreme single transaction amount (contributed +0.286); an unusually high number of outgoing payments (contributed +0.260).,0.19216222290090007,0.2864977533587555,0.20683753579262226,-0.20156971318474215,0.23263919404573186,0.2596718141430096,-0.05024972980961944,0.12157698008238886,0.3719005395211884
bc1qkfw21kmn17plu4xodbsqh2ziulgi0juggns8gm,False,,0.4071751977957435,Driven by: physically implausible peer geo-velocity (contributed +0.352); unusually large average transaction amount (contributed +0.261); an unusually high number of incoming payments (contributed +0.245).,0.2614929327133215,-0.0380979828077029,0.17317036622774257,0.20398961208654298,0.24547821534271194,0.03161530407835379,0.35164919204436385,0.2304904057863882,-0.039534645941610255
bc1qfqtndy69620zx79v37prddtbxt6yeyxiy47hgm,False,,0.40701353460531153,Driven by: physically implausible peer geo-velocity (contributed +0.356); unusually large average transaction amount (contributed +0.259); an unusually high number of incoming payments (contributed +0.247).,0.25902889637338516,-0.03979797336789601,0.1741128872468703,0.20714120060434538,0.24655932820721652,0.03137419451354101,0.3556359628979878,0.23003659100670587,-0.03796829954974911
bc1qcxotx76d2kjrzcv3hrqa9vzeox981bf8w80uxn,True,peeling,0.4070003510095749,Driven by: physically implausible peer geo-velocity (contributed +0.353); unusually large average transaction amount (contributed +0.262); an unusually high number of incoming payments (contributed +0.246).,0.2616624700542189,-0.034759451776154075,0.17469826116989884,0.20398961208654298,0.24563275777992807,0.0316187491738399,0.35269466867545374,0.2305459345146608,-0.039481463676011234
bc1q71cdi99maziywj1czqlr1m86o2gsx9oa2eo4cy,False,,0.4069515489450571,Driven by: an atypical time-of-day transaction pattern (contributed +0.345); an unusually extreme single transaction amount (contributed +0.293); an unusually high number of outgoing payments (contributed +0.260).,0.19509321986147976,0.2927393264233374,0.1958871667745698,-0.1234409811981663,0.21246694422001813,0.26018794441414833,-0.05424872382187213,0.10503214781211005,0.34465683025673843
bc1qzhhnbavekvqhmie22tw1bytxza43holdu7jpmm,False,,0.4063917860981263,Driven by: physically implausible peer geo-velocity (contributed +0.347); unusually large average transaction amount (contributed +0.300); an unusually high number of incoming payments (contributed +0.247).,0.30014765315724096,-0.049047823402617464,0.16619582216478074,0.20426527614498338,0.24737329290398655,0.039757954801525386,0.34728881159136854,0.23434518144490352,-0.04160826289952646
bc1q1aysv6o9e9nhcgw33a8ncxcwc0bogwhupof0hk,True,coinjoin,0.4063823789270036,Driven by: unusually large average transaction amount (contributed +0.320); an unusually extreme single transaction amount (contributed +0.313); an unusually high transaction frequency (contributed +0.274).,0.31979097305045145,0.3129118476941101,-0.036954042573134234,0.2741469365795584,0.0057882577692582576,0.22628932564270915,0.0260850369937122,0.2294418750281169,0.09155982948952147
bc1q1794auww4h3rkzof1tk4g5awtaqbao1mjm31pk,False,,0.406382164686971,Driven by: an atypical time-of-day transaction pattern (contributed +0.358); an unusually extreme single transaction amount (contributed +0.317); an unusually high number of outgoing payments (contributed +0.265).,0.22183935846219244,0.31699993795330905,0.20428784086160645,-0.16646768979380672,0.22316815932972311,0.26544461010447734,-0.01929353825455307,0.045529423330080636,0.3575597295685814
bc1qohpii2mvv4dc0fp672zfbqbk4y7zxdfld9cba7,False,,0.40636021491364105,Driven by: an atypical time-of-day transaction pattern (contributed +0.307); an unusually high number of incoming payments (contributed +0.248); unusually large average transaction amount (contributed +0.217).,0.21690940247083257,-0.06790013326885108,0.19883228943820433,0.16330764576674256,0.24818144988973093,0.16321776052667844,0.16151880550085723,0.05856641686530242,0.3072325270749385
bc1q71l6r4u0000lg7703p24bx2144vwgjy4p5hwry,False,,0.4055757583469628,Driven by: an atypical time-of-day transaction pattern (contributed +0.313); an unusually high number of incoming payments (contributed +0.250); an unusually high transaction frequency (contributed +0.210).,0.20123551695234976,-0.0763888974507121,0.19211469307745446,0.2100883879075071,0.24989984712874413,0.15748875648013264,0.17532250189323714,0.05599552906919674,0.3126695554892336
bc1qkdyp4rpekzzmalqhpqpfie952ex2jz8k7zoj3e,False,,0.4055757583469628,Driven by: an atypical time-of-day transaction pattern (contributed +0.311); an unusually high number of incoming payments (contributed +0.250); an unusually high transaction frequency (contributed +0.216).,0.19999078935794448,-0.07760573239830774,0.1908625358747287,0.21593873331590846,0.249808412246503,0.15539676226307045,0.17685548801156512,0.0562913861118078,0.310887515763923
bc1qjy193at6mdvbo10ggov1crmgvgq2uokff5v7ij,True,peeling,0.4054560625879101,Driven by: physically implausible peer geo-velocity (contributed +0.350); unusually large average transaction amount (contributed +0.318); an unusually high number of incoming payments (contributed +0.248).,0.31827989834547815,-0.04613631043490279,0.1665023644259786,0.20635189856205147,0.24804839769369222,0.04733976237532318,0.34954944287129724,0.2344621933480459,-0.041609133902332354
bc1q682yf7qtz1ruy5r8t9450xpoi73t2gqyltx182,False,,0.4054560625879101,Driven by: physically implausible peer geo-velocity (contributed +0.350); unusually large average transaction amount (contributed +0.318); an unusually high number of incoming payments (contributed +0.248).,0.31827989834547815,-0.04613631043490279,0.1665023644259786,0.20635189856205147,0.24804839769369222,0.04733976237532318,0.34954944287129724,0.2344621933480459,-0.041609133902332354
bc1qg3aut3rsvz2e186gvgt2eehfu4b9sntp8ak8s2,False,,0.40543375584091984,Driven by: an atypical time-of-day transaction pattern (contributed +0.307); unusually large average transaction amount (contributed +0.281); an unusually high number of outgoing payments (contributed +0.231).,0.28074809581073856,-0.019238316295610455,0.1932806447070913,0.1723913375435392,0.21182592614201418,0.23116291752172788,-0.003043209829111765,0.10981033345830112,0.3066639539122351
bc1qegyyj5n860ath9kp6asssuljaf4wnsmw5gyrw6,False,,0.4045460151493123,Driven by: unusually large average transaction amount (contributed +0.332); an unusually extreme single transaction amount (contributed +0.322); an unusually high transaction frequency (contributed +0.295).,0.33202192607083003,0.3224839571760336,-0.052055755573084984,0.2951522775394327,0.0015632807352378834,0.23430615837589663,0.03607726516161762,0.26019699777659155,0.08625362895297466
bc1q0dpimrbzn59gmucji7ekvzarhdvuspqyasyinp,False,,0.4036335163834242,Driven by: an atypical time-of-day transaction pattern (contributed +0.348); an unusually extreme single transaction amount (contributed +0.282); an unusually high number of outgoing payments (contributed +0.236).,0.110461773418445,0.2822576200207195,0.18784930412432466,0.15198332018032856,0.19251943377783332,0.23628202435594867,-0.06047788062354762,0.10078714673291281,0.3477127731204415
bc1qeskjwbu2olrw334kkaf9yft4gc5icnic4dtznn,False,,0.40333211076417685,Driven by: an atypical time-of-day transaction pattern (contributed +0.322); unusually large average transaction amount (contributed +0.283); an unusually high number of incoming payments (contributed +0.275).,0.28310839264085436,0.2642053476149978,0.2039611663584855,-0.226455271931077,0.27505221768664156,0.18729398443296463,0.1773276282922694,0.07410975794209756,0.3218131574625777
bc1q9arau76uxv2o2qszo1i736mv3t0kg6umh4gblc,True,peeling,0.4032193816842173,Driven by: an atypical time-of-day transaction pattern (contributed +0.308); unusually large average transaction amount (contributed +0.289); an unusually high transaction frequency (contributed +0.229).,0.28867198345752604,0.004477859736130702,0.19509144561510375,0.22906113661192737,0.21207636814318792,0.22428688176671632,0.004912455926567058,0.09804620652759721,0.30792357025989586
bc1q5g1q7nm5c7k4rjnylimgpk3y8sf4fp4v8z3nd7,False,,0.4030093592128861,Driven by: an atypical time-of-day transaction pattern (contributed +0.331); an unusually extreme single transaction amount (contributed +0.327); an unusually high number of incoming payments (contributed +0.285).,0.27416901814425637,0.3272358635154332,0.20924735720989465,-0.32204135043681825,0.2853146331199499,0.1944013696033204,0.18756275787645552,0.08514000879425276,0.3312186679359761
bc1q4cdngzjhd2vsoezfdj6bsc8awrikhkog95n8in,False,,0.40284041740171095,Driven by: physically implausible peer geo-velocity (contributed +0.358); unusually large average transaction amount (contributed +0.318); an unusually high number of incoming payments (contributed +0.250).,0.31790994824545143,0.013799091759461299,0.17390085103505815,0.2118739924383949,0.250100009196037,0.04712866835303589,0.35821138525818036,0.23911525525086402,-0.03359375658952858
bc1qsrc4dwc279igffen1677snpfc5a23jk3ol8z7f,False,,0.40284041740171095,Driven by: physically implausible peer geo-velocity (contributed +0.358); unusually large average transaction amount (contributed +0.317); an unusually high number of incoming payments (contributed +0.250).,0.31748797174322835,0.013798672419959412,0.17390085103505815,0.21209033936448735,0.250100009196037,0.04712866835303589,0.3582010872477203,0.23933160217695654,-0.03359375658952858
bc1q6aylld4yeo6ppywh8ea329hf1pw26rqh7o0zbo,False,,0.40284041740171095,Driven by: physically implausible peer geo-velocity (contributed +0.358); unusually large average transaction amount (contributed +0.317); an unusually high number of incoming payments (contributed +0.250).,0.31748797174322835,0.013798672419959412,0.17390085103505815,0.21209033936448735,0.250100009196037,0.04712866835303589,0.3582010872477203,0.23933160217695654,-0.03359375658952858
bc1qfoo36ud0cty1cerh6afbajfqp2i3x1ofpym49k,False,,0.402051752917713,Driven by: physically implausible peer geo-velocity (contributed +0.383); an unusually high number of incoming payments (contributed +0.250); an unusually extreme single transaction amount (contributed +0.249).,0.19006003163535262,0.24910224253712107,0.13687299625821622,0.21954318965045147,0.24997320524375893,0.03260961091076972,0.3827028235045049,0.20938035031322821,-0.06283480720313223
bc1q0m9ulwttj8vi73mlc16x7ynslqmni47bn9v9jo,False,,0.4017798222064107,Driven by: physically implausible peer geo-velocity (contributed +0.384); an unusually high number of incoming payments (contributed +0.251); an unusually extreme single transaction amount (contributed +0.250).,0.19631272622493104,0.24982229220725757,0.13802955970567607,0.219494601227156,0.25111192503797836,0.03263779757958139,0.3835142797983172,0.20932126827250547,-0.06283480720313223
bc1q1egom62hdxc6rijkq2zuv1fkhnnk8fwrpk0zfk,False,,0.4013518354600243,Driven by: an atypical time-of-day transaction pattern (contributed +0.345); unusually large average transaction amount (contributed +0.284); an unusually high number of incoming payments (contributed +0.238).,0.283789109729588,0.028271811719733413,0.18293785891527284,0.22757297923520647,0.2376870476509466,0.21052438235526386,0.055405339712336556,0.062124421077154025,0.34484922561710596
bc1qrw556pnbxu6onrv537c2bpimevgxbt66kfg7i2,False,,0.4012294966420405,Driven by: an atypical time-of-day transaction pattern (contributed +0.323); unusually large average transaction amount (contributed +0.264); an unusually high number of incoming payments (contributed +0.248).,0.2641445711825715,-0.0016440363260131587,0.20170276248998925,0.20111588082692922,0.24822249808570748,0.21859941003513764,0.1142244349257186,0.06836283674976003,0.3229397228856893
bc1qdu9v45d3dgc50i32buhbcpla8jz9ds2ulk3fuq,False,,0.40106254981569184,Driven by: an atypical time-of-day transaction pattern (contributed +0.305); unusually large average transaction amount (contributed +0.286); an unusually high number of incoming payments (contributed +0.256).,0.28604668735823774,0.043244624885896255,0.18791216504246724,0.1548122994913442,0.25583728833006214,0.15479144695752006,0.1726561724672114,0.08313623110583596,0.3053822607670445
bc1qtk83w1y6zuoeyhcxtr698i94780ce91tefo1s9,False,,0.40088184559783474,Driven by: an atypical time-of-day transaction pattern (contributed +0.347); an unusually extreme single transaction amount (contributed +0.327); an unusually high number of incoming payments (contributed +0.280).,0.2606872625688131,0.3269981474619623,0.20716806544253566,-0.24620002159006263,0.27976052997224354,0.19407394258058808,0.19716630927712206,0.08369416402568752,0.34713164465995916
bc1ql9ysu51epxu7b6nbhgfb2flurmw3uqhwtek17m,False,,0.40083205952906464,Driven by: an atypical time-of-day transaction pattern (contributed +0.348); an unusually extreme single transaction amount (contributed +0.291); an unusually high number of incoming payments (contributed +0.274).,0.24516534247057492,0.29081617166859325,0.17789984264881317,0.2145183258479795,0.2741453652977958,0.1498048951446732,0.003745081222727047,-0.052094722905865164,0.3483154155186023
bc1q2is1qp5xyakjegcaeq5s222j0crs0sjjjbuul0,False,,0.4007758714984735,Driven by: an atypical time-of-day transaction pattern (contributed +0.330); an unusually high transaction frequency (contributed +0.245); an unusually high number of incoming payments (contributed +0.238).,0.22466412499940158,-0.06761164684033534,0.21147555562645734,0.2451041887042255,0.23816640452046256,0.22371889789588786,0.11453400115829501,0.13461269575334317,0.3297234895655622
bc1qupsrgi9p8tfxsw3hcdi74kzt22thw9p0ieihcj,False,,0.4007022119689388,Driven by: an atypical time-of-day transaction pattern (contributed +0.321); unusually large average transaction amount (contributed +0.286); an unusually high number of incoming payments (contributed +0.258).,0.28608329387456677,0.03533146276657759,0.2160030412118761,0.1473387454358296,0.25838634864537996,0.20085754258916938,0.07363359003712827,0.11810627689566938,0.3213641249057157
bc1qzuztlsuy5lv92beevg429i76berp0iv1topi9x,False,,0.400304540464977,Driven by: an atypical time-of-day transaction pattern (contributed +0.300); unusually large average transaction amount (contributed +0.277); an unusually high number of incoming payments (contributed +0.254).,0.2771847852969069,0.04616173148969133,0.18809251927794365,0.19360625163854941,0.2542616313668489,0.148891558197762,0.17730521999202778,0.08646332345140365,0.299812980325896
bc1qd1xmxb9yo18pajssuuqo1vsmado8e7flqhrrpz,True,peeling,0.40011648906908975,Driven by: an atypical time-of-day transaction pattern (contributed +0.310); an unusually extreme single transaction amount (contributed +0.275); an unusually high number of incoming payments (contributed +0.254).,0.058312695185020136,0.2747101314704437,0.20869973175073878,0.15969060965014273,0.2535050227146616,0.1753314204441193,0.17019787712079862,0.06793419152908547,0.31034320308240987
bc1q36ky6ydybv33yw1v49tdyf12chdaubm3bcoxz0,False,,0.40011444614468783,Driven by: an atypical time-of-day transaction pattern (contributed +0.359); unusually large average transaction amount (contributed +0.302); an unusually high number of incoming payments (contributed +0.266).,0.3017511811055661,0.06258626987382518,0.18913562593419264,0.17450160451206068,0.2657488730349349,0.2127853122942279,0.020856618959303436,0.09286881015547958,0.35856605175977985
bc1qm0tmg2pu2nu4h6fq3rwk3otzzrbyqgyiw59odm,False,,0.3998623028322851,Driven by: an atypical time-of-day transaction pattern (contributed +0.320); unusually large average transaction amount (contributed +0.268); an unusually high number of incoming payments (contributed +0.265).,0.2680817677484859,0.021407928727786005,0.18424604999421051,0.20237332264308394,0.26482326883461094,0.14495010543244047,0.18799936455935187,0.0944031457578193,0.3198324109767941
bc1qjulj3g75zk1ga2sytmxbv9mdpoa8fvf841rizk,False,,0.3995360848653054,Driven by: an atypical time-of-day transaction pattern (contributed +0.352); an unusually extreme single transaction amount (contributed +0.315); an unusually high number of incoming payments (contributed +0.289).,0.2656444997108183,0.31494725086926745,0.17583611760514675,0.18223995996870812,0.2889945601379347,0.1666065300897606,0.02108761885795403,-0.06752858903963989,0.3523523079114159
bc1qmpyi46n05fl0463na7hn98x16f4zzw5uk4sha6,False,,0.39934123497685114,Driven by: an atypical time-of-day transaction pattern (contributed +0.348); an unusually extreme single transaction amount (contributed +0.301); unusually large average transaction amount (contributed +0.275).,0.27539837971890674,0.3007425428281251,0.1911713110135539,0.16986460216489171,0.2750952224071595,0.2036468384219077,0.03732825265830798,-0.0942737183446538,0.3484166857916765
bc1qeu6rln7ogkh50k2t9z04q3qtmaymywc94twkc0,False,,0.39916610796820046,Driven by: physically implausible peer geo-velocity (contributed +0.385); unusually large average transaction amount (contributed +0.264); an unusually high number of incoming payments (contributed +0.262).,0.26408853353526346,0.2556354017076048,0.14148211974255534,0.219494601227156,0.26207653544785203,0.033915854414407885,0.38470758075812267,0.21081222397349464,-0.05833965970105224
bc1qto9qesos0zxkqkp90ne6yiwds2slr4ehmw5mxv,False,,0.39916610796820046,Driven by: physically implausible peer geo-velocity (contributed +0.385); unusually large average transaction amount (contributed +0.264); an unusually high number of incoming payments (contributed +0.262).,0.2641677216254084,0.2554779005338359,0.14156130783270024,0.219494601227156,0.2620756604413311,0.033915854414407885,0.38470758075812267,0.21081222397349464,-0.05833965970105224
bc1qqeagtnp9baaua551saia7qf850w2xwb1gqc4c1,False,,0.39916610796820046,Driven by: physically implausible peer geo-velocity (contributed +0.385); unusually large average transaction amount (contributed +0.264); an unusually high number of incoming payments (contributed +0.262).,0.26408853353526346,0.2556354017076048,0.14148211974255534,0.219494601227156,0.26207653544785203,0.033915854414407885,0.38470758075812267,0.21081222397349464,-0.05833965970105224
bc1qsd2gniib1b87t939a6spzd1skziol3qrdedodu,False,,0.39912195120470007,Driven by: physically implausible peer geo-velocity (contributed +0.383); unusually large average transaction amount (contributed +0.264); an unusually high number of incoming payments (contributed +0.262).,0.26431578725830707,0.2568610259126634,0.14315592110286854,0.219494601227156,0.26187711650783546,0.033915854414407885,0.38341542066993844,0.21081222397349464,-0.05833965970105224
bc1qek0brz0eraxp2ngqeua73abzgs9w275280kqlr,False,,0.39906532470286493,Driven by: an atypical time-of-day transaction pattern (contributed +0.312); unusually large average transaction amount (contributed +0.304); an unusually extreme single transaction amount (contributed +0.268).,0.30413822640431626,0.26807976507758624,0.18499123118404878,0.22311113621257053,0.26761854666245816,0.15710679072913925,0.018052768064247184,-0.017431274182855786,0.3119382136720998
bc1qzl5y31k88no1rbn62nk7hlcnptt3m5h0jhk0i7,False,,0.3990376223243978,Driven by: an atypical time-of-day transaction pattern (contributed +0.341); an unusually extreme single transaction amount (contributed +0.300); an unusually high number of incoming payments (contributed +0.273).,0.26337766534366575,0.2997938450723936,0.19231714092465388,0.20478434655135191,0.2727029563116466,0.18485443174635288,0.023800991740498254,-0.06414587493568616,0.3411459425768025
bc1qslwvoqj4f2xz0x9f6f5226g5iuvwl47l6ojks1,False,,0.3988697354574565,Driven by: an atypical time-of-day transaction pattern (contributed +0.362); an unusually extreme single transaction amount (contributed +0.302); an unusually high number of incoming payments (contributed +0.274).,0.24371012202622286,0.3018984410104208,0.20671009815733685,-0.15102834716864444,0.2744851535591008,0.19133363280056342,0.20627459523478037,0.089391159975205,0.36207631279248653
bc1qfjfzs958pcyhc065ju7yol6lbm0aj6x27o6qnh,False,,0.3987975770972661,Driven by: an atypical time-of-day transaction pattern (contributed +0.362); unusually large average transaction amount (contributed +0.301); an unusually high number of incoming payments (contributed +0.262).,0.3008918343663945,0.15386505311980778,0.20526754489938845,0.21564413698802923,0.2621382876987505,0.1966074404311666,0.06826444468464392,-0.037573746823231925,0.3624202360985598
bc1qqafqsdq26rl0nwrn57lws1yq6t0otgpeqcyh20,False,,0.3987374124491853,Driven by: an atypical time-of-day transaction pattern (contributed +0.323); unusually large average transaction amount (contributed +0.294); an unusually high number of incoming payments (contributed +0.250).,0.2943255679874427,0.032997584220942955,0.21001559771367684,0.1985001527153777,0.25025020468112363,0.21453218878674815,0.09202422268587324,0.11381270186816851,0.3232969777329309
bc1q68459696em7r3qcqaooxj93dri54pugq9mlpnu,False,,0.39869200294836904,Driven by: physically implausible peer geo-velocity (contributed +0.383); an unusually extreme single transaction amount (contributed +0.270); an unusually high number of incoming payments (contributed +0.262).,0.26162848314015125,0.26969783756290183,0.14043259453939674,0.21957912704793095,0.26187711650783546,0.033432635233192835,0.38328095317270716,0.2123830160597921,-0.050873265881797615
bc1qjntssqajop6ztt8kz3q0ewlc4h6tvd1zodxrk6,False,,0.39862902310527387,Driven by: an atypical time-of-day transaction pattern (contributed +0.317); unusually large average transaction amount (contributed +0.304); an unusually extreme single transaction amount (contributed +0.241).,0.3041261246557507,0.2413636508072132,0.19459220959480966,0.18357975554793352,0.21581952685918765,0.22278250773630492,-0.06458206025973143,0.11929174472974793,0.31679997458963316
bc1q1pmrg0zpzjho4vudqhibmqimi8acueobqt0d9t,False,,0.39849041925239254,Driven by: an atypical time-of-day transaction pattern (contributed +0.368); unusually large average transaction amount (contributed +0.319); an unusually high number of incoming payments (contributed +0.263).,0.3189565088558287,0.16938808645153747,0.20490671533045146,0.196539686845185,0.2632249530481937,0.19158145326989628,0.04991848932018905,-0.023255549054886752,0.3676530377948003
bc1qsh3mokbmjluupgnifpvdeycznyctopst9lifi3,False,,0.3983567953850231,Driven by: unusually large average transaction amount (contributed +0.339); an atypical time-of-day transaction pattern (contributed +0.310); an unusually high number of incoming payments (contributed +0.264).,0.3385954623479359,0.24724432239348118,0.19251981058388332,0.22038408386462646,0.26367286175291504,0.1624688810410005,0.007867473366847077,0.0007134106245011272,0.3104040399282673
bc1q5y6q8sjy5op9lbsmwpq82k8ryqf8wxkk2abkvb,False,,0.39822010750808606,Driven by: unusually large average transaction amount (contributed +0.324); an atypical time-of-day transaction pattern (contributed +0.305); an unusually high number of incoming payments (contributed +0.231).,0.32416679083934286,0.02928371213153663,0.1945020291455085,0.22870897904401058,0.23055770838157505,0.2217766499775693,0.09848444632518027,0.11648943435432856,0.30497294413980053
bc1qy7u6ua2yy3hbtth9krqwb9slo9nlupya8whofy,False,,0.39804679028787054,Driven by: an atypical time-of-day transaction pattern (contributed +0.366); unusually large average transaction amount (contributed +0.315); an unusually high number of incoming payments (contributed +0.260).,0.31529885580477135,0.16370542419920867,0.2147028561230512,0.22937114242143797,0.2598676865048163,0.1968696107816662,0.049216918126602574,-0.03918249979852995,0.365526830396814
bc1qqud130iymn8x9ihjc5ysa4h7ilxi7t264w0hy3,False,,0.3979961483417989,Driven by: an atypical time-of-day transaction pattern (contributed +0.326); unusually large average transaction amount (contributed +0.316); an unusually high number of outgoing payments (contributed +0.234).,0.3163994949227821,0.21936598233151194,0.20370038747095667,0.15979391696734938,0.2130989858077165,0.23368027772372704,-0.04782027845861428,0.13339332798557713,0.32564526159722973
bc1q24d7v911pjq50xcxmsy3paua3aipjiylqx1um5,False,,0.39799513505572764,Driven by: an atypical time-of-day transaction pattern (contributed +0.346); an unusually extreme single transaction amount (contributed +0.314); unusually large average transaction amount (contributed +0.282).,0.28172159393331,0.3142541774193721,0.20415601789619497,0.14879052870829781,0.28059428979737316,0.19913238289699534,0.06590282855016014,-0.08311881705595622,0.34586198388439593
bc1qcix39ellhlrswp0ykkswnwzf8y7p62zko0e49z,False,,0.39782907765133413,Driven by: an atypical time-of-day transaction pattern (contributed +0.341); an unusually extreme single transaction amount (contributed +0.283); unusually large average transaction amount (contributed +0.239).,0.23920237662122776,0.2833566094272747,0.19220932343443783,0.1900492104711031,0.2352883694548055,0.23006916516328757,-0.04038961643766286,0.09289184003148634,0.3407857579220238
bc1qdzup68c656831fez0msg1b3jsu4vylcgauai0j,True,peeling,0.3977943297288034,Driven by: physically implausible peer geo-velocity (contributed +0.369); unusually large average transaction amount (contributed +0.356); an unusually high number of incoming payments (contributed +0.252).,0.35552888928964704,0.0989424476977151,0.17997749253470496,0.22050539397615915,0.25226282112855775,0.05485168293099445,0.3692258346507841,0.24873123432539224,-0.015271754984336519
bc1ql55uqolf8mjl8n0ywq7an7p72i82xp3rcxuox1,False,,0.3977596864659258,Driven by: physically implausible peer geo-velocity (contributed +0.369); unusually large average transaction amount (contributed +0.355); an unusually high number of incoming payments (contributed +0.252).,0.35454087374233206,0.10188392919328604,0.18126385420911922,0.2202961264268506,0.2521074660671819,0.05511735864839677,0.36943899891843895,0.2495888869210397,-0.018196223316228242
bc1qlsvryl36q556rglcsma48s15jd466y42oczuvq,False,,0.3977596864659258,Driven by: physically implausible peer geo-velocity (contributed +0.369); unusually large average transaction amount (contributed +0.355); an unusually high number of incoming payments (contributed +0.252).,0.35453663374396477,0.1019485802906043,0.18126744300542696,0.22018893634551162,0.25211271509061944,0.05512722997048193,0.36943899891843895,0.2495941359444772,-0.0181734024991081
bc1qocjz5qde2y3znp8kaiwjwxyouhif806qxn6i8b,False,,0.3977239643688066,Driven by: physically implausible peer geo-velocity (contributed +0.383); an unusually extreme single transaction amount (contributed +0.285); unusually large average transaction amount (contributed +0.270).,0.27032127815445295,0.2849729025411621,0.14314663353287346,0.2197357850133931,0.26202592626060306,0.04128115133145669,0.38328095317270716,0.21297398044787003,-0.05036990705591688
bc1qswuzjawga0xmvrustqfob80vwgc7dv5by0632g,False,,0.3977239643688066,Driven by: physically implausible peer geo-velocity (contributed +0.383); an unusually extreme single transaction amount (contributed +0.285); unusually large average transaction amount (contributed +0.270).,0.27032127815445295,0.2849729025411621,0.14314663353287346,0.2197357850133931,0.26202592626060306,0.04128115133145669,0.38328095317270716,0.21297398044787003,-0.05036990705591688
bc1qtawmwur1z82h394lmuxfzjdcy98qhsfm8qpdnu,False,,0.3974855941116939,Driven by: an atypical time-of-day transaction pattern (contributed +0.349); an unusually extreme single transaction amount (contributed +0.296); an unusually high number of incoming payments (contributed +0.269).,0.2500283501520383,0.2956071951871127,0.19273818197890466,0.2291546380527048,0.2687670714393834,0.16830059325489588,0.029650854067298456,-0.007145365284084847,0.34912807306892796
bc1qar4gztpzmns7lv5j9xzh1r1svblrq3x4hpalwb,False,,0.3973251367436774,Driven by: an atypical time-of-day transaction pattern (contributed +0.361); an unusually extreme single transaction amount (contributed +0.306); an unusually high number of incoming payments (contributed +0.275).,0.26756410017589377,0.30629156668501895,0.19809689957055907,0.22488190611191122,0.2748247366952922,0.19915351206626222,0.04008308557737644,-0.0893928272545061,0.3606942539136161
bc1qrx6a990bsh1fye7lft25h8gorm3zh476egqe8d,False,,0.3973251367436774,Driven by: an atypical time-of-day transaction pattern (contributed +0.367); an unusually extreme single transaction amount (contributed +0.301); an unusually high number of incoming payments (contributed +0.274).,0.25866888438274865,0.30078470202237967,0.20026183027942146,0.22629037340761926,0.27409055285225575,0.19953108506425124,0.044354146432433,-0.08873155840450918,0.36694721750482384
bc1qmdlsxjn82ijw95mz08n0xcs16ahanmvtvoav41,False,,0.3973205272362643,Driven by: physically implausible peer geo-velocity (contributed +0.384); an unusually extreme single transaction amount (contributed +0.291); unusually large average transaction amount (contributed +0.274).,0.2741961646399704,0.291033262286508,0.14436900080009282,0.2197357850133931,0.262084402092342,0.04233707486923947,0.38350858549221906,0.21297398044787003,-0.04786955224303393
bc1qplcl4j7rb6x38dhevpb5v72kalwhuyoiuinxs8,False,,0.39690800645568636,Driven by: physically implausible peer geo-velocity (contributed +0.384); an unusually extreme single transaction amount (contributed +0.294); unusually large average transaction amount (contributed +0.281).,0.2812037731821846,0.2938464948491945,0.149138575278408,0.21996605284669116,0.26261721080400613,0.04233707486923947,0.38350858549221906,0.21297398044787003,-0.04786955224303393
bc1q7c5kb3ygb1rv32ii8k179yixmhvj4umsg9sx3k,False,,0.39686505802140576,Driven by: an atypical time-of-day transaction pattern (contributed +0.336); an unusually extreme single transaction amount (contributed +0.311); unusually large average transaction amount (contributed +0.281).,0.2809262366042306,0.3111363646682125,0.1871261691159226,0.21446975433218862,0.2750161811570607,0.1699024438064491,0.0373571771220657,-0.012419480977982096,0.3358067521783202
bc1qm2v0mw405g00r5y52pdi47kah8oxenq7jbx9k7,False,,0.3968392850495367,Driven by: an atypical time-of-day transaction pattern (contributed +0.344); an unusually extreme single transaction amount (contributed +0.322); an unusually high number of outgoing payments (contributed +0.236).,0.21619532183280282,0.32186363598517914,0.18871389334630717,0.21168546288298554,0.21765181793796334,0.23579563163270495,-0.04038658090481182,0.10500325177161823,0.3437590337673938
bc1q765efuxq9njc2gouifezac2exva5e742grrdnw,False,,0.3967079633204801,Driven by: an atypical time-of-day transaction pattern (contributed +0.377); unusually large average transaction amount (contributed +0.309); an unusually high number of incoming payments (contributed +0.266).,0.308971399829223,0.24069352756333298,0.2058789076356731,0.1547683242107356,0.26637264992202164,0.21890437664039974,0.04073070979521157,-0.007895138131167814,0.3767485321857806
bc1qxpfo86080yapig8ofsmnawy0peqlv488pkwtzv,False,,0.39588248854374813,Driven by: unusually large average transaction amount (contributed +0.382); physically implausible peer geo-velocity (contributed +0.377); an unusually high number of incoming payments (contributed +0.252).,0.3822908366066436,0.11802333085510669,0.18309765701210967,0.22113413138900534,0.2519773827240263,0.058582351704684385,0.377280347913773,0.2513465467835887,-0.007772682183234902
bc1qpgyboa763bupgrkbzwb1ui1tgf4d8h4zpatqxl,False,,0.3957725042160811,Driven by: unusually large average transaction amount (contributed +0.325); an atypical time-of-day transaction pattern (contributed +0.307); an unusually high number of incoming payments (contributed +0.244).,0.3250966848864967,0.04144817800884907,0.21218423618205615,0.22636922542122703,0.24361157180687043,0.23119967155749777,0.11008741665504346,0.14318012314962555,0.30688957702952563
bc1q3chnj6gdtgcg8zf2l4c0bb6pyma1t6sif6dohe,False,,0.39573211320902013,Driven by: an atypical time-of-day transaction pattern (contributed +0.389); an unusually high number of incoming payments (contributed +0.293); an unusually extreme single transaction amount (contributed +0.278).,0.2411158034987296,0.2778139032993548,0.190920402578787,0.07344079217176398,0.29306233345097416,0.2195899875337255,0.06009697128430126,0.09626791964240175,0.3892670458844411
bc1qvqizd82cudld5cxbbln1b5ou833z5gf0g46u2s,False,,0.3956967822567265,Driven by: physically implausible peer geo-velocity (contributed +0.384); unusually large average transaction amount (contributed +0.352); an unusually high number of incoming payments (contributed +0.259).,0.3524400008850474,0.20796966302070932,0.16851197023586922,0.20985444296932435,0.2593131968039578,0.037876438969374676,0.3838410995595486,0.23045886986824612,-0.0073708989007052654
bc1quf0ue99oh12pgx409wnzmo7gde74v6aousx9dx,False,,0.3956916569643586,Driven by: an atypical time-of-day transaction pattern (contributed +0.347); an unusually extreme single transaction amount (contributed +0.337); unusually large average transaction amount (contributed +0.315).,0.3153358843718942,0.3371276130460506,0.19925299089049903,0.2049419795240331,0.27008217152292335,0.2058445299692952,0.0357454234198311,-0.07264813187135101,0.3474037638797597
bc1qpun6en1kq1yj94kic0giz3pxpqubpx8jrw1zdx,False,,0.3956770173321489,Driven by: unusually large average transaction amount (contributed +0.380); physically implausible peer geo-velocity (contributed +0.378); an unusually high number of incoming payments (contributed +0.252).,0.38046636617337776,0.12380081352882921,0.1875681762336614,0.2209024138509708,0.25202966050230496,0.05726449631326205,0.37753724051305887,0.25095860391196145,-0.006894709015872015
bc1qz2y3c0eq4aw8jhe5s517dxj17x6xda71ebvfwb,True,peeling,0.3956770173321489,Driven by: unusually large average transaction amount (contributed +0.380); physically implausible peer geo-velocity (contributed +0.378); an unusually high number of incoming payments (contributed +0.252).,0.38046636617337776,0.12380081352882921,0.1875681762336614,0.2209024138509708,0.25202966050230496,0.05726449631326205,0.37753724051305887,0.25095860391196145,-0.006894709015872015
bc1qqyxpybnrk4pvi2digtgu6iac72syojtmrnzmud,False,,0.3956164326718328,Driven by: physically implausible peer geo-velocity (contributed +0.384); unusually large average transaction amount (contributed +0.350); an unusually high number of incoming payments (contributed +0.260).,0.3498091107749233,0.21718216530144943,0.1705429682783305,0.20994257787561496,0.2595260576547527,0.033478121182439494,0.3838455104553973,0.22649589424892388,-0.00492609707170309
bc1qlj2np6i5gse146oojjdp5j7qmg1k4o27evcnqi,False,,0.3954886788238364,Driven by: physically implausible peer geo-velocity (contributed +0.384); unusually large average transaction amount (contributed +0.310); an unusually extreme single transaction amount (contributed +0.297).,0.3097180743581798,0.29667745416329755,0.1577571093555006,0.22022113476967972,0.26276404330482683,0.0475616726728691,0.38350858549221906,0.21302158691970685,-0.0405597461277987
bc1q2z0auf2w7wr1tqzfb8x6jmre2u7fmkgzbys7xz,False,,0.3954010214761088,Driven by: an atypical time-of-day transaction pattern (contributed +0.328); an unusually extreme single transaction amount (contributed +0.317); an unusually high number of incoming payments (contributed +0.265).,0.26326866200344723,0.3169940172168296,0.1790096590498518,0.1917009834257038,0.26479016711857095,0.18576202646094767,0.06437481849210573,0.06027695232922212,0.3277688951090605
bc1q42pw5uesdrbta3k3om5fktiswlwt6u79xbph5c,False,,0.39521215124858655,Driven by: an atypical time-of-day transaction pattern (contributed +0.362); unusually large average transaction amount (contributed +0.341); an unusually high number of incoming payments (contributed +0.255).,0.34096721299266236,0.2188709023941938,0.20391994904879612,0.2188040481140281,0.25452079989565446,0.21610531106444505,0.0313391946835679,0.014487580267546783,0.3619928337768852
bc1qixiezev57u66id36xc53t2sj64yw5r1f5bf7pt,False,,0.3951043451653374,Driven by: physically implausible peer geo-velocity (contributed +0.385); unusually large average transaction amount (contributed +0.352); an unusually high number of incoming payments (contributed +0.259).,0.35248099386395654,0.22283716515900223,0.17290152461462213,0.21135313152860932,0.2590556798285705,0.036112088470423756,0.38545932309507147,0.22582361802433307,-0.000983427871131546
bc1qcegbmxikvrecjtr0m6hz72kxsjzsb6zwkhe9i0,False,,0.3950718866098705,Driven by: physically implausible peer geo-velocity (contributed +0.383); unusually large average transaction amount (contributed +0.314); an unusually extreme single transaction amount (contributed +0.304).,0.313504939727964,0.3037358753322906,0.16274682384124659,0.22022113476967972,0.2627652673953514,0.047570085099687916,0.38321860877378106,0.21302158691970685,-0.040529964240896034
bc1q386fsrkq32q0iw3d1cz5u5mtxs83xew1zykslj,False,,0.3950718866098705,Driven by: physically implausible peer geo-velocity (contributed +0.383); unusually large average transaction amount (contributed +0.314); an unusually extreme single transaction amount (contributed +0.304).,0.31355849649611944,0.30387288135495855,0.162613343128745,0.22023483999544766,0.2627652673953514,0.047578652844538,0.38321860877378106,0.21305972715488825,-0.04064745952501727
bc1quef5hwgmi1gcch92p47ptuuz98jdm2odtxc23f,False,,0.3950718866098705,Driven by: physically implausible peer geo-velocity (contributed +0.384); unusually large average transaction amount (contributed +0.313); an unusually extreme single transaction amount (contributed +0.304).,0.3132825846973252,0.3037358753322906,0.16274328503439292,0.22022113476967972,0.2627652673953514,0.0475616726728691,0.3835094919713505,0.21302158691970685,-0.04058654117415376
bc1qwzsv6y39m3jgw8p3t53xr9d129kz24i11qjd5l,False,,0.3949411113454996,Driven by: physically implausible peer geo-velocity (contributed +0.382); an unusually extreme single transaction amount (contributed +0.325); unusually large average transaction amount (contributed +0.307).,0.3067940995059643,0.3251455209459349,0.1630937748650291,0.22023326147241923,0.26088564573327716,0.04076384043922549,0.38234730824460905,0.21845560033514588,-0.04657143541076452
bc1qn0mwfs58bqzacgbvqcedniqb7r77iu31e90gdr,False,,0.39491395772316645,Driven by: an atypical time-of-day transaction pattern (contributed +0.339); an unusually extreme single transaction amount (contributed +0.269); unusually large average transaction amount (contributed +0.251).,0.2510457770327867,0.26887008745629243,0.1930463318752732,0.2155715273952037,0.2403740659842054,0.2244268244734367,0.056117450704770235,0.08336931885145447,0.33934245098212396
bc1qb1hi8h7pr28j2k3tydccpvb96do9uzxca4x76b,False,,0.39485692830584423,Driven by: physically implausible peer geo-velocity (contributed +0.387); unusually large average transaction amount (contributed +0.354); an unusually high number of incoming payments (contributed +0.260).,0.3544472943192772,0.22920486956836938,0.17072140847849193,0.2116614262232712,0.2595024713617091,0.03343081986844865,0.38733771177840703,0.22685375361084822,0.0011386210403320361
bc1qhdkxzo0yx2tbt68lzf4nub5xx9pkqgbhlft2nb,False,,0.39485455722915974,Driven by: an atypical time-of-day transaction pattern (contributed +0.371); an unusually extreme single transaction amount (contributed +0.316); an unusually high number of incoming payments (contributed +0.276).,0.2647680078600306,0.3161710131457092,0.2077005109528134,0.1913533896591724,0.27632778588279505,0.20770180805205785,0.08732404224685013,-0.04789590955090046,0.3709364811825116
bc1qjciy1gqff55depu0f80gnyd1osep720oevgdgo,False,,0.3948372199911261,Driven by: an atypical time-of-day transaction pattern (contributed +0.363); unusually large average transaction amount (contributed +0.316); an unusually high number of incoming payments (contributed +0.267).,0.3160915012281131,0.23255824804936814,0.21078773742898943,0.22179715918522397,0.267345121451942,0.19234496127735454,0.10196792002095197,-0.031131259438815884,0.36327471689461877
bc1q8412iaapi34zatz8rbj5yqwak59w803cqexufq,False,,0.39482050219474835,Driven by: physically implausible peer geo-velocity (contributed +0.384); unusually large average transaction amount (contributed +0.363); an unusually high number of incoming payments (contributed +0.260).,0.36279809216599435,0.2171984146851357,0.1676777565384634,0.20989821511790963,0.26007940164839155,0.05062267493683488,0.383707730931261,0.23022796445195146,-0.006548327991293267
bc1qclo2d8fu8kxhrtauzf01svb8q3518rwdj4vtrz,False,,0.39482050219474835,Driven by: physically implausible peer geo-velocity (contributed +0.384); unusually large average transaction amount (contributed +0.363); an unusually high number of incoming payments (contributed +0.260).,0.36279809216599435,0.2171984146851357,0.1676777565384634,0.20989821511790963,0.26007940164839155,0.05062267493683488,0.383707730931261,0.23022796445195146,-0.006548327991293267
bc1qp7xhz2fdnptwefkf4hn6mgwnomfug7lvv0kk1r,True,peeling,0.3947748694823303,Driven by: unusually large average transaction amount (contributed +0.394); physically implausible peer geo-velocity (contributed +0.384); an unusually high number of incoming payments (contributed +0.258).,0.39405782797410593,0.16456230611703274,0.16588814504181915,0.22298829776008713,0.2577132058474677,0.05115324218645016,0.3836837874768868,0.24028214260011801,-0.0029586761274407072
bc1q1po9o2m470n9em9nr73wg5m296njwu73365rd4,False,,0.3947748694823303,Driven by: unusually large average transaction amount (contributed +0.394); physically implausible peer geo-velocity (contributed +0.384); an unusually high number of incoming payments (contributed +0.258).,0.39405782797410593,0.16456230611703274,0.16588814504181915,0.22298829776008713,0.2577132058474677,0.05115324218645016,0.3836837874768868,0.24028214260011801,-0.0029586761274407072
bc1qj1wjbd48ajzr8mezrrcfplbxl30kaszbvye1ii,True,peeling,0.3947708172482924,Driven by: unusually large average transaction amount (contributed +0.397); physically implausible peer geo-velocity (contributed +0.382); an unusually high number of incoming payments (contributed +0.258).,0.39670955142748254,0.1618492213343574,0.16485436604191966,0.22304161734112712,0.25776232343515604,0.05504991086743219,0.3823787587966353,0.23972816258128485,-0.003851919513958398
bc1q23lshz8brhq1fnttuyshcjqt2javyejl0ti4nr,False,,0.39466414680886147,Driven by: unusually large average transaction amount (contributed +0.396); physically implausible peer geo-velocity (contributed +0.382); an unusually high number of incoming payments (contributed +0.257).,0.3963744236803106,0.16465048598274748,0.16366825718546013,0.22574874997450176,0.2574679134745962,0.055310652294610935,0.38238047929136243,0.2397765081495217,-0.003861234417804545
bc1qsbfdgj9kku7im2l184uvm6n6pwe3960bmtxv4l,False,,0.39466414680886147,Driven by: unusually large average transaction amount (contributed +0.395); physically implausible peer geo-velocity (contributed +0.382); an unusually high number of incoming payments (contributed +0.257).,0.395342089126118,0.16522004461312131,0.16336472486958398,0.22654182629370964,0.257386515725205,0.056179882628129396,0.38197490964530567,0.23938412752256266,-0.003877884808429543
bc1q9ufzdepcgwluk5o5cvhjobeifdd56h6u9wcdb6,False,,0.39462891976936787,Driven by: unusually large average transaction amount (contributed +0.313); an atypical time-of-day transaction pattern (contributed +0.301); an unusually high number of incoming payments (contributed +0.259).,0.3134879937816835,0.17164042637519125,0.20971138850709173,0.20637183609204465,0.2594343878291772,0.15826489855278583,0.189319947576092,0.07315864333721381,0.3014460168529361
bc1qtpwd0g2vorfsl0jjmby6i17etmysbtl03710me,True,peeling,0.3945963801033624,Driven by: unusually large average transaction amount (contributed +0.402); physically implausible peer geo-velocity (contributed +0.377); an unusually high number of incoming payments (contributed +0.259).,0.4019866195946237,0.14428494174118936,0.17181153276621858,0.2265117236956948,0.2585088615131892,0.05599649537539807,0.3770419549857801,0.24500180232047952,0.002910368838404116
bc1qp1yvfkxvqvaeutj0w6m0jtqu72j7ij6lny6wng,False,,0.39444553261971377,Driven by: an atypical time-of-day transaction pattern (contributed +0.379); unusually large average transaction amount (contributed +0.312); an unusually high number of incoming payments (contributed +0.273).,0.3121062278237933,0.2269943714075353,0.19449849965746177,0.14799135409909547,0.2729243223065069,0.2140192298237644,0.04020769931226777,0.10241587999642501,0.378547969899623
bc1qxn7yrpxt6xnnzl0ydrz2qypbhf3h88ptwj8suw,False,,0.39438117526402444,Driven by: physically implausible peer geo-velocity (contributed +0.385); an unusually extreme single transaction amount (contributed +0.330); unusually large average transaction amount (contributed +0.313).,0.31301504360116655,0.3304290257857487,0.16422988848092043,0.21991163031212008,0.262082863250361,0.041718235425509766,0.38516248952004706,0.2207515972988987,-0.04518351885376382
bc1qkpi1tsqacbslyfay0xa0rk8cjre5c5jo5l02mo,False,,0.39433234376693527,Driven by: physically implausible peer geo-velocity (contributed +0.386); unusually large average transaction amount (contributed +0.372); an unusually high number of incoming payments (contributed +0.260).,0.3721919275890937,0.2171733691186424,0.1677635409615072,0.2103743980252773,0.2600679649961067,0.053194673307937534,0.3855017234091096,0.23433264015262387,-0.006652829136372007
bc1qpn1qy8ecv84xvdn0a59wagp510lgs48a8hts1p,False,,0.39422876736439694,Driven by: physically implausible peer geo-velocity (contributed +0.385); unusually large average transaction amount (contributed +0.354); an unusually high number of incoming payments (contributed +0.261).,0.3542799367328126,0.24457061562545934,0.1800803095851197,0.2117637543703411,0.26139016144950045,0.0407697143787846,0.38492057879093056,0.22622778441540597,-0.006172761045821987
bc1qx1vzap3oe23srb3xc39yuv3fjep9svuueu7axt,False,,0.3942196320897095,Driven by: physically implausible peer geo-velocity (contributed +0.385); an unusually extreme single transaction amount (contributed +0.325); unusually large average transaction amount (contributed +0.316).,0.3164320655909045,0.32464876368882906,0.1623771247650431,0.2216207894075602,0.26242449940580254,0.04391808403392824,0.38529529136960516,0.21833083710151036,-0.03687486536241672
bc1qtlvu53y15caeelsx52gwa654nvguw6yz7ry21g,False,,0.39419039330739913,Driven by: physically implausible peer geo-velocity (contributed +0.384); unusually large average transaction amount (contributed +0.325); an unusually extreme single transaction amount (contributed +0.323).,0.325069068254572,0.32269552739672297,0.16257389402542086,0.22637321440411476,0.26414052646932407,0.042852013292001855,0.3843600611862186,0.21566976670093768,-0.04446522081400169
bc1qepli20ak6n0xikuxpg3jpa9fysrcbjs4t1jwxi,False,,0.3941662169953717,Driven by: unusually large average transaction amount (contributed +0.409); physically implausible peer geo-velocity (contributed +0.376); an unusually high number of incoming payments (contributed +0.259).,0.40867842571068674,0.13492926265178967,0.17716642374421282,0.2266535094493605,0.25910366455722456,0.058990662299658866,0.37568845330305917,0.25657822659584184,0.002386735788460919
bc1qlpf4g9h0y05ml51aatn209qvwas1udjoau4du0,False,,0.3941646168264508,Driven by: an atypical time-of-day transaction pattern (contributed +0.380); an unusually extreme single transaction amount (contributed +0.308); an unusually high number of incoming payments (contributed +0.266).,0.2574681865143643,0.30788570523917513,0.20589734877252477,0.20663323706352804,0.266003103389964,0.22879329617093452,0.06535185934763184,-0.01763773073688762,0.3798403601148902
bc1qjegy1lwb46t86lr6sakrafflaflgnftc46eljc,False,,0.3940954250255658,Driven by: physically implausible peer geo-velocity (contributed +0.384); unusually large average transaction amount (contributed +0.353); an unusually high number of incoming payments (contributed +0.257).,0.35299425410840585,0.251924731914771,0.1810982388287922,0.21180449617778183,0.25713285352729,0.04205910348395672,0.3839050818470835,0.22786915777112843,-0.0059578233566774975
bc1qzyiyn62u8z1xie39zvyec5udotuqajelivwoe5,False,,0.3940406465481285,Driven by: an atypical time-of-day transaction pattern (contributed +0.393); an unusually extreme single transaction amount (contributed +0.309); an unusually high number of incoming payments (contributed +0.276).,0.24390440183810602,0.30855735662739325,0.19176997270503848,0.1814211784345883,0.2760861663109589,0.22653248966371853,0.052910431160835186,0.03090009778032317,0.3928025442196265
bc1qayk2lalxrkuoysvkea3x8ouzdzhlflfifx97l4,False,,0.3940027640734025,Driven by: an atypical time-of-day transaction pattern (contributed +0.387); an unusually extreme single transaction amount (contributed +0.300); an unusually high number of incoming payments (contributed +0.264).,0.18834520626884182,0.30049840267972516,0.21107851201488306,0.235414767929064,0.26439659096440793,0.2104375342916329,0.12719829551057107,-0.01837427652476233,0.3873106085803391
bc1q2j8dy0u7033zujciuhd1o6ougoprrumuc4lr9c,False,,0.3940026538948182,Driven by: an atypical time-of-day transaction pattern (contributed +0.349); an unusually extreme single transaction amount (contributed +0.332); unusually large average transaction amount (contributed +0.234).,0.23427169453995575,0.3319355063620191,0.1922443427415516,0.21632610947562697,0.2334990021800396,0.22154700616537168,0.06749270124749768,0.06036651646938752,0.348626895622378
bc1qisnktkp2pxyw7dqtbf6bio00o72q4m8nmkwcj8,False,,0.39399587855432244,Driven by: physically implausible peer geo-velocity (contributed +0.383); an unusually extreme single transaction amount (contributed +0.338); unusually large average transaction amount (contributed +0.314).,0.31415694343608463,0.3382471827369938,0.1671966913431855,0.21613277855295843,0.26591573016227804,0.046026263726832016,0.3834765876284961,0.2186268100819423,-0.04321504976235289
bc1qq1d05aqrjs9nptpr2pryvf3tiveh8vfnqgnrhp,False,,0.39399105885805563,Driven by: physically implausible peer geo-velocity (contributed +0.386); unusually large average transaction amount (contributed +0.360); an unusually high number of incoming payments (contributed +0.259).,0.36023915999434425,0.2502230686252203,0.1778089137622548,0.21240877619368786,0.25858669504139986,0.04079541007666579,0.3863703944590047,0.22787663772136718,-0.00756431421560443
bc1qbjjac9onqyqpx17nqgfxrk1mpla10ib26pzezw,False,,0.393943070353143,Driven by: physically implausible peer geo-velocity (contributed +0.383); an unusually extreme single transaction amount (contributed +0.328); unusually large average transaction amount (contributed +0.314).,0.31445606212387345,0.32843842485257635,0.16298400004929947,0.22081409268559823,0.2629653827628375,0.051080671991304914,0.38297829106100045,0.22054742721995643,-0.0357192728975446
bc1q81njbuyyzu05z4mljc1bx7qfp8swxqwlqb8kh4,False,,0.393943070353143,Driven by: physically implausible peer geo-velocity (contributed +0.383); an unusually extreme single transaction amount (contributed +0.328); unusually large average transaction amount (contributed +0.314).,0.3144002498490386,0.32833518707269094,0.1630648010564422,0.2208465438625463,0.2630492947998745,0.051080671991304914,0.38292113092367547,0.22053402201392572,-0.03568682172059655
bc1qu2rup7fahiapjy1zb62g6b4tsg0s0u50ap1wns,False,,0.39392712810281827,Driven by: physically implausible peer geo-velocity (contributed +0.384); an unusually extreme single transaction amount (contributed +0.327); unusually large average transaction amount (contributed +0.315).,0.31472138841388986,0.3273421804757403,0.1647019583314768,0.22082101894649134,0.26280943966514686,0.051060079786096786,0.3837207315455796,0.2208024093498988,-0.03683598819315193
bc1qdnfcijtet57muchv5nnp011e2cxv3cx4kafrea,False,,0.39392712810281827,Driven by: physically implausible peer geo-velocity (contributed +0.384); an unusually extreme single transaction amount (contributed +0.328); unusually large average transaction amount (contributed +0.315).,0.3147269976788474,0.32774604597561635,0.1647745131394214,0.22082150049448993,0.26280943966514686,0.05108492991295186,0.383730907245375,0.2205623281306593,-0.03711344392133955
bc1qhxb8b6j393oxesp7j6v4523arbbr7dki5bbkv0,False,,0.39381974962797617,Driven by: physically implausible peer geo-velocity (contributed +0.387); an unusually extreme single transaction amount (contributed +0.334); unusually large average transaction amount (contributed +0.319).,0.31927086331101245,0.3344829426691012,0.16238331286440036,0.2216852623890443,0.26481037777014155,0.04393024762161198,0.38680632350202937,0.2181878906233946,-0.038384630749969374
bc1qdjwsaaenxxkmlmk4xl1t4nb5go04stis5ntt4z,False,,0.3937938877892272,Driven by: physically implausible peer geo-velocity (contributed +0.383); an unusually extreme single transaction amount (contributed +0.330); unusually large average transaction amount (contributed +0.317).,0.3168915550819291,0.32981925046357913,0.16478534064634343,0.22081910483815606,0.2630492947998745,0.051080671991304914,0.3828763063066802,0.22050734234224834,-0.035685648148947376
bc1qgglcr5p8aacj72hls0qlfti211wy6rr79iv2f1,False,,0.3937538781408503,Driven by: unusually large average transaction amount (contributed +0.398); physically implausible peer geo-velocity (contributed +0.382); an unusually high number of incoming payments (contributed +0.262).,0.39796097987504886,0.2036188499208282,0.1629928845699693,0.22145139574292255,0.2624790579110099,0.055177230581013384,0.38176320874851954,0.2372613259005655,-0.007059975382394358
bc1q1apgzmkbf6x3l8tvf7mwtz568d2iboctblrwu7,False,,0.3937486251445011,Driven by: physically implausible peer geo-velocity (contributed +0.384); an unusually extreme single transaction amount (contributed +0.330); unusually large average transaction amount (contributed +0.317).,0.3171639102356757,0.32988565583751656,0.16696332569983668,0.22082101894649134,0.2627360294794818,0.051060079786096786,0.3837418540992413,0.22030625155861944,-0.03683598819315193
bc1qk9lj3lsjkoqzey6qmjq0h4s41f2gqn8j0we511,False,,0.39373480072510053,Driven by: physically implausible peer geo-velocity (contributed +0.386); an unusually extreme single transaction amount (contributed +0.332); unusually large average transaction amount (contributed +0.327).,0.32724720479308983,0.3317652258367086,0.16448986676123073,0.22652883041095098,0.2661220285515111,0.04596119881021123,0.3855977827736722,0.2153197138161102,-0.04667078013747503
bc1qu6vqs4hufn4vnboobck3ervkdxt3u6okgk8myd,False,,0.39373480072510053,Driven by: physically implausible peer geo-velocity (contributed +0.386); an unusually extreme single transaction amount (contributed +0.332); unusually large average transaction amount (contributed +0.327).,0.32724720479308983,0.3317231904881583,0.1644895983929101,0.22654132243901218,0.2661412099084528,0.04596093573623166,0.38560447210255255,0.21532640314499063,-0.0466732653893883
bc1q8d9m0ib3w4witr0meva7j6oy77g620cofzowgd,False,,0.39369416773747906,Driven by: unusually large average transaction amount (contributed +0.410); physically implausible peer geo-velocity (contributed +0.378); an unusually high number of incoming payments (contributed +0.259).,0.4102978996448737,0.14650833727181478,0.18568040797530388,0.22663103325596987,0.2587617523103153,0.05894513615264878,0.37765866341700344,0.2564908914222489,-0.003087683507916664
bc1qs9kt9ez29gu65m7aa62dbksrpams126i93cvf9,True,peeling,0.39369416773747906,Driven by: unusually large average transaction amount (contributed +0.410); physically implausible peer geo-velocity (contributed +0.378); an unusually high number of incoming payments (contributed +0.259).,0.4102978996448737,0.14650833727181478,0.18568040797530388,0.22663103325596987,0.2587617523103153,0.05894513615264878,0.37765866341700344,0.2564908914222489,-0.003087683507916664
bc1qgiunwelajm3um94w739v5745ip65plld5obq2s,False,,0.3936869977907062,Driven by: an atypical time-of-day transaction pattern (contributed +0.343); an unusually extreme single transaction amount (contributed +0.297); an unusually high number of outgoing payments (contributed +0.239).,0.2212656414980091,0.2974430852190504,0.19470261787524937,0.2076720527925852,0.23868267662652531,0.23914171183787303,0.08005788233594448,0.0961941035733416,0.34299584302708663
bc1qowkvn4hjvhc4o8nm292mg1807y9t4xy8a29rjj,False,,0.3936790483193531,Driven by: physically implausible peer geo-velocity (contributed +0.387); an unusually extreme single transaction amount (contributed +0.337); unusually large average transaction amount (contributed +0.321).,0.3209728907560924,0.3373316888462589,0.16238038317690037,0.22192467026996576,0.26504789723628824,0.04366950203494029,0.38732377037156396,0.2181878906233946,-0.038384630749969374
bc1qchaqpkwqzzgus8p6wklx2wedf43390f8nuix6h,False,,0.3936790483193531,Driven by: physically implausible peer geo-velocity (contributed +0.387); an unusually extreme single transaction amount (contributed +0.337); unusually large average transaction amount (contributed +0.321).,0.32097582044359246,0.33731997009625897,0.16238331286440036,0.22192467026996576,0.26504789723628824,0.04367243172244029,0.387326700059064,0.2181878906233946,-0.038384630749969374
bc1qubrj174wyags1kwqjl8ez31t6erq5a83892143,False,,0.3936529908868502,Driven by: unusually large average transaction amount (contributed +0.315); an atypical time-of-day transaction pattern (contributed +0.304); an unusually high number of incoming payments (contributed +0.264).,0.31500699654501707,0.17119135248876316,0.20867548740966577,0.19903220432750174,0.26356565598093384,0.17604756207141722,0.19640066111564788,0.0850712014833882,0.30444126013230377
bc1qw5f0v5vyk7cf2j4l3vv7rmn41r7cx7m59pcyd2,False,,0.3936224201808723,Driven by: physically implausible peer geo-velocity (contributed +0.386); an unusually extreme single transaction amount (contributed +0.328); unusually large average transaction amount (contributed +0.322).,0.32158459991387056,0.3283253279843,0.1668842790685948,0.220742486486574,0.2627652673953514,0.05001441279490262,0.385612224289164,0.22030625155861944,-0.03565461680347448
bc1qx0bj05mxcpxcx1w80wiixrrmvcdwx9my4i11de,False,,0.3936224201808723,Driven by: physically implausible peer geo-velocity (contributed +0.386); an unusually extreme single transaction amount (contributed +0.328); unusually large average transaction amount (contributed +0.322).,0.32158459991387056,0.3283253279843,0.1668842790685948,0.220742486486574,0.2627652673953514,0.05001441279490262,0.385612224289164,0.22030625155861944,-0.03565461680347448
bc1qukhe2o1j4juhwu5k78y0whkyi1w8z6qt33d4f2,False,,0.39355677886326984,Driven by: physically implausible peer geo-velocity (contributed +0.386); an unusually extreme single transaction amount (contributed +0.341); unusually large average transaction amount (contributed +0.320).,0.3197105502563294,0.34149524122085856,0.1684489022042858,0.21603146996604167,0.2665288697587396,0.04805596150533634,0.38577089590545477,0.2186146275148111,-0.04161132228587059
bc1quhq6q6y5ycnids13pmncyblop6xoybxikpdkuy,False,,0.39355677886326984,Driven by: physically implausible peer geo-velocity (contributed +0.386); an unusually extreme single transaction amount (contributed +0.341); unusually large average transaction amount (contributed +0.320).,0.3197105502563294,0.3413865455686847,0.1684489022042858,0.21617639750227352,0.2665288697587396,0.04805596150533634,0.38577089590545477,0.2186146275148111,-0.04164755416992857
bc1qwpoozwrsxf8lsmg9rbgxk93rhwh0xfjm4qyo3u,False,,0.39355677886326984,Driven by: physically implausible peer geo-velocity (contributed +0.386); an unusually extreme single transaction amount (contributed +0.342); unusually large average transaction amount (contributed +0.320).,0.31975338916356627,0.34158105027737967,0.1684574416155567,0.21604446203933436,0.266505678195725,0.04803540739016985,0.3857786965710384,0.21847986224710458,-0.04159079145388809
bc1qfe8e5tnlztwxol4bkuu5czeccfs7i19mo1rtsx,False,,0.39354812357904423,Driven by: physically implausible peer geo-velocity (contributed +0.387); an unusually extreme single transaction amount (contributed +0.334); unusually large average transaction amount (contributed +0.327).,0.3271599142450377,0.3335136797318095,0.16649589593158873,0.22168124920832333,0.26211976831054973,0.042537437897273024,0.38710745708864625,0.22199278861862642,-0.03923794099463867
bc1qi6yb9pdgkrjwtg3fimlcbiedbznmtr28j9bf63,False,,0.39354595229252537,Driven by: unusually large average transaction amount (contributed +0.402); physically implausible peer geo-velocity (contributed +0.380); an unusually high number of incoming payments (contributed +0.260).,0.40159245608206573,0.2096546949252784,0.1695713352822884,0.22212708302245432,0.2597639978071091,0.05117893015991819,0.38020058707473703,0.2359689266082684,-0.006606215935872299
bc1qnbwidfch3o1hc1vggbit6rbewv68d1rl6zazyx,False,,0.3934414413093904,Driven by: physically implausible peer geo-velocity (contributed +0.385); an unusually extreme single transaction amount (contributed +0.345); unusually large average transaction amount (contributed +0.316).,0.31557008606838305,0.34507156755796015,0.170464574765805,0.22047655878058114,0.2636550293644743,0.04396352205733107,0.3849640362140677,0.2194808913050602,-0.036268917173063596
bc1qixwmvxxogwynkflttu2a8ts171sd6qk06hoi9s,False,,0.39342114267027223,Driven by: unusually large average transaction amount (contributed +0.403); physically implausible peer geo-velocity (contributed +0.382); an unusually high number of incoming payments (contributed +0.259).,0.40260661112213114,0.20648898922311518,0.16719647818235395,0.22297437158692365,0.2588915148419467,0.04961638476988134,0.38241093064998066,0.2409133060850814,-0.0029586761274407072
bc1qmyz20fed9q7gqjt510lk872pk69cdotvoiwatx,False,,0.39337366938726803,Driven by: physically implausible peer geo-velocity (contributed +0.386); an unusually extreme single transaction amount (contributed +0.333); unusually large average transaction amount (contributed +0.323).,0.32269544625088076,0.33302975453314115,0.16880860193737476,0.22082101894649134,0.2627652673953514,0.051060079786096786,0.3860716402363745,0.22030625155861944,-0.03563456221260348
bc1qnhxf4t8ma1024rv3nsxof6t6weggh02wpkqj39,False,,0.3932851585337651,Driven by: physically implausible peer geo-velocity (contributed +0.385); an unusually extreme single transaction amount (contributed +0.336); unusually large average transaction amount (contributed +0.326).,0.32597058487600367,0.33561997537221105,0.17071965340136014,0.22045587900799174,0.263946190141375,0.046437282491158895,0.3852861920723671,0.22038399301626083,-0.03557029290970355
bc1q2k9mf0u7nar7nnuo5q5lf7gdxfae7wn08ep4ae,False,,0.3932653156694635,Driven by: physically implausible peer geo-velocity (contributed +0.383); unusually large average transaction amount (contributed +0.376); an unusually high number of incoming payments (contributed +0.258).,0.37608462377107293,0.2532666187462384,0.17750009374525785,0.21267356910768317,0.25751487744171064,0.04597987890295652,0.38311002301504293,0.23181613525904132,-0.003950627476930775
bc1q88nv6yyx0102ottx57lyq9vj2vdy6beg22418i,True,peeling,0.3931529438599146,Driven by: physically implausible peer geo-velocity (contributed +0.386); unusually large average transaction amount (contributed +0.372); an unusually extreme single transaction amount (contributed +0.264).,0.3723115377676563,0.2637450275788205,0.17791964864782348,0.21245543431215122,0.25858669504139986,0.04086976328420899,0.38616740873292077,0.23043840550020617,-0.004274858043137889
bc1qm305t1ww8pawhlq7ar42ddkoxn4kda24mks9vi,False,,0.3930404501280174,Driven by: physically implausible peer geo-velocity (contributed +0.384); unusually large average transaction amount (contributed +0.369); an unusually extreme single transaction amount (contributed +0.273).,0.3686539991702078,0.2729455548170983,0.17259683795743305,0.21525085800646404,0.2587382777143362,0.04298525988928273,0.3837089956070583,0.23176046086092722,-0.0041915186173127625
bc1qi1txd42gfau14bo8i5mmqebbeljqik8ic6jtem,False,,0.39290971580801404,Driven by: an atypical time-of-day transaction pattern (contributed +0.352); unusually large average transaction amount (contributed +0.320); an unusually high number of incoming payments (contributed +0.258).,0.3201670007103431,0.16534302329814224,0.19827090497979355,0.2335023135941577,0.25788446649104163,0.2345941281823776,0.05016262679905327,0.13586883044349507,0.3515724443166055
bc1qk85jyyfk31avpm6dysx9ojwudrgtz6ql3e49yw,False,,0.3928783777913962,Driven by: an atypical time-of-day transaction pattern (contributed +0.386); an unusually extreme single transaction amount (contributed +0.320); an unusually high number of incoming payments (contributed +0.270).,0.2673576820606796,0.3197235289343816,0.19676047019231027,0.21131464862610336,0.27031648406208836,0.22890129109846835,0.07518967016931702,-0.007469617570966541,0.386450470062615
bc1qh3l16cr3uv43mco075re0drimr25i7a2hvnyar,False,,0.3928466328073475,Driven by: an atypical time-of-day transaction pattern (contributed +0.365); unusually large average transaction amount (contributed +0.306); an unusually high number of incoming payments (contributed +0.260).,0.30560159921257624,0.24865064717306912,0.18922992104226086,0.21765751846016024,0.2603776196073032,0.22983975995286052,0.08014777573365789,0.05346981663393911,0.3647642640166621
bc1qb8innu7pggminudc32gy422kkwfapg0jg3ytii,False,,0.3926582628492283,Driven by: an atypical time-of-day transaction pattern (contributed +0.360); an unusually extreme single transaction amount (contributed +0.289); an unusually high number of incoming payments (contributed +0.261).,0.2248523672631578,0.28937278841810327,0.21426297183063295,0.18973611710482857,0.2605452583198591,0.2370815520450728,0.058871666464611394,0.12169459083630943,0.36041035758272794
bc1qklmszclm4f8fws0gv4qmp5jhdt6293tlo1i7xj,False,,0.3926017796292504,Driven by: an atypical time-of-day transaction pattern (contributed +0.345); unusually large average transaction amount (contributed +0.335); an unusually high number of incoming payments (contributed +0.249).,0.3349690525674472,0.18749753297123614,0.21553278266807163,0.18117957255508618,0.24895367305536745,0.2297229150913746,0.08798610418711524,0.12805456019076322,0.34505771878547925
bc1qzflmr19ik85encce4haecp3gkqryy8nxw068ax,False,,0.3922462974393329,Driven by: physically implausible peer geo-velocity (contributed +0.394); unusually large average transaction amount (contributed +0.382); an unusually extreme single transaction amount (contributed +0.290).,0.38155377636504295,0.29008777710298794,0.161915687072483,0.23087711448985485,0.26657238343115736,0.041076616416373925,0.3937523597628619,0.23013069308262962,-0.023623775490229027
bc1qbcez15rvmk6ttgdl970sdotaiecevs40w58cm1,False,,0.3922351737404174,Driven by: physically implausible peer geo-velocity (contributed +0.394); unusually large average transaction amount (contributed +0.391); an unusually extreme single transaction amount (contributed +0.293).,0.39083926309263844,0.2931369615344611,0.15503497486612244,0.22907764991762816,0.2656072211553467,0.04122681634322927,0.394066872589552,0.2290629471006243,-0.025290920649853516
bc1q8w63qbvqchny2n5tna623br3d71eezuh9wl4b7,False,,0.3922026435448825,Driven by: physically implausible peer geo-velocity (contributed +0.391); unusually large average transaction amount (contributed +0.352); an unusually extreme single transaction amount (contributed +0.347).,0.3519642199243141,0.3468627660299557,0.17456573685608143,0.220024038253765,0.26715152502897255,0.03348031817170779,0.3907341941262973,0.21565844259253036,-0.026453611790075767
bc1qlbna0236qk3qhad3m6jr8fl9v2qji47jwu7sa7,False,,0.3922026435448825,Driven by: physically implausible peer geo-velocity (contributed +0.391); unusually large average transaction amount (contributed +0.352); an unusually extreme single transaction amount (contributed +0.347).,0.3518930229903224,0.3467810547392308,0.1745617513977581,0.2200231614914861,0.26714616022532783,0.03348031817170779,0.39081655254018466,0.21571362107339215,-0.02642801343586126
bc1qw0dljt3uwewsmstrvbb5pt28mta5x93uxm2c6k,False,,0.3921656321869813,Driven by: unusually large average transaction amount (contributed +0.403); physically implausible peer geo-velocity (contributed +0.393); an unusually extreme single transaction amount (contributed +0.272).,0.403113037826488,0.272369513487141,0.15757184814774025,0.2296645510051006,0.26543079522990837,0.04087396204787445,0.39262417977069586,0.22940027151182557,-0.01566569820762769
bc1qluo6phyovjmvaum2kn2xhqshb0dx087nny9mo2,False,,0.39209435593385705,Driven by: physically implausible peer geo-velocity (contributed +0.390); unusually large average transaction amount (contributed +0.359); an unusually extreme single transaction amount (contributed +0.348).,0.35915840368579227,0.3479827839405545,0.17873443741898853,0.21994272079484328,0.2670035993863621,0.032959833888292545,0.38975803205706305,0.21788414313760524,-0.035354964134033905
bc1qk1qrrn5n5ehq403ivwackln9tlyo674dphu2xr,False,,0.39202817381025107,Driven by: physically implausible peer geo-velocity (contributed +0.394); unusually large average transaction amount (contributed +0.382); an unusually extreme single transaction amount (contributed +0.294).,0.3816365705667407,0.29390406600541097,0.16295930562063524,0.23152391806513614,0.2667322523501892,0.04072985842910266,0.3938074553545218,0.2303649075456009,-0.021094383956426852
bc1q2c9ypc45u2691456h95d9y8y0awrhqs9dvelyv,False,,0.39202817381025107,Driven by: physically implausible peer geo-velocity (contributed +0.394); unusually large average transaction amount (contributed +0.382); an unusually extreme single transaction amount (contributed +0.294).,0.3816365705667407,0.2942304952110275,0.1629861227508417,0.23134729489722464,0.2667322523501892,0.04055323526119104,0.3938074553545218,0.2303649075456009,-0.021094383956426852
bc1qaobc3oko3vpk2u4avpmx5l77ibrsjox505xf36,False,,0.39202817381025107,Driven by: physically implausible peer geo-velocity (contributed +0.394); unusually large average transaction amount (contributed +0.382); an unusually extreme single transaction amount (contributed +0.294).,0.3816365705667407,0.29390406600541097,0.16295930562063524,0.23152391806513614,0.2667322523501892,0.04072985842910266,0.3938074553545218,0.2303649075456009,-0.021094383956426852
bc1qkmq9uqwfn55lk9uawwpvc0azp79uvhsdux5wk8,False,,0.3920275064660606,Driven by: physically implausible peer geo-velocity (contributed +0.396); unusually large average transaction amount (contributed +0.382); an unusually extreme single transaction amount (contributed +0.297).,0.3822710581625318,0.29678950427316675,0.1611052265934015,0.23153045105897,0.2666928525638815,0.03706596467322814,0.3956221205090334,0.23064942762822938,-0.021137495532041518
bc1qbtt9paf667ztt7f1up4phfaxi1s9npaxuzmxl2,False,,0.3920275064660606,Driven by: physically implausible peer geo-velocity (contributed +0.395); unusually large average transaction amount (contributed +0.382); an unusually extreme single transaction amount (contributed +0.298).,0.3822710581625318,0.2975451628235314,0.1611052265934015,0.2315376880724976,0.266704427980998,0.03706596467322814,0.3952139380552823,0.23069132155472266,-0.021545677985792554
bc1qqtzjs6pvs9v9bd9zmq77hns54gwdfo1nnj5rxc,False,,0.3920243465369458,Driven by: an atypical time-of-day transaction pattern (contributed +0.331); unusually large average transaction amount (contributed +0.296); an unusually extreme single transaction amount (contributed +0.271).,0.2960202740880798,0.27119257398642954,0.19534488804223304,0.2219791845896897,0.23459128201056487,0.23480969428478415,0.09003709900001203,0.10575785552805694,0.3309753933928776
bc1q63qe8nvn439enga01yzg3w3h98brzva9wdjsgg,False,,0.3920043324471635,Driven by: an atypical time-of-day transaction pattern (contributed +0.369); an unusually extreme single transaction amount (contributed +0.284); an unusually high number of incoming payments (contributed +0.255).,0.19912815315995175,0.28373769888745715,0.2034272803123031,0.2330346187992347,0.25451487633056735,0.2537031162696659,0.10820330546439993,0.07669368548157232,0.3690200995843638
bc1qp4xgq78u42i3p4lfdj2q8d5z85461bochtcx5r,False,,0.3919795941972814,Driven by: unusually large average transaction amount (contributed +0.392); physically implausible peer geo-velocity (contributed +0.388); an unusually extreme single transaction amount (contributed +0.280).,0.3916357637501902,0.28046831811416706,0.17343190880243398,0.22345406094764222,0.26523445217353286,0.04875789603896364,0.3879329829472813,0.2298009653581345,-0.018320756665043004
bc1qrzcm8jj6avp1eoxlzki2so19v58b1v1ccofh91,False,,0.39194013123076976,Driven by: unusually large average transaction amount (contributed +0.328); an atypical time-of-day transaction pattern (contributed +0.319); an unusually high number of incoming payments (contributed +0.263).,0.3282106995727397,0.26021057219023114,0.1952901063861011,0.20415181340226696,0.26262678051668276,0.19909931865168085,0.11591870375110046,0.09909278317458146,0.3192828891735227
bc1qu9sh7n1bqg3dcmyxbd07q2jbtzgtld6f0n3it2,False,,0.391872651901862,Driven by: an atypical time-of-day transaction pattern (contributed +0.384); an unusually extreme single transaction amount (contributed +0.298); an unusually high number of incoming payments (contributed +0.266).,0.2518557422861698,0.29844938900859375,0.18494993798102538,0.2249665511876858,0.26584550245269184,0.2377490994259355,0.08601449621081933,0.052618155949797296,0.38397965996092714
bc1qii7vxtrqindamt8qm76287fdv21ndcs1uyszde,False,,0.3918016704420045,Driven by: physically implausible peer geo-velocity (contributed +0.391); unusually large average transaction amount (contributed +0.358); an unusually extreme single transaction amount (contributed +0.351).,0.35758955942980813,0.35056251556073603,0.17944646377832266,0.2200203473886828,0.26715152502897255,0.03346041386358586,0.3910314586079793,0.21605652098358386,-0.026212852678255783
bc1q4j90vb1c4w9i40qpf8m72zkeocec3091kyv7jj,False,,0.3917427239269208,Driven by: an atypical time-of-day transaction pattern (contributed +0.379); an unusually extreme single transaction amount (contributed +0.321); an unusually high number of incoming payments (contributed +0.277).,0.26135087117667394,0.32076766478427843,0.20150082702810448,0.23506676178990463,0.2774564025915704,0.21155704947240447,0.12012479579541507,-0.01586351018058882,0.3793689181194286
bc1qbyk9l1wdx68c4nr1h69m0gakaskdst7ojbqplb,True,peeling,0.39173507019230575,Driven by: physically implausible peer geo-velocity (contributed +0.388); unusually large average transaction amount (contributed +0.386); an unusually extreme single transaction amount (contributed +0.295).,0.38596564692123725,0.2953865105998688,0.17532484295119838,0.21821451017088578,0.2658326266307574,0.0427963993848612,0.38818866629156185,0.22800228350934584,-0.00809293493763265
bc1q39moft6yriaddur82c06xq9jb354mype46aexl,False,,0.3916963888890038,Driven by: an atypical time-of-day transaction pattern (contributed +0.385); an unusually extreme single transaction amount (contributed +0.298); unusually large average transaction amount (contributed +0.279).,0.27936828887654674,0.2979230093755391,0.17987255440501831,0.19856557474992817,0.27607179587204067,0.23493737046962,0.06395169042039471,0.07763796434662962,0.38474981234553696
bc1qb08vydwox06zxunhu25z8kq86ynii88bycznyr,False,,0.39164934466781476,Driven by: an atypical time-of-day transaction pattern (contributed +0.360); an unusually extreme single transaction amount (contributed +0.292); an unusually high number of outgoing payments (contributed +0.253).,0.20492861619303546,0.2922618543871495,0.21552296493113715,0.20533132214026478,0.24290707128763345,0.2534419846207025,0.08168875029364762,0.1390106535094143,0.3597600937696136
bc1qchatndfo6sa8zovs32ykcd3i4z4yidzyning1f,False,,0.39160755608273534,Driven by: an atypical time-of-day transaction pattern (contributed +0.404); an unusually extreme single transaction amount (contributed +0.322); an unusually high number of incoming payments (contributed +0.286).,0.26793299290524025,0.3217092916864895,0.18826948001904403,0.1636922710743573,0.2858208828455522,0.23723689600849285,0.04565352365575613,0.08186280330827307,0.40425227323097324
bc1q3rsasvi1x1vh3ji9pvmtm12lc9bgjq0aqk711u,False,,0.3916023326231026,Driven by: physically implausible peer geo-velocity (contributed +0.391); unusually large average transaction amount (contributed +0.365); an unusually extreme single transaction amount (contributed +0.335).,0.36469098886449486,0.3347569959838187,0.17543859685045235,0.22262095295308953,0.2658324390197872,0.03879505404515216,0.3911244517709443,0.2251223145637595,-0.021754233817969076
bc1qrh4k4jken2cqxrqtwceecfvsjw7tbddcmoq5pl,False,,0.3916023326231026,Driven by: physically implausible peer geo-velocity (contributed +0.391); unusually large average transaction amount (contributed +0.365); an unusually extreme single transaction amount (contributed +0.335).,0.36469098886449486,0.3347569959838187,0.17543859685045235,0.22262095295308953,0.2658324390197872,0.03879505404515216,0.3911244517709443,0.2251223145637595,-0.021754233817969076
bc1qx2hk5gyimq5glhc0dj96irx3nghb3cjop0vea3,False,,0.391587698010381,Driven by: unusually large average transaction amount (contributed +0.397); physically implausible peer geo-velocity (contributed +0.390); an unusually extreme single transaction amount (contributed +0.291).,0.39696149175029805,0.2907192870116949,0.16142957692098295,0.22851367949697884,0.26509239838921667,0.04713601439331288,0.39008621171137986,0.23130797965361827,-0.014066720812284812
bc1qmh0n5o9r7lj5mv6b6rj09weew0oz2wcvft9o07,False,,0.39148768189659827,Driven by: an atypical time-of-day transaction pattern (contributed +0.340); an unusually extreme single transaction amount (contributed +0.327); unusually large average transaction amount (contributed +0.268).,0.2683526790540847,0.327437993746173,0.1896851400520233,0.20547147992966255,0.24171833294320177,0.23693459168569986,0.09035677837417114,0.10050665903115498,0.3404917525705092
bc1q5qmktgv44ftj5ccasbuov6tt9q1ni10kqsosx4,False,,0.3914687275197557,Driven by: an atypical time-of-day transaction pattern (contributed +0.391); an unusually extreme single transaction amount (contributed +0.340); unusually large average transaction amount (contributed +0.291).,0.2909766221645703,0.33997285737151894,0.18409549980189233,0.20230301986211605,0.27262516350044325,0.21997614196770063,0.052883442669371145,0.04741965428186446,0.39141861957811347
bc1quqdn05xt54fn5g77lk6hqiv929sevl7fq8aby5,False,,0.39146369603836223,Driven by: unusually large average transaction amount (contributed +0.338); an atypical time-of-day transaction pattern (contributed +0.316); an unusually high number of incoming payments (contributed +0.256).,0.3380687233122885,0.20506853378378256,0.21328755744982295,0.2071314223770229,0.25638101166303795,0.17680635957199717,0.20318600525157843,0.08598677282771545,0.31594460205403907
bc1qb38yhedxfe3jwe46xaad0xh2mecyjxp7x80nhj,False,,0.391358932307614,Driven by: unusually large average transaction amount (contributed +0.395); physically implausible peer geo-velocity (contributed +0.390); an unusually extreme single transaction amount (contributed +0.298).,0.3945477442802904,0.2976231695953516,0.16714903208080667,0.2285787480048184,0.26518379249042595,0.047150662830812866,0.3900324070888586,0.23143294837311196,-0.015881533843996404
bc1qhfvsv3v4bnax29w7rpp9cwnbil8b5l9jpa21e5,True,peeling,0.3913458163452071,Driven by: physically implausible peer geo-velocity (contributed +0.393); unusually large average transaction amount (contributed +0.361); an unusually extreme single transaction amount (contributed +0.340).,0.36139083532157307,0.340402286272281,0.1750329083084152,0.22548325539660333,0.26584453378652334,0.03852863043044017,0.3927710875336929,0.2272569445236384,-0.020398164307037888
bc1qjb8jxkq054cfg79kt10r709q6ohxxyfgg3ty36,False,,0.3913458163452071,Driven by: physically implausible peer geo-velocity (contributed +0.393); unusually large average transaction amount (contributed +0.368); an unusually extreme single transaction amount (contributed +0.337).,0.367982710098039,0.33687996918020313,0.17503299713982487,0.225559027454056,0.2657936902280828,0.038385727238035024,0.3927433031507362,0.22568912659512128,-0.021754233817969076
bc1qvi7lig9gmykvygw22ygyzthqse0kivwm53noz7,False,,0.39133934388372205,Driven by: an atypical time-of-day transaction pattern (contributed +0.366); an unusually extreme single transaction amount (contributed +0.328); an unusually high number of outgoing payments (contributed +0.257).,0.24331867245206165,0.32846024752187714,0.2045281580728769,0.1433580858370913,0.25619234968865195,0.25719645347708764,0.05978068021280196,0.14819852201671663,0.3655235974915998
bc1qx3x10y14dsf2uwufuk15u2486d43i21pu8bwau,False,,0.3913282538967865,Driven by: an atypical time-of-day transaction pattern (contributed +0.327); an unusually extreme single transaction amount (contributed +0.318); unusually large average transaction amount (contributed +0.301).,0.3010744297189136,0.31814234692406534,0.19483174784563478,0.20496512689119423,0.26788138775417086,0.18747244495442958,0.10506207568093859,0.10036234286442931,0.3271837160143803
bc1qdsp7iothieht1sem5pspu69cmnjtulr7z3uorw,False,,0.391326168365693,Driven by: unusually large average transaction amount (contributed +0.410); physically implausible peer geo-velocity (contributed +0.394); an unusually extreme single transaction amount (contributed +0.291).,0.4100864721698201,0.290912621221862,0.15880093084436417,0.22962978582334,0.2650557844404157,0.047343246249380626,0.3940985979386486,0.23036221639314647,-0.019235267781036642
bc1q45j8o98bujds0sp8jb6l4pesrss0np99wihxbx,False,,0.391326168365693,Driven by: unusually large average transaction amount (contributed +0.410); physically implausible peer geo-velocity (contributed +0.394); an unusually extreme single transaction amount (contributed +0.292).,0.41021636360166547,0.29161091855114063,0.1585235990028306,0.2293524539818065,0.2650557844404157,0.04734705301285707,0.3940985979386486,0.23036221639314647,-0.019512599622570116
bc1qv0pmqf6br2led4ouv73l5kkynlckllzssxon55,False,,0.39128549427161136,Driven by: unusually large average transaction amount (contributed +0.390); physically implausible peer geo-velocity (contributed +0.388); an unusually extreme single transaction amount (contributed +0.299).,0.3903719841487373,0.2989398578822161,0.17587346153980526,0.21978849656047142,0.2662123316045117,0.04738867141374043,0.3880616856482564,0.2324469215007774,-0.010492714758130042
bc1q9pyqld56yjv601s9bay6b0m1g0e5h0e8bcaokp,False,,0.3912461943749709,Driven by: unusually large average transaction amount (contributed +0.390); physically implausible peer geo-velocity (contributed +0.390); an unusually extreme single transaction amount (contributed +0.302).,0.390242222306186,0.30177871358144687,0.1775895247941773,0.22808822902132306,0.26504787962121074,0.04486518286579764,0.39005605109801866,0.2313187665452759,-0.01891131939725962
bc1qn3t85svp9io1q9hw1o8thscwd7x2n8lytg2ol0,False,,0.3912461943749709,Driven by: unusually large average transaction amount (contributed +0.390); physically implausible peer geo-velocity (contributed +0.390); an unusually extreme single transaction amount (contributed +0.302).,0.390242222306186,0.30177871358144687,0.1775895247941773,0.22808822902132306,0.26504787962121074,0.04486518286579764,0.39005605109801866,0.2313187665452759,-0.01891131939725962
bc1q8ia619q1j10idsffq0nezh1u9c245o7o7gri9e,False,,0.3912134491240322,Driven by: physically implausible peer geo-velocity (contributed +0.393); unusually large average transaction amount (contributed +0.363); an unusually extreme single transaction amount (contributed +0.340).,0.36332946387034787,0.3403613801036428,0.17497389340397632,0.2280939494798425,0.26585598361266133,0.03979337502645793,0.3929139651378596,0.2268298988052286,-0.020839592173887696
bc1qht1u37eb8qhs9ckhawv8ab40oobagxkk36qstt,False,,0.3912124367280401,Driven by: physically implausible peer geo-velocity (contributed +0.394); unusually large average transaction amount (contributed +0.381); an unusually extreme single transaction amount (contributed +0.297).,0.3805003718899904,0.29671610765201845,0.18405338102553712,0.2269219718398344,0.26286499902075594,0.047166090844140425,0.39448828787478973,0.22962215539452718,-0.01098279981198999
bc1qjh4oulyo3pjbrhwbqh5t2d8vet8an2lm1cbht9,False,,0.3911761042785182,Driven by: an atypical time-of-day transaction pattern (contributed +0.381); an unusually extreme single transaction amount (contributed +0.319); unusually large average transaction amount (contributed +0.271).,0.2712669159651418,0.31876474329581067,0.1882890877085413,0.21381407702278504,0.2609188136952126,0.24097951063735112,0.084157380273562,0.05352294953403357,0.3810097981881091
bc1qvllbtxjuvrm28r3xmv6uvg7kmk07faewve14ql,False,,0.3911531474535299,Driven by: unusually large average transaction amount (contributed +0.392); physically implausible peer geo-velocity (contributed +0.388); an unusually extreme single transaction amount (contributed +0.301).,0.3917756439937107,0.3007051396558166,0.17771653644235352,0.2198123678862631,0.2662123316045117,0.04747560923032496,0.3882790192811756,0.23252799909402028,-0.010913951647790809
bc1qxa23bt0jwi0p91lerver2yzrgf29il1o5g5u6j,True,peeling,0.3911531474535299,Driven by: unusually large average transaction amount (contributed +0.392); physically implausible peer geo-velocity (contributed +0.388); an unusually extreme single transaction amount (contributed +0.301).,0.39215640609114477,0.30058581731335265,0.17765233725670576,0.21947903748874584,0.26629926425116285,0.04748000078290119,0.38828271097138356,0.2324646468589105,-0.010809525473921718
bc1qhn20gpw2po6tot087bbmux7zheqn664jy908qd,False,,0.3911455744919008,Driven by: unusually large average transaction amount (contributed +0.398); physically implausible peer geo-velocity (contributed +0.388); an unusually extreme single transaction amount (contributed +0.295).,0.3975789231905815,0.2946181029828312,0.17774210478366737,0.2236798355742424,0.2654090750376535,0.04480300559290946,0.38795423274036545,0.23263581282149048,-0.01054424311687063
bc1q87tletbw4ybypjqwys36eyfa2u5qh1ptxgsrmq,False,,0.39112646876421625,Driven by: physically implausible peer geo-velocity (contributed +0.393); unusually large average transaction amount (contributed +0.384); an unusually extreme single transaction amount (contributed +0.297).,0.38405730902349833,0.2974556678080518,0.18503676664401855,0.22627425034909068,0.2645248932961091,0.04726252017578476,0.3926915718070034,0.23010000275911563,-0.012804173213609658
bc1qq37csuytaul62cf4mntfvge2l4zjd5n3ksgnbh,False,,0.3909881316543926,Driven by: unusually large average transaction amount (contributed +0.332); an atypical time-of-day transaction pattern (contributed +0.327); an unusually high number of incoming payments (contributed +0.269).,0.3319228519479828,0.2596725301459346,0.2126617281710533,0.1456856799003949,0.2687141852254282,0.17577514132808028,0.20288026430583728,0.09559566053307503,0.3269192428114976
bc1q8jo5xmdda47ofoptk2yi5yh7rpv6wbxj72i2dp,False,,0.39095472007940113,Driven by: unusually large average transaction amount (contributed +0.398); physically implausible peer geo-velocity (contributed +0.388); an unusually extreme single transaction amount (contributed +0.297).,0.3982220299158214,0.29744280207795404,0.17970974363319164,0.22394145119891887,0.26639011371142535,0.05023028855882639,0.3879329829472813,0.2316770544058554,-0.014456108295915737
bc1q6y8n5mu56ffjl7mhek99l1g2undquh7icpl6rm,False,,0.3908243817105252,Driven by: physically implausible peer geo-velocity (contributed +0.391); unusually large average transaction amount (contributed +0.372); an unusually extreme single transaction amount (contributed +0.362).,0.37213445648493865,0.36162123107252053,0.17822846370097917,0.22136764411332255,0.2671457683914522,0.03499688996586193,0.3913872115510403,0.22316554909348546,-0.024028580294849004
bc1q4nzkrsn8l0uw6ik209ei8xq6tclk04p2ek1hw6,False,,0.3907956391337493,Driven by: an atypical time-of-day transaction pattern (contributed +0.327); unusually large average transaction amount (contributed +0.320); an unusually high number of incoming payments (contributed +0.266).,0.31984277406869027,0.2514848739611899,0.21085603602168831,0.16578733005645985,0.2657615521250236,0.18355350382453306,0.21146593956411575,0.09163436094768003,0.32671928169931014
bc1q2k6mu0d1tt03vszvgghugt7sayqn92t2krynla,False,,0.3907840673837703,Driven by: physically implausible peer geo-velocity (contributed +0.394); unusually large average transaction amount (contributed +0.375); an unusually extreme single transaction amount (contributed +0.336).,0.3749143015282023,0.3364064957940557,0.17378113139554,0.22835664573543488,0.265914276269531,0.04053070184796568,0.3944728879693859,0.23412460982372488,-0.020957742430992802
bc1qw819fmsyg91mmo1ds3hgw10c9ix6r1nxhbqam9,False,,0.39078246622766916,Driven by: an atypical time-of-day transaction pattern (contributed +0.366); an unusually extreme single transaction amount (contributed +0.291); an unusually high number of outgoing payments (contributed +0.259).,0.21214853499808392,0.29088067077968677,0.21821870400037174,0.19703573090737259,0.24757418446396096,0.2589347762062601,0.057794339883498316,0.17908457347239157,0.36593235163709636
bc1qqdji6sow4yif5d9rexpfsltj669rea3y0xaobk,False,,0.3906879857321275,Driven by: an atypical time-of-day transaction pattern (contributed +0.384); an unusually extreme single transaction amount (contributed +0.324); unusually large average transaction amount (contributed +0.276).,0.27605141956665397,0.32404698420570555,0.19760509985186048,0.2208665829477082,0.26888977760797966,0.24314621574813172,0.06726704688965528,0.04915539377251563,0.38414919632416455
bc1q4t3y4wpwg3xg0trky8ryozdppbquakx6wb68q0,False,,0.39063387317069453,Driven by: unusually large average transaction amount (contributed +0.327); an atypical time-of-day transaction pattern (contributed +0.324); an unusually extreme single transaction amount (contributed +0.246).,0.3272561354875112,0.24614680682155057,0.20432123311814804,0.22208455356774306,0.24160488341219385,0.23321924168646177,0.10649374420752586,0.12833808123426665,0.32376030635027936
bc1qgsy5ybipdlbg7t0lshgdkh8dhx09z9cpcywc9i,True,peeling,0.39056831137736714,Driven by: physically implausible peer geo-velocity (contributed +0.395); unusually large average transaction amount (contributed +0.388); an unusually extreme single transaction amount (contributed +0.309).,0.3883213126669028,0.3091317975916812,0.18879983001428752,0.22745926867461694,0.26758751431617717,0.0453593772094873,0.39540026429840824,0.22890760577204006,-0.015261170894277065
bc1qilj42cw9j51kpsz6w8wbzo547gfpqeqqr7d6e5,True,peeling,0.3905493168026103,Driven by: unusually large average transaction amount (contributed +0.411); physically implausible peer geo-velocity (contributed +0.389); an unusually extreme single transaction amount (contributed +0.300).,0.4114870045464471,0.29986040428499516,0.18221398600743005,0.2265028814952604,0.26673477609200885,0.04762067720234773,0.3889523269784977,0.23076273809067455,-0.017710175428275413
bc1qxco59avh094ipzgrspiw06ny41uiw5e1qml5mq,False,,0.3905493168026103,Driven by: unusually large average transaction amount (contributed +0.412); physically implausible peer geo-velocity (contributed +0.389); an unusually extreme single transaction amount (contributed +0.300).,0.4115500425463046,0.2997916657128542,0.1822101190870748,0.2265028814952604,0.26673477609200885,0.047619155219302496,0.38896341645418153,0.23076273809067455,-0.017710175428275413
bc1qf4jm8r7a4k33s5r25zfc1k8j0kkagiqdz7y95c,False,,0.39050789236176675,Driven by: an atypical time-of-day transaction pattern (contributed +0.395); an unusually extreme single transaction amount (contributed +0.335); an unusually high number of incoming payments (contributed +0.267).,0.2641206655829633,0.3346558709921436,0.1893202474443926,0.24052472340925765,0.2674451451044348,0.22596756189417766,0.06292156663658738,0.05788036305304636,0.3951562388228543
bc1qcvs3zrb9opllv12bvxejaxvt7cz14wjai9c2bv,False,,0.39047192697673094,Driven by: physically implausible peer geo-velocity (contributed +0.395); an unusually extreme single transaction amount (contributed +0.371); unusually large average transaction amount (contributed +0.369).,0.36922549443620273,0.37131174131315803,0.17540467821944267,0.22098444447835974,0.26740459432044456,0.038147291099321655,0.395175550869975,0.22372482295291576,-0.02202494150648118
bc1q1dpiwpzxs12fzxotcszy0rcnj6brjdna0c0fos,True,peeling,0.39040881532114435,Driven by: physically implausible peer geo-velocity (contributed +0.395); unusually large average transaction amount (contributed +0.388); an unusually extreme single transaction amount (contributed +0.313).,0.3880411654158416,0.31268280412335403,0.18869489495327618,0.22794270645202938,0.26758751431617717,0.04783788917423951,0.3954679223948597,0.22897736010757674,-0.015489495500081973
bc1qc7hp4nn4gct8bwk8xn29gxekbzcmlox8gct3m9,False,,0.3903670547472836,Driven by: an atypical time-of-day transaction pattern (contributed +0.386); unusually large average transaction amount (contributed +0.280); an unusually high number of incoming payments (contributed +0.271).,0.279789149073165,0.26663036067649737,0.1927665026105144,0.24051803544431505,0.270541612872735,0.23326782619985348,0.07605580597821746,0.09795658383650972,0.3857979393225101
bc1q8iio1q3dzvwe8g358geejgbjxg56w0mqa1ccyy,False,,0.39034073145694137,Driven by: an atypical time-of-day transaction pattern (contributed +0.351); an unusually extreme single transaction amount (contributed +0.311); an unusually high number of outgoing payments (contributed +0.252).,0.2216790219234482,0.31149150946780885,0.202133397689351,0.2250442279673182,0.2438400873510296,0.2521748877781354,0.09679595496862038,0.14012774868346642,0.3510336663959057
bc1q7hdijwpy51fs1ois1wbscyg037gbkk3ilvs5uo,True,peeling,0.3903321293988687,Driven by: unusually large average transaction amount (contributed +0.406); physically implausible peer geo-velocity (contributed +0.398); an unusually extreme single transaction amount (contributed +0.299).,0.4061213232971732,0.2985192812806266,0.1850831803436557,0.22753442800964455,0.26354676534406324,0.04876060080820863,0.39766165812709936,0.22983314703747476,-0.01241416528645897
bc1qcyx97i98ufqau5sefmm3jt4lmag75to3e1e42t,False,,0.3903321293988687,Driven by: unusually large average transaction amount (contributed +0.406); physically implausible peer geo-velocity (contributed +0.398); an unusually extreme single transaction amount (contributed +0.299).,0.4061213232971732,0.2985192812806266,0.1850831803436557,0.22753442800964455,0.26354676534406324,0.04876060080820863,0.39766165812709936,0.22983314703747476,-0.01241416528645897
bc1qh1xllf6em3znwsztpvadzueh4jgw9krbe6eyox,False,,0.390296674955219,Driven by: physically implausible peer geo-velocity (contributed +0.395); an unusually extreme single transaction amount (contributed +0.374); unusually large average transaction amount (contributed +0.372).,0.3721134339475171,0.37371440612316487,0.17824114634688382,0.22095544743602974,0.2671606321274248,0.03841772801718018,0.39534385891190904,0.223823066641111,-0.02378094310766726
bc1qcfhd82p5ejrsbblbadkel21aa6y87qs7jp1ilr,False,,0.3901643388323708,Driven by: physically implausible peer geo-velocity (contributed +0.396); unusually large average transaction amount (contributed +0.393); an unusually extreme single transaction amount (contributed +0.313).,0.3929732505113666,0.31268280412335403,0.18873978540979247,0.22794270645202938,0.26758751431617717,0.04933213030879486,0.3960906103126207,0.23114173503891555,-0.015489495500081973
bc1qce60jldblmc6xkne8ita84dq6xnvelhiymgdmw,False,,0.389892819166773,Driven by: unusually large average transaction amount (contributed +0.401); physically implausible peer geo-velocity (contributed +0.396); an unusually extreme single transaction amount (contributed +0.318).,0.4013967904179914,0.31811908489247887,0.19093598300422662,0.2271303864377848,0.26696770601652425,0.04506524318565743,0.3964207772161528,0.22704932002812034,-0.011795048839280854
bc1qhonbpqga6x85zzhjy8gy39bu4uz2z0kdn3tn60,False,,0.3898544483178972,Driven by: an atypical time-of-day transaction pattern (contributed +0.383); an unusually extreme single transaction amount (contributed +0.323); an unusually high number of incoming payments (contributed +0.273).,0.2726553705451799,0.3225153364120048,0.18804829020549016,0.2009544591184573,0.27291213926343244,0.24972378254715472,0.09350197867482041,0.07918521694807648,0.3832483046479891
bc1qdvvpgb8iy525fnscqqavaqdmfztgp8d20gm62s,False,,0.3898155634186936,Driven by: unusually large average transaction amount (contributed +0.353); an atypical time-of-day transaction pattern (contributed +0.320); an unusually high number of incoming payments (contributed +0.266).,0.35285845873978705,0.2586028748176375,0.21757771074651114,0.17947149377107505,0.2656453556281349,0.1787408456526097,0.1991744696387008,0.09239936700714602,0.3197485720409497
bc1qp1zscmo1pob7fu99259p5z5zlm36vfox5wwpm3,False,,0.3897924348068026,Driven by: an atypical time-of-day transaction pattern (contributed +0.336); unusually large average transaction amount (contributed +0.327); an unusually extreme single transaction amount (contributed +0.248).,0.3265822896565421,0.24758423534954585,0.21673473520385922,0.1994545398969206,0.24554349283329413,0.24308918090526702,0.0848113137674256,0.16521754130902866,0.3360787796946378
bc1qgcts8h5bqd2ugqbyns7easw23ogq7ysx5tuan5,False,,0.3895548577589711,Driven by: an atypical time-of-day transaction pattern (contributed +0.375); an unusually extreme single transaction amount (contributed +0.307); an unusually high number of incoming payments (contributed +0.270).,0.19266652800384315,0.30659331971935316,0.21101686644360546,0.18740899256835847,0.2695018049352172,0.16850328660350392,0.2547542388453917,0.10822585607201547,0.37543636607207137
bc1qas1ektyr1k12v2tg5pizx3hcws2wyjxtjgcedq,False,,0.3895511286875974,Driven by: an atypical time-of-day transaction pattern (contributed +0.322); unusually large average transaction amount (contributed +0.291); an unusually extreme single transaction amount (contributed +0.278).,0.29055068485548396,0.27833020029289335,0.20311641143949763,0.2033575865535428,0.2686128645650066,0.18228887492651993,0.22959273890921142,0.09651637466193176,0.32188300823571064
bc1qup30l1r99m2kktbk5p24t9n44fbv46mu62oedr,False,,0.3892950263087252,Driven by: unusually large average transaction amount (contributed +0.333); an atypical time-of-day transaction pattern (contributed +0.329); an unusually high number of incoming payments (contributed +0.275).,0.33269648405044855,0.2555321106674383,0.20166099943821225,0.20911738817893596,0.27469231214535167,0.1663151925583573,0.2185255393194315,0.09655824515532956,0.32887052819438756
bc1qml12p5wpvi06b8msg4ogb1lrxgkekt0kxgntus,False,,0.3892609285023565,Driven by: unusually large average transaction amount (contributed +0.351); an atypical time-of-day transaction pattern (contributed +0.323); an unusually high number of incoming payments (contributed +0.266).,0.35125720381474035,0.2619288483454018,0.20851176914436959,0.2016026519779121,0.2655500140894232,0.17456144008966631,0.20929344868528535,0.08989577833203494,0.3226622684607734
bc1q952paxv4auxb59roga72ysqrrbjvene8dmx1vo,False,,0.38915486107854214,Driven by: unusually large average transaction amount (contributed +0.331); an atypical time-of-day transaction pattern (contributed +0.330); an unusually high number of incoming payments (contributed +0.268).,0.33149577318442963,0.25966156605197266,0.20841138609409776,0.21660429351541052,0.2677768420613348,0.16849308604665525,0.2132146660496434,0.09356735715713987,0.33006633880443764
bc1qp93nyh90en4iedbtfdcdqvul7jmdxubc6a41l1,False,,0.38907278670285456,Driven by: an atypical time-of-day transaction pattern (contributed +0.374); an unusually extreme single transaction amount (contributed +0.290); an unusually high number of incoming payments (contributed +0.262).,0.23610781414109058,0.28993141602911476,0.20439141761629856,0.23903522761523943,0.2619043461680421,0.2504001334671152,0.10089736631675189,0.13613994624645187,0.37360115039493913
bc1qi1wr63juwmw3m4dy99o3ucr68nixc6odr9houn,False,,0.38898810269222533,Driven by: an atypical time-of-day transaction pattern (contributed +0.351); an unusually extreme single transaction amount (contributed +0.344); an unusually high number of outgoing payments (contributed +0.251).,0.23540328245248165,0.3444879646789541,0.2060945928178302,0.22279818767830178,0.2423062366811631,0.2509934678904018,0.09447564299331586,0.14840760000867637,0.350659165476204
bc1qlhalckz3vwlo7ammpq0hzyjb48wumh9nklybwg,True,coinjoin,0.38886835467008435,Driven by: unusually large average transaction amount (contributed +0.343); an atypical time-of-day transaction pattern (contributed +0.330); an unusually extreme single transaction amount (contributed +0.248).,0.34274474460802556,0.24814527125843203,0.21560678737280667,0.22847842525013243,0.24295932360900457,0.24332909874010938,0.09983991040809145,0.1494623548858157,0.32961089804886473
bc1qkb9z7fw0c20x450uheh3rfwtevtx3nf27e6l8x,False,,0.38886356700260194,Driven by: an atypical time-of-day transaction pattern (contributed +0.346); an unusually extreme single transaction amount (contributed +0.335); unusually large average transaction amount (contributed +0.258).,0.25834239626901634,0.3352911806038515,0.20257645177783473,0.22334777379495957,0.24222573697771146,0.2480567181648968,0.10271863795341592,0.1420106541040237,0.34578923497395764
bc1q5yjcofnumz98trmxu7u0c0y5f2t271b5o70axw,False,,0.38885752278538155,Driven by: an atypical time-of-day transaction pattern (contributed +0.377); an unusually extreme single transaction amount (contributed +0.308); an unusually high number of incoming payments (contributed +0.266).,0.1882023310191741,0.307519157587253,0.20851362100379045,0.20993105277933966,0.26640049000944077,0.18369928221727225,0.25296248860698684,0.10653361463778842,0.3768264795418832
bc1qpsmtk7p6xsvoltrjklumcmh7lm2lw7zrtqj8cw,False,,0.3887382714890013,Driven by: an atypical time-of-day transaction pattern (contributed +0.373); an unusually extreme single transaction amount (contributed +0.304); an unusually high number of incoming payments (contributed +0.273).,0.2474312388238393,0.30414932641477804,0.19366460897598742,0.2204439568615988,0.27267125538490905,0.25041265956740777,0.1093987857924279,0.13431085271549573,0.37263914889372274
bc1qsp5ooa9czv7pqovvi1yx9dy39ck5b8u8h7bi8t,False,,0.38871447584034763,Driven by: an atypical time-of-day transaction pattern (contributed +0.357); an unusually extreme single transaction amount (contributed +0.324); unusually large average transaction amount (contributed +0.279).,0.27904682427777594,0.3240830223153003,0.21033896965087664,0.13835989531085427,0.2764989391327008,0.1988436706778093,0.22163312930726628,0.10047462515369672,0.35674751122876064
bc1qydw9f6y5v9jrehmiqp56a2tyznm5saxyk2e58f,False,,0.38848003166406697,Driven by: an atypical time-of-day transaction pattern (contributed +0.371); an unusually extreme single transaction amount (contributed +0.306); an unusually high number of incoming payments (contributed +0.261).,0.20506968988950508,0.30621800570128416,0.21234816425612288,0.22706093668218108,0.26058876702936723,0.18739056248662134,0.24234228827327975,0.10243882579231085,0.37148630093683593
bc1qihwuy0cdabyn5fo9sw23ynr9155p1ksth1rwlk,False,,0.38841875085847005,Driven by: an atypical time-of-day transaction pattern (contributed +0.331); unusually large average transaction amount (contributed +0.307); an unusually extreme single transaction amount (contributed +0.285).,0.30749649151584996,0.2850938384753568,0.2039930205906868,0.22393698245740948,0.2707434527838885,0.17235373086173472,0.22525550765036187,0.09788173687582101,0.330520448372348
bc1qeu9vdow6jfpy772a8709nwa6540wfj2etpseyw,False,,0.38825670938220697,Driven by: an atypical time-of-day transaction pattern (contributed +0.369); unusually large average transaction amount (contributed +0.310); an unusually high number of incoming payments (contributed +0.271).,0.30963013117992705,0.25157658611153355,0.19692750137290255,0.21742139595121476,0.27147566432409226,0.2425100432140594,0.11316691050112414,0.1520891772029942,0.3686450759496976
bc1qzgivse00hu3x5u7df891qcg41rk4mkzom2e1ba,False,,0.3880237073540212,Driven by: an atypical time-of-day transaction pattern (contributed +0.371); an unusually extreme single transaction amount (contributed +0.307); an unusually high number of incoming payments (contributed +0.272).,0.2718115515318194,0.30655715783481874,0.21485536295049493,0.16497331904950144,0.27246186294740665,0.20045310693547977,0.22997172036111832,0.10028254048825712,0.3709484017577094
bc1qvg9353r4dtad4wugzbguqjj1gjpmh3uq1amkt0,False,,0.3880042515024121,Driven by: an atypical time-of-day transaction pattern (contributed +0.356); an unusually extreme single transaction amount (contributed +0.325); an unusually high number of incoming payments (contributed +0.269).,0.2622398833936847,0.3251003220181522,0.2022773310826562,0.2151004704843269,0.2687663992173938,0.1827406599748393,0.22416078717926122,0.09651974180237936,0.35615053356733806
bc1q4h4zx5bt8zeh3rprgygo2ype4cwsjb4lvcrfmk,False,,0.38778320357251994,Driven by: an atypical time-of-day transaction pattern (contributed +0.355); an unusually extreme single transaction amount (contributed +0.329); unusually large average transaction amount (contributed +0.280).,0.2796848721005131,0.32879580654873897,0.20130434085730547,0.19350652477423277,0.26767246662983013,0.18991957073911533,0.2272392177635882,0.0979150047360322,0.3554410083849724
bc1qo75rddhnsgfsh681tchwstwyrvmww3szy978tn,False,,0.38778320357251994,Driven by: an atypical time-of-day transaction pattern (contributed +0.355); an unusually extreme single transaction amount (contributed +0.329); unusually large average transaction amount (contributed +0.280).,0.27952980648855746,0.3288929247022158,0.20119143558193991,0.19284458082382006,0.267673320925056,0.1899626502598711,0.2292418236578521,0.0972430684806674,0.3548992016143486
bc1qlawrtnfgzskiguvetybgd9e32lfiyz3kqjyg8i,False,,0.38768233088083837,Driven by: an atypical time-of-day transaction pattern (contributed +0.336); unusually large average transaction amount (contributed +0.297); an unusually extreme single transaction amount (contributed +0.296).,0.29733192750005144,0.29581672895579025,0.20643540645553768,0.2234487274271293,0.2717285473388893,0.17600325798435212,0.2377814104127427,0.10125675950729675,0.3355212377840152
bc1qnyj0ufo2hoq5e7l7w05y2da5b4l6hfh4n6v3rz,False,,0.38760248946038645,Driven by: an atypical time-of-day transaction pattern (contributed +0.360); an unusually extreme single transaction amount (contributed +0.306); an unusually high number of incoming payments (contributed +0.269).,0.26703010548959616,0.3063980726234601,0.21037778578439945,0.19910751379672892,0.2685726066728145,0.19445331673715058,0.23886944792294257,0.10351834229763994,0.36004101610877354
bc1qmat2c283jzgn99lt3j6lilb7zwdc5psscp9kjy,False,,0.3875783038191517,Driven by: an atypical time-of-day transaction pattern (contributed +0.347); an unusually extreme single transaction amount (contributed +0.323); unusually large average transaction amount (contributed +0.290).,0.289935392628456,0.323391833498221,0.20710008904065516,0.19714256657933943,0.26776261446641975,0.1888983274371849,0.228208584363061,0.09943166701678353,0.34741940942672755
bc1qasfqbvh0kw3pgsf3yn72bhon4wbabq0fot10gd,False,,0.3875783038191517,Driven by: an atypical time-of-day transaction pattern (contributed +0.348); an unusually extreme single transaction amount (contributed +0.323); unusually large average transaction amount (contributed +0.287).,0.286931070052181,0.322949499317647,0.20737195277908613,0.1943105334356266,0.2684052419411513,0.1951917112065272,0.22701159774699384,0.09946467298092833,0.34765420499670735
bc1q4jufn24xcrwdwf1tqv0r095uhgcrkfkj6xhpd3,False,,0.3874485634997256,Driven by: an atypical time-of-day transaction pattern (contributed +0.348); an unusually extreme single transaction amount (contributed +0.316); unusually large average transaction amount (contributed +0.275).,0.27471784860289183,0.3160415141563373,0.21211259302940846,0.19769713863531713,0.26977287937892336,0.1971035992283889,0.23419901381129027,0.10426923051006602,0.34832506934744484
bc1qfiigu72dd9eqsimyo7wy66qb3kbwifd8wzgl51,False,,0.3873817796096276,Driven by: an atypical time-of-day transaction pattern (contributed +0.350); an unusually extreme single transaction amount (contributed +0.324); unusually large average transaction amount (contributed +0.282).,0.2818207362687556,0.3241549962975671,0.2114716448172381,0.1891620012972388,0.27542676277214634,0.1964436523218078,0.2260719265022639,0.10181543400995006,0.35041957082195574
bc1qaudwyusazqy2yr6nbqd8qkki9u0vqf6oylcb37,False,,0.38715845277997957,Driven by: an atypical time-of-day transaction pattern (contributed +0.372); an unusually extreme single transaction amount (contributed +0.318); an unusually high number of incoming payments (contributed +0.267).,0.2550691457460484,0.31768393278794266,0.20214004338542615,0.2395371234031189,0.2670757953025909,0.24681678879019409,0.11136134250606705,0.15394596618839776,0.37167980737372003
bc1qmcgxznv6l8jvzslt6949qbfiy4gwt6d05hfa58,False,,0.38713636952606334,Driven by: an atypical time-of-day transaction pattern (contributed +0.341); an unusually extreme single transaction amount (contributed +0.311); unusually large average transaction amount (contributed +0.297).,0.2969089831174858,0.3110034441180356,0.20668168714808827,0.2224795386068189,0.27479723222726526,0.17151336564659386,0.23749294971773371,0.10464975099365127,0.34062606363961323
bc1q2im29nnqpnji8fg7s1rdolpgu8nqpckbqrgery,False,,0.38669622209023563,Driven by: an atypical time-of-day transaction pattern (contributed +0.366); an unusually extreme single transaction amount (contributed +0.313); unusually large average transaction amount (contributed +0.275).,0.2752680642945158,0.31258233732001556,0.20636116150791156,0.21335669211610406,0.27348478620346217,0.18909913482297036,0.24305375964586387,0.10356181629657234,0.3661987577457387
bc1qyi8r5ntipwl51ctae3hk3lqexrsq97npwq6yk8,False,,0.3866874262188074,Driven by: an atypical time-of-day transaction pattern (contributed +0.364); an unusually extreme single transaction amount (contributed +0.332); unusually large average transaction amount (contributed +0.281).,0.28130149058819626,0.33249710545026784,0.2037618932462729,0.21770200570622295,0.2694071934004968,0.18119489899640473,0.23217757509379325,0.10164901540754755,0.36361152661743357
bc1qfwmvytsu2msgqgv8h0z6wf6b3isxhvt1kkeqvi,False,,0.3866676558277705,Driven by: an atypical time-of-day transaction pattern (contributed +0.374); an unusually extreme single transaction amount (contributed +0.314); an unusually high number of incoming payments (contributed +0.282).,0.26150143421532546,0.31383371780683655,0.2075354315293456,0.19893310571105063,0.28151449065610495,0.1825487492617186,0.25542373906697796,0.10922635512778427,0.3735413701338373
bc1qegz5g64ih630dx4ntqvnmd8iyubz9yz6v1vtix,False,,0.3866676558277705,Driven by: an atypical time-of-day transaction pattern (contributed +0.371); an unusually extreme single transaction amount (contributed +0.315); an unusually high number of incoming payments (contributed +0.281).,0.2620255708928611,0.31485968918008744,0.20571928829216587,0.2054553443445684,0.28139351043264266,0.1822924504373466,0.2522082455345111,0.10861618234083865,0.37148811205395926
bc1qdl4jm0d6fwunibw1gix5hy9lxl0banae2apzl9,False,,0.3864229927083418,Driven by: an atypical time-of-day transaction pattern (contributed +0.367); an unusually extreme single transaction amount (contributed +0.312); unusually large average transaction amount (contributed +0.274).,0.2741993065216313,0.31178063409977025,0.20956390526912472,0.2249209801821852,0.27237195346620496,0.18606267895561462,0.24315993181700343,0.10398772777660227,0.3673662990654241
bc1qfkplpcgbqlc9eyd3mynueuvld7p441jwyr248x,False,,0.38622067681274797,Driven by: an atypical time-of-day transaction pattern (contributed +0.369); an unusually extreme single transaction amount (contributed +0.331); an unusually high number of incoming payments (contributed +0.287).,0.2737508663888835,0.331448324693951,0.20385215096746093,0.1970056925000269,0.2866124646851378,0.18263419627594166,0.24725915935537288,0.1093918235523068,0.36919903442113927
bc1q57i1niskywcoq5ldl7nhymafcb3d6idlswzuah,False,,0.38603870446799715,Driven by: an atypical time-of-day transaction pattern (contributed +0.352); an unusually extreme single transaction amount (contributed +0.349); unusually large average transaction amount (contributed +0.292).,0.2924456555961731,0.3485015713323834,0.19797108959903878,0.2196152932937678,0.280683074249172,0.18111286802455098,0.23921208011279738,0.09678143097807466,0.3517960966655731
bc1qifgyotm7ldazk4xcztblbhk10io1ar1zgzbutk,False,,0.3855137503763621,Driven by: an unusually extreme single transaction amount (contributed +0.355); an atypical time-of-day transaction pattern (contributed +0.347); unusually large average transaction amount (contributed +0.304).,0.3036717684762177,0.3552482838790491,0.20249475808883002,0.2260070666797001,0.2729184809751214,0.18188162169839972,0.23371537243865587,0.10521425599601318,0.34707989712506543
