wallet,avg_amount_zscore,max_abs_amount_zscore,tx_count,tx_frequency_per_day,fan_in_degree,fan_out_degree,max_geo_velocity_kmh,avg_geo_velocity_kmh,time_of_day_entropy,entity_ground_truth,involved_in_illicit_pattern,pattern_types_involved,avg_amount_zscore_log,max_abs_amount_zscore_log,tx_frequency_per_day_log,max_geo_velocity_kmh_log,avg_geo_velocity_kmh_log,anomaly_score
bc1q65kxvf1t2tala753lc58drc11ertj5pht0hl9x,-0.3173381565124673,0.6351386231920041,14,0.2653474173377862,6,9,20620.928115768544,5338.551311858923,3.640223928941852,3,False,,-0.2756131525310018,0.4917275855821002,0.23534672268500215,9.934110260268717,8.582896904427571,0.645708810781247
bc1qcjwtl9tqvdz4x1zhqimqodpxnf7c3dd03uvule,-0.5614717007155474,0.6026910212626923,4,0.0657132915399841,2,2,14.323247291855942,5.054371024385057,2.0,28,False,,-0.4456287744359103,0.4716841047446913,0.06364433228859247,2.7293711060715657,1.8007804945467112,0.45821739078833273
bc1qot7txkdotrbad3wrdhw9re2q6jxnnngbpj4ufz,-0.4581310632477342,0.6015578751164681,5,0.1170883700079224,3,3,16954.465786441608,4264.220659965589,2.2516291673878226,3,False,,-0.3771555220345367,0.470976827482465,0.11072563066223591,9.738345526104634,8.3582491959768,0.4438712338168904
bc1qw9xa3kx7eedtjvzhwjr64dpja1wj0tpac56t4u,0.018163997567164,3.561801895963766,22,0.4166547933494811,12,11,30205.15361846283,4783.615631170231,3.642489673166126,7,False,,0.01800100296011721,1.5177176980976905,0.34829831306802145,10.31580094480702,8.473160972796489,0.7166192621077386
bc1q01nouhtcs1k9ye9o2m71hssbelrqvslwf90km3,0.5898392858667638,2.3100530716869336,5,0.1711194699099087,2,3,1704.042747948454,426.0106869871135,1.3709505944546687,44,False,,0.46363293305218994,1.1969642230027084,0.15796010324575455,7.441345461513848,6.056809040988293,0.5093182614833498
bc1q4u89yjb1qx6gvwrdmly4lyk83tqll8os9xtogn,-0.4911754097995689,0.599841147182629,12,0.2106755271764927,6,8,168353.15749176763,16923.49769847064,3.0391486719030705,19,False,,-0.39956467460370815,0.46990434130599434,0.19117849074720575,12.033825119810086,9.736517419258574,0.6304915479291731
bc1qep9p9w4j66cnoljq52wspofv177udktmonrvbj,-0.228676626708724,0.5048435254428575,5,0.0945086327729248,3,3,40844.84939460932,10254.347948098775,1.792481250360578,10,False,,-0.20593767692924045,0.4086889229901939,0.09030552536212354,10.617560489118793,9.235554599535837,0.4653701335288542
bc1qzs43c5ba75uuzpeal2w37d4ivsolmlgses6m03,1.0938814929173084,4.60036552581003,7,0.11474889477348,1,6,170.2110495293399,32.395526235445054,2.235926350629033,31,True,peeling,0.7390195172066107,1.7228318680770256,0.10862917306811067,5.14289700326826,3.5084219459646606,0.6230322038015924
bc1ql44y9ik01l0vdp6orsnc2czo2sug5hcbbmhnqo,0.0997937461566055,1.3927619471570538,7,0.1148465787948553,4,3,10057.152744393055,1707.4943899994714,2.807354922057604,58,False,,0.09512265872935202,0.8724483251467374,0.10871679795127519,9.216138802975026,7.443367787967556,0.5125811245370725
bc1q7yirq8rtm4j3dab42hhihxs58yreg2iv7zzj64,-0.5852490564797357,0.597610799000425,5,0.1579248095123376,3,3,158.31622078413628,48.21530845604526,2.2516291673878226,31,False,,-0.46074152841078103,0.46850926261116044,0.14662944570617698,5.070891037119069,3.8962047225825183,0.46375409420227987
bc1quhz1gv0e38daly8ozcywd14ve92mpnsm43d8w3,-0.5197768734069594,0.598361978015245,3,0.5546627406587904,0,3,0.0,0.0,0.9182958340544896,14,False,,-0.4185635302717081,0.46897934110122447,0.44125863507165525,0.0,0.0,0.5087724359963975
bc1q8e9rivh6t1ntmjsrd9q46nouhfj7upfln4rxyj,0.4453727263292621,4.427932555363454,11,0.180880008648135,3,9,135284.9256261905,14389.224018859017,3.084962500721156,54,True,"coinjoin,fanin",0.36836723039942765,1.6915583165755042,0.16625993057007066,11.815145785290492,9.574304367436334,0.6637270248574404
bc1qyrmjljx8xgsic43olfark6o0u93mzywr7mkgxu,-0.2275576175717809,0.6045660736263295,5,0.15780556746809,3,3,65359.070352288,16350.818063343831,1.9182958340544896,14,False,,-0.2050265185436211,0.47285336091704494,0.14652646131253744,11.0876668059147,9.702094366678313,0.46989774608636287
bc1qk2vmwwyzx4w6xlpu0dk0get8t63j3r30me8f84,0.0033547328223351,0.3386177097710532,3,0.0568201123907084,1,2,36.89890488447322,24.639511490396064,1.584962500721156,24,False,,0.003349118259581621,0.2916375216664035,0.05526450545168563,3.6349222168021353,3.2441345792343066,0.4597581828929017
bc1qnvqebwuwqheyto5f9m969f5gcl9lcqh1uf22ep,-0.3806943991774451,0.4044641953221672,4,0.0760827426243658,2,2,97.04228233853,35.76745296141527,2.0,24,False,,-0.32258656042232287,0.339655874408568,0.07332735713284849,4.585398838055713,3.6046130234392395,0.42505885578199787
bc1q0fodro8bnp84dyt9moge4qxxva2ieuc1hh5lf6,-0.1464619680324145,0.5929527328603973,3,0.0866791646964323,1,3,45.11618620272217,26.76351798305621,1.5,26,False,,-0.1366806505304735,0.4655893587114227,0.08312640789875322,3.831163999065786,3.3237228561054875,0.4683230986032795
bc1q8zov7ln23y30ysxpnngh8riec4d145bm1enf31,-0.4499571003471325,0.6016735687187807,9,0.1693389747718464,5,4,9046.856677424548,1883.3679354430983,2.725480556997868,34,False,,-0.3715339700273148,0.4710490630385848,0.15643861032150586,9.110283177421222,7.541347730889934,0.5127544726729312
bc1qi5ldslcb8qsspye9r1f63ai9hasez2nx1wvbd4,0.4221203314828269,2.525431612403683,9,0.147697749926588,5,4,156634.37657749263,20918.7608851343,2.5032583347756456,26,True,"fanin,fanout",0.3521489490968094,1.2600028720037584,0.137757979195975,11.961675941097191,9.948449488148636,0.5979962236115715
bc1q6q3xlrfcd6mzsgippsfnkomv2xcdyk0x65mufm,0.9986192343707812,2.3124129299395864,2,0.3581658921605611,0,2,0.0,0.0,1.0,33,False,,0.6924565593213784,1.1976769056656191,0.3061351808513508,0.0,0.0,0.5531098223184269
bc1q7bo119xp9n56nyxtxmgtt0iaakytt3imj70e3p,-0.5576592477100685,0.5886960002608764,6,0.2707318219562254,3,4,108.12180145116888,42.616885762069685,2.521640636343318,51,False,,-0.44318421217348397,0.46291355412304486,0.2395929722700812,4.6924647028588895,3.7754443634991666,0.4998581378753777
bc1q39moft6yriaddur82c06xq9jb354mype46aexl,-0.5514169162830946,0.5514169162830946,2,0.3610078134792964,1,1,6.91338776967247,6.91338776967247,1.0,14,False,,-0.43916865289754814,0.43916865289754814,0.3082254646369028,2.0685559795553545,2.0685559795553545,0.3916963888890038
bc1q2x2ezc7fov2ygnmby49e7eobjlzy1uu9ymszdx,-0.5728163667557757,0.5911639793312929,3,0.0564652246540415,2,1,83.95264448838259,45.88056512680889,1.584962500721156,29,False,,-0.4528678764831322,0.4644658108776224,0.0549286419184637,4.442093977573174,3.8476031999488485,0.4160868878000038
bc1qimyn4u9bxf445cri8bixoiq2q4qerxdouadvwk,0.1154926351777753,1.543321734793701,6,0.1130862915593212,3,3,255.3733593780515,56.73917453206259,2.2516291673878226,44,False,,0.10929613260758414,0.9334709962484082,0.1071365998894328,5.546634817066566,4.05593587783995,0.49669806204346184
bc1qzmpjrht7zewviytwbozd1at7o75rh8lx6dut07,0.1658876207424659,3.6312984284643086,13,0.2141146382583512,6,8,44854.33200787901,6663.584140545611,3.0391486719030705,47,True,peeling,0.15348270313117623,1.5328372668959669,0.19401511837539162,10.711197745769113,8.804562836149403,0.6662959784712541
bc1qi15cqzcuctsuflsehuds3qsqcq30o30ubmc97c,-0.1332198162703237,0.5547692935577428,10,0.18935512962827,4,6,15788.429134501504,2361.9194218924804,2.9219280948873623,50,False,,-0.1250629758230262,0.4413271703525822,0.17341125236289406,9.667095952986346,7.767653176686949,0.5393976139440082
bc1q38xrg2gzr7txcb48y1o4izasnwywrratatj9a3,-0.3866866070748216,0.5983465405247473,4,0.065669713265054,1,3,62.33670231785177,25.374598493179978,2.0,55,False,,-0.3269171656037044,0.4689696827351843,0.06360344027168331,4.148464976569996,3.2724013686729654,0.4693761469041595
bc1q5wi6fqjja26yfpmvxpj4hnriuu9k9xjuy0bvr6,-0.1170182351601626,0.9867213801398214,7,0.1145054860585594,3,5,4980.798924479697,883.5182721150413,2.1556390622295662,23,True,coinjoin,-0.11066284507481533,0.6864857323687568,0.10841079627093503,8.513546334606117,6.7850431715153965,0.4873308888619585
bc1q5uqpgb7r3ocwbfuk9e1v2isqp49kwv08hhxfgc,-0.1750092087116565,0.848867546987554,6,0.0987926862920574,1,5,91.87688387677332,38.28781673204803,2.2516291673878226,17,True,coinjoin,-0.16127598476682137,0.6145733148945471,0.09421201913024217,4.531274786835149,3.6709144639950524,0.536243760516716
bc1qzdo74v1qx8ertb74rs7gu0env5sn961j88qeoz,0.3661562163393282,0.4582664383616788,4,0.093745549731119,2,2,64.13624117041368,27.1796089647376,1.5,55,False,,0.3120011150340491,0.37724835925166306,0.08960808986414684,4.176481094320915,3.3385986300342143,0.45714793938469
bc1q0kz4z7whwkmy9x8sylemruyp04k43safyh1fkj,-0.4000421381893982,0.5730776318294778,8,0.1663478653467939,4,4,29603.524901731093,6057.101597218447,2.75,17,False,,-0.33650233487496894,0.4530339755789188,0.15387738421123665,10.29568249693071,8.709151762199022,0.49196285091205033
bc1q6qjiujv6oh9sdbdw2pcn9t84azytjxepq85jsg,0.0981592975912724,2.343972092271328,9,0.1703491302796236,3,6,6942.3467680724725,910.9599972433372,2.94770277922009,2,True,peeling,0.09363541233775846,1.2071593495749893,0.15730210624505453,8.845539180497058,6.815596126440557,0.5652051394574548
bc1qy36ddfgs3jonou9iy4x41dntcagrp2u4dtbh55,-0.392848799773017,0.5833546148111997,10,0.1640228424589074,3,7,5882.221204805063,1245.6063185219928,2.9219280948873623,56,True,coinjoin,-0.331351146029951,0.4595457702215009,0.1518819732222864,8.679859714838354,7.128180192966102,0.5579591005260582
bc1qtzk3ny9v20yar821uzvgww4fyb8dalfyo1750c,0.9199415753385614,4.36721375248494,5,0.0819453212256592,1,4,58.14911936451459,20.04488152152084,1.9219280948873625,45,True,peeling,0.6522947560655372,1.6803089195834515,0.07876064423576773,4.080061702139679,3.0466573724381356,0.5815047571481805
bc1qd1xmxb9yo18pajssuuqo1vsmado8e7flqhrrpz,-0.1712004598371275,0.5266687163746522,2,0.0583169288847326,1,1,0.0,0.0,1.0,61,True,peeling,-0.1580292568453312,0.42308805206056654,0.05667984329002051,0.0,0.0,0.40011648906908975
bc1qcxlvpymb5m9j98cwn2y8fv2bc2nnuvy8n1utox,-0.5002540810564131,0.5900348617003865,8,0.1514860956935387,4,5,49217.9995945878,9051.0548453569,2.725480556997868,39,True,coinjoin,-0.4056344811346856,0.4637559415895051,0.14105336525436588,10.80403499855742,9.110747065656515,0.5186187209171081
bc1q9enulqjidknwi5flul1rsrla8s8hmbr5xqt4p5,-0.2152243001819078,0.5999455477188653,12,0.196421000223929,6,6,24548.912620679694,5051.26538113207,3.084962500721156,43,True,"fanin,fanout",-0.19492866895754601,0.4699695959909017,0.17933460046474944,10.108463573977216,8.527592012006028,0.572975908747888
bc1q2lhgcsotdhhlmh1t939ayq6ww8yl68ntk63n2q,-0.4018306023728797,0.5680293938495253,4,0.0657534872084163,3,1,95.57784300796752,32.41700974587567,2.0,39,False,,-0.33777895561543836,0.449819667830014,0.06368204872765473,4.570349346461966,3.509065044175363,0.44872717710270926
bc1qyo4rcb1kjtgq01tee13n3bzt9d31k9qm3p91i3,-0.3119115539297356,0.5886374442624369,11,0.1798753817904186,4,7,2597.392748636328,706.2530358196694,2.913977073182752,64,True,peeling,-0.27148527508621656,0.462876695543693,0.1654088242483994,7.862648359260081,6.561388502600416,0.5650709505521382
bc1q5pdtz91x70fqldb2uuijnwpaytxw1vzc7d2kd1,-0.1823412239311182,0.5963540808084618,6,0.1132148653913687,3,3,1934.9266643019755,575.7259222987288,1.9182958340544896,40,False,,-0.16749656085169906,0.4677223295645505,0.10725210432762529,7.568341387109746,6.357367148976059,0.4298146866517608
bc1qpoxrteo2t8fy620n8tteavt8k06moxsfh4gg24,-0.3646259532005044,0.4516426774056336,6,0.0985282344971981,4,2,20059.67212407988,4412.620833799033,2.584962500721156,64,True,peeling,-0.31088036412533804,0.3726957961764824,0.09397131528617997,9.906516566641557,8.392450682311189,0.49331409583196384
bc1qpseimvihcwi64ciyhe7ur23gdppq0y9dom5igq,-0.2039919733777773,0.6031084860363176,13,0.2436387552211403,6,7,2535.8849311932395,423.58696776903065,3.238901256602631,4,False,,-0.18564268023465416,0.4719445482159905,0.21804156245211925,7.838692202320455,6.051116855837756,0.6185654094734206
bc1qmyofqewaouaxeqbnhl1n13jcat9mx2x18hafey,0.5755796072066637,6.067955369857093,10,0.1641526361127439,4,6,144.31574326450448,37.8278637457211,2.646439344671016,13,True,peeling,0.45462320915618004,1.9555712400426488,0.15199347139342131,4.978908914772205,3.6591381266679988,0.6600340805335339
bc1qin3oeuvtyt8qzpky32orwixz2c9ros7yt2m6tw,-0.4616615524149731,0.5900144993241552,5,0.0878145340778325,2,3,41.52422064774024,16.221143580045204,2.321928094887362,60,True,peeling,-0.3795738382319951,0.4637431352623574,0.08417066890094889,3.750073811194297,2.8461379067855495,0.47003061849681765
bc1qs3kkv9rftmttqlgzui1b0z3nx39rbsv55psq0o,0.8911242897919395,6.610367558007912,6,0.1143027740251355,1,5,12323.335328076771,2589.6279176435105,2.584962500721156,21,True,fanout,0.6371715145348713,2.029511470051228,0.10822889454559305,9.419331068700235,7.859655564554537,0.6078961152697615
bc1qktsg7fxzv4u3bbxux1oxrwk8r2ykccprhvlz04,-0.320131898743739,1.921588226693277,11,0.1807921297594422,4,8,18333.5846345504,1837.989829408016,2.617492461184755,42,False,,-0.27773165489699136,1.0721273816641157,0.16618550966523446,9.81654442601104,7.516971694087677,0.6101824230224556
bc1q5qmktgv44ftj5ccasbuov6tt9q1ni10kqsosx4,-0.5661162852384565,0.5661162852384565,2,0.3642104242587748,1,1,4.690365835752604,4.690365835752604,1.0,21,False,,-0.4485988510304371,0.4485988510304371,0.310575817507319,1.7387745405798025,1.7387745405798025,0.3914687275197557
bc1qzklookep7y6wktakpuxqphr62gdswm31yihair,1.0635398640944356,6.643567466284665,7,0.1145744019417027,1,6,3339.914258750708,804.9751493187645,2.521640636343318,10,True,"fanout,peeling",0.7244228887030508,2.03386444004192,0.10847262975078135,8.113999778678362,6.692052909920595,0.6162737719988494
bc1qrmhrcnbh6nqqb9lzs34jtgxnx4sn6sm5rrvsff,-0.4395893638675555,0.5826824846770884,8,0.1313690567713127,4,4,108.76846542389636,41.25509874957016,2.5,56,False,,-0.36435790894006564,0.4591211825599619,0.123428454049036,4.698373287678907,3.743725026985081,0.5267274063743526
bc1qagl58kxo9t7e8g8jdp0lvsnujza7tz0yncxll4,-0.0262104419280293,1.3013784256815537,8,0.1565103623581709,4,4,21573.77066767679,3277.303022072931,2.1556390622295662,9,False,,-0.025872834808230397,0.8335082589310021,0.14540716275139512,9.979279886355242,8.09508119617624,0.5066765897725429
bc1qxfq8myx444nlz15bcw790pdw5py6b2knftu2gc,0.4035652537074102,6.0733206138710605,10,0.1656210242088481,5,7,94.5982210879461,18.33066024674021,2.4182958340544896,22,True,"fanin,fanout",0.3390156092961227,1.956330046288645,0.15325401297782254,4.560154212017554,2.961692449219442,0.6740010790398037
bc1q6g5g79or7875aud9k9tr74qgefqjg02u1g463s,-0.0082354433861093,1.5713520379099255,11,0.2088607135942524,6,7,14615.681209423225,1507.8721356151514,2.931208948910323,48,False,,-0.008201717162639953,0.9444318453628945,0.1896783570505099,9.58991870407516,7.319117720661541,0.6046693516984084
bc1qff7so8w5038hvqrhofu1wsgy7vcneas6y3vg6v,-0.435487704208594,0.4723476766326183,4,0.0786458531265936,2,2,147.3062784026238,66.5733998780838,2.0,32,False,,-0.3615046550310428,0.3868581857819737,0.07570641472385801,4.9992795840712425,4.213214412682507,0.4203249395063092
bc1qt1dx6ta7ypp5zp7r1m264upj16dvtja0assnh2,0.1324257174249682,0.8707322881174737,4,0.2571644788587136,2,2,123.71121311124388,49.65175839737466,2.0,2,False,,0.1243619845460916,0.6263299521358222,0.22885877137310331,4.826000769342997,3.9249739467233704,0.4524954176953366
bc1q6vasifpwioxd9css9toqw9ja2m0w10lbt3g2qz,0.3195491978710137,2.3874189224943594,8,0.1591428023454223,3,7,198.23463951100447,38.6707462107117,2.5219280948873624,37,True,peeling,0.2772901615037649,1.2200682516003807,0.1476807684548415,5.294483223160373,3.6806140448033626,0.6136274905561125
bc1qo2rntjlmz04x0qzfhomtzzf8adf7pchcbn9wsz,0.2256752070135793,1.36271190856269,9,0.1807034047347266,5,5,3695.2664376098655,698.3822220580425,2.321928094887362,24,False,,0.20349188154644968,0.8598100731093603,0.1661103665845372,8.21507851826126,6.550197405458689,0.5526568557297709
bc1q15ahdbvzb0oih5csk30lvylkfxhkc856wpr97y,0.214103871218547,3.0045107591155094,11,0.227321977758611,4,8,3224.877773836625,1158.7762162101574,3.2516291673878226,52,True,peeling,0.1940062501127025,1.387421415534267,0.20483454186636016,8.078960370130016,7.055982348429311,0.6329222349275326
bc1qszwymx9djoyohaz7t0uum3i8qoagsusmesjt2j,-0.2412457788116083,0.5970083934340744,5,0.1651300399064263,3,2,2456.7869789053766,638.4547739596303,2.321928094887362,34,True,coinjoin,-0.21611553561545732,0.46813212496989326,0.1528327030256413,7.8070166219706385,6.460615897579243,0.4232789025080139
bc1qyil8sa3idy3c7rm6j8y6rh05hhiwfd7yxw1tbr,-0.0444254494938645,0.4734608029800954,8,0.1551688954610179,5,3,148179.5179758935,22186.37688740916,2.75,52,True,fanin,-0.04346692511954903,0.38761392153883617,0.14424656311959563,11.906186525550268,10.007278797465888,0.5473022455942542
bc1qaqvkizzqy72wx7ptx63cfl0ukeyz7srcbpljd8,-0.0910362751037687,1.7297843790294396,12,0.2159438545978045,5,7,23944.24355128265,3471.326796396077,3.4182958340544896,18,False,,-0.08712795570585513,1.0042226240371244,0.1955206102722533,10.083524984004274,8.15258019473688,0.6173865724698254
bc1qehlxslg6mm1zxyvgiui9kkhzlm72jeyn9382kk,-0.4759696411122144,0.5744006814322247,7,0.1259294794914847,3,4,15541.439943002668,2681.8666580888143,2.235926350629033,46,False,,-0.389315157614591,0.4538746801360229,0.11860889853017187,9.651329622086013,7.8946411503791225,0.4699859016660052
bc1qxaji0y6dpbhsahxthv3a3zmf8mdd4v30t9nt3w,-0.3836938682834597,0.6045499836056439,6,0.228585740377043,3,6,336784.4735778262,71635.75474470046,0.9864267287308424,0,False,,-0.324756639291795,0.47284333322069566,0.20586370328040274,12.727201429712986,11.179363555660885,0.5870739055355534
bc1qdhylurtp0lzjjeget1ghr09skdgigatj9tze5r,-0.3279387057625264,0.5960187215043199,7,0.1255397138699173,3,4,1890.3437797218985,338.0992053784291,2.807354922057604,16,False,,-0.2836278946897511,0.4675122292246826,0.11826266627737418,7.545042849978648,5.82629270580366,0.47942988389502283
bc1qnoqu9y3z2t4h20rape6wtlrj4bdfhj4d0jmu3m,-0.2558059939872183,0.5534370501480855,8,0.1446767556656167,4,4,6435.905986179212,1392.9759571437885,2.75,32,False,,-0.22777759272933687,0.44046992772199556,0.13512228768704174,8.769803266722906,7.23991534378564,0.48198221467394825
bc1qomyvuxt9kls1qcwq85x7pwo6cmlxzvo5270sqg,-0.1640943975050948,0.1640943975050948,2,0.0386964665289,1,1,0.3788298381968848,0.3788298381968848,1.0,16,False,,-0.1519434435339886,0.1519434435339886,0.037966529425201276,0.3212351961262171,0.3212351961262171,0.4277543772765319
bc1qs9dwd7oi0pesgbm65q57te8tvq05pxt6ridlof,-0.4068454994946004,0.5462430628076043,4,0.0719365609453163,2,2,7.93441423770814,2.644804745902713,1.5,57,False,,-0.3413499636413124,0.43582815825215476,0.06946688267485743,2.1899105882875576,1.2933027963722468,0.4612600156789821
bc1qas1ektyr1k12v2tg5pizx3hcws2wyjxtjgcedq,-0.5244196611822722,0.5244196611822722,2,0.1623430003203643,1,1,0.0,0.0,1.0,14,False,,-0.4216137875874197,0.4216137875874197,0.1504377958709722,0.0,0.0,0.3895511286875974
bc1qf8cgvyie6ivwpvs7hzioykl1cq99chj755nf4z,-0.5786774329710361,0.5986450593482288,4,23.1309818619905,2,4,7176.421238415449,3547.5743451121584,1.792481250360578,6,False,,-0.4565874287621953,0.469156432568597,3.183496569318449,8.878695438534168,8.174301208883273,0.5242036728245802
bc1qifrml29q2l48c1cqg433e1i1p0bq1s9ryllwb7,-0.5342024738943875,0.6069438009030224,5,0.0896885192466994,3,3,3538.197134287061,894.8251130642376,2.2516291673878226,10,False,,-0.42801068503973005,0.47433411470828024,0.0858918932442751,8.171655182181219,6.797745207611368,0.4374123419985423
bc1qugnekrcpprcjiwvhdk8lw2lm349el8hl88kzru,-0.2366108708886941,2.276661292059984,12,0.2160780581985242,4,9,116278.3207026166,16367.221192190393,2.873140679513133,59,True,peeling,-0.21237446905362975,1.1868250052230844,0.1956309740811892,11.663750512744986,9.70309700179697,0.6465699466911321
bc1qvoi8uyyf1irym81cmftdrluxm60an0jbzutrut,-0.3050983963823961,0.5952960820992965,10,0.1806592935092503,5,5,795.3588768659133,173.9602620891918,2.8464393446710154,59,True,coinjoin,-0.2662784374589956,0.46705935041964686,0.16607300576274203,6.680049934575971,5.164558874362314,0.5490161482317403
bc1q0hpmnz1udbfwyjxrpj1epkyrybovakhejla0gn,-0.5439215067032327,0.6041462631783971,10,0.180903878692224,4,6,29526.778229535244,4786.667414246715,2.9219280948873623,30,False,,-0.43432561268286846,0.47259169180728244,0.16628014414186928,10.293086734167382,8.473798601910756,0.5505185784350456
bc1q5wnwlc83gy1fkoldxb7gbdgbxnrwvbhza7x73q,-0.6058795001259898,0.6058795001259898,2,25.076186329995643,1,1,0.0,0.0,1.0,28,False,,-0.47367158165479867,0.47367158165479867,3.2610224966877692,0.0,0.0,0.4273876010823894
bc1q1swjckjlteiyzcotohp6vz41nam148p0tvhhpb,-0.0976344684969292,0.5999455477188653,5,0.4053232452881172,1,4,370426.85415235127,115985.23441840298,0.7219280948873623,12,True,"fanin,fanout",-0.09315738101036981,0.4699695959909017,0.34026734414489057,12.822413979122102,11.661226794239932,0.5743812272239974
bc1q4cowgzrixa11dpg8sbi4q2y9v86wzs3t60rjiw,-0.5415218397589174,0.5858339891193184,2,10.9394783489491,1,2,1693.0877286402767,1693.0877286402767,0.9182958340544896,11,False,,-0.4327701361054741,0.461110445047656,2.4798504176423006,7.434899661734264,7.434899661734264,0.4641135310670582
bc1q6t94ow3litnt0mq8abkae6a9hl1737suudqfj6,0.008201629178445,0.5999455477188653,4,0.1374327748536198,2,2,226371.96642643688,75478.63315136875,1.5,36,True,"fanin,fanout",0.008168178592924544,0.4699695959909017,0.12877377106676716,12.329939211938019,11.231618139260934,0.5101133337257409
bc1qdo7002g3yu6vk0ucc1m3o55ixva1nkbtfshb0o,0.0199518493129875,0.5999455477188653,7,0.1458761408331872,4,4,26278.31925837948,4397.549310365927,1.75,33,True,"fanin,fanout",0.01975541962602058,0.4699695959909017,0.13616953289933947,10.17653756885283,8.389030063353074,0.49157176476640485
bc1qn2twdl9zs13c9xqym52xg8p6befflzm764jwte,0.5007846861447792,3.7479311487890334,15,0.2703407983689438,7,9,730007.1049820826,78094.4425553537,2.8522170014624826,41,True,"coinjoin,fanin,peeling",0.40598809542297415,1.557708975544772,0.23928520964477065,13.500810915778121,11.265686980160377,0.7177328182222762
bc1qhn14eb8753ayeqahthsjr0fzauxbgk2wbxanj4,0.0818594834895361,0.6041506042213313,3,0.0635253791487256,2,1,0.0,0.0,1.584962500721156,41,True,fanin,0.07868130460588885,0.4725943979427266,0.06158921917099825,0.0,0.0,0.4763779015308774
bc1qr0aymk99jcjn9978imoe0sy5ypuplvqexuyhey,-0.5353002208503136,0.5846203722634499,7,0.1255739120197778,5,2,5455.313665549486,926.8788414457576,2.807354922057604,12,False,,-0.42872594553101806,0.4603448658739407,0.11829304959474193,8.604528687890877,6.832901165475761,0.5119473707926634
bc1q015oop767j2dg1wjuiiymyrsvzn4regb1ajo09,-0.5613199994671562,0.578404754342995,4,0.3255199748324834,2,2,37506.23982884998,14021.77535351208,2.0,46,False,,-0.44553161697997,0.4564146878498333,0.2818048162920039,10.532289255427079,9.548438097738963,0.4599570464736753
bc1q1c795rlqiob0nlw0vs52sq3b9so0uswbkok3qp,-0.3511318693208224,0.5829777477183692,4,0.0721147375522263,3,1,3303.2729400527624,1104.7873716987508,2.0,60,True,peeling,-0.30094266289030924,0.45930772376809,0.06963308821988803,8.102971740203742,7.0083129137796165,0.4332519378384109
bc1qpki7p5tb94874frhocn9j2qp89uzfk8ut0cvs4,0.2626985999564507,2.7623719107466376,7,0.1260470575681588,3,5,9304.757856716056,1922.8714071514853,2.5,5,True,peeling,0.23325117669214399,1.325049585840117,0.11871332064545238,9.13838861194099,7.562094792792162,0.5377329868896022
bc1qzeeqnsn2s8nn16uxf5gzpl1qweehwjq4ta5ivr,-0.1030454154962987,0.4820091828380152,6,0.1083022987915017,3,3,270.197845740916,94.4804960926975,2.2516291673878226,41,False,,-0.09807491394438783,0.3933987231016723,0.10282938395729552,5.602848612601491,4.558921997233184,0.45507216629426167
bc1qy4k7bpgyvyv2gqu7dknncptkezjsszwd0w9ry7,-0.5830727827300888,0.6004171321451091,8,0.3394050100539896,4,4,48496.6132013714,7606.834798748026,2.75,18,False,,-0.4593677575615081,0.4702643028581103,0.29222549300793815,10.78926986337175,8.936933889839631,0.5219656284407377
bc1qikgeq20hwobm3hxyjckt1elou83g47rrbefq56,-0.1916351587368875,0.1916351587368875,2,0.0423849584416463,1,1,1.0831327470760486,1.0831327470760486,1.0,41,False,,-0.17532644690751878,0.17532644690751878,0.04151131698690429,0.7338728890413518,0.7338728890413518,0.42398152475261713
bc1qq37csuytaul62cf4mntfvge2l4zjd5n3ksgnbh,-0.4786293992954757,0.4786293992954757,2,0.0691312545682437,1,1,0.0,0.0,1.0,37,False,,-0.39111557714045925,0.39111557714045925,0.0668464070766,0.0,0.0,0.3909881316543926
bc1qhbn5elb45l6d10a1whhkt1yjfe8udttj72ugl6,-0.2811061565889081,0.6525571953401198,15,0.2709717158635749,8,7,2844.464499599207,415.496077805897,3.323231428797621,22,True,"fanin,fanout",-0.24772388957388516,0.5023239035457238,0.23978173850854467,7.953481601985457,6.031877044529897,0.648140770258259
bc1qwyqmlh13c71ud2zdlx1q8f6jng7l4lrcer4kmu,-0.3098753933613423,0.4844667317285339,9,0.1904424161499871,5,5,11571.894951968388,4521.413737327787,3.1219280948873624,12,False,,-0.2699320131174124,0.3950556045485554,0.17432501630831854,9.356421000814606,8.416801142975384,0.5339874785273542
bc1q0982n2atqyyv37dia5u6hc36kof8krd5eqy08p,1.3026023482214293,6.187487700799677,3,0.1026251773768497,1,3,46.255874341034655,31.2996964838054,1.5,25,True,peeling,0.8340399390699137,1.9723416949289163,0.09769386146457351,3.855576970890062,3.47505783339825,0.5881385109712236
bc1qa4fejgxaa2ilgb0s0r2sds8b25sq8croyr6ccv,2.157440759666142,13.265288335642737,6,0.1162607632034684,1,6,937.6559957212496,188.7884549103789,2.521640636343318,27,True,"fanout,peeling",1.1497618132822265,2.657829197264744,0.10998449544962688,6.844449060350513,5.245910056667051,0.6352695681646169
bc1qwafftouhylu6k7p9mda9oekntbz3m55izolnnt,0.1600662350678267,0.6525571953401198,6,0.2047733036285639,3,3,1633.8830845364605,398.8031731236637,2.584962500721156,8,True,"fanin,fanout",0.14847710268457853,0.5023239035457238,0.18629141947516695,7.399326572845769,5.990972358812352,0.46804110333278237
bc1qzrp9dxoq2vpgstqmgvu4isotn9uzeryf0992qc,-0.1236513746071973,0.6002199753003926,5,0.0904103121332313,3,2,557.9933873386153,150.44562851298662,2.321928094887362,58,False,,-0.11658353842018983,0.4701411043583446,0.08655405855762312,6.326137643637216,5.020226672830761,0.43447617803248767
bc1qlk3e4xyf9igfu8iogxpbwhvnzh13cd5glqj5sx,-0.2966507627789098,0.6030937731977654,10,0.2098237334927734,5,7,118594.0634766686,17641.072418719403,2.396240625180289,62,True,peeling,-0.2597846036779599,0.47193537048023787,0.1904746741976847,11.683470141379898,9.778041806714459,0.5866515386483329
bc1qw3c1qkbhb7s9tj1gm25len606n9rr7s20cv3tl,-0.0073544423676343,1.6629748834177576,7,0.2973438170627563,3,5,333.70947108267313,86.95907561857005,2.75,38,False,,-0.007327530324526486,0.9794438751004061,0.2603189566066231,5.813262905046301,4.476871656520039,0.5494335290594919
bc1qegok01tnzrf5a7qy8yb7w8p74mjdxo100vhmyg,0.0906245898006011,1.3379122514973782,8,0.1696795506437733,4,4,5066.077949095798,772.5475164148876,2.75,54,False,,0.08675055029452218,0.8492583309073075,0.15672982295674845,8.530519589035459,6.650987098526981,0.5116812285573887
bc1qty3addqhkgad7x48wze4ex6u86zjq7w7jp61lf,0.0115038492050456,0.4217391241102555,2,0.0684028914472238,2,0,10.980987712940276,10.980987712940276,1.0,52,True,fanin,0.011438183060879768,0.3518808575256139,0.06616490858398623,2.4833210361118123,2.4833210361118123,0.45977385504144985
bc1qzp08j3trp0j43d5iqvnb4gh2m5zja8dzr1yxr2,-0.2815843372931343,0.6064796321397911,7,0.2392228106544333,4,4,95059.56649930944,18892.679426877938,2.1556390622295662,15,True,fanin,-0.2480970760440558,0.47404522108680064,0.2144844175160121,11.462269509537046,9.846582723257963,0.5042596829778578
bc1q1arxabofloaz1ro03ciny2et9mkb9xn4m41kht,0.1232662108974412,0.61606286133814,9,0.1896342541503831,5,4,1556100.287350264,240013.10547334343,2.2810361125534238,15,True,fanin,0.11624070100059468,0.47999285868525227,0.17364591042845515,14.25769407630002,12.388452973402673,0.6112540285444981
bc1qie0rnujjq9k6re4q6qdy4lmct64z7w2sehe2at,-0.5594228611644678,0.5962096896153597,6,0.3276839872263927,2,5,44866.22129917593,17025.0695079732,1.3787834934861751,40,False,,-0.4443157920170604,0.4676318748682101,0.2834360613110205,10.71146276924266,9.742500948896211,0.5210127907436637
bc1qzvrctlt4q9bc2be3yqy5fu7bfxq7bzegbl2qgv,-0.3451788656088529,0.5924496767323373,4,0.0862285775877555,3,1,4.197067074612537,3.3670498436116265,2.0,46,False,,-0.29652698979479397,0.4652735077968085,0.08271167596479485,1.648094442352973,1.4740876881345617,0.49221837874070345
bc1qvwvm4w3zkwdeekgyspengwyx9trflqbmae38sr,-0.1282886233482684,0.5725934200863702,11,0.1992407301384517,4,7,1824.89075985362,330.5558136034344,3.095795255000934,63,True,peeling,-0.12070199210891992,0.4527261164678162,0.18168863165446594,7.509823234531613,5.80379616228167,0.575289195345317
bc1ql8hbgcj1gnfiue2wnf5ca7zvky2refjqigyvzw,2.6256661128767766,4.093408064000217,3,0.3293440183782094,2,1,1509417.1845616864,754728.970945502,0.9182958340544896,27,True,peeling,1.2880380267020575,1.6279471672139798,0.2846856012965276,14.22723482630352,13.534115309880763,0.6199657443381672
bc1qw59sqwhbef46rf7bnhjw6qdbtfbsciqup06idi,-0.287448274927419,0.3093517454411743,4,0.1369611119213234,2,2,458.9450175766314,166.75868697801374,1.5,64,True,peeling,-0.25266217793506957,0.2695321639257275,0.12835901182756898,6.131106955331895,5.122526559774848,0.43112411290442076
bc1qioh6cvbphvgnqgmjmbukdqp1hkf286utios5hr,1.6636450130316878,3.7921857770409786,4,0.4348274655950317,3,1,402512.718822519,137622.43883001478,1.5,27,True,peeling,0.9796954904326405,1.5669866282254925,0.36104460894819257,12.90548445929101,11.832276530309523,0.6126473911177647
bc1qvfua9bq1btr23qiua08ekxdrkz40aq15o2nqw4,-0.2305012084953447,0.4311590919745078,5,0.0971977790307491,3,2,12214.197794559348,3077.1626931912606,1.9219280948873625,61,True,peeling,-0.20742157296579694,0.3584846697787915,0.09275945586375846,9.410436176320408,8.032088169789239,0.4410415650272667
bc1qc6lbpj8t22c50b8y5dnwnguczh9ier7u8h0imj,3.4365605955791905,3.4365605955791905,2,1280.0,1,1,112935.72979680623,112935.72979680623,-0.0,27,True,peeling,1.4898794356197231,1.4898794356197231,7.155396301896734,11.634583027581888,11.634583027581888,0.5381449642254031
bc1qqnyy95g5dog8cfeffh8aoy7rp0aga24smux2rx,1.2548013823894493,3.08291231614026,4,0.3275239530321553,3,1,544089.9611100748,181384.30840868395,1.5,27,True,peeling,0.813061890312486,1.4068105367554464,0.28331551768654223,13.206871719783324,12.108378823353998,0.6053451384746016
bc1q81bmqf7zk94yxfiblejgublmntfk7orfqla09l,2.81604486094043,2.81604486094043,2,3031.578947368421,1,1,466726.26945334615,466726.26945334615,-0.0,27,True,peeling,1.3392145095285817,1.3392145095285817,8.017168674236437,13.053500360600205,13.053500360600205,0.5567608411792362
bc1q06ftlo4qdbxvh7katqydshlv76mf4nnkm95d0p,2.467644919580753,2.467644919580753,2,1350.0,1,1,224170.7803940025,224170.7803940025,-0.0,27,True,peeling,1.243475666012178,1.243475666012178,7.208600337960199,12.320167913696382,12.320167913696382,0.5151471824179836
bc1qhr59c81do6ouz1egntb34kuqaaj84rx6pryiej,2.222447751514851,2.222447751514851,2,0.0387850493510574,1,1,6.112257948361308,6.112257948361308,1.0,27,True,"coinjoin,peeling",1.170141242050376,1.170141242050376,0.03805180847248422,1.9618197670085098,1.9618197670085098,0.5199361416367267
bc1qn0ajufqymbnw8bkxcgw1vgll42jzntmfek2o7f,-0.4889878068829456,0.5555655143273742,8,0.2732219916823826,4,4,5043.224108813714,1186.879844988757,2.4056390622295662,30,False,,-0.39809656487247086,0.4418391543261438,0.2415506890400453,8.525999126869742,7.079925354225682,0.4928307795659895
bc1qrln36v1mzb3i4fieecy2c11bd2scejcy127h6g,-0.3359445108160021,0.3359445108160021,2,27.776884745217814,1,1,6486.000621992142,6486.000621992142,1.0,58,False,,-0.28963854043154325,0.28963854043154325,3.359572451862357,8.777555549095915,8.777555549095915,0.46226059569099875
bc1qmd478mfs0iuduahgk6t9dhsznvp8gmnhie9ede,-0.5255688046212079,0.5255688046212079,2,1047.2727272727273,1,1,20329.71984079014,20329.71984079014,-0.0,61,False,,-0.42236732715400865,0.42236732715400865,6.954899066972746,9.919888313806183,9.919888313806183,0.5280850129733322
bc1qeoz906gnhh4oipr11v127my89sfqeri7b03rag,-0.1171897200322117,0.5621769673629106,7,0.1464409616289813,4,3,18150.240896089574,3195.65198482512,2.521640636343318,61,True,peeling,-0.1108163535000157,0.44608034036683897,0.13666232755381186,9.806494206286503,8.069859286339115,0.46768649142135227
bc1qm4t8bp6nlnqbu4kzrezrdyxyur4sor8wm9lbb4,-0.1083486084685572,0.489330523464956,6,0.1088272914663154,3,3,54.70953947373652,14.968471381525916,2.584962500721156,55,False,,-0.10287116742162954,0.3983267058752179,0.10330296266639084,4.020151397506662,2.770616239519532,0.5007324313523142
bc1qv6ckmalq5u6jzv9nou3dyms1mwnpr424tkb9oi,-0.1849939660247578,0.8405098647849472,7,0.2425387648970052,4,3,12208.463058912575,2761.7970020563757,2.521640636343318,29,False,,-0.1697376826119007,0.6100426336622636,0.2171566776142424,9.409966590618764,7.923998852103608,0.48261755205512497
bc1qskxlojsyt5wsgrx37jw34670chqi014o46w4jk,0.535208316265447,1.097534321093543,3,0.1640411849697264,2,1,285.8821064647678,157.00315504018974,1.584962500721156,13,False,,0.42866608275338164,0.740762522082824,0.15189773095970535,5.659071352498465,5.062615001436392,0.45465816531580217
bc1qfyiifa2lr9p6hjb2jtxb02b6lkc86y5o44iuse,-0.4523257379927869,0.5840512354335733,6,0.1260459148504408,3,3,1183.6100273445868,239.20036855728432,2.2516291673878226,21,False,,-0.37316622870331606,0.4599856384711297,0.11871230584035156,7.077168908558505,5.48147344402141,0.43745324104911476
bc1q07hdhjo5ctzetrij2frnlx6b02b7yjnxz6ytip,0.0345375374927083,0.6045925586237626,6,0.1276150437064292,3,3,403.7875157649249,119.85413896536758,2.584962500721156,38,False,,0.033954503183343546,0.4728698667994077,0.12010482151897547,6.00336227699601,4.7945843553455365,0.473610746799398
bc1qjc2r07lp7dfjcp0tlz1xgpxahkudiz1xevo7q5,0.1850915319205562,1.9253294810505817,8,0.1698924604321639,4,4,3617.195200067693,547.0605720802367,2.5,23,False,,0.16982001373112665,1.0734071174342787,0.1569118304247558,8.19373061697849,6.3063858138328275,0.5180633239065714
bc1qrbc76ub7l8v1zocfi4o6l1f90s9bp4m18o1bj9,-0.0480609918142508,1.2030128380643823,4,0.0722365596836807,2,2,200.1651508519011,84.56182520506206,2.0,57,False,,-0.04694178250143614,0.7898258953403946,0.06974670965098702,5.30412621672212,4.449239216444152,0.4522303921809789
bc1q87xw69hzgopjdn8ezp7qyezg52kre4v9kypofk,1.3696961538117522,3.3341843788400447,4,0.3283613571129283,2,2,254.8626473606183,105.42876869394208,2.0,14,False,,0.8627617417853375,1.4665334446273641,0.28394612029978333,5.544640766746242,4.667475922822655,0.5385279005588977
bc1q0jdcli6978v0bjwkon8uujs75eltfebe5407k5,-0.5957325646935295,0.5982448351090414,4,0.4352151519349193,2,2,2095.368344592355,698.4561148641183,2.0,6,False,,-0.46733291900537166,0.4689060490680753,0.36131476963492076,7.647961766924841,6.550303054273414,0.4285910618813465
bc1qwpgbgqfqe6rp9uqezfmhk403uxh9a1g7irdlk9,-0.1600841736387113,0.3452510852459899,4,0.4317393373750598,2,2,96.1283514293818,35.43469342885053,1.5,9,False,,-0.14849256596731888,0.2965806761114597,0.35889002499681016,4.576033314443903,3.595521436893091,0.44060886302881075
bc1qdji1oahnox8fk2076vmdnhqnjvdpngwds9yxz7,-0.4693877653566605,0.5602173024401206,4,0.071999145010153,2,2,22.89377007233932,13.281671553737864,2.0,10,False,,-0.3848458278842671,0.4448251079965727,0.0695252650831364,3.1736177585287493,2.6589770056448523,0.43263721879131956
bc1qskbcbdpdxujjcsexggoc5kvqywj85gg0v5dtae,-0.5138323485806681,0.5190310291126229,4,0.1078122382488247,2,2,75.1258887793818,27.73249900778777,2.0,44,False,,-0.4146444147891135,0.4180726507339164,0.10238711390087543,4.332388401224721,3.3580288517280263,0.4234975506305608
bc1qdeg3zgarfi44td1fpe60qraqik3omd4poru09b,-0.1969263245474725,0.5373009299219218,6,0.2057872912056896,3,3,2518.505863226463,530.3317891990232,2.584962500721156,45,False,,-0.17975687459589812,0.4300282358421869,0.1871327072976793,7.831818075256847,6.275386664527934,0.44530746869640675
bc1qvy74zq50op7xmr8fhydrgfr27riu9mjyg4s3me,0.0026920798306105,0.8090872598496842,8,0.1451054008515705,4,4,148711.5107910899,31570.655354797727,2.1556390622295662,33,False,,0.0026884626740318776,0.5928224417615254,0.1354966859150486,11.909770263348214,10.360015014602416,0.5351312299306228
bc1qvdb828192v4dusgehn0z1r5fn3eh81a4rkgjzo,-0.1455740350034678,0.1455740350034678,2,39.42505133470226,1,1,8937.52668742969,8937.52668742969,1.0,9,False,,-0.13590585199136646,0.13590585199136646,3.6994496753374975,9.098126054522744,9.098126054522744,0.477089809568809
bc1qp1zscmo1pob7fu99259p5z5zlm36vfox5wwpm3,-0.4831807321029814,0.4831807321029814,2,0.0852822903032851,1,1,20.82311894569429,20.82311894569429,1.0,55,False,,-0.3941889249838684,0.3941889249838684,0.08184012854740706,3.0829699099560175,3.0829699099560175,0.3897924348068026
bc1qx15dtoz5sthslmwa6tj3kps04jse17quami0uz,-0.4410298558344389,0.5558847595702446,8,0.1440945320169419,5,4,32692.08339901852,4944.5639939930725,2.6416041678685938,11,False,,-0.36535803563303676,0.44204436104062605,0.13461352242563984,10.394918817662914,8.506246290939078,0.5127111764298257
bc1qnsvsojrpp7r93fezez5ehr07n8voeubfn9kr2f,0.2824089574349471,1.9397565663303848,6,0.1270767637784157,3,3,53.90887679622092,37.27151920346056,2.584962500721156,51,False,,0.24874030718817797,1.0783267773545377,0.11962734611727921,4.005675025722269,3.644705995630646,0.5361374623755828
bc1qrm7pyxdw2zcfzw0ldalmjegqtoamdvlnknd669,-0.0158051333040088,0.0158051333040088,1,1.0,0,1,0.0,0.0,-0.0,58,False,,-0.01568153283158995,0.01568153283158995,0.6931471805599453,0.0,0.0,0.5106707260695134
bc1qn6mbypjdfaw1lxxd8t18s1saxt8jh34udtlvr7,-0.5973168478882588,0.6060307085423706,4,0.0941768153357787,2,2,1087.4059481441127,392.103992848759,1.5,54,False,,-0.4683252514876022,0.4737657364764898,0.0900023137334493,6.992469471929176,5.974074189712172,0.42724329115095994
bc1q8yc8gzkdf6j76biviss8jltcbw6atvd1xeuq4s,-0.4511582149535592,0.5946884494227038,5,0.1057652852871674,3,2,1940.8299017229504,514.9417193016845,2.321928094887362,19,False,,-0.37236200651984586,0.46667838764196734,0.1005376611273849,7.571386055789029,6.245993812012801,0.42850265886463956
bc1q1w1ht7pze9vifttd96qe3rzsj49itn7s55j2o7,0.307869003288551,1.7670087741087377,9,0.1626103307748415,3,6,421.7699973442541,84.56848628123186,2.94770277922009,20,False,,0.26839909762860564,1.0177668717823192,0.1506677621692887,6.046828289662313,4.449317064443321,0.5958519435509761
bc1qdygfliji18k0axycelos6zle6kwhef0votqtxh,0.778417533942099,5.788836911088617,10,0.181108876829404,2,8,40996.01509217031,5195.963760458947,3.1219280948873624,49,True,"fanin,fanout,peeling",0.5757239430108899,1.9152796325075616,0.16645372333801503,10.621254540406213,8.555829841818639,0.6605790113592797
bc1q63qe8nvn439enga01yzg3w3h98brzva9wdjsgg,-0.605866164469571,0.605866164469571,2,0.2170592491357826,1,1,10.77995213900418,10.77995213900418,1.0,49,False,,-0.47366327735065283,0.47366327735065283,0.19643749740191413,2.466399115312316,2.466399115312316,0.3920043324471635
bc1q0j4a8ywy5apyx4l4oesrsbzb7tlom539iy87hl,-0.4804761782129457,0.595835326177829,4,0.0727109770221951,2,2,127.81684706294504,49.515724455958775,2.0,36,False,,-0.39236377806392836,0.46739731461771555,0.07018906764635242,4.8583916052948,3.9222846631795862,0.42076872123602205
bc1qsicvpdqe97n6y2c2bvpdcb4owo52wqqpwdxyas,0.225187977375592,0.8132038186617383,6,0.10827750622533,3,3,268.5098796253179,74.41086050483455,2.2516291673878226,42,True,coinjoin,0.20309428314315298,0.59509534611683,0.10280701384806992,5.596605048769213,4.322951303167015,0.47947445820561235
bc1qi2clp81l51flmnavycs44phh62myz9vlu8wpfq,1.6984227066762478,2.8433172124653576,6,0.126036231040166,3,3,75.00340733741344,38.43692837824496,2.2516291673878226,42,False,,0.9926674195965781,1.3463358511024195,0.11870370596730294,4.330778172668364,3.6747026458254197,0.5663733610088157
bc1q3no3aamtfpw6m9hkhjg4ihgjd3ex5mhqnngs2w,-0.0103602483240464,0.7841170485651053,5,0.0906842314186015,4,1,1355.10327183924,361.09131720608207,2.321928094887362,47,False,,-0.010306948766397329,0.5789236421877977,0.08680523454412048,7.212370624773859,5.891896437489569,0.48141267532148047
bc1q1v4kfiwkesvr022wgn51nsgzsr8ruw2xh6qihp,-0.5718841163377657,0.5944961762512884,4,0.077736867451668,2,2,16.664174258219482,5.645530001204179,2.0,56,False,,-0.45227497394736976,0.4665578093787332,0.07486334941815848,2.871538535207906,1.8939444483832695,0.45870378432413095
bc1qpqo2lngixmc4sx27dcbhhlk3yjz99106ak32oo,0.9132350227824,3.83590325617973,6,0.2303816718581055,3,3,2353.974237388976,542.9690070877219,2.2516291673878226,11,False,,0.648795538522229,1.5760679276268308,0.2073244235741802,7.764285066853091,6.298892272967745,0.5338200099662419
bc1q10q2lg1zhqunue7a34mpyo2tla27f8lwvv59ho,-0.4712718707180625,0.5788325462654361,6,0.1080350663819631,3,3,169.5633051812462,50.71190308440369,2.2516291673878226,13,False,,-0.3861272448807135,0.4566856791528796,0.10258823618346578,5.13910651919759,3.9456879887555467,0.4634128314627085
bc1qtgduq6ddtbyrgc8kixccsg4ofdtrc85ehpzrv7,-0.4256435210323079,0.5907446428263392,3,0.0543539916946597,2,1,14.052612843207315,7.75565455943544,1.584962500721156,61,True,peeling,-0.354623305489747,0.4642022354220224,0.05292824923011736,2.711551586970606,2.169699727013417,0.42074889892043466
bc1qqu0k5qzzkw3gi60q6guo8i5jwk6z0hr9t9cd1l,0.5670581773615233,0.5670581773615233,2,0.1654307230126772,1,1,1.6195301445645345,1.6195301445645345,1.0,16,False,,0.449200089271514,0.449200089271514,0.15309073801250225,0.9629949675550428,0.9629949675550428,0.4313101365242384
bc1qqjsqcz0n04oae7l0rcti8f34gadktoc1yfmhby,-0.3921142527223755,0.5879887399620708,8,0.1690227637862859,4,4,3714.487233648218,1134.8813921163414,2.1556390622295662,0,False,,-0.3308236366491593,0.4624682720958192,0.1561681551714118,8.220265101620209,7.035164185481874,0.4726826963832151
bc1qnidp9mgyh523ggodlught7ehmgoloqc3xnchkv,0.507657999473166,2.411535497221511,6,0.1887871228536572,3,3,127.56509275598408,52.543029569204535,2.2516291673878226,29,False,,0.4105574530645541,1.2271624823845342,0.17293356286822992,4.856435334490201,3.980485621646436,0.5287971943619922
bc1qeg1y9xca6qs0szaa1eipicerhnxi09p5el2b2o,-0.1765507336801492,0.5972694261154463,7,0.1260410683814476,4,3,132.76152971833068,32.88444117855192,2.521640636343318,44,False,,-0.16258705080559277,0.4682955626523362,0.11870800186006189,4.896058585562345,3.522955946746374,0.5105874252662557
bc1qzi5sgwcr8b97egt2hspqfhpvku8h5r8mnqpvpf,-0.2196695121194361,0.5932631689457313,6,0.206233798473297,3,3,11095.083901868818,2220.0197293984306,0.9182958340544896,43,True,"fanin,fanout",-0.19857993034199936,0.46578422063910335,0.18750294226338368,9.314347523417847,7.70572170696998,0.4646881215916331
bc1qurlzh6a50nooo0nl9c59e7f1811mzwncnpir7n,0.1371394026051951,0.5742502766582858,6,0.127566682751946,3,3,113249.8005803909,24167.930604672336,2.584962500721156,54,True,fanin,0.12851581288635958,0.4537791441264396,0.12006193277619856,11.637360112462819,10.09282322798028,0.5177125929546923
bc1qst5v0175du23jh0zagrd1ppkpggersduhh03g9,-0.1931790176864771,0.5077391178485059,4,0.1373098629881184,2,2,3478.396962122196,1659.997402250617,2.0,30,False,,-0.17662118859475284,0.41061125584554997,0.12866570445424028,8.154614271006142,7.4151735456449535,0.4191020949011713
bc1qaj8x2bh2ns8jr1vmymlinov953a5o47aet81iq,0.43175622355061,1.9822576708146311,5,0.0903122546203498,3,2,17.947124460503748,4.486781115125937,1.9219280948873625,8,True,"fanin,fanout",0.35890181909614866,1.092680621333415,0.08646412734450822,2.9416521765051873,1.7023417657422282,0.5441433130823637
bc1q3ifhv1xg1r11q7uww5wfcpkjcslqc3c54wsqt2,0.7026392078017308,1.3513547511485229,3,0.1094300224137341,1,2,4460.047937124008,2231.3628964082286,1.584962500721156,32,False,,0.5321795223958681,0.8549916519000651,0.10384639012043792,8.403138980895234,7.710815898281724,0.4877292174691351
bc1qhjr6eet0dy571vxnz0nxu43iedd070en48uact,-0.2715391253068194,0.488344148529835,4,0.1450256942223878,2,2,89.54725250912226,64.08723175398221,1.5,58,False,,-0.240228076391142,0.39766419228333594,0.1354270771233193,4.505871841617538,4.175728397166635,0.424116048613654
bc1q9lny2svhotqf74rqvfx2zvl9e9zr3rzn9l3h03,0.2301452709639896,1.0124821008377023,8,0.1495863327607703,4,4,46771.36833916623,6758.470168924522,2.5,24,False,,0.20713226888509384,0.6993688362773413,0.13940216702095826,10.753047887435867,8.818699788587313,0.5249535195123021
bc1qztdl25b7kxupr6h2hxn4d24n9ygcmr8esmpf0i,-0.3645685854938807,0.3645685854938807,2,0.3865806405426447,1,1,0.2714522260473171,0.2714522260473171,1.0,18,False,,-0.31083832409790957,0.31083832409790957,0.3268407456104134,0.24015973226603135,0.24015973226603135,0.4125847137111304
bc1q3fpoyipk0qtl3q4n89qkns832ejx5td44k1j6f,0.8261067277064766,4.373518636535097,10,0.2360119229727012,4,6,91043.69431195722,14458.003547063214,2.9219280948873623,35,True,peeling,0.6021862293729625,1.6814829335232786,0.2118900054070157,11.419105811211372,9.579072582346805,0.6385986354644488
bc1qg3aut3rsvz2e186gvgt2eehfu4b9sntp8ak8s2,-0.3115329512314914,0.3115329512314914,2,0.5157808647687046,1,1,114.9919457806101,114.9919457806101,1.0,46,False,,-0.2711966448520891,0.2711966448520891,0.4159307284664629,4.753520755770013,4.753520755770013,0.40543375584091984
bc1qocjpztc09zgnx3vpf9pavcedtcxnmj5ian8nd7,-0.3342989619053688,0.556099960591841,2,0.1089354834642492,2,0,26.65843875899787,26.65843875899787,1.0,16,False,,-0.2884060317590169,0.44218266571837406,0.10340053126050976,3.319930880644959,3.319930880644959,0.4397364551848255
bc1qg3y2t5ovjyzxfuj7xn1ypqpmqk8sz7iwdl14wc,0.3818919265269192,1.2764672237321766,5,0.1060762801405805,3,2,874.5441187345498,257.7893902805529,1.9219280948873625,9,False,,0.3234535215111686,0.822624778031322,0.10081887010756098,6.774845543071375,5.556014565961637,0.4683267502966585
bc1qow60zz0i0835tvv8y5sic4s8pnne6it1ekkh0u,-0.185112496170891,0.3204862423833867,4,0.0956017126427179,2,2,31.231586769793072,11.748565757129292,2.0,40,False,,-0.16983770355874225,0.27800003421034664,0.09130372160629252,3.472946927311488,2.545418775640083,0.44615324218523955
bc1qgmdrdsferfxiokpg3dp4fmpm5hgbo06fhrxjpt,-0.1499355467793166,0.4562888812337194,6,0.1410012557924344,3,3,1391.6851621794146,507.1374169622503,2.2516291673878226,20,False,,-0.13970589452565219,0.3758913375350824,0.13190617148619918,7.238988934006036,6.230751916829577,0.4353290431162615
bc1q2zl15s74nddafs1iym90pkr1ifsi159i3hz3zs,-0.26888255096241,0.6525571953401198,10,0.1988346540265513,6,5,35472.359025857586,4380.069477425382,3.095795255000934,4,True,"fanin,fanout",-0.23813663201592083,0.5023239035457238,0.18134996330528635,10.476537243759124,8.385048146493304,0.5471589885105134
bc1qdn7zi6gaxlkkvpjrmeyy1em30vvijvddwvb853,-0.3350089679825176,0.6010290337428782,4,0.3521499898104748,2,2,8120.490272818074,2747.0289103760274,2.0,49,False,,-0.2889380094195508,0.4706465686052219,0.30169591067640444,9.002268947451176,7.918639173802194,0.42544595684813874
bc1qtj54696qz6cp7savzebu2y0oy58f1n2ojgfhz5,-0.5704199845568431,0.5802908653761323,3,0.1637885711974764,2,2,12.445203181043649,7.948118994358452,1.0,44,False,,-0.4513430896740041,0.45760892210623094,0.15168069294601697,2.5986224016217894,2.191443341970221,0.45321588311677835
bc1q2lofn1r4kz36u8ueihx74d0gjyv5g10ur5l8a7,-0.2514495341687715,0.3514914684042598,5,0.1194339824514986,2,3,100.63216687818571,27.389826949287663,1.9219280948873625,53,False,,-0.22430250680079464,0.30120877402798796,0.1128231847519614,4.621360088167935,3.3460308749850647,0.4655122922617689
bc1q3h8g8t922d0nx5wt3hju31fi0n6dgg5gr0xafg,-0.2470248488848115,0.3739271940547984,4,0.131570732212444,2,2,167.18619557019326,75.32061481595225,2.0,3,False,,-0.22076059343184787,0.31767320408094224,0.12360669603554136,5.1250716726499475,4.334943082872157,0.42483616752788644
bc1q3vna31xbidfwa88d0mzhrupflfcywe3dks4f6a,-0.3744065953911526,0.4420648530452793,6,0.1284230031758929,3,3,1162.0620162603964,418.4688166940202,2.584962500721156,33,False,,-0.3180220709784475,0.3660760122240337,0.1208210855953928,7.058811475482521,6.038989188684295,0.45559715109172155
bc1qfel6246hid25owf75935a0l7253j2d54i3qk2i,0.8382253043947335,2.581191601412941,4,0.417682370444138,2,3,976.959523929163,330.8072725188303,1.9219280948873625,8,False,,0.608800597702163,1.2756955945871715,0.34902340474222643,6.885468282602871,5.804554295897184,0.513277502867351
bc1qp8hqmabsi9nb74x2ek3zezqacj4t0sekkbp2qd,-0.3987868529880712,0.564043643299557,3,0.9808855974054972,0,3,2463.257213796412,1310.4961223825348,1.584962500721156,36,True,coinjoin,-0.33560532738401244,0.44727454665677463,0.6835440161273173,7.809645707921364,7.178923842674677,0.49081223437625293
bc1q6vgtvyfyk3md6x73zca7fxloz2rcu8kd9gnlpy,-0.5357963807645983,0.5809053187103731,4,0.2348362126137488,2,2,6176.44659621289,2093.1131504006376,0.8112781244591328,36,False,,-0.4290490613316351,0.4579976694703283,0.21093833991956404,8.728660292938775,7.646885425501006,0.45103213678381776
bc1qzs13hdnh4nred6m42fq4t7phi0ezf0zpbdurvf,-0.4974048780412299,0.5911976876670515,7,0.1518735973727474,4,3,2298.472946335168,397.3824891471366,2.128085278891394,28,False,,-0.4037335284832633,0.46448699535587284,0.1413898317507024,7.740435221890187,5.98741257180055,0.47382601482575726
bc1qv4bktcv1ltwbj9uu2bl7amkoh109zdo0d3fvnv,-0.1409024225656974,0.5426535766688938,6,0.2975519123048392,3,3,15072.81518515994,3576.838018536552,2.584962500721156,58,False,,-0.1318195479992079,0.4335040353219357,0.260479344741047,9.62071442382407,8.182513991533693,0.4621855724088652
bc1qbzyi9v8u9da1l526rqgkcumczq991p778rnkow,-0.5282869385802854,0.5825660011698113,3,0.078891957585833,2,1,24.077463449456044,19.11420781017809,0.9182958340544896,23,False,,-0.42414746014353427,0.4590475810668403,0.07593454927527571,3.2219695722709436,3.001426421587596,0.42073111929585877
bc1qb9c2zufdnu4i5ymqt3dgd8opocmvh0eqt8fhu9,-0.5642933356931374,0.5834249369592376,2,0.0472802242527303,2,0,9.3428497810125,9.3428497810125,1.0,16,False,,-0.447434179327927,0.45959018262653245,0.04619654101840783,2.3362954385555446,2.3362954385555446,0.4491877458321415
bc1qcokz5syj3d6m1fmpryfzmyoa2vcywl9700lfqf,-0.290400158364881,0.6018362204540356,4,0.1196206612848906,3,1,126.84703528039248,47.25251563894772,2.0,16,False,,-0.2549523705542738,0.4711506089966739,0.11298993265545432,4.850834512421728,3.8764479640206493,0.44219525235590745
bc1qdh9ptfnm88ua3a6s5zxqomts1egpgvtn4ypkw7,-0.1753950011581885,0.2931202802514518,3,0.0646933045674421,2,1,161.36155177474276,85.49146727727515,1.584962500721156,55,False,,-0.16160426230170374,0.25705811963296366,0.06268678075609008,5.089825649542311,4.460045764878824,0.4226859246746499
bc1q493dxwor17dpubkpiqnhqe86o3z0anik5j42oi,-0.2080068618223057,0.3997677294977669,6,0.2137505427259874,3,3,2656.5351603106624,574.2181082032139,2.2516291673878226,52,False,,-0.1889717798129685,0.3363063153554459,0.193715187771382,7.885154340725254,6.354749287488517,0.43647488086523495
bc1q2sw24wjt8hdpwvbz7cn0eqwmi6kti221xj7wwu,-0.0970846197725327,0.1820349938035216,4,0.2775049924400766,2,2,66.11792039780595,41.19862640219739,1.5,45,False,,-0.0926563157589311,0.16723752413240542,0.24490895106466293,4.2064510783328,3.7423876708012505,0.44883338964564706
bc1qhd2orwhp6wqfk6xw4emm9vasjevts1hn6bedye,0.1703214681880754,1.1194537854656408,6,0.1303574091364349,3,3,244.65709700820807,77.1960265943021,2.2516291673878226,32,False,,0.15727847020539343,0.751158407121615,0.12253387398589119,5.50393664892889,4.359218835445801,0.4817031653471565
bc1qh4z8d2vfhzpqvjldnhm63q68jov58toe3pgihn,-0.3136076558526585,0.5476350608106252,5,0.2490308262116473,3,2,8727.05669551681,2192.8884202972927,1.9219280948873625,46,False,,-0.27277728784509864,0.4367279985440662,0.22236791155276575,9.074298023311792,7.693430782795024,0.43189826617642724
bc1qkhhuz83yuxyp3hbrbjeqvviaa2uaqe8btsmaq3,3.365237928728095,5.272248866135574,3,0.983319233526937,2,1,38766.12152484745,19387.29826282577,1.584962500721156,13,True,peeling,1.4736726961057203,1.8361349611728415,0.6847718217180764,10.565327782998896,9.872424980735206,0.595566299208722
bc1qk9rx647di3e950id033tayb5bbkjy2nz7velfv,1.369023339894691,4.253624371137877,5,0.1081820162423277,3,2,7601.02248753174,1917.513715197176,1.9219280948873625,13,True,peeling,0.8624777773419996,1.6589181948243785,0.102720849420438,8.936169607652126,7.559306058578407,0.549979179406567
bc1ql0ijkcu5x0hc8cah3gdhvs41lqfs6hn95s2gkf,3.721565700891081,3.721565700891081,2,151.04895104895104,1,1,15463.690154239264,15463.690154239264,-0.0,13,True,peeling,1.5521404608822624,1.5521404608822624,5.024202515375151,9.646314649628403,9.646314649628403,0.5528357574687329
bc1qgbxqj7dpfssbjdx0pkovtrpyx8hbbjcdiwzod0,2.984953529579696,2.984953529579696,2,0.2591038724633161,1,1,26.525851213874223,26.525851213874223,1.0,13,True,peeling,1.382525650839102,1.382525650839102,0.23040025560121563,3.315125607248618,3.315125607248618,0.5229905571188616
bc1q4ygyflq8xpa95g1amra5rbaykis11d2mrmtxjq,-0.0472788064538055,0.6525571953401198,8,0.1890051090443538,4,4,29159.94371809854,4923.9660812712,2.5,26,True,"fanin,fanout",-0.046195187226126005,0.5023239035457238,0.17311691462485776,10.28058554904536,8.50207266653094,0.4825603317105907
bc1q5y6q8sjy5op9lbsmwpq82k8ryqf8wxkk2abkvb,-0.3757413069676258,0.3757413069676258,2,0.1400119917678134,1,1,35.30629235744094,35.30629235744094,1.0,24,False,,-0.3189927181790003,0.3189927181790003,0.13103878144565195,3.5919910694288033,3.5919910694288033,0.39822010750808606
bc1q7kb7iyno667vgp52f1johkk7qg24dsysymmq8q,-0.527796841472799,0.5958703979582433,3,0.0790447539076378,3,0,23.005635689151163,18.481116298624315,1.584962500721156,25,False,,-0.42382672475343364,0.46741929144355543,0.07607616262403272,3.1782886231632537,2.9694456014300394,0.4799943636330873
bc1qb4eyq1s4dj9dv3uy5evszzsu8e6xfwz73whcf5,0.1999954330289423,0.3224153405589717,2,0.0519188179575413,2,0,11.558923787264336,11.558923787264336,1.0,34,False,,0.18231775097749775,0.2794598680010786,0.05061594209593809,2.5304314716414593,2.5304314716414593,0.47268920510525575
bc1q4t3y4wpwg3xg0trky8ryozdppbquakx6wb68q0,-0.4864286221227015,0.4864286221227015,2,0.1385182554715913,1,1,32.06070272074927,32.06070272074927,1.0,30,False,,-0.39637634489493645,0.39637634489493645,0.1297276410629244,3.4983453480880047,3.4983453480880047,0.39063387317069453
bc1q930i6g61pcwe4c1v47lzn9uhjpkhf33guwyh36,-0.5628452315418562,0.6056986324953847,6,0.1553057867283655,3,3,7287.197210245726,1768.5259533405424,2.2516291673878226,6,False,,-0.4465080264097517,0.4735589469167805,0.1443650593477197,8.894011498157353,7.478466966725453,0.4424280661884191
bc1q42pw5uesdrbta3k3om5fktiswlwt6u79xbph5c,-0.4717728250120436,0.4717728250120436,2,0.1387181893423007,1,1,4.080351427559743,4.080351427559743,1.0,30,False,,-0.38646767756224637,0.38646767756224637,0.12990323448597754,1.6253804378511505,1.6253804378511505,0.39521215124858655
bc1qh3l16cr3uv43mco075re0drimr25i7a2hvnyar,-0.5010011941594484,0.5010011941594484,2,0.139598460539199,1,1,5.341408131524555,5.341408131524555,1.0,36,False,,-0.40613234822692346,0.40613234822692346,0.13067597276249998,1.8471008465520926,1.8471008465520926,0.3928466328073475
bc1qcegbmxikvrecjtr0m6hz72kxsjzsb6zwkhe9i0,-0.6033579345896699,0.6033579345896699,1,1.0,1,0,0.0,0.0,-0.0,52,False,,-0.4721001391507659,0.4721001391507659,0.6931471805599453,0.0,0.0,0.3950718866098705
bc1qhn3f9zxqerbkn3dkvr5nbhgpbktmav6763v1m3,-0.5935096484867286,0.6058143673101302,3,0.078616948321792,2,2,23.4302510038966,23.331844471042785,1.5,16,False,,-0.46593890975916896,0.4736310218638865,0.07567961705712598,3.195822159629336,3.191785964486805,0.4380056920674338
bc1quusfn07ea28ditmownx23veuljgqpq8r4hc7jv,-0.5959622656227745,0.6006641285587027,4,0.2053073372422519,2,2,216.64557347941545,132.6080193822385,2.0,57,False,,-0.467476855654615,0.47041862347290747,0.18673458607579588,5.382867929998775,4.8949102846172545,0.4192089982047143
bc1qa44tbidsechu3ycpkavm96n7kbnkfvdhlz02z7,-0.5570443881389889,0.6024530366344304,5,0.1314239941881389,3,2,7810.541982839163,1957.21151345967,2.321928094887362,46,False,,-0.44278940120528165,0.47153560307088177,0.12347701122205164,8.963357660328864,7.579786842516449,0.4368856242332572
bc1qw0te52vxslhu6l29il9yq8ocucnri2i397i6yx,-0.2206013460629157,0.6031176180245786,5,0.1087994584204736,3,2,9257.908817686324,2477.8807453177883,2.321928094887362,14,False,,-0.19934364391555354,0.47195024462539187,0.10327786101585865,9.133341482433936,7.815562424915088,0.42866019971824537
bc1qe576mouze66vw9b0mqoq4kreg167d6vnxnpsv8,-0.2374288110331654,0.4993567665704274,5,0.131007108045383,3,2,2732.9561800900324,688.727460774037,2.321928094887362,54,False,,-0.2130356873681532,0.40503619385121237,0.12310848185816285,7.913504989390281,6.536296535178972,0.4280286477582552
bc1qdkmu6u4pllgf309hsuwdkejp5k7917xfh41a68,-0.0287569714662939,0.5625133913215696,4,0.2003881360482369,2,2,96458.45789235424,32159.421993982494,1.0,51,True,"fanin,fanout",-0.028351249624133965,0.446295673037498,0.1826449512032093,11.476878073581815,10.378491844910249,0.4914139904290005
bc1qz7e5rdeky820icfmq0ycy6bdzsgu4w8wiv5hhq,-0.1243547829172729,0.6060306982392625,5,0.1090243106546783,3,2,47657.25608977619,11932.497655694166,1.9219280948873625,34,True,"fanin,fanout",-0.1172093448315092,0.4737657300612275,0.10348062936752876,10.771811159336535,9.387104653656113,0.45663949735076503
bc1qrgrewds0hprwzbywwimt8545yrwvtkh861pqip,0.0516380644238648,1.938368521286555,8,0.1724514755678773,4,4,10854.872094408847,1981.4188071999504,2.5,26,False,,0.05034900989391871,1.0778545025904114,0.15909683503872127,9.292461419426951,7.592072997916211,0.5153400642451869
bc1qjh4oulyo3pjbrhwbqh5t2d8vet8an2lm1cbht9,-0.5887810112068806,0.5887810112068806,2,0.139672932549613,1,1,5.106416192155319,5.106416192155319,1.0,51,False,,-0.46296706258004877,0.46296706258004877,0.13074131997009125,1.8093400531682198,1.8093400531682198,0.3911761042785182
bc1qxe0jdcz1oa3vf02gvllsajhjxqkd8ur6tiaron,-0.2819871330164175,0.2819871330164175,2,82.36415633937082,1,1,3011.2180929199,3011.2180929199,1.0,20,False,,-0.2484113217994505,0.2484113217994505,4.423218436879295,8.010431994306385,8.010431994306385,0.46555595113536985
bc1qcro04byv5jhurr8iqrt007pceaseh5e5rwsf5p,-0.583595920474681,0.6052859517983473,3,0.0786549756403234,2,2,2.805404020423627,2.685366198486577,1.5,43,False,,-0.4596981601380845,0.4733019038270515,0.07571487206426063,1.3364221671284737,1.3043698961412227,0.4696849574512596
bc1qfzrlgq9azhdqdwvcw5magk6p0n17uxhvdhgues,0.1957814239848811,0.4992983951684795,3,0.0649645063712586,2,1,11.985760062847262,8.31728765165974,1.584962500721156,23,True,coinjoin,0.17879988296106783,0.4049972621309532,0.06294147125508905,2.5638533773136647,2.2318715618416243,0.4441642925046636
bc1qxnu4v80w6haih7wfrac8e3pqk1io1zm4lcvhfw,-0.1721926611799524,0.6046238603260212,3,0.0649409218003066,2,1,6.798894501898213,3.625455524338301,1.584962500721156,39,True,coinjoin,-0.15887606431712675,0.4728893741795113,0.06291932513475805,2.053981993124956,1.5315748578632165,0.4401457806677349
bc1qjfppzje6xg541mpw57gn79hmhvl66sajxxo9zj,0.0440229383930819,0.0440229383930819,2,71.8801996672213,1,1,1778.582088389725,1778.582088389725,1.0,41,True,coinjoin,0.04308146085995705,0.04308146085995705,4.2888169926189335,7.484133833917043,7.484133833917043,0.4730065227372612
bc1qcubzqvqg0xtdnwzzg4c4epzl4j4x0ly66g9zna,-0.1672973556698248,0.5899379437956381,3,0.0777739837622804,2,1,1103.731427476169,552.1178328869646,1.584962500721156,56,True,coinjoin,-0.15469112433494847,0.46369498641113954,0.07489778794635718,7.00735753235215,6.315571058185752,0.4115151746763743
bc1qxoycg1fjgbvyow47lueq4d7d7gdlwagawq57ly,0.0440229383930819,0.0440229383930819,2,0.6957978320743473,1,1,157.73503096865826,157.73503096865826,1.0,36,True,coinjoin,0.04308146085995705,0.04308146085995705,0.5281533274781427,5.0672363402161125,5.0672363402161125,0.4320424423856056
bc1qvnnvbzw5apmxd6lqga3qupo4jnmyk8516sp18o,-0.427472354797216,0.5045773618135871,5,0.2356254820231938,3,2,3807.861357490616,1021.0944817580436,1.9219280948873625,20,False,,-0.3559052961939279,0.4085120360475323,0.211577305047428,8.245085567152627,6.929609214394758,0.42868498724015547
bc1ql12qfaf5kcihdiy4nrmqyz6y3z1de1e1630poc,0.1214978132574259,0.1214978132574259,2,0.1027433912454068,1,1,16.493804472024507,16.493804472024507,1.0,51,False,,0.11466512513888744,0.11466512513888744,0.0978010670086737,2.8618467880759644,2.8618467880759644,0.42489213809662185
bc1qxeghpmxpkn3b8pfy4qcyd52alunqr8o1kjwv2q,-0.4436672044574744,0.5953534669777673,4,0.105486069184943,2,2,891.0733572481882,305.6785634449104,2.0,58,False,,-0.36718654608160983,0.4670953210755238,0.10028511986549381,6.7935483682660385,5.725800174464614,0.4122659531490185
bc1qvh30qbkern6yjmk3tgmalwvmb0idd0wpj8yi34,-0.4327588704716198,0.5720658597325703,6,0.1421483596726419,3,3,114.72192944164895,34.886660801801995,2.584962500721156,5,False,,-0.35960186565135727,0.45239058863360226,0.1329110149436386,4.751190153332649,3.580365661037287,0.4801578586443799
bc1q0sqcnf9w5n9c70pa8jx54pegjks4i2nr1p02jy,-0.3726119771038858,0.4646776238732699,3,0.0787564980947429,2,1,26237.251094816776,13124.360215265666,0.9182958340544896,9,False,,-0.3167154773059124,0.38163516629040656,0.0758089871236551,10.174973590486822,9.48230153205584,0.4578014755446574
bc1qlhalckz3vwlo7ammpq0hzyjb48wumh9nklybwg,-0.4677931258209755,0.4677931258209755,2,0.1402572356662462,1,1,22.87364791853684,22.87364791853684,1.0,17,True,coinjoin,-0.3837599977965447,0.3837599977965447,0.1312538822735962,3.172775253078839,3.172775253078839,0.38886835467008435
bc1qmp9a9uri7ev4dh9ugf10oo1pvlnd581lto4rq3,-0.4266227043978844,0.606381361093495,6,0.1304571688277829,3,3,14119.372825449936,2835.106528584487,1.2516291673878228,32,False,,-0.3553099057764338,0.473984047543013,0.12262212509005967,9.555373914767344,7.9501874499171,0.46613218894744135
bc1quqdn05xt54fn5g77lk6hqiv929sevl7fq8aby5,-0.4419953757521162,0.4419953757521162,2,0.1403694608691696,1,1,0.0,0.0,1.0,9,False,,-0.3660278320282924,0.3660278320282924,0.13135229838280377,0.0,0.0,0.39146369603836223
bc1q1egom62hdxc6rijkq2zuv1fkhnnk8fwrpk0zfk,-0.3610842082309615,0.3610842082309615,2,0.1396211322401192,1,1,5.104522382565093,5.104522382565093,1.0,6,False,,-0.30828159407784445,0.30828159407784445,0.13069586702893468,1.809029870688172,1.809029870688172,0.4013518354600243
bc1qnwbhkvjz09owgmf4ln5rgsg6a8mlik22xmq664,-0.0686908903116005,0.3783120389364184,5,0.1078785018373057,3,2,2832.4539822228826,714.5897998918882,2.321928094887362,47,False,,-0.06643443242854405,0.32085959030712713,0.10244692693100813,7.949251734864729,6.5731070976088395,0.43787712733955814
bc1q58cuij0yxiyqbvtdg3c6scivuqt2lwhedhthru,-0.5452559586413785,0.6068162793324618,6,0.1562651660709258,3,3,2811.244281019752,576.1035130744426,2.584962500721156,49,False,,-0.43518956565165756,0.474254754975479,0.1451951263603578,7.941738120074904,6.358021649160604,0.45409475024502055
bc1qjojwlrkxjtmyswe1ga6srg1yd5my3gdilk1qy7,-0.5803000179706098,0.600675516927666,2,0.1409892911779704,2,0,2.818481406820246,2.818481406820246,1.0,39,False,,-0.4576147138045655,0.47042573822499534,0.13189568536522905,1.3398528060979003,1.3398528060979003,0.45701919967137894
bc1qj7q4kfmm0qpop1o8m291azhzknl2luhhs4dilr,0.8072676114202416,2.195269223527833,5,0.1078643874988171,3,2,1476.9810771624852,460.3048605370085,2.321928094887362,30,False,,0.5918160977229654,1.1616713482944565,0.10243418688020466,7.29843229842381,6.134059127115697,0.4985242056877998
bc1qvuupltxu3yf15z08n10hlinh8jv7fxp323c9nu,1.226087624305984,1.226087624305984,2,0.1626875072376169,1,1,39.8125093002535,39.8125093002535,1.0,47,False,,0.8002456160974711,0.8002456160974711,0.15073414202097232,3.7089886349141983,3.7089886349141983,0.4705789444015258
bc1q24d7v911pjq50xcxmsy3paua3aipjiylqx1um5,-0.5945897765551869,0.5945897765551869,2,0.056007319845552,1,1,0.5382239653376011,0.5382239653376011,1.0,43,False,,-0.46661650977458985,0.46661650977458985,0.054495116931970046,0.4306284816375084,0.4306284816375084,0.39799513505572764
bc1qe8a54hbph1ve8susfh70m9ohdsrs8anp8dmlc8,-0.4067798274827435,0.5978708494521459,4,0.1597339985219059,2,2,18377.15187407413,6134.171466279386,1.5,23,False,,-0.3413032822219783,0.46867202396040547,0.14819066720329727,9.81891783993321,8.721793305618245,0.4356515758541467
bc1qasfqbvh0kw3pgsf3yn72bhon4wbabq0fot10gd,-0.5887170563797287,0.5887170563797287,2,0.1431581110088421,1,1,0.0,0.0,1.0,63,False,,-0.46292680774696926,0.46292680774696926,0.13379470508748995,0.0,0.0,0.3875783038191517
bc1ql9ysu51epxu7b6nbhgfb2flurmw3uqhwtek17m,-0.6046432679475569,0.6046432679475569,2,0.325534692616504,1,1,0.2285865035619421,0.2285865035619421,1.0,54,False,,-0.4729014689168829,0.4729014689168829,0.281815919634535,0.2058643244699844,0.2058643244699844,0.40083205952906464
bc1qeiqetk5lp9c5so79h4ha0mvf4s2ni8tndfww41,-0.4790066235627249,0.6005280519739419,4,0.1120674168525269,3,1,179.23985165642603,68.01284625139286,1.5,27,False,,-0.39137066212480437,0.47033360728070867,0.10622082065661005,5.194288473090062,4.234292664824787,0.44212570822636443
bc1qe7ajul7w8cof3138i2xog4c8j6e07fpy1aeldw,-0.1836466786052123,0.7061104714974529,7,0.1625037179980122,4,3,42804.79667146643,7439.576879044981,2.235926350629033,20,True,coinjoin,-0.1686000785875009,0.5342162016608318,0.1505760567521198,10.664428808648443,8.914703662327307,0.4817989141186969
bc1q6xlyjmazrvhpj93rvuv5ybd4xdd8iuzv3zbxpq,-0.2704006455849016,0.2704006455849016,2,0.1764289674310901,1,1,46.10217770057055,46.10217770057055,1.0,17,False,,-0.23933231968511834,0.23933231968511834,0.1624835511883965,3.852319235634439,3.852319235634439,0.4072034999296904
bc1q04j3m9iqbq9j2h1tlom344mw04i3dzxlrgnjzm,0.3446758011802028,1.6221313464198943,5,0.1425312628467848,3,3,2936.5654054281554,753.9698261312398,2.2516291673878226,21,False,,0.29615294398426995,0.9639874780684996,0.13324620695389142,7.985336423882208,6.626677783061301,0.4771523294222045
bc1q3618leu6zu1tozhdv5ojzto7d835kuc9pbtyjr,-0.4214059825510242,0.5212082613375327,4,0.0930902320710394,3,1,50.01295365338271,16.67098455112757,2.0,48,False,,-0.3516465103162678,0.4195049278602268,0.08900876028928945,3.9320795936770954,2.871924003575498,0.4552219555952937
bc1qotuo4uw590z92jn67lm8e49ite92srl3vzzxt9,-0.5808541053937321,0.602015473931018,4,0.1146396794600258,2,2,4.397756294089967,1.951790648179228,2.0,55,False,,-0.45796527401591447,0.47126250773248834,0.10853119525051184,1.68598336613128,1.0824119855849077,0.4712890673995367
bc1qrzcm8jj6avp1eoxlzki2so19v58b1v1ccofh91,-0.499281598527152,0.499281598527152,2,0.1199569321292286,1,1,0.0842322993996229,0.0842322993996229,1.0,37,False,,-0.40498605906726104,0.40498605906726104,0.11329023111160419,0.08087217839798085,0.08087217839798085,0.39194013123076976
bc1qnozemdmz5rgoi9wm1sav9cng8tana6u48gwghm,-0.1092604106511005,0.1092604106511005,1,1.0,1,0,0.0,0.0,-0.0,25,False,,-0.10369349653921874,0.10369349653921874,0.6931471805599453,0.0,0.0,0.4334918976671686
bc1q52e77dyvgdgfwmqx327ycif8r2bc9r4x1v4dx6,-0.3181298665813156,0.3216634343172934,4,0.2382797525641273,2,2,227.71120041666512,92.89747307844652,2.0,53,False,,-0.27621396429250034,0.2788911207541423,0.21372312011123487,5.432460074104415,4.542203475079448,0.4236177345232452
bc1quzs1xke1kwonrrlrnr2kyb3gd60uglbb8nmt3y,-0.0634868810120692,0.8887253203680513,6,0.1681367823861152,3,3,2082.563718806984,770.2308559857242,2.2516291673878226,33,False,,-0.0615530199093563,0.6359021678711576,0.15540998575669493,7.641835032975616,6.6479877528508755,0.4413218303188927
bc1qxa7hy7ai33993n4bfiy5pu5wh50jyook63rvwo,-0.3691401312825486,0.5842656877626382,4,0.1131830404907742,2,2,1126.571206192005,382.1931836293423,1.5,14,False,,-0.31418290139111554,0.4601210115001486,0.10722351563688624,7.027821223433259,5.9485392579148595,0.4162145288914571
bc1q8zzkk4j1o5hd4hsbrebndycpn0p1xs910baf4j,-0.584759326849776,0.584759326849776,2,0.0801127141380859,1,1,0.0,0.0,-0.0,46,False,,-0.46043255154092094,0.46043255154092094,0.07706540063315871,0.0,0.0,0.43449351824758464
bc1qcituf8cyotwg7nfdinu31eiwucx67xkwq0ywm9,-0.0210250760169806,0.547049600422943,4,0.2350403227451839,2,2,3850.08436183159,1285.9777522804168,0.8112781244591328,10,True,"fanin,fanout",-0.020807099132625465,0.4363496334059307,0.21110361954304133,8.256110040049021,7.160051920951311,0.4479654375998598
bc1qna2fqztio4m7pp0pnnlo0hhgh5xw6t1oxhfdxk,-0.2115901180149065,0.6062984622846779,3,0.085752596480769,3,0,27014.45747160971,13508.274326714552,0.9182958340544896,25,False,,-0.19193364399283921,0.47393244027842824,0.08227338384671487,10.204164480119971,9.511131715722899,0.5054896403358864
bc1qnyj0ufo2hoq5e7l7w05y2da5b4l6hfh4n6v3rz,-0.6051310067880483,0.6051310067880483,2,0.1763731435144594,1,1,0.0,0.0,1.0,14,False,,-0.4732053774179164,0.4732053774179164,0.16243609805463613,0.0,0.0,0.38760248946038645
bc1qy69xfq1enngay37vg688u595cekof92y8lz8cv,-0.3051390838147116,0.5762565906207711,3,0.0762298235067836,2,1,88.88872665759804,44.98834263310994,1.584962500721156,11,False,,-0.26630961273145837,0.4550527894909607,0.07346402955205118,4.4985725349226,3.828387943353213,0.4089253181808492
bc1qm242om7ztrj67dxlse33dcnf225aa35wfw5q52,-0.3714923978616207,0.6069137364332077,4,0.1141093805769061,2,2,1689.131166652044,567.4239397346716,2.0,2,False,,-0.3158994884429518,0.474315405434788,0.1080553239174527,7.432561418308931,6.34286751309582,0.4140939066842652
bc1qcgaghft9zzcgl9fwvvskp30tx8j1ccm0w3c1za,-0.4664636882911262,0.6024926074387718,4,0.0929632770846329,2,2,28.840037833085677,13.800727001153527,2.0,44,False,,-0.3828538483317651,0.47156029665931537,0.08889261035424209,3.395851043199558,2.694676301263201,0.43046604698991076
bc1qdv6nyycj4q0rr1l9gvbmqq749q6qf1pafl9woa,1.385104210046409,1.385104210046409,2,3.4553089382123576,1,1,833.5294941819949,833.5294941819949,1.0,37,False,,0.8692428173255463,0.8692428173255463,1.4940964049185024,6.726868086014763,6.726868086014763,0.47924806110426377
bc1qf8c8clrki72oalfwypeek035n8cqphli5l692t,-0.3173079739003449,0.6067679062393228,3,0.1921192562494348,2,1,2948.298287024784,1476.6121630023638,1.584962500721156,28,False,,-0.27559024045049485,0.4742246495913662,0.17573261082789493,7.989322552233436,7.298182660444521,0.4143472261635568
bc1ql5nfltq680cog1zn1riamwu28rl5h3g7vkc5ss,0.5466254995881612,0.5466254995881612,2,2.4609775549732253,1,1,527.6047068127048,527.6047068127048,1.0,54,False,,0.4360754605702396,0.4360754605702396,1.241551079504535,6.2702409064300255,6.2702409064300255,0.42885097944952133
bc1q5uzbikcidkwnnhj7xvg0fn9xuy41ibljh75lxo,-0.4768682779394506,0.6053798474580151,9,0.2233634875956569,4,5,8023.958953950618,1099.41977330635,2.94770277922009,1,False,,-0.38992381740535104,0.4733603936640917,0.20160402235533614,8.990311833212628,7.0034469980877665,0.5210457638911759
bc1qfe8e5tnlztwxol4bkuu5czeccfs7i19mo1rtsx,-0.5810582855238919,0.5810582855238919,1,1.0,1,0,0.0,0.0,-0.0,11,False,,-0.4580944237868127,0.4580944237868127,0.6931471805599453,0.0,0.0,0.39354812357904423
bc1qryztbvhuazun6fht60kusfhvmljekbvxsogb20,-0.5239934215948044,0.5912725019702777,6,0.1924129038388304,3,3,50119.25455935872,10103.278851787303,2.2516291673878226,10,False,,-0.42133414071629605,0.46453401185487014,0.1759789044999158,10.822180487994686,9.220714261807393,0.4677584101804456
bc1qu5jslhgmrzzqo17rv2y7cdabbajaq08dnx80nk,-0.3608763481739789,0.3914945980356633,3,0.244324083831816,2,2,160.23640278241086,105.01885875470644,1.5,58,False,,-0.3081288658857349,0.3303784198603285,0.21859247793787476,5.082871628290418,4.663616991067715,0.4314780496833771
bc1qhonbpqga6x85zzhjy8gy39bu4uz2z0kdn3tn60,-0.593762722016993,0.593762722016993,2,0.163560933546745,1,1,5.979757023934937,5.979757023934937,1.0,51,False,,-0.46609771233477454,0.46609771233477454,0.15148507329285074,1.9430141058438801,1.9430141058438801,0.3898544483178972
bc1qrtmpv5lmq15fbs4wvt3f2f3hycpesbda7xfizm,-0.5763738228205793,0.5886776607282272,3,0.0960871189878823,2,1,1.5961160017445597,0.7980580008722797,1.584962500721156,9,False,,-0.45512716053005386,0.4629020102918143,0.09174667349443981,0.9540164826449559,0.5867071940787877,0.4553493212978678
bc1qkhw8gakh3ycqe8xavmnkw7wvy9rmjr211pv58y,-0.0834238959961187,1.0978126870373273,8,0.2074081809204278,4,4,3035.8257265334364,532.7755080591282,2.75,49,True,coinjoin,-0.08012630048366969,0.7408952243091967,0.18847606300774578,8.018568079972663,6.279975353675629,0.5042066550477857
bc1qmx15z8vmuhxid4n1u3493wxa73jgzlma5uofwb,-0.1590878956993967,0.5635469510580138,6,0.1940144447945819,3,3,296.7189283842485,91.58647861503944,2.584962500721156,29,False,,-0.14763339901392936,0.4469569269231593,0.17732111271514014,5.696149848077226,4.528143111714249,0.4673771890805003
bc1qhra1361bgmy4iqz6df08upnzasywdrkupcj8mo,-0.5092883052222351,0.5167308670690537,4,0.1378189355879915,2,2,88.60124666005353,36.22201558459693,1.5,28,False,,-0.4116382186752792,0.4165572733345027,0.1291132154775173,4.49536923350076,3.616900403014848,0.4243789256538172
bc1q765efuxq9njc2gouifezac2exva5e742grrdnw,-0.5050249460069377,0.5050249460069377,2,0.0681899437196193,1,1,3.738167398889056,3.738167398889056,1.0,20,False,,-0.40880947348336044,0.40880947348336044,0.06596557464931732,1.5556504362414332,1.5556504362414332,0.3967079633204801
bc1qv50ew25x1fvk1pbcd6fxnoq37ktll8sn5yz7vx,-0.4718957204870089,0.6065965655494607,4,0.138620429907839,2,2,161.32684870892976,55.411015386985206,2.0,54,False,,-0.3865511757368113,0.4741180070417714,0.12981738038093105,5.0896118872650415,4.032664447713714,0.41469496972450354
bc1qvi7lig9gmykvygw22ygyzthqse0kivwm53noz7,-0.5962194466588533,0.5962194466588533,2,0.0542711351995108,1,1,13.281106285008246,13.281106285008246,1.0,17,False,,-0.467637987482196,0.467637987482196,0.05284966105990658,2.658937424849673,2.658937424849673,0.39133934388372205
bc1qq9vjuhbp9vrnegn2b4jtj27yh6uamwjpiwujt4,0.3181360269805804,0.3181360269805804,2,0.0690144906466993,1,1,15.776951330334006,15.776951330334006,-0.0,52,False,,0.2762186378721114,0.2762186378721114,0.06673718728003394,2.820005999808554,2.820005999808554,0.4644554213370613
bc1q9jrd4hqfghdiluvnhdczp0nwntj5r2slrw4vnz,-0.3560099136902958,0.6021943393242571,4,0.1070654856005286,3,1,840.7935629540837,287.36781001790115,1.5,5,False,,-0.3045465004725228,0.4713741517282623,0.10171280789422756,6.735534809543256,5.66423678343199,0.4342149540731944
bc1qyuxczaumapqppmj6jfhvsthbnbizfwtjsjffp5,-0.1610482240278778,0.5761497027416254,6,0.1883731197662778,3,3,984.3686031008996,255.15294525928795,2.584962500721156,14,False,,-0.1493232384835182,0.45498497597376797,0.17258524550691576,6.893015787516706,5.545774708500986,0.45129254025607946
bc1q550kqpga8vc1j2t2tngtg2lgj3s6ogq4ivn2qq,-0.4270081250739277,0.4438157048735756,4,0.1284107240789428,3,1,119.55178360172238,64.2704005583294,2.0,37,False,,-0.3555800322934355,0.3672894041215672,0.12081020389258773,4.792079400052546,4.178538649572211,0.4445683625048444
bc1qzfvb9ektr1t05qxs2u4oj7g4ebc94e6nkar1h1,-0.0742332495641559,0.6058854793631325,6,0.1695281075247718,4,2,2186.36708168756,659.2329046065695,2.584962500721156,43,False,,-0.0716071508720016,0.473675304988966,0.1566003405495887,7.690453853728529,6.492592658538462,0.47186023203600513
bc1qjoznhe8ifxdnm655ck3tb94cllsad0ucswnqmw,0.0409225545395188,0.0409225545395188,2,1.2583104560647214,1,1,274.61594291923785,274.61594291923785,1.0,9,False,,0.040107391610342415,0.040107391610342415,0.8146169478905015,5.619008385504244,5.619008385504244,0.43801766992698843
bc1qdnobk8hup3ftj6ac4jrcq97rcq6w948ju63lxs,-0.226496924886011,0.6943431026978543,4,0.1681433538858094,3,1,346.7213719334006,117.76053651396845,2.0,41,False,,-0.2041620774862039,0.5272951156847276,0.15541561136604903,5.851401503714988,4.777109167517288,0.4416521180730035
bc1qy4vy32i3pj7k99bv2j3t4h8qfdtn0plcfr7cl6,-0.4833949543292958,0.4833949543292958,2,4800.0,1,1,46127.45335332553,46127.45335332553,-0.0,24,False,,-0.3943333488916531,0.3943333488916531,8.476579508530941,10.739185247989044,10.739185247989044,0.5448302398484619
bc1qohpii2mvv4dc0fp672zfbqbk4y7zxdfld9cba7,-0.2938558500573036,0.2938558500573036,2,0.0712747497237484,1,1,0.0,0.0,1.0,57,False,,-0.25762679115417075,0.25762679115417075,0.06884929425573258,0.0,0.0,0.40636021491364105
bc1q0kz6xnomb42o3q825q30zx815g5fjd5mbfsrkh,0.1303255867933115,0.8303551487885886,4,0.1662103416882565,2,2,2277.63700916384,763.680546715481,2.0,52,False,,0.12250572112838502,0.6045100184003881,0.1537594676179598,7.7313327401947145,6.639458160620389,0.4424328539435827
bc1qhfy40jotv7h10b8vk9qkav8c3pq5u74ij643yu,0.561499619562209,1.2856029279809116,4,0.1250124795443989,2,2,1072.2481662096789,549.0654017208288,1.5,30,False,,0.44564665410485316,0.8266298529893074,0.11779412852321196,6.978444998470253,6.310037183376708,0.4668943169984787
bc1qulthycx8ae0jxyo6hfd7lttc954ai2278eqe12,-0.2050180490194321,0.6017632778821378,7,0.2175966151637641,4,3,3687.1145626761263,1424.5195362890538,2.521640636343318,40,False,,-0.18649454526980536,0.4711050711122109,0.19687892819678507,8.212870647826374,7.262291613126619,0.4649400008562334
bc1qw819fmsyg91mmo1ds3hgw10c9ix6r1nxhbqam9,-0.6052337596864243,0.6052337596864243,2,0.084746968015376,1,1,18.49533111556052,18.49533111556052,1.0,16,False,,-0.4732693906412636,0.4732693906412636,0.08134675059250984,2.970175006930514,2.970175006930514,0.39078246622766916
bc1qr90mwb4ll3k4bk8ejnfmoctclka9lz57v4ndjm,-0.5730262639662133,0.5910822585111835,3,0.1074912082808042,2,1,15.627472964234784,12.7296136268461,1.584962500721156,27,False,,-0.4530013206730603,0.4644144504145912,0.10209728455874116,2.811056325208182,2.6195550785861124,0.4191592722618175
bc1qcz75t6xdo7l5dl0ed8a6b3odf76img7zd3q0e0,-0.4339256568386094,0.5968569343087265,4,0.1666416736301606,2,2,9939.908518397448,3640.10920195791,1.5,36,False,,-0.36041589762474296,0.46803728119289006,0.1541292569950716,9.204413695715065,8.20004364002392,0.42712081297660165
bc1qygtmov6ki4epxr9ogjegxeyeb900yeh8uxz3ad,-0.4922005973610986,0.5008254506080029,3,0.0942671258309745,2,1,11.921736580008854,5.960868290004427,1.584962500721156,64,True,peeling,-0.4002519413776057,0.4060152571537579,0.0900848477143736,2.5589108995396153,1.9403042208761372,0.42828228321031137
bc1q0shdkkg1r1cqkih548jrpe2xn9txfjnjd5sloc,-0.4643554834569868,0.4643554834569868,2,40.668392562956,1,1,0.0,0.0,1.0,38,False,,-0.38141520263292805,0.38141520263292805,3.7297428692872883,0.0,0.0,0.4371606033760976
bc1q1pmrg0zpzjho4vudqhibmqimi8acueobqt0d9t,-0.4022775254501189,0.4022775254501189,2,0.3746430809190029,1,1,3.667672799534094,3.667672799534094,1.0,0,False,,-0.3380977187020605,0.3380977187020605,0.31819411990900814,1.5406606176089934,1.5406606176089934,0.39849041925239254
bc1qzhhnbavekvqhmie22tw1bytxza43holdu7jpmm,-0.3107949979732691,0.3107949979732691,1,1.0,1,0,0.0,0.0,-0.0,55,False,,-0.2706338218246137,0.2706338218246137,0.6931471805599453,0.0,0.0,0.4063917860981263
bc1qhkcqwb00n114py4fngbg4pdfcopzfzz5t6v8vl,-0.4600204128912252,0.5219988669131789,6,0.2530230742010664,3,3,4173.535231211269,1912.7215417021437,2.584962500721156,1,False,,-0.3784504170548518,0.4200245149669298,0.2255590909088326,8.336758309222652,7.556805076424825,0.46133875350288767
bc1qaont75ez6iz8er6u0estie6sv5itmtjlegp4h2,-0.2292226696938984,0.4210462443756258,4,0.169256695703789,2,2,59.02763279402869,25.39944464988941,1.5,38,False,,-0.2063819937447884,0.35139339212915377,0.1563682441020434,4.094805002770225,3.2733429739419733,0.43279865730823297
bc1qhwswczt0lfj4b121y50df0wcyr2p6xcw8afmne,-0.2040841021864748,0.4992043320841672,6,0.2511624256360092,3,3,4429.392233229366,1004.53789080804,2.2516291673878226,45,False,,-0.18571919676141782,0.4049345220950758,0.22407305969622288,8.39624339935209,6.913277892051223,0.4377900010758707
bc1qnwd0jfneo2s9nblgu0tbqoivwqm91284sec275,-0.0063107349281761,0.6070392317258163,4,0.1665697098573506,2,2,8459.470101424886,5105.252596241206,1.0,39,True,"fanin,fanout",-0.006290905621781205,0.47439349947904796,0.15406757053722028,9.043160018600762,8.538221067051994,0.44291274045116696
bc1qjt660j08xtr5igzgxoiyfoy0sxylka51e04pd8,-0.6042596912416891,0.6072033842805032,5,0.1571046771735268,3,3,2433.005091630194,662.0173132747409,1.792481250360578,2,False,,-0.47266239860994436,0.47449564021603663,0.14592091704350788,7.797293365422932,6.496801103381473,0.44266888647775604
bc1q8t6aidizs3j0evzymkx9khh83gsv5e033dzqq5,-0.3762111355716445,0.5953671357680188,6,0.2498794948423792,3,3,1629.1063801144833,338.09707308213063,1.792481250360578,14,False,,-0.31933416928936176,0.46710388891455046,0.2230471425409367,7.39640055554513,5.826286417664471,0.43888510181060086
bc1qbobcd11r89d842zsa6ha3vmot4saymwr03v867,1.2245747364997337,1.2245747364997337,2,156.80580762250457,1,1,25572.447782115785,25572.447782115785,-0.0,25,True,coinjoin,0.7995657676875607,0.7995657676875607,5.0613652114259455,10.149309896196549,10.149309896196549,0.5028356989577893
bc1qktior4v1og07vscqmpd7z4kso03w2mrop2byee,-0.1202951192426115,0.5270878399487026,5,0.2057376026425852,3,2,156.00394011620776,82.56802132680681,2.321928094887362,52,True,fanin,-0.11359214992091385,0.42336254910638654,0.18709149805017106,5.05627090131498,4.42566092689694,0.4419836714322283
bc1q2abg9sho5d5afql0dgh6m3sgur4pu6w93k8ekt,-0.0177892389167047,0.5405779262223912,4,0.7052787749046465,2,2,41117.00701993808,13734.0513590654,1.5,9,True,"fanin,fanout",-0.01763286223077607,0.4321576227946102,0.5337286017130031,10.624201431540506,9.52770633780636,0.4676987888881509
bc1qx3x10y14dsf2uwufuk15u2486d43i21pu8bwau,-0.5509009709666393,0.5509009709666393,2,0.1475343072760539,1,1,0.1035967969638042,0.1035967969638042,1.0,37,False,,-0.43883603364964147,0.43883603364964147,0.1376155599139704,0.09857466100430315,0.09857466100430315,0.3913282538967865
bc1qvni8e61493685efzvmt4fvmypj2nnoc3arpyyf,-0.4527156327935792,0.5815835585876648,5,0.1582270367518919,4,1,42916.629499209404,10953.44310461867,1.9219280948873625,48,False,,-0.3734346550376562,0.4584265973900809,0.14689041930491326,10.667037964539249,9.301500415923986,0.4885856994111887
bc1q1aysv6o9e9nhcgw33a8ncxcwc0bogwhupof0hk,-0.3463849514650002,0.5844538225189149,3,0.1235276288223508,2,1,133.7359666791938,73.60671063226847,1.584962500721156,25,True,coinjoin,-0.29742318696405357,0.4602397564732441,0.11647340408306517,4.903317060983202,4.312230458020165,0.4063823789270036
bc1qarpkfzqfo5yvmtd503779u7c1a7yj8hqde7m7h,0.0477018520768578,0.1297527906428286,4,0.1673741485397138,2,2,394.5366757815289,161.67948055881166,2.0,17,True,coinjoin,0.046599053130166546,0.12199883944811633,0.15475690906721445,5.980243515604958,5.091781888009655,0.45192717634041546
bc1q6oq7qh96ycfnhp39lqt9ngq6tlv0gub5kb3pkb,-0.0602808367229876,0.3549417286414607,5,0.2069135963307322,3,2,923.8236777004608,268.03177469484496,2.321928094887362,34,True,coinjoin,-0.058533813338196315,0.303758448714287,0.1880663540772509,6.829603100640167,5.594829494168214,0.44582532050384227
bc1qqy3ot760rs6c4x56v3dgs9gt0r0vip35t54gyl,0.1297527906428286,0.1297527906428286,2,0.3750447644575633,1,1,7.280391048693688,7.280391048693688,1.0,49,True,coinjoin,0.12199883944811633,0.12199883944811633,0.3184862865577375,2.113890195385059,2.113890195385059,0.42407037841369327
bc1qgwlf9yxam97yofcx7culoqvbv1jpvktaf6blbv,-0.3118598516837766,0.5883852138698625,4,0.1258442873575649,2,2,56.18529951568696,20.37836224705284,2.0,39,False,,-0.27144586445322083,0.46271791141134905,0.1185332318400144,4.04629686388121,3.062379300560509,0.421711431497811
bc1qooh1xawj28cw9rtnfw6szf4lur02tyaxy2nz5x,-0.5804093980571572,0.5834865907588849,3,0.2213201679710781,2,1,53.05520126683525,29.02789136451014,1.584962500721156,35,False,,-0.4576839261693823,0.4596291188576936,0.1999323785860118,3.990005770109096,3.4021266618978356,0.41614749019435315
bc1q4jgsqof3wgi8y0423h7t6udojy6g107g8o8g8h,-0.5602490840946401,0.603711894438536,4,0.1265660998414627,2,2,55.02316115072116,23.270221618279844,2.0,51,False,,-0.44484547780709705,0.47232087637768844,0.11917415634711942,4.025765197206726,3.189250151063933,0.4288725307599546
bc1q3c36vfh3mi2dnodkd3hhgwhp08d2qlaw8f52k1,-0.4633440891407144,0.5805518705825491,4,0.1256418879002426,2,2,171.7613074803185,57.48326687509383,2.0,56,False,,-0.380724288602013,0.45777407123183644,0.11835343996734671,5.151910916252786,4.068740676998437,0.4142605149217441
bc1q1amisu1o67u61o85vo1tk5ezs96kw0pn524ksk,-0.4358750341078319,0.5924259418053452,4,0.2107580520735824,2,2,9566.541150066105,3219.8618627752007,1.5,3,False,,-0.36177444323747077,0.46525860302196936,0.19124665276315267,9.166131518316591,8.077404261971065,0.42619478377439857
bc1qcix39ellhlrswp0ykkswnwzf8y7p62zko0e49z,-0.5413681952298351,0.5413681952298351,2,0.3568345799140128,1,1,57.28407169178235,57.28407169178235,1.0,1,False,,-0.43267046045861957,0.43267046045861957,0.3051544721060337,4.065328843193099,4.065328843193099,0.39782907765133413
bc1qqafqsdq26rl0nwrn57lws1yq6t0otgpeqcyh20,-0.372553295178568,0.372553295178568,2,0.3776760247849891,1,1,14.69634325440381,14.69634325440381,1.0,3,False,,-0.3166727243788524,0.3166727243788524,0.3203980395688693,2.753427771493405,2.753427771493405,0.3987374124491853
bc1q802xvxitifxziu6hulprx05h3k7ujj31w0gq34,0.2683701785600844,0.5727978397629322,4,0.167146681369384,2,2,199.9484659479628,95.9808585579572,2.0,14,False,,0.23773275233666882,0.45285609691219475,0.1545620363823059,5.303048486867379,4.574513624576328,0.43581364151579066
bc1qzhz3e88seby8en00bgbb1r3yqs5pyyz5ymit72,0.0333942519431962,0.5973639605678244,6,0.1881656714527195,3,3,11522.79173679583,2379.8879710981123,2.2516291673878226,43,True,"fanin,fanout",0.032848774578717654,0.46835474593940735,0.17241066530241694,9.35216902391302,7.775228794182151,0.44369667843242344
bc1q23ba9incu2lqm585u7d2xg770xdhj5sc36u9cy,-0.1424433062065881,0.594417761869464,6,0.253218473225468,3,3,14866.707574788965,5413.674700930025,2.2516291673878226,58,True,"fanin,fanout",-0.13316921997869144,0.46650863001336823,0.22571502083106867,9.606946863130434,8.596868083933462,0.4425126368176318
bc1qfbffheyzqqxbv0deoegezq0x717hw0bupmtxq5,0.594417761869464,0.594417761869464,2,264.624808575804,1,1,62399.62321096269,62399.62321096269,-0.0,30,True,"fanin,fanout",0.46650863001336823,0.46650863001336823,5.582084819022625,11.041330541662816,11.041330541662816,0.5065057636219539
bc1q1d1kdk2ywfmax9fke4vzn8z4c0x2hyvezrad8e,0.594417761869464,0.594417761869464,2,238.01652892561984,1,1,56125.28093217444,56125.28093217444,1.0,49,True,"fanin,fanout",0.46650863001336823,0.46650863001336823,5.476532708224761,10.935359447629097,10.935359447629097,0.5062877169254164
bc1qpnfircvcz8p5aiekx6mj53yxhzkiew6or6xn6l,0.567660019691291,0.567660019691291,2,0.0850206253739333,1,1,0.0,0.0,1.0,54,True,fanin,0.4495840742419834,0.4495840742419834,0.0815989963729723,0.0,0.0,0.4238676004812491
bc1q2tdo1dfsts3yqfbz9zqhbqiqicb5ntjk2gzaug,-0.089293988020386,0.5958808624818354,4,0.1430674979705196,2,2,19.02556390701219,6.341854635670731,2.0,54,True,fanin,-0.08552976896901453,0.46742584867357634,0.13371543641163045,2.9970096527083547,1.9935914858689325,0.4454475984113071
bc1qcvs3zrb9opllv12bvxejaxvt7cz14wjai9c2bv,-0.557376045192907,0.557376045192907,1,1.0,1,0,0.0,0.0,-0.0,54,False,,-0.4430023827614147,0.4430023827614147,0.6931471805599453,0.0,0.0,0.39047192697673094
bc1qs3k337ov9wxhvy3nukondhkbrjiglg08yvu69q,-0.5813332583106988,0.6025439581301891,3,0.1075094433690274,2,1,69.99242420195547,43.62611059439515,1.584962500721156,46,False,,-0.4582683255846694,0.4715923404069427,0.10211374964484397,4.26257316996741,3.798319127059479,0.4155529513007581
bc1qdo4xxwxj46t9dnzwss9v66dqa4svkxb3ctojtf,-0.2882966397278014,0.497638544685895,8,0.2505290032990668,5,3,2502.269341486038,470.0998506134409,2.4056390622295662,62,True,peeling,-0.25332091151247704,0.40388956404746656,0.2235666644284835,7.825352893107962,6.155070068604355,0.5090804692770836
bc1qsr3jfyusq1u97rwjvie6dueprtiry3ti0m2q22,-0.2107133295555804,0.6022186443565712,7,0.2207887502874853,6,1,61065.69165634647,14359.690935923873,2.521640636343318,61,True,peeling,-0.19120971446328558,0.471389321453537,0.1994971664724098,11.019721851773621,9.572249956759743,0.5475225405896402
bc1qjsfpfmnf7uiwjta882jozibp9of9svca3dc9e6,-0.0970360260211591,0.5892569942008821,4,0.2948458287334768,3,1,56634.847684483226,18913.50323561231,0.8112781244591328,52,True,fanin,-0.09261202124716421,0.4632666077690934,0.25839163689328754,10.944397415024934,9.847684273735855,0.48999593182269247
bc1qlso2z6m81rjwpx5zj2o4q067cszvutbt6ao3fj,-0.2806610769666892,0.4804576755477496,5,0.2063848398869278,3,2,9746.360700292204,2576.903279147216,2.321928094887362,6,False,,-0.24737641098889332,0.3923512802060834,0.1876281517858723,9.18475182994081,7.8547316650091386,0.44061296885129453
bc1qzuztlsuy5lv92beevg429i76berp0iv1topi9x,-0.3716856326564711,0.3716856326564711,2,0.1056916934157989,1,1,0.0,0.0,1.0,47,False,,-0.3160403723323824,0.3160403723323824,0.10047110602628694,0.0,0.0,0.400304540464977
bc1q37l5rptbq818gsvpi2jonew1mkdwvm7a7p4efg,-0.275349762512129,0.4358274886977207,4,0.1670292238312425,2,2,1599.4251042847636,567.2428293721877,2.0,30,False,,-0.24322046452949203,0.3617413301906019,0.15446139483427265,7.378024563116465,6.34254884386234,0.4194684550272918
bc1qd643j2x9a6tdv9rruhcu5m767jez24wpfdfhj0,-0.5926178051420112,0.6021002307336859,3,0.0942664744484029,2,1,17.632466049776443,16.33569810616801,1.584962500721156,23,False,,-0.4653790806996037,0.47131541269004923,0.09008425244586,2.9249055456749873,2.852767849809701,0.4193145278374805
bc1qjb8jxkq054cfg79kt10r709q6ohxxyfgg3ty36,-0.5515054268515277,0.5515054268515277,1,1.0,1,0,0.0,0.0,-0.0,57,False,,-0.43922570270973754,0.43922570270973754,0.6931471805599453,0.0,0.0,0.3913458163452071
bc1qmat2c283jzgn99lt3j6lilb7zwdc5psscp9kjy,-0.5895658916887204,0.5895658916887204,2,0.1476718608192712,1,1,0.0,0.0,1.0,49,False,,-0.4634609548591322,0.4634609548591322,0.13773542151533244,0.0,0.0,0.3875783038191517
bc1qxx60lxet8sjtnwu9s151vl9rz4d4yji359t8zg,-0.1533145562149911,0.591022957254582,5,0.1569279893056481,3,2,392.0753009273264,202.26061269344785,2.321928094887362,64,True,peeling,-0.1426400195305435,0.464377178701315,0.1457682071265032,5.974001198928333,5.314488962038679,0.43508384856398197
bc1qro37u9ssbu7ge3ai6aynpe6swyu2rnadkn2k7i,-0.1281674671212297,0.6072095421048553,5,0.1570722317746217,3,3,600.7638330117843,194.16195715137405,1.792481250360578,12,False,,-0.12059460581616922,0.474499471599554,0.14589287649156757,6.399865064370353,5.273829763342597,0.4398585450639097
bc1qxhl5v32bh1a4ogn378vpcayp9ypdax6kdd49ik,1.5420364357795082,1.5420364357795082,2,0.1057022963334515,1,1,2.615465897851025,2.615465897851025,1.0,17,False,,0.9329655061733931,0.9329655061733931,0.10048069537825392,1.285220726380123,1.285220726380123,0.4923502229579314
bc1q3tdw7v1qsa11ptkftuwfv2ttuswetyx2cb2pn4,-0.0917984303632228,0.5869732072306594,3,0.093865872476404,2,1,6.110917700689024,3.055458850344512,1.584962500721156,44,False,,-0.087826272704863,0.4618285587493699,0.08971809362823847,1.961631307312965,1.4000638378473957,0.4404580514380417
bc1qq8su5nkc419u772ns8erkd0rngct2xfdzoejfv,-0.5597305263678536,0.5979424011044325,3,0.1247717091702392,2,1,32.33517513632626,16.16758756816313,1.584962500721156,57,False,,-0.4445130668324724,0.46871680232928303,0.1175800898822733,3.5066131498833184,2.8430231623101196,0.41527910377918115
bc1ql2e4f4n3za0co76o8qhe4qgfulz2ads83gyzie,0.445358803968069,0.445358803968069,2,0.0852551091393674,1,1,0.0,0.0,1.0,54,False,,0.36835759798559237,0.36835759798559237,0.08181508298594739,0.0,0.0,0.42097581299688697
bc1qdu9v45d3dgc50i32buhbcpla8jz9ds2ulk3fuq,-0.3706256042349845,0.3706256042349845,2,0.0632531906622477,1,1,0.0,0.0,1.0,45,False,,-0.3152672810362363,0.3152672810362363,0.06133325600508374,0.0,0.0,0.40106254981569184
bc1q82sfr23c60cjbmuvhgqk820ps5i5ftojtbpgt9,-0.4292342670121969,0.4936305291190421,4,0.861031593581129,2,2,143.88629249671482,58.480594563475655,2.0,26,False,,-0.3571388232386293,0.4012097529929919,0.6211309541850761,4.975949245105179,4.085650117565459,0.44226522509896893
bc1q67st8li72w4oebmqpjbmwmnohg3vtl1drz0xv6,0.1542920126070456,0.1542920126070456,2,0.0888317696954119,1,1,20.13786375581768,20.13786375581768,1.0,55,False,,0.14348717992930413,0.14348717992930413,0.08510535056224892,3.051065923104073,3.051065923104073,0.423512767923173
bc1qygwow7l7j7y96yg626m8a41zblm576m2yvp6mp,-0.2220422893250193,0.5993021057318917,4,0.1836319921361299,2,2,311.99105417385283,152.74089254405936,2.0,30,False,,-0.2005234667995593,0.46956735017229156,0.1685876706954651,5.746174609217503,5.035268669446344,0.41031542546092564
bc1q6x3b9kyhkzh6ejebhbw9kckwdhx5wgtm16ymbn,-0.5033572814744891,0.6023924097112368,3,0.1018198331050374,2,1,7986.377058308733,4000.897454068212,1.584962500721156,63,True,peeling,-0.4077007947469721,0.4714977685330135,0.09696320653436552,8.9856177068063,8.294523891144275,0.42230517143205076
bc1q3chnj6gdtgcg8zf2l4c0bb6pyma1t6sif6dohe,-0.6029398997107224,0.6029398997107224,2,0.7623989093460046,1,1,7.326566693225852,7.326566693225852,1.0,31,False,,-0.47183938054197777,0.47183938054197777,0.5666758976599154,2.119451209539212,2.119451209539212,0.39573211320902013
bc1qdvvpgb8iy525fnscqqavaqdmfztgp8d20gm62s,-0.4615400870114299,0.4615400870114299,2,0.0945202332374273,1,1,0.0,0.0,1.0,35,False,,-0.3794907338700005,0.3794907338700005,0.0903161240935361,0.0,0.0,0.3898155634186936
bc1q60yup1shntcvl0yqzdubb9mit3vhtn7su62j8l,-0.5692773226315763,0.5835612436467488,4,0.1379111646190822,3,1,164.2763999079122,64.37098750818669,1.5,27,False,,-0.45061520933146276,0.4596762623754307,0.12919426993220226,5.107619223357191,4.180078543953656,0.4466400881820313
bc1q9e8cdk9x0740c98uzzy00ew9jzf4epm7zdng61,-0.5901695734667438,0.6046388479141261,5,0.1716041251724979,3,2,4400.117228512871,1145.0140600017148,2.321928094887362,40,False,,-0.4638406605245196,0.4728987143859497,0.15837385693869607,8.389613703246358,7.044045165961828,0.4371231769400879
bc1qsp5ooa9czv7pqovvi1yx9dy39ck5b8u8h7bi8t,-0.5905705752471657,0.5905705752471657,2,0.0682338605004527,1,1,0.0,0.0,1.0,13,False,,-0.4640928042167408,0.4640928042167408,0.06600668707350285,0.0,0.0,0.38871447584034763
bc1q8p8o85biofu2ncu22kb8ohl1zumkvgg4np4d8j,-0.3913093790590158,0.5389764935040133,4,0.1846421143231739,2,2,4.773656212354941,3.2681065287670585,2.0,5,False,,-0.33024530306270605,0.4311175808635608,0.16944071574252553,1.7533055388299132,1.4511702930078312,0.4652466757816797
bc1qb08vydwox06zxunhu25z8kq86ynii88bycznyr,-0.6050482934351794,0.6050482934351794,2,0.092186057925707,1,1,22.55955820357112,22.55955820357112,1.0,43,False,,-0.4731538454970163,0.4731538454970163,0.08818124552507581,3.1595316066369,3.1595316066369,0.39164934466781476
bc1qb9j52oyyr2ozz9z76mh8pu9jn01n3p6egkazal,-0.5856614443395414,0.6059948880694249,5,0.1698018428216664,3,2,1208.423355433902,313.9633692052351,2.321928094887362,51,False,,-0.46100163531826027,0.47374343249922074,0.15683436935608813,7.097898959240129,5.752456343826283,0.43888037782487616
bc1q8xvi673kllzcuh1i8yatye737fentd7kfn8k6p,-0.0934583783255231,0.6525571953401198,5,0.1715932873659278,3,2,55882.0545181034,14561.63814413082,1.9219280948873625,11,True,"fanin,fanout",-0.08934549760783063,0.5023239035457238,0.15836460649610665,10.931016473976182,9.586214496555307,0.46089585012153933
bc1qyyom0f6qepyohakc37wmfpta7ls9b7ry0cgq4h,-0.2807385187914719,0.5093779062029556,6,0.2761765740040275,3,3,3025.1705374054004,1041.820804020703,2.2516291673878226,11,False,,-0.24743687935543365,0.4116975832916172,0.24386855622974654,8.015053250131533,6.949684632014452,0.4361094130839794
bc1q6hhwmf1gzvg042mz8m6xhigx1pzgsvanry632i,0.0789845442367295,0.3148599957379153,4,0.1575559857141945,2,2,142.0465431520037,54.65909943230877,2.0,5,False,,0.07602036201838229,0.27373019284224576,0.1463108735962094,4.963170053891331,4.019245576166433,0.4423204353695935
bc1qh8hyf87sw1k9m94uzxy4g8on3w9hx6i62r2cxt,-0.1198545713853081,0.1198545713853081,2,7.157057654075547,1,1,0.0,0.0,1.0,32,False,,-0.1131988298987511,0.1131988298987511,2.098883522342447,0.0,0.0,0.43808028746602207
bc1qxlaxhnoc2xi3rnc02blu27xnpzcu7mpa7dzvhl,-0.1351577093516764,0.1351577093516764,2,0.1088305813933715,1,1,24.6715271808813,24.6715271808813,1.0,36,False,,-0.12677159225121404,0.12677159225121404,0.10330592969489093,3.2453824859408966,3.2453824859408966,0.4159440677559938
bc1qqmutwxpiwhwu6yhvwnlbs0umiffvmam3jkx2ka,-0.2025783441311191,0.2890847759918417,4,0.2177929807137257,2,2,5643.549654220514,1912.533418969974,1.5,35,False,,-0.18446787192013175,0.25393249060108136,0.19704018826845454,8.638445695583897,7.556706769552535,0.4412504823720728
bc1q5d3nmyb4bomzqb09uw8pdwxezihzvzgmffohk9,-0.6052476448419488,0.6052476448419488,2,213.5970333745365,1,1,0.0,0.0,-0.0,23,False,,-0.4732780405312801,0.4732780405312801,5.368762006124049,0.0,0.0,0.4967069136580308
bc1qzgivse00hu3x5u7df891qcg41rk4mkzom2e1ba,-0.6040799420707218,0.6040799420707218,2,0.0758134812866179,1,1,0.0,0.0,1.0,16,False,,-0.47255034739860186,0.47255034739860186,0.07307710218452779,0.0,0.0,0.3880237073540212
bc1qku4nc0iba65d2h5lomzolmyqa78cuhcztgzohc,-0.4687537052074584,0.606196581716132,4,0.1487665419914657,2,2,177.4891321846643,60.11862738491981,2.0,31,False,,-0.38441422160158983,0.47386901258924297,0.13868879457665165,5.184527715246653,4.112816686898623,0.4136690724188635
bc1qhdkxzo0yx2tbt68lzf4nub5xx9pkqgbhlft2nb,-0.5903356472076787,0.5903356472076787,2,0.1076985114794272,1,1,2.062452789866009,2.062452789866009,1.0,14,False,,-0.46394509282666224,0.46394509282666224,0.10228444974588423,1.1192161601980684,1.1192161601980684,0.39485455722915974
bc1qhop0e62n3pp1vm3i0gxhc660ujrihz8eekc8u0,-0.5940531374458518,0.6060805240706618,4,0.2169751677696446,2,2,5131.402322067836,1956.1898833759467,2.0,1,False,,-0.4662799157257264,0.4737967537885862,0.19636840933513292,8.543329117453899,7.5792649904745435,0.4302805443552035
bc1qo3xt083rwr3ow37gjnxi5p2qfs7glb82motz60,-0.586313748202486,0.5899865057790947,4,0.2187330697059762,2,2,44151.440812792,14748.510116555066,1.5,57,False,,-0.46141292723105565,0.463725529264739,0.1978118517101302,10.695403489051921,9.598965148779476,0.45955568062879015
bc1qfiigu72dd9eqsimyo7wy66qb3kbwifd8wzgl51,-0.5907122945008669,0.5907122945008669,2,0.1066767416922709,1,1,0.0,0.0,1.0,12,False,,-0.4641818998800926,0.4641818998800926,0.1013615981576459,0.0,0.0,0.3873817796096276
bc1qegyyj5n860ath9kp6asssuljaf4wnsmw5gyrw6,-0.3800261189714423,0.5625504550362418,3,0.1623521011193025,2,1,170.92436781867238,94.03635208067128,1.584962500721156,51,False,,-0.3221024257809041,0.44631939333026394,0.15044562554199667,5.147054658122928,4.554259471888119,0.4045460151493123
bc1quacotfvan0fvel57obvlxuiiy3xgwk1gpcxway,-0.4331520960383448,0.6065469972957671,4,0.21480100762556,4,0,1925.206328899268,952.0311797689176,2.0,29,False,,-0.359876281412201,0.4740871536094687,0.1945802836470975,7.563307714813022,6.859647620609991,0.4941674485140934
bc1qf3d4d32nkx5zt5tt9ka1dluclle4a2g76rwr3s,0.0705262006667172,0.0705262006667172,2,0.1067629510317638,1,1,22.25931886920134,22.25931886920134,1.0,55,False,,0.06815030391550289,0.06815030391550289,0.10143949442002871,3.146705863308414,3.146705863308414,0.4264105918346432
bc1qgvzpfcglckwt2e077u55d5q3ov9jydfzdtc5pa,4.940872997778632,4.940872997778632,2,189.4736842105263,1,1,3678.074313300848,3678.074313300848,1.0,49,True,peeling,1.7818560918986226,1.7818560918986226,5.249514044397302,8.21041645422147,8.21041645422147,0.5898353597774498
bc1qo5awlgitiz7tfp3g21cqtp3174gu65s6y5h3o0,3.994612349089405,3.994612349089405,2,92.85330467490596,1,1,0.0,0.0,-0.0,49,True,peeling,1.6083598012989675,1.6083598012989675,4.54173297471845,0.0,0.0,0.598648118808023
bc1qit8d9gx2hivdts8mg00crz17a8rnxpwnua6tdx,3.1992191560204155,3.1992191560204155,2,119.83356449375869,1,1,2326.216209244364,2326.216209244364,1.0,49,True,peeling,1.4348985927717088,1.4348985927717088,4.794414098676586,7.752428072284084,7.752428072284084,0.5461896177291875
bc1qzmvutiymr0az0znz3t1wm3eqlsu8mijpw105uv,-0.1014658345256863,0.1159366942779884,4,0.2164418118484356,2,2,24.071063669587563,8.02368788986252,2.0,63,True,peeling,-0.09664186955333043,0.10969413679280586,0.19593004966704722,3.2217143392553047,2.199853107484534,0.465601888877808
bc1qqwfwp9k1uoaa2qyruy4kj8gvskoi4swh0tt9kv,2.7055005700994306,2.7055005700994306,2,23.12014985282312,1,1,0.0,0.0,1.0,49,True,peeling,1.3098183562614927,1.3098183562614927,3.183047584643297,0.0,0.0,0.5532964131145257
bc1q1a5ugxbrytivr40dm9if826bhyz1ov5vxa8mku,-0.5902596205720508,0.5989668941056344,4,0.1520477612990932,2,2,1285.7737731631355,431.8569503762069,2.0,21,False,,-0.46389728628150856,0.4693577295134278,0.14154102087529818,7.159893413717266,6.070407304772573,0.42080613730311645
bc1qxtf52bwhnybjk8jv7ojmp6o6f7n2elmv5e71g4,-0.5078640018233596,0.5078640018233596,2,564.7058823529412,1,1,52695.795522451306,52695.795522451306,-0.0,31,False,,-0.4106940810516326,0.4106940810516326,6.338074300656266,10.8723099266551,10.8723099266551,0.5185751100128497
bc1qnipg43tlrcelmdz5vaiegd572i2f8rpjx0wuzl,0.4817599480732947,1.5350235702129684,4,0.4807030281787114,2,2,649.7096501675924,220.0937083008715,1.5,31,False,,0.3932305353958834,0.9302029349143072,0.39251699402986506,6.478063536831406,5.398586631107862,0.46651414174128775
bc1q1wmfpt00e2qmk3uhk6hmrtiehc2yix79pbrtg6,-0.513749827552486,0.513749827552486,2,28.207639569049952,1,1,271.07220383932736,271.07220383932736,1.0,37,False,,-0.4145899019644225,0.4145899019644225,3.3744303041323707,5.60606748636062,5.60606748636062,0.4352978452232511
bc1qo3hli32bs5mygkndr07vo79i3evjn2j6bvvbbb,-0.5011316177721603,0.5011316177721603,2,5.878750765462339,1,1,56.4941253561856,56.4941253561856,1.0,0,False,,-0.40621923553069333,0.40621923553069333,1.928437060671104,4.051682774865316,4.051682774865316,0.4093771541093426
bc1qs6gkj71k16y0upu536lzms804bfpv0v6443ktx,-0.218930824478555,0.3317173069246679,4,0.2177530481331267,2,2,2075.070424356624,1100.5109732567237,2.0,63,True,peeling,-0.19797410112727454,0.2864693175552537,0.19700739678750562,7.638232166810897,7.00443812829602,0.4285277636193895
bc1q22hr5sosc0whs14eci9rtj6u5a2x54u44qunf5,-0.3571635504292095,0.5912929158620504,3,0.3592714772821778,2,1,92934.03851364122,46467.10340179252,0.9182958340544896,16,False,,-0.30539689711961776,0.4645468404312498,0.30694887775200413,11.439656017457187,10.74652140785669,0.48922428147693703
bc1qzbl5kzhcmz2rno6cysvuhiwzwt994pn8qix43i,-0.3498867077819236,0.3752098657763927,3,0.1610226928933205,2,2,457.4421034009735,230.06747167418072,1.5,17,False,,-0.3000206687673062,0.3186063491273721,0.1493012485138129,6.127834009788668,5.4427097530428385,0.4347690929820187
bc1qbfv9xomigc3j3yc6wz8l6m5wk3bneguarhjrhe,-0.461156454210862,0.576617326480483,4,0.1510984807082741,2,2,34.40568047908303,20.37596350058872,1.5,21,False,,-0.379228214106241,0.45528161935905626,0.14071668707724394,3.566872272777336,3.0622670898578637,0.42591251646966277
bc1qubrj174wyags1kwqjl8ez31t6erq5a83892143,-0.4173867657883407,0.4173867657883407,2,0.1072739564534783,1,1,0.0,0.0,1.0,32,False,,-0.34881487038721504,0.34881487038721504,0.10190109958032266,0.0,0.0,0.3936529908868502
bc1q8iio1q3dzvwe8g358geejgbjxg56w0mqa1ccyy,-0.5988727614744773,0.5988727614744773,2,0.1089577385216049,1,1,25.510870218663847,25.510870218663847,1.0,13,False,,-0.4692988568735692,0.4692988568735692,0.10342059990685921,3.2775548458151262,3.2775548458151262,0.39034073145694137
bc1q4jufn24xcrwdwf1tqv0r095uhgcrkfkj6xhpd3,-0.6016780917832937,0.6016780917832937,2,0.1075890099818692,1,1,0.0,0.0,1.0,40,False,,-0.4710518869961095,0.4710518869961095,0.10218558989443256,0.0,0.0,0.3874485634997256
bc1q7fbv2i6oeuh8vaqvbdim28aqwd1bqfdtnbs5xr,-0.3450758328093699,0.4515465253652635,3,0.1127364333532825,2,1,2857.266427521561,1437.2589757971216,1.584962500721156,47,False,,-0.2964503927353453,0.3726295572690675,0.10682223684065617,7.9579705758109895,7.271188616500652,0.4181179859925784
bc1qgfxamhv1f070vk32rgwhgxmd7qcq3za8e83mte,-0.4789777699534393,0.5958918490295778,6,0.3205903215612452,4,3,10934.013870482026,3536.4789868407024,2.521640636343318,55,False,,-0.39135115315825963,0.4674327329656206,0.2780788499321877,9.299725201558351,8.171169601818148,0.47931528425326553
bc1q025ju26sphncasljsi3uduurwudkbu0t369o8w,0.03263152657842,0.7462456732388852,3,0.1136696528339352,3,0,12.772186384570247,11.10327081707652,1.584962500721156,25,False,,0.03211042425670698,0.55746815384159,0.10766055608627484,2.622651078972431,2.4934757315349234,0.5000659109748675
bc1qlpf4g9h0y05ml51aatn209qvwas1udjoau4du0,-0.6016919322920157,0.6016919322920157,2,0.1062697949017557,1,1,3.8852037507739294,3.8852037507739294,1.0,34,False,,-0.47106052821371347,0.47106052821371347,0.10099381087641426,1.5862109940975873,1.5862109940975873,0.3941646168264508
bc1qmt4c46p9nbav4vjhp60iq7sddvxylfu2faw2xc,0.0226514819233772,0.7404013552984473,5,0.1896424493551498,3,2,91.06264347961876,36.83004449126775,2.321928094887362,39,False,,0.022398746542222566,0.5541157505922204,0.1736527992487043,4.522469252723943,3.6331036147285114,0.46554672609437053
bc1qh1joqnuvk6jopzdtjxaf16yfeiq7ka8obm5ry6,1.3808417008375409,1.3808417008375409,2,0.1089921005956721,1,1,0.0,0.0,1.0,49,False,,0.867454080975999,0.867454080975999,0.10345158534527078,0.0,0.0,0.4904999631078994
bc1q9ufzdepcgwluk5o5cvhjobeifdd56h6u9wcdb6,-0.404331340175913,0.404331340175913,2,0.146662660603252,1,1,0.0,0.0,1.0,28,False,,-0.33956127503693395,0.33956127503693395,0.1368556890511398,0.0,0.0,0.39462891976936787
bc1q9phwn8ddinz298l4jm8c9tfldy3ygqaop37728,-0.4207386502309785,0.4336854244155687,2,0.07531564577936,2,0,17.81284072474253,17.81284072474253,1.0,29,False,,-0.3511769125874176,0.36024834880672285,0.07261424246134147,2.934539653959302,2.934539653959302,0.44597682525923993
bc1qxuxnb9dssrkfi53llp0nfdd2pj0mmug8xjk31d,-0.4762715484317431,0.5230825066243587,4,0.2113592121976771,2,2,6112.58495134684,2045.8954493104843,2.0,58,False,,-0.3895196851590548,0.42073624619772126,0.1917430450273147,8.718268615185229,7.624079509276544,0.42669908878443547
bc1q2s530tj2t9o5a439gf5lxk2g5eol0ta8rd05n9,-0.0985874105327183,0.0985874105327183,2,0.0761565616722711,1,1,0.0,0.0,1.0,35,False,,-0.09402518230557731,0.09402518230557731,0.07339595456788917,0.0,0.0,0.4252947843034926
bc1q3i1rd31tb0515f9mz99zjuk9qs57wc8mmferft,-0.5899839265676677,0.5899839265676677,2,319.40850277264326,1,1,3126.938510876721,3126.938510876721,-0.0,37,False,,-0.46372390710410455,0.46372390710410455,5.769596752834098,8.04812944382388,8.04812944382388,0.49772902468116254
bc1qydw9f6y5v9jrehmiqp56a2tyznm5saxyk2e58f,-0.6067786455124676,0.6067786455124676,2,0.244025402366538,1,1,0.0,0.0,1.0,51,False,,-0.4742313333427741,0.4742313333427741,0.2183524140172968,0.0,0.0,0.38848003166406697
bc1qmpyi46n05fl0463na7hn98x16f4zzw5uk4sha6,-0.5999640495263331,0.5999640495263331,2,0.0760014443793017,1,1,0.7440373103688339,0.7440373103688339,1.0,37,False,,-0.4699811599472609,0.4699811599472609,0.07325180409863753,0.5562027188180602,0.5562027188180602,0.39934123497685114
bc1qtnkziy75itdl35jrj9r3vp8lim06etcqr3ev1r,-0.4001633940391677,0.5821284762444624,3,0.1123521963944134,3,0,26.44125925073452,15.66106786008702,1.584962500721156,25,False,,-0.3365889398391044,0.4587710773276901,0.10647686905840119,3.3120476928664755,2.813074731928675,0.47352480705255495
bc1qdnf4x13qinf2p091pqfmpah3qn21r91r0hrlia,-0.5072824514652507,0.5107518531603579,4,0.2181193016648006,2,2,20590.073790542847,7036.259473161015,1.5,2,False,,-0.41030832840291065,0.4126074429080308,0.19730811331270803,9.932612949732576,8.858974093982663,0.4450233409920248
bc1qyf84z7ht7ryme6psrb6y2s79vicmnia2y7vfhp,2.0175372546188366,2.0175372546188366,2,237.6891334250344,1,1,13629.761824365523,13629.761824365523,-0.0,2,True,peeling,1.1044410201001915,1.1044410201001915,5.4751620083246,9.520084416332244,9.520084416332244,0.5152005974442223
bc1q0s5rmjpcza3sfgho4qhcg7fd143xrv8df2f5nk,1.7066042125968637,1.7066042125968637,2,178.69700103412617,1,1,34384.97723007328,34384.97723007328,-0.0,2,True,peeling,0.9956947910755439,0.9956947910755439,5.191272104914174,10.445404121593604,10.445404121593604,0.5038012472881109
bc1qav3g60992a96gorcpacq5ah9og5bmabuhoqjku,-0.4012526907291606,0.4089580779981833,4,0.2146002697406168,2,2,3596.88039688914,1241.2540111930962,2.0,63,True,peeling,-0.3373666156372939,0.34285047945630037,0.19441502656316473,8.188100172404086,7.124682759451333,0.42370464976902017
bc1q45pu2pitt8bo7jfm03tdv0iqf1g5fu3hxk13c3,1.49184405413296,1.49184405413296,2,313.6116152450091,1,1,69868.2665462407,69868.2665462407,-0.0,2,True,peeling,0.9130230203687539,0.9130230203687539,5.7513389106197055,11.15438115408537,11.15438115408537,0.502913728593871
bc1qvj0va0stka0914abazd84vf16185ibjubi6mgh,0.259731351665404,1.2808764698084545,5,0.2705783612471658,3,2,3847.396039978945,1626.834737339568,1.9219280948873625,2,True,peeling,0.23089848526630616,0.8245597856798808,0.23947219936305042,8.255411727482045,7.395006028719041,0.46507774015578285
bc1qk2yb4u33k2w1i5ki7ve3au09ie8jjfupmvl5ve,-0.1553706475842671,0.5482952015611263,4,0.2205564199404446,2,2,234.1240148488857,79.9380689690776,2.0,53,False,,-0.14442119949348436,0.43715445566975103,0.19930683668981675,5.460113097708688,4.393684281602925,0.41489144025495905
bc1qxu6m9deocirio74jlys7jd6z6pq1auf0tj5jgz,-0.6067672193654408,0.6067672193654408,2,55.94043379734542,1,1,2045.1717575092096,2045.1717575092096,1.0,32,False,,-0.4742242221033474,0.4742242221033474,4.042005700320088,7.623725890939855,7.623725890939855,0.44908310131811907
bc1qfdtzj2l72v08ktrpw3hhigvummwcmzx8j5ms20,-0.5618192194045852,0.5618192194045852,2,69.34189406099519,1,1,16351.105119084526,16351.105119084526,-0.0,8,False,,-0.44585130810271234,0.44585130810271234,4.253367553908144,9.702111921498211,9.702111921498211,0.49296632388708905
bc1qt3t9lp2e2asoevgkh250cvgfgm1tm27o19qtg1,-0.5907991187939197,0.5907991187939197,2,0.1109034523833973,1,1,4.243460852553493,4.243460852553493,-0.0,42,False,,-0.4642364804122959,0.4642364804122959,0.10517360533623796,1.6569817483644802,1.6569817483644802,0.4480357397449129
bc1qpgyboa763bupgrkbzwb1ui1tgf4d8h4zpatqxl,-0.3827223874452765,0.3827223874452765,2,0.1090829895556825,1,1,22.68123132758497,22.68123132758497,1.0,39,False,,-0.32405430038953775,0.32405430038953775,0.10353353835079782,3.164682807295045,3.164682807295045,0.3957725042160811
bc1qkdyp4rpekzzmalqhpqpfie952ex2jz8k7zoj3e,-0.2787858164802657,0.2787858164802657,2,0.2449965689137918,1,1,0.0,0.0,1.0,32,False,,-0.24591104686917997,0.24591104686917997,0.21913277402033673,0.0,0.0,0.4055757583469628
bc1qvg9353r4dtad4wugzbguqjj1gjpmh3uq1amkt0,-0.574113915020864,0.574113915020864,2,0.2433192805184052,1,1,0.0,0.0,1.0,47,False,,-0.45369252032486834,0.45369252032486834,0.21778464239162662,0.0,0.0,0.3880042515024121
bc1q2v4b2rcybrxodhs6jhb0c148mo64e51o762nky,-0.1853217231068986,0.1853217231068986,2,0.1094200673110715,1,1,0.0,0.0,1.0,44,False,,-0.17001423403138677,0.17001423403138677,0.10383741691155936,0.0,0.0,0.4152881394597262
bc1qw1qxph1y3bqhok3zy5sro0l9layke3zcxu11to,-0.2255167034822803,0.396113563879959,4,0.2121830914143206,2,2,65.68003483446266,51.9655287047402,2.0,24,False,,-0.2033625538256448,0.3336923505157022,0.1924229417612424,4.199905580294915,3.969641300151762,0.4261536027688766
bc1q811id07t3ljokbzvyx9d18k9vak1vpangw3paj,1.512162226595825,1.512162226595825,2,138.35068054443553,1,1,790.5269600946499,790.5269600946499,1.0,52,True,peeling,0.921143827171916,0.921143827171916,4.936993637622064,6.6739639407683224,6.6739639407683224,0.5069420621416819
bc1qz2y3c0eq4aw8jhe5s517dxj17x6xda71ebvfwb,-0.3672763728427159,0.3672763728427159,1,1.0,1,0,0.0,0.0,-0.0,61,True,peeling,-0.3128207120276061,0.3128207120276061,0.6931471805599453,0.0,0.0,0.3956770173321489
bc1q5hsts68cfff8tx134l8xafsumuxqjctpvev64g,1.270372492180582,1.270372492180582,2,134.3701399688958,1,1,2608.401068219575,2608.401068219575,-0.0,52,True,peeling,0.8199439115030722,0.8199439115030722,4.908012804169944,7.866875998205203,7.866875998205203,0.5048383884586863
bc1qw29py5kh2nxxms3rag0kxxkxnoad78qig6uo3z,1.1157056245914525,1.1157056245914525,2,367.6595744680851,1,1,59959.22862955658,59959.22862955658,-0.0,52,True,peeling,0.7493883855050201,0.7493883855050201,5.909873655800788,11.001436765243897,11.001436765243897,0.5060273034486135
bc1qlmi1j1z322kaioz46te5u9in7ofhepn3vwtkcn,0.9157105620446776,0.9157105620446776,2,570.2970297029703,1,1,0.0,0.0,-0.0,52,True,peeling,0.6500886044864029,0.6500886044864029,6.347909266527282,0.0,0.0,0.5439606360015632
bc1q8ueno88uogmvv6v3v020iltr9uqrvn2aejgs5j,0.7585534469338769,0.7585534469338769,1,1.0,1,0,0.0,0.0,-0.0,52,True,peeling,0.5644915659496278,0.5644915659496278,0.6931471805599453,0.0,0.0,0.482914980599276
bc1qkb9z7fw0c20x450uheh3rfwtevtx3nf27e6l8x,-0.55683414978119,0.55683414978119,2,0.1112241088554472,1,1,26.70406358908636,26.70406358908636,1.0,8,False,,-0.44265436809107495,0.44265436809107495,0.10546220845684082,3.3215791024009214,3.3215791024009214,0.38886356700260194
bc1qcgmiurpv2wj6o6u9179b9nt5dxi7qodsu9f16x,1.5795370995476703,2.637115299943232,3,2.0924994550782667,2,1,2196.7979720171265,1276.62568684485,1.584962500721156,49,False,,0.9476099640560786,1.291190867438906,1.1289796490769777,7.695211216279268,7.1527587022441255,0.5315470693984229
bc1q1gbz30v0vsgqg034l4kv2ra0t51lc8a4oc1cqb,-0.2200952216692249,0.2964360196732348,2,0.1087420968471714,2,0,17.45680049621079,17.45680049621079,1.0,22,False,,-0.19892890624792461,0.2596189762815927,0.10322612663173517,2.915432893154246,2.915432893154246,0.45252724452337345
bc1q7u2mrix5vcmgjvc2smtc0d6qj2onveox3akv62,-0.3900040714086406,0.3900040714086406,2,142.5742574257426,1,1,5212.488084938902,5212.488084938902,-0.0,26,False,,-0.3293066762092751,0.3293066762092751,4.966852374706636,8.559004408802446,8.559004408802446,0.4989345207522148
bc1q110bs6to8wyaqtflvm8nyzhhizebg9k4ssb1pb,0.3603510725335648,0.7305969346787945,4,0.1791517351954884,2,2,159.7838929370719,59.1520702896708,2.0,2,False,,0.3077428080039563,0.5484663979412698,0.164795311489332,5.080061183425895,4.09687586060927,0.44701539023914805
bc1q2ixexb92yfai6yr8nkrz25yyexhpcocwmij5rn,-0.4978506135625895,0.5809179743616487,3,0.1339924742961389,2,1,12.537885840271978,6.972171564497946,1.584962500721156,53,False,,-0.4040311561987616,0.45800567475721665,0.12574456886038124,2.605492113510751,2.0759569230043193,0.42160271731298854
bc1qrtqhnol3obopab05dwjate4vv9c0xfevmy1qnq,-0.4410500518345523,0.4410500518345523,2,20.61560486757337,1,1,0.0,0.0,1.0,26,False,,-0.3653720505117083,0.3653720505117083,3.0734155014233338,0.0,0.0,0.4289734934832345
bc1qm3rkl39vel08kklseauzvmmh541oo5vyfrrloa,-0.5716307113908531,0.5998408896049233,3,0.1151109808414826,2,1,28.81326342960844,27.40014612573934,1.584962500721156,34,False,,-0.4521137499917986,0.46990418030393055,0.10895393434584356,3.394953376022439,3.3463942904264354,0.4146035209488146
bc1q8o34lpqk5fp7ah2csanhapywdrdpmpcejcilpj,-0.4187548525667399,0.5985341223475489,3,0.2227630873313807,2,1,3705.234370916205,1856.975509219778,1.584962500721156,64,True,peeling,-0.34977962255308503,0.46908703576946886,0.20111312357480085,8.217771645783674,7.527242738027372,0.4136227241464083
bc1qe7cxsuo874ohl5thlvjyqtaybgi0rr0tiaxufv,-0.0618411346251948,0.0618411346251948,2,11.88445667125172,1,1,2477.825013977873,2477.825013977873,1.0,59,False,,-0.060004320881531,0.060004320881531,2.5560216756756113,7.815539942201259,7.815539942201259,0.4553463917381502
bc1qpig3yvr2eu4kb57l1376qwvgfri7fz5xbiguj9,-0.0385076201640953,0.2092520451122108,2,0.0753755692425802,2,0,1.92619623512283,1.92619623512283,1.0,7,False,,-0.037784701971139555,0.19000202394318536,0.07266996730256198,1.073703366351443,1.073703366351443,0.47806578722300114
bc1q6aylld4yeo6ppywh8ea329hf1pw26rqh7o0zbo,-0.3284108196940754,0.3284108196940754,1,1.0,1,0,0.0,0.0,-0.0,35,False,,-0.2839833553939962,0.2839833553939962,0.6931471805599453,0.0,0.0,0.40284041740171095
bc1qek0brz0eraxp2ngqeua73abzgs9w275280kqlr,-0.5194805228153655,0.5194805228153655,2,0.2465377004367198,1,1,0.1731157760362595,0.1731157760362595,1.0,37,False,,-0.41836851513879997,0.41836851513879997,0.22036986855957882,0.1596632655989103,0.1596632655989103,0.39906532470286493
bc1qj6sb053akzxfp5ke09jneftz53c5dwumjacypz,0.0912893231615958,0.0912893231615958,2,0.1486637042899974,1,1,8.149732679938538,8.149732679938538,1.0,64,True,peeling,0.08735986249296548,0.08735986249296548,0.13859927046448028,2.213724663553391,2.213724663553391,0.4202980542784229
bc1q7f638zkrg6wmz0zcssf8hstrlt4csnc0zjxoq9,2.928920573455367,2.928920573455367,2,99.19632606199772,1,1,3626.5990579483055,3626.5990579483055,1.0,47,True,peeling,1.368364724911404,1.368364724911404,4.607131521930621,8.19632629188331,8.19632629188331,0.5362819917925792
bc1q1n5t844qh2btufdoapmlqs8lxsol15m9gqjanq,2.4249934961818025,2.4249934961818025,2,545.1104100946372,1,1,0.0,0.0,-0.0,47,True,peeling,1.2310995727873644,1.2310995727873644,6.302821171592491,0.0,0.0,0.5793926060600488
bc1qf65j1vrkf4ht69a14350q8obw3j6sog2lbwtbv,0.758786168391018,2.0300469520632864,4,0.2138223529739311,2,2,4564.693322937825,1806.8772405915645,1.5,47,True,peeling,0.5646238940628795,1.1085781151316778,0.19377434994780263,8.426325659467823,7.499908640744059,0.48959119909598425
bc1qrr43ur4mfjhojalbh1nyks9urxijam31bxpgwj,-0.1655692221951752,0.4527734881806591,6,0.3223311305714662,5,1,158973.96014155762,35026.546969931,2.2516291673878226,60,True,peeling,-0.15320957043285105,0.3734744799240548,0.279396187048327,11.976501985414128,10.463890087188917,0.5615109453917578
bc1qx3bid6v1lk4aglbd0xqtqv8elspj6sfas04lx5,1.574640089445526,1.574640089445526,2,0.2393603758844421,1,1,37.04546983006773,37.04546983006773,1.0,47,True,peeling,0.9457097532576944,0.9457097532576944,0.21459542063335524,3.6387820188771838,3.6387820188771838,0.4822354152904233
bc1qnwkq4ksd9gao4h86dd372dtf2533uot477iqfx,-0.488048368043563,0.5810578356214993,3,0.1672767449184526,2,1,4466.312991357131,2235.2032351231987,1.584962500721156,11,False,,-0.3974654412882312,0.4580941392290195,0.15467346736585288,8.404542386360488,7.712534722417882,0.41656216496272336
bc1qlj2twc5kqqljwqrlvc35ty40qculvuksvzoots,-0.5143551763734211,0.5143551763734211,2,0.2499316593119069,1,1,4.996320847213457,4.996320847213457,-0.0,53,False,,-0.41498972220065233,0.41498972220065233,0.2230888772691369,1.79114608901778,1.79114608901778,0.4473346766614629
bc1q2vwmd5tfu2snx1se3xr6n18beqerftnvijzx4x,5.562867664613286,5.562867664613286,2,1728.0,1,1,282973.6490519726,282973.6490519726,-0.0,25,True,peeling,1.881427651432325,1.881427651432325,7.455298485683291,12.553112593291257,12.553112593291257,0.5993226042502444
bc1q5259gmq2p014x5dlwy1p6mxswy0szkbnsh8llr,5.040491852046509,5.040491852046509,2,2215.384615384616,1,1,0.0,0.0,-0.0,25,True,peeling,1.7984854410893123,1.7984854410893123,7.703632595706072,0.0,0.0,0.6417583332033956
bc1q9ewo7tcbw5qqb5i92wmsj9uk693p483chelhrx,2.7602858656087204,4.439506864521042,3,0.163549735966871,2,1,108218.696765113,54117.31778232774,0.9182958340544896,25,True,peeling,1.3244949825992403,1.6936884068546803,0.1514754497025155,11.59191866917019,10.898927998696086,0.5836504367741537
bc1qdou0ze3lnzkf3ikn9ntwjipo86k24zn0mwmkcw,2.5800949019396846,3.935426380834675,3,0.1139451849806882,2,1,200580.46282492345,100290.44844106828,0.9182958340544896,25,True,peeling,1.2753893089829533,1.5964390685118321,0.1079079347115927,12.208975741590596,11.515835710505316,0.5832137809723088
bc1qcxotx76d2kjrzcv3hrqa9vzeox981bf8w80uxn,-0.2733358637448019,0.2733358637448019,1,1.0,1,0,0.0,0.0,-0.0,61,True,peeling,-0.2416401211825372,0.2416401211825372,0.6931471805599453,0.0,0.0,0.4070003510095749
bc1q3e6oqe09o8a906k37e4ey9jvb6hpphpm0d5wlw,2.371089995624732,3.598665380030512,3,0.1153298357662203,2,1,9453.649449849583,4735.2453800555895,-0.0,25,True,peeling,1.215236132906758,1.5257661266218367,0.1091501779976011,9.154261904767967,8.462999986888807,0.5690796394097432
bc1q46pl5nbti1ncv10x6wm1xrp4jdva787tag2m09,3.1579544485643334,3.1579544485643334,2,2032.9411764705883,1,1,318019.55223140167,318019.55223140167,-0.0,25,True,peeling,1.4250232342445803,1.4250232342445803,7.617730656067689,12.669871289332404,12.669871289332404,0.5462130809921933
bc1quk18c7j0znruhmezvsq3heykukpxpsbtnbdzri,0.8328030917478677,2.8612709074487137,5,0.1918006977638347,3,2,467681.1948814621,119345.08412397628,1.3709505944546687,25,True,peeling,0.6058465390543879,1.3509963799200257,0.17546535480114797,13.05554427346069,11.68978282120757,0.590352399350456
bc1qd2rttdwospe14ot4fpuh7znjzhobhgs59ymzy6,2.5811594694527416,2.5811594694527416,2,2928.813559322034,1,1,484778.99155824905,484778.99155824905,-0.0,25,True,peeling,1.2756866221255088,1.2756866221255088,7.98269406835583,13.091450441347284,13.091450441347284,0.5506462363080176
bc1qj0ua9o6h0feeb9i9exbnxdxwbc1jlidiggn92f,0.9074711595245494,2.329542915460554,2,0.1091916908156391,2,0,4.17796430537139,4.17796430537139,1.0,25,True,peeling,0.6457783645468657,1.202835031946518,0.1036315435807231,1.644411987789052,1.644411987789052,0.5488423560286547
bc1qi1wr63juwmw3m4dy99o3ucr68nixc6odr9houn,-0.5715616427876499,0.5715616427876499,2,0.1120420572685339,1,1,23.296499570438836,23.296499570438836,1.0,47,False,,-0.45206980193171725,0.45206980193171725,0.10619801639783667,3.190332289370994,3.190332289370994,0.38898810269222533
bc1qx5zphw7lhxol0iuod0fuviv6txomi8co2xzdir,-0.2464228972276178,0.4332366965772046,3,0.1673645570682791,3,0,6.356823020323251,5.763639471976519,1.584962500721156,22,False,,-0.22027776665528823,0.3599353107658618,0.15474869275468944,1.9956281847036286,1.911561128606991,0.4920623628495852
bc1quf0ue99oh12pgx409wnzmo7gde74v6aousx9dx,-0.5649451893102525,0.5649451893102525,2,0.1071116428124244,1,1,1.0485992638456711,1.0485992638456711,1.0,54,False,,-0.4478508005738533,0.4478508005738533,0.10175450032371766,0.7171562736751536,0.7171562736751536,0.3956916569643586
bc1qb1hi8h7pr28j2k3tydccpvb96do9uzxca4x76b,-0.4197455868614318,0.4197455868614318,1,1.0,1,0,0.0,0.0,-0.0,46,False,,-0.3504776913792597,0.3504776913792597,0.6931471805599453,0.0,0.0,0.39485692830584423
bc1qt3ppe690cwbke4hs0lt59hhpzuyr7vhtclr452,-0.020137884525629,0.6198765362431927,5,0.1917852005753556,3,3,2391.818029601333,604.9824602836383,2.2516291673878226,26,False,,-0.019937799067543595,0.4823499341444357,0.17545235154543135,7.7802270422260555,6.406851042224106,0.4289045760125214
bc1qc7hp4nn4gct8bwk8xn29gxekbzcmlox8gct3m9,-0.5357979124933552,0.5357979124933552,2,0.2525987115711552,1,1,6.250226710981903,6.250226710981903,1.0,8,False,,-0.429050058682594,0.429050058682594,0.22522036250506602,1.9810327388579347,1.9810327388579347,0.3903670547472836
bc1qqtzjs6pvs9v9bd9zmq77hns54gwdfo1nnj5rxc,-0.5012297960904822,0.5012297960904822,2,0.1496672761335261,1,1,36.62622855427124,36.62622855427124,1.0,47,False,,-0.40628463626353223,0.40628463626353223,0.13947257541129512,3.627701375141171,3.627701375141171,0.3920243465369458
bc1qsmvvbjb1jven2z7mb41g877fxv7a7kx7mr9vqi,0.3672354011009885,0.5049994483889817,3,0.114336883570028,2,1,47490.62232722452,23751.43179806684,0.9182958340544896,14,True,"fanin,fanout",0.31279074562400827,0.40879253168182283,0.10825950473847813,10.76830860240892,10.075440195718686,0.4787815660533703
bc1qizva3t862vl1tku04vpwymfvtacblqi1n6clpd,0.3734031977169895,0.3734031977169895,2,0.110988789361519,1,1,17.177579340671233,17.177579340671233,1.0,52,True,fanin,0.31729174552340417,0.31729174552340417,0.1052504200228914,2.9001889303061006,2.9001889303061006,0.4190077538119723
bc1qfwojq44g23tyifjhs1jqedli5vlmq4vbgr3ajn,0.4361021446630854,1.531793806794994,6,0.2282914997086905,3,3,111.71330113578982,64.21081743390405,2.584962500721156,6,False,,0.3619325994772944,0.9289280660508378,0.2056241791682831,4.724847436581976,4.177625366733752,0.5189309435093835
bc1qmigovr9ahembh4vsk23afpybuxhwrrvaxgumdf,-0.0820540793830874,0.5964237916387448,5,0.2238846579410385,4,1,2137.1275181078645,631.944295821279,2.321928094887362,29,True,coinjoin,-0.07886116012083606,0.4677659973880441,0.20202994594155763,7.667685733448972,6.450382417989585,0.4666213692546063
bc1q4nzkrsn8l0uw6ik209ei8xq6tclk04p2ek1hw6,-0.4919776461125338,0.4919776461125338,2,0.076503066099446,1,1,0.0,0.0,1.0,60,False,,-0.4001025191710286,0.4001025191710286,0.07371788602950738,0.0,0.0,0.3907956391337493
bc1qfdzltoczcecert7awrpmehrtvce3skso6dkfla,0.6525571953401198,0.6525571953401198,2,297.4182444061962,1,1,70132.45087221797,70132.45087221797,1.0,3,True,"fanin,fanout",0.5023239035457238,0.5023239035457238,5.69849600723202,11.158155147110845,11.158155147110845,0.5114634248425427
bc1qi1uz5zcfpvw4nh81tjrt2rmc967fd2ybnmzogq,1.064509358907657,2.3079859316078286,5,0.2242082645657521,3,2,5575.559839575492,1443.0731049821115,1.9219280948873625,43,True,"fanin,fanout",0.7248925995900452,1.196339524313172,0.2022943204051438,8.626327349045985,7.275222944890197,0.5102760156295872
bc1qh5cfgk7h3i8no7nqotsvfk2knelwl8u8pn74fy,0.2467797376529625,0.6525571953401198,3,0.1646379109278413,2,1,5307.295701430591,2654.185384185554,1.584962500721156,31,True,"fanin,fanout",0.22056401729756575,0.5023239035457238,0.15241023263692433,8.577026102534678,7.884269755790417,0.4332186090669519
bc1q115zg80zwvhyjeedp2nafh6q9y4yzkmru4eesz,0.6525571953401198,0.6525571953401198,2,192.2135706340378,1,1,51280.05118483798,51280.05118483798,1.0,42,True,"fanin,fanout",0.5023239035457238,0.5023239035457238,5.263796160688615,10.84507659030875,10.84507659030875,0.4974265788188624
bc1qgx5y7zjc7r1qoohf59she953a8b5yk7e315h9h,0.6525571953401198,0.6525571953401198,2,115.35380507343125,1,1,22794.588847725896,22794.588847725896,1.0,1,True,"fanin,fanout",0.5023239035457238,0.5023239035457238,4.75663559289581,10.03432232463352,10.03432232463352,0.48584531804051845
bc1qkdm6z6xtb80u10kwccimnschlsxjxrqmbbxdo7,0.5355461208406088,0.565731621267609,3,0.1154780197479888,2,1,6060.191279084323,3030.865325476868,0.9182958340544896,15,True,fanin,0.4288860968140584,0.44835320438074977,0.10928303030186402,8.70966164045089,8.016933328057055,0.4506359718086231
bc1qvfq6d6suzrddn7p29euq3puzhhorblb8tnjxcm,0.4684087871937921,0.4684087871937921,1,1.0,1,0,0.0,0.0,-0.0,15,True,fanin,0.3841793568188996,0.3841793568188996,0.6931471805599453,0.0,0.0,0.44599722800119235
bc1quv1ffofq1rucl37pr5a5hfsh6qrnv3hlw3zfes,0.3916390038239712,0.6182472920013331,4,0.1513316396100057,3,1,44013.96298672389,14681.27996738252,1.5,15,True,fanin,0.33048219194539197,0.48134364503026905,0.14091921995802154,10.692284922970511,9.59439660123858,0.4913346208241036
bc1qi5482q78e5sfe0x7h2cpcc3zkgyr58mx4yqq14,0.6392227546880894,0.7835832376589792,3,0.114235144583262,2,1,18113.90358862793,9057.31809662882,0.9182958340544896,15,True,fanin,0.4942221994275184,0.5786243956887738,0.1081682005440869,9.804490281130523,9.11143874125499,0.47635931938819903
bc1q9nzhqhzedcj9zqnkyp1m2vc8bzbo3fasemuhjq,-0.4911487593382598,0.5430923826140326,3,0.1653302682598415,2,2,33906.47707641013,16954.603221587513,1.0,53,False,,-0.3995468023270552,0.4337884436652581,0.15300453890991383,10.431390831774122,9.738353631726186,0.47049652699235006
bc1qqdji6sow4yif5d9rexpfsltj669rea3y0xaobk,-0.5945668761799614,0.5945668761799614,2,0.1120976598964783,1,1,4.280395619130378,4.280395619130378,1.0,23,False,,-0.46660214837581304,0.46660214837581304,0.10624801562003199,1.6640010227768196,1.6640010227768196,0.3906879857321275
bc1q63dc0vsvits03l38gx8m8ct71wb0bjhppipg6a,-0.3994932993413266,0.4677563505933339,5,0.2746733961648727,3,2,52645.69638110593,13248.00604567271,1.3709505944546687,59,False,,-0.33611024206718004,0.38373494270690034,0.24268998592515773,10.87135876879585,9.491677813179644,0.4797934236332129
bc1q2c9ypc45u2691456h95d9y8y0awrhqs9dvelyv,-0.529657338978877,0.529657338978877,1,1.0,1,0,0.0,0.0,-0.0,20,False,,-0.4250437488695186,0.4250437488695186,0.6931471805599453,0.0,0.0,0.39202817381025107
bc1qet3h7psxmdx52f7gfppsyazhxdo3gtxyz8akv3,-0.0174172469112516,0.0174172469112516,2,0.1102868671190045,1,1,17.823548176661614,17.823548176661614,1.0,6,False,,-0.01726730521021236,0.01726730521021236,0.10461842078062687,2.9351086486222076,2.9351086486222076,0.42624550990009863
bc1qudlwrflvrktgu8tl777k1d8nruu8f855mdtce9,-0.2386927338452769,0.2386927338452769,2,0.1124126898834433,1,1,0.4545099821084075,0.4545099821084075,1.0,30,False,,-0.21405657660882801,0.21405657660882801,0.10653125097481665,0.3746690618435658,0.3746690618435658,0.42083669260399986
bc1qfwcs4bju8oxm9f4oheun5a8xaejgnzfzunq2w9,1.2092940816327071,3.0196146555749293,4,0.1985735569660764,2,2,308.1171537292816,135.2380450365093,2.0,37,False,,0.792673044428505,1.391186041214214,0.18113214719845067,5.733720343325453,4.914403686842417,0.5219510889025591
bc1qzl5y31k88no1rbn62nk7hlcnptt3m5h0jhk0i7,-0.599797273113417,0.599797273113417,2,0.1099340840830333,1,1,0.4444884171127984,0.4444884171127984,1.0,45,False,,-0.4698769169139527,0.4698769169139527,0.1043006298519815,0.36775522227850305,0.36775522227850305,0.3990376223243978
bc1q3rsasvi1x1vh3ji9pvmtm12lc9bgjq0aqk711u,-0.5528145775612725,0.5528145775612725,1,1.0,1,0,0.0,0.0,-0.0,58,False,,-0.44006914074801534,0.44006914074801534,0.6931471805599453,0.0,0.0,0.3916023326231026
bc1qaubpm9dbeza9agulm5fqjyyiir41g20dfxuj5o,-0.0920327814286489,0.497119226818679,3,0.1137006672018318,2,1,57.20204705985619,39.4592000658013,1.584962500721156,22,False,,-0.08804089649543828,0.4035427460995425,0.10768840450251675,4.063920526968604,3.700294060555552,0.417888392694874
bc1qttymmcwpbv6cidr6k3lyyz7prtdqijd44y3npz,-0.3889506919263317,0.3889506919263317,2,0.1096348613480646,1,1,1.0733010145566328,1.0733010145566328,1.0,58,False,,-0.32854856416897993,0.32854856416897993,0.10403100746661038,0.7291420301270654,0.7291420301270654,0.4092471185539801
bc1qawcud3i2iwmc07lblwvf36zpi288h23tu8lm7x,-0.0146269694435591,0.0146269694435591,2,0.1100634839551262,1,1,1.057697546259287,1.057697546259287,1.0,15,False,,-0.014521027152939518,0.014521027152939518,0.10441720644116562,0.7215876617228729,0.7215876617228729,0.4439701747395844
bc1qiiennngvdlv0wgd4hkpwi25y4xvrydafv87vo2,-0.501797366847908,0.5748720280275227,4,0.2239534259819671,3,1,997.8155458191842,366.5152303044508,2.0,9,False,,-0.40666263535137825,0.45417401693045273,0.20208613269786177,6.906570122781073,5.906764760799462,0.43651390419068553
bc1q04c5cjb3gex0sutbh7w5glo1bxba22jyqmwt0i,-0.217758855648126,0.4071603401587026,3,0.1285629469881203,2,1,81.57322247755496,40.82544220113582,1.584962500721156,18,False,,-0.1970121658177783,0.34157373052976686,0.12094509506244028,4.41368544488779,3.7335048194681826,0.4169967694506713
bc1q0yc1ne2ooatyyxz90vqszxpgbmczdbraeiu5ax,0.6832584865369518,1.3223546885763826,3,0.1710239730478887,2,1,29.033555126261465,14.516777563130733,1.584962500721156,52,False,,0.5207314901872355,0.8425816229352889,0.15787855669286507,3.402315260811083,2.741921861955146,0.47240525579667886
bc1qvcjxn7prwmoegpcp03yys14imd01n1t7nrqh4s,-0.1199107207493835,1.048778584252345,4,0.3301468178947982,4,0,979.3784556978932,343.3889541583464,2.0,48,False,,-0.11324896851308211,0.7172438030236473,0.2852893255357867,6.887938676400155,5.8417716993282784,0.5110629385654641
bc1q3b0hxz8y8k25gp0a8d2odkwdgseotp5or4nn9n,0.5073957075230107,1.0462370650297532,3,0.1501786848240731,2,1,40.81600226423366,20.495940134227464,0.9182958340544896,7,False,,0.41038346482002735,0.7160025283782816,0.1399173084131204,3.7332790955581623,3.067864086336641,0.46625459175775974
bc1qi0ycm90f89vxg7nvkbjn7fdtgskegdez18x4ry,1.5496278380449997,1.5496278380449997,1,1.0,1,0,0.0,0.0,-0.0,34,False,,0.9359474026544947,0.9359474026544947,0.6931471805599453,0.0,0.0,0.5345443233418655
bc1qs04sju6uqvl7erdtompsdwx96ach245l5do3gq,0.3549417128997367,0.4943551973769302,3,0.2956437037129975,2,1,5069.523268351952,2534.761634175976,1.584962500721156,37,False,,0.3037584370962788,0.4016948077010317,0.2590076401581201,8.531199300007492,7.838249318306696,0.4404783715994303
bc1q4h4zx5bt8zeh3rprgygo2ype4cwsjb4lvcrfmk,-0.5824889339202522,0.5824889339202522,2,0.2012473140820712,1,1,0.0,0.0,1.0,8,False,,-0.4589988822283337,0.4589988822283337,0.18336044536402465,0.0,0.0,0.38778320357251994
bc1qfl8mpj4zgu5w4633566dzgg3etivmdh1jilhbi,0.4866147142869074,1.573619250613376,4,0.4008248455734138,2,2,111.7943821046829,63.63096700850284,1.5,59,False,,0.39650153120632986,0.945313176947878,0.3370612385351055,4.725566533787197,4.168693661386341,0.4759622276295156
bc1qw6b9w5zqw6l87psch8q7qrerika7lxx08dw54i,-0.584386223825819,0.584386223825819,2,41.93157000727979,1,1,5144.186744221085,5144.186744221085,1.0,51,False,,-0.46019709184384183,0.46019709184384183,3.7596074528996852,8.54581694386234,8.54581694386234,0.4505384772497011
bc1qk85jyyfk31avpm6dysx9ojwudrgtz6ql3e49yw,-0.5966486672789689,0.5966486672789689,2,0.1904453312789924,1,1,3.647074592004409,3.647074592004409,1.0,29,False,,-0.46790684958823003,0.46790684958823003,0.17432746508315763,1.5362379016211871,1.5362379016211871,0.3928783777913962
bc1qb8innu7pggminudc32gy422kkwfapg0jg3ytii,-0.6034165386692811,0.6034165386692811,2,0.367418797894146,1,1,14.297208235674594,14.297208235674594,1.0,3,False,,-0.47213668932297564,0.47213668932297564,0.3129248735832214,2.7276703434924694,2.7276703434924694,0.3926582628492283
bc1qgiunwelajm3um94w739v5745ip65plld5obq2s,-0.6003985762471871,0.6003985762471871,2,0.1975437357029436,1,1,31.71248011052291,31.71248011052291,1.0,49,False,,-0.4702527083774449,0.4702527083774449,0.18027257214368003,3.487756659847609,3.487756659847609,0.3936869977907062
bc1qa54vdjpca12j8z8do3p0amts7ynxj5yhy8n59u,-0.2151178639223396,0.3064264182651747,4,0.3723291363709329,2,2,2446.508362826094,870.2360057649507,2.0,30,False,,-0.1948410794310931,0.26729548465671227,0.3165093958475048,7.802825791283851,6.7699128996960365,0.43339863096826287
bc1qrlez662pqzv62e84l9yilzr015k9co1ski045y,-0.5110995899318533,0.5158117782994124,3,0.2952910644832748,2,1,195.15814703424184,100.1609820882059,1.584962500721156,46,False,,-0.4128375910669188,0.41595112271750423,0.25873543011545225,5.278921206507482,4.616713130020811,0.41062530372944317
bc1qzityfippr46qheqkmqpy6n7qlbw66v3jr1njki,-0.5867574154975246,0.5907037394866668,3,0.164156815357782,2,1,47.30613941059532,28.25973947190076,1.584962500721156,50,False,,-0.4616925725809648,0.4641765217628588,0.15199706133292482,3.8775586625309555,3.3762124916528427,0.41438980887595933
bc1qdlqh1cv2xb402nmsikji92xpi865eo9w6ya8jb,-0.0816662209343974,0.4131616705998241,3,0.2984026478630018,2,2,89.88624546418971,83.44959082530139,1.5,19,False,,-0.07850264940871919,0.34582951371770004,0.26113477654380035,4.509608674708744,4.43615479807098,0.43357814858163257
bc1qsvolctylh82jpllq7s1oraz0oy44tfw0znmvns,0.1058791288640416,0.1058791288640416,2,0.1105101694297406,1,1,23.842356493397197,23.842356493397197,1.0,26,False,,0.10064061038653914,0.10064061038653914,0.10481952183381962,3.212550119449645,3.212550119449645,0.42381924780150854
bc1qwjfii0ugpkakritgfjmhdnbrqit4j0sgq53alj,-0.2560522417082805,0.2560522417082805,2,0.1980241135613284,1,1,1.9029891794028784,1.9029891794028784,1.0,55,False,,-0.2279736608977961,0.2279736608977961,0.18067362767209783,1.0657409576510743,1.0657409576510743,0.41397482717300355
bc1qo75rddhnsgfsh681tchwstwyrvmww3szy978tn,-0.5828707362019249,0.5828707362019249,2,0.1936353581749867,1,1,0.0,0.0,1.0,53,False,,-0.4592401200801507,0.4592401200801507,0.1770035731644832,0.0,0.0,0.38778320357251994
bc1qd61098cjnjz9g6dvnq49440dclqgdd0dilxn48,-0.6008681644453473,0.6058833122760349,4,0.280610360011075,2,2,153.8723130999817,65.8134419757758,2.0,51,False,,-0.47054608486841903,0.4736739555225266,0.2473368080363217,5.042600990968994,4.2019042874813985,0.42506507002007454
bc1qeu9vdow6jfpy772a8709nwa6540wfj2etpseyw,-0.5135391564641414,0.5135391564641414,2,0.1969614591561432,1,1,7.52087927337695,7.52087927337695,1.0,23,False,,-0.4144507206112072,0.4144507206112072,0.1797862281929317,2.142519536616938,2.142519536616938,0.38825670938220697
bc1q2z0auf2w7wr1tqzfb8x6jmre2u7fmkgzbys7xz,-0.5731527380541037,0.5731527380541037,2,0.1949557457226506,1,1,0.1368955545286556,0.1368955545286556,1.0,57,False,,-0.453081719205933,0.453081719205933,0.17810915182966558,0.12830134997609588,0.12830134997609588,0.3954010214761088
bc1q45j8o98bujds0sp8jb6l4pesrss0np99wihxbx,-0.5173483529514835,0.5173483529514835,1,1.0,1,0,0.0,0.0,-0.0,54,False,,-0.41696430680078833,0.41696430680078833,0.6931471805599453,0.0,0.0,0.391326168365693
bc1q5ev5925uak3j16cuashezj9v9ligzkczequbnl,-0.4755499650953132,0.4755499650953132,2,87.22867238768298,1,1,0.0,0.0,1.0,4,False,,-0.38903077798936553,0.38903077798936553,4.479931993945047,0.0,0.0,0.44836842975174207
bc1qpsmtk7p6xsvoltrjklumcmh7lm2lw7zrtqj8cw,-0.5979195110323152,0.5979195110323152,2,0.1934729742439103,1,1,7.528529886316319,7.528529886316319,1.0,49,False,,-0.46870247751003424,0.46870247751003424,0.17686752242131284,2.1434170003801944,2.1434170003801944,0.3887382714890013
bc1qml12p5wpvi06b8msg4ogb1lrxgkekt0kxgntus,-0.47648985927484,0.47648985927484,2,0.1984430033337965,1,1,0.0,0.0,1.0,52,False,,-0.38966755409484144,0.38966755409484144,0.18102321709377697,0.0,0.0,0.3892609285023565
bc1qmh0n5o9r7lj5mv6b6rj09weew0oz2wcvft9o07,-0.554362925231681,0.554362925231681,2,0.2021901593768612,1,1,31.62925946645333,31.62925946645333,1.0,59,False,,-0.4410657672987525,0.4410657672987525,0.18414502607691371,3.4852094154795794,3.4852094154795794,0.39148768189659827
bc1qfs0gd5ml524hiarmle6nphvoxj0au1armx6z7v,0.0441061462951459,0.6168342001013963,4,0.3805241235338095,2,2,2051.791972410788,739.065406236154,2.0,4,False,,0.04316115698862859,0.4804700398408744,0.32246322672565897,7.626956083297796,6.606738569097946,0.4281788872453615
bc1qi1txd42gfau14bo8i5mmqebbeljqik8ic6jtem,-0.4285406531802417,0.4285406531802417,2,0.1903907748618069,1,1,6.960650985444085,6.960650985444085,1.0,34,False,,-0.3566534009328527,0.3566534009328527,0.1742816354546046,2.074510778603284,2.074510778603284,0.39290971580801404
bc1qnhxf4t8ma1024rv3nsxof6t6weggh02wpkqj39,-0.5984118210184914,0.5984118210184914,1,1.0,1,0,0.0,0.0,-0.0,16,False,,-0.46901052441689445,0.46901052441689445,0.6931471805599453,0.0,0.0,0.3932851585337651
bc1qu9sh7n1bqg3dcmyxbd07q2jbtzgtld6f0n3it2,-0.6024625979188676,0.6024625979188676,2,0.2027115009449312,1,1,5.180221308572878,5.180221308572878,1.0,7,False,,-0.47154156970809,0.47154156970809,0.18457859189362744,1.8213540812771063,1.8213540812771063,0.391872651901862
bc1qlz0o158j8h19yx6yinw4uf3s9m8yi038z2fs1o,0.765192501996361,0.765192501996361,2,3.24738780726152,1,1,708.7157707522772,708.7157707522772,1.0,28,False,,0.5682597507248551,0.5682597507248551,1.4463041603861453,6.564864567000647,6.564864567000647,0.44337221110163233
bc1q2cdrxu9435o1l8wj6zgylkcs2yx1zdnqsamctx,0.6384525973479103,0.6384525973479103,2,0.2602468429256685,1,1,0.0,0.0,1.0,42,False,,0.49375225822124574,0.49375225822124574,0.23130760885996368,0.0,0.0,0.4296235274618495
bc1q57jyf8jshl96ept6aar17qr0apxp8iqfvapr4w,0.1645428875125131,0.2195697588556779,3,0.211876356413306,2,1,37.51560379189978,28.34589513957789,1.584962500721156,34,False,,0.15232863878603517,0.19849813987150244,0.19216986628248164,3.6510634524806935,3.3791526775347656,0.4461099663812789
bc1qzyiyn62u8z1xie39zvyec5udotuqajelivwoe5,-0.6012646177469225,0.6012646177469225,2,0.4365146527965483,1,1,4.194856101024141,4.194856101024141,1.0,54,False,,-0.47079370314696495,0.47079370314696495,0.3622197997308494,1.647668924653431,1.647668924653431,0.3940406465481285
bc1q57i1niskywcoq5ldl7nhymafcb3d6idlswzuah,-0.5656577831847518,0.5656577831847518,2,0.4341043206945669,1,1,0.0,0.0,1.0,30,False,,-0.44830604443138933,0.44830604443138933,0.36054048757504903,0.0,0.0,0.38603870446799715
bc1qke6zadotiwtlinj1q3q5pcnil8472qw44xriig,-0.1030004687590409,0.1030004687590409,2,0.4264381800368692,1,1,10.551658347228518,10.551658347228518,1.0,27,False,,-0.09803416525680629,0.09803416525680629,0.35518055391978104,2.4468290065078278,2.4468290065078278,0.417820597212699
bc1qup30l1r99m2kktbk5p24t9n44fbv46mu62oedr,-0.4877968302488197,0.4877968302488197,2,0.4277693610195169,1,1,0.0,0.0,1.0,7,False,,-0.397296388277351,0.397296388277351,0.356113338981848,0.0,0.0,0.3892950263087252
bc1qrw556pnbxu6onrv537c2bpimevgxbt66kfg7i2,-0.3312968576840253,0.3312968576840253,2,0.4457951303073613,1,1,11.117852210559876,11.117852210559876,1.0,8,False,,-0.28615354811645466,0.28615354811645466,0.3686594334136076,2.4946797545877137,2.4946797545877137,0.4012294966420405
bc1q4bn7j5ukr8ieu122jn86taip1kelbu8pt8tagi,-0.0987846051554983,0.0987846051554983,1,1.0,1,0,0.0,0.0,-0.0,39,False,,-0.0942046645433609,0.0942046645433609,0.6931471805599453,0.0,0.0,0.43663888880130614
bc1qkpi1tsqacbslyfay0xa0rk8cjre5c5jo5l02mo,-0.4118065027743556,0.4118065027743556,1,1.0,1,0,0.0,0.0,-0.0,41,False,,-0.3448700919853119,0.3448700919853119,0.6931471805599453,0.0,0.0,0.39433234376693527
bc1qu41vsvdt7663c42xcv96q3qzd2lguqionmc7ic,1.3130770658805206,1.3130770658805206,2,2.7182633317602645,1,1,52.43204661784453,52.43204661784453,1.0,37,False,,0.8385787012764038,0.8385787012764038,1.313256712977389,3.978410689893469,3.978410689893469,0.4808210533278936
bc1qjglwmk6sf9nrmozl65x4wu1i7xxeq58wzuaczr,0.9057648789424554,0.9057648789424554,2,4.537100246809851,1,1,943.3828379062456,943.3828379062456,1.0,52,False,,0.6448834392504716,0.6448834392504716,1.7114709425730648,6.8505316325623795,6.8505316325623795,0.45155670155186983
bc1qgglcr5p8aacj72hls0qlfti211wy6rr79iv2f1,-0.4090772918291411,0.4090772918291411,1,1.0,1,0,0.0,0.0,-0.0,15,False,,-0.34293508721694477,0.34293508721694477,0.6931471805599453,0.0,0.0,0.3937538781408503
bc1qfk0ilbhvab8ckqc4lfsi0lj7zkxewv000pn58i,-0.5301677893042765,0.5301677893042765,2,9.153512024578877,1,1,2075.070424356624,2075.070424356624,1.0,63,False,,-0.4253773956033901,0.4253773956033901,2.3178196579131356,7.638232166810897,7.638232166810897,0.42608170956394176
bc1qi6yb9pdgkrjwtg3fimlcbiedbznmtr28j9bf63,-0.4033831416911529,0.4033831416911529,1,1.0,1,0,0.0,0.0,-0.0,15,False,,-0.33888585128788046,0.33888585128788046,0.6931471805599453,0.0,0.0,0.39354595229252537
bc1q71cdi99maziywj1czqlr1m86o2gsx9oa2eo4cy,-0.5998096574495093,0.5998096574495093,2,2.9177360529515064,1,1,111.64033628079544,111.64033628079544,1.0,42,False,,-0.46988465807488977,0.46988465807488977,1.365513949450971,4.724199877852678,4.724199877852678,0.4069515489450571
bc1qa7b1bb61pdbhf3suthk9oe7te8rtmsy77bmbvm,-0.5889455724515275,0.5889455724515275,2,19.14045192733717,1,1,699.771329081297,699.771329081297,1.0,47,False,,-0.46307063426279843,0.46307063426279843,3.0027303263304748,6.552181627086213,6.552181627086213,0.4342284594327438
bc1q9ey5qwqmkqi028h1v8svwudj9vhqcnjbps0qcu,-0.4501052143966751,0.4992949960022201,3,9.433344251555848,2,1,1010.565363830892,505.282681915446,1.584962500721156,46,False,,-0.37163611545289305,0.40499499495710467,2.3450068553524517,6.9192542752128965,6.2270951732070605,0.44161095130961014
bc1q16dkpmvno9i1s6xh7abm4ml2iqr2ahnyrvfont,-0.569488118215812,0.575214462132649,4,4.928623379586714,2,2,2552.5895058264,872.085082124854,2.0,38,False,,-0.4507495268448452,0.454391429441217,1.7797920409648014,7.845255297686582,6.772033010569377,0.46103067738437314
bc1qdhh2ks1cbcifl79r9kpu8o9onsrhdvnff2wcfi,-0.5922948115711272,0.600910486179586,4,0.4736095598966719,3,1,4219.170208033576,1409.847668898347,2.0,57,False,,-0.46517625342560165,0.47057252125822563,0.3877148739413147,8.347630739873923,7.251945986349587,0.4494964915345175
bc1qeskjwbu2olrw334kkaf9yft4gc5icnic4dtznn,-0.4962137656268562,0.4962137656268562,2,4.520010462987183,1,1,0.0,0.0,1.0,24,False,,-0.40293776080607524,0.40293776080607524,1.7083797557559002,0.0,0.0,0.40333211076417685
bc1q5u0332w04nxv50ot1k8hcd1sd44wl8mdzfwqva,-0.4824782913692477,0.603471093627358,3,0.3656812647605719,2,1,4031.605979181361,2039.4920505462303,1.584962500721156,1,False,,-0.3937152085240123,0.4721707129398512,0.3116533991930976,8.302168090914119,7.62094625900207,0.41664132056984465
bc1qlbna0236qk3qhad3m6jr8fl9v2qji47jwu7sa7,-0.566313098646232,0.566313098646232,1,1.0,1,0,0.0,0.0,-0.0,46,False,,-0.44872451286278175,0.44872451286278175,0.6931471805599453,0.0,0.0,0.3922026435448825
bc1q1qicxbr8iybatolodlonkcp8ov5nwvsjjcaxod,0.303469913024215,0.303469913024215,2,5.816615053184328,1,1,0.0,0.0,1.0,6,False,,0.2650298724405031,0.2650298724405031,1.919363022132035,0.0,0.0,0.4314292226876617
bc1qgdkd8m4pkixsx097nfud1ahiia7bw2vnomzz8w,-0.405017843146005,0.405017843146005,2,10.701015605647758,1,1,0.0,0.0,1.0,8,False,,-0.34005000245311423,0.34005000245311423,2.4596756419379875,0.0,0.0,0.41636418078858767
bc1q7h0ums48iw5xnqdz98jhe17o7pnud53qe5eeaz,-0.3288690126545333,0.3288690126545333,2,17.47926360509812,1,1,167.97373262388422,167.97373262388422,1.0,9,False,,-0.2843282140418669,0.2843282140418669,2.9166492172106007,5.129743274581809,5.129743274581809,0.4338237290071783
bc1qvw7njkhvyqdk9xma5vixr4dto8uflv4ba7obbc,-0.4156490006246811,0.4387432683267607,2,2.6282168278883007,2,0,63.6394825571297,63.6394825571297,1.0,58,False,,-0.34758808362920285,0.36377000220843836,1.2887412955961055,4.1688254091859,4.1688254091859,0.4600241608512008
bc1qtk83w1y6zuoeyhcxtr698i94780ce91tefo1s9,-0.573506924571351,0.573506924571351,2,6.103203475435312,1,1,0.0,0.0,1.0,6,False,,-0.45330683825706514,0.45330683825706514,1.9605458760132721,0.0,0.0,0.40088184559783474
bc1qslwvoqj4f2xz0x9f6f5226g5iuvwl47l6ojks1,-0.6056436448067621,0.6056436448067621,2,2.6373626373626373,1,1,0.0,0.0,1.0,55,False,,-0.4735247009947456,0.4735247009947456,1.291258868860213,0.0,0.0,0.3988697354574565
bc1qtawmwur1z82h394lmuxfzjdcy98qhsfm8qpdnu,-0.6048283804587526,0.6048283804587526,2,0.240896670941839,1,1,0.16915471370413,0.16915471370413,1.0,7,False,,-0.47301682280168383,0.47301682280168383,0.21583424001769178,0.15628102078512543,0.15628102078512543,0.3974855941116939
bc1q4teq3cyfwp5wlf0llya85bektjepgyap9eib0t,-0.1034660799574242,0.2491941597366773,4,0.479692863319458,2,2,0.0,0.0,1.5,23,False,,-0.09845620764450111,0.2224986712130697,0.3918345414556261,0.0,0.0,0.5054711670229581
bc1qayk2lalxrkuoysvkea3x8ouzdzhlflfifx97l4,-0.606483142065328,0.606483142065328,2,0.2434540036771698,1,1,2.339565249645624,2.339565249645624,1.0,16,False,,-0.47404740593971284,0.47404740593971284,0.21789299417403687,1.20584063373968,1.20584063373968,0.3940027640734025
bc1qyvbdelflspgqttoh9jv8a6m66szvetc543ev6n,-0.2373595562871401,0.2373595562871401,1,1.0,1,0,0.0,0.0,-0.0,11,False,,-0.21297971915126815,0.21297971915126815,0.6931471805599453,0.0,0.0,0.4118467810622316
bc1q8pj1ydot948u6b15x8g1hzvnasjp0esuswiy7k,-0.217193282548907,0.217193282548907,2,0.456812936688582,1,1,5.882917261180838,5.882917261180838,1.0,53,False,,-0.19654762025195965,0.19654762025195965,0.3762511296009084,1.929042582594426,1.929042582594426,0.40943160747307544
bc1quwoxt118qzb6uxqrkuw2032lyxj2j4bo6gpn1m,-0.590895717302313,0.590895717302313,2,4.949587534372135,1,1,189.38437430951612,189.38437430951612,1.0,9,False,,-0.4642972018286475,0.4642972018286475,1.7833218952003977,5.249045051287405,5.249045051287405,0.4072262286185688
bc1qxkqmuyb2jmxs7s8w50qv28n4q17ro9tns9hlb4,-0.6012583088103166,0.6012583088103166,2,11.43992055610725,1,1,0.0,0.0,1.0,50,False,,-0.47078976316792304,0.47078976316792304,2.5209107011256298,0.0,0.0,0.4127806263206413
bc1qlawrtnfgzskiguvetybgd9e32lfiyz3kqjyg8i,-0.5371234932263572,0.5371234932263572,2,0.2454200332623679,1,1,0.0,0.0,1.0,54,False,,-0.42991280825552997,0.42991280825552997,0.21947284913249848,0.0,0.0,0.38768233088083837
bc1qb9boqcpl72u22eftixdwr024lpo6gf9xxwnkpz,-0.0502801405178089,0.0502801405178089,2,0.245233347761607,1,1,57.82703663138879,57.82703663138879,1.0,22,False,,-0.04905692907766101,0.04905692907766101,0.21932294027522206,4.0746015558821655,4.0746015558821655,0.42672062614991807
bc1qrt2l2ieo9uvj3bsy3onx3f86ugyfunmad1bx6a,0.3976670485075481,0.3976670485075481,1,1.0,1,0,0.0,0.0,-0.0,54,False,,0.3348044527192967,0.3348044527192967,0.6931471805599453,0.0,0.0,0.4399839804502234
bc1q6n0tgiyi04cvunxfamadgp56efiq0g2lwl0tqf,-0.2213556936269533,0.2213556936269533,2,23.07692307692308,1,1,447.9705894404879,447.9705894404879,1.0,3,False,,-0.19996146607685428,0.19996146607685428,3.1812538330786166,6.106957383237166,6.106957383237166,0.4500424409453691
bc1qg9t6jznue5rau33x58pzj3mnhtzqttaazvorq5,-0.588975369040528,0.588975369040528,2,39.11272068809416,1,1,1429.953725429142,1429.953725429142,1.0,1,False,,-0.4630893865159539,0.4630893865159539,3.6916935081495827,7.266096441807275,7.266096441807275,0.43876251852012244
bc1qycxneam5cspm0os2c4xn98uncqs6519eyinyco,-0.5166071988609712,0.5166071988609712,2,19.685577580314423,1,1,4641.940528224953,4641.940528224953,1.0,8,False,,-0.4164757339838184,0.4164757339838184,3.0294367221880076,8.443103179026613,8.443103179026613,0.4444717952235104
bc1qaudwyusazqy2yr6nbqd8qkki9u0vqf6oylcb37,-0.5906882985617997,0.5906882985617997,2,0.2411309712359218,1,1,9.226311848620306,9.226311848620306,1.0,9,False,,-0.46416681473858606,0.46416681473858606,0.21602303750793503,2.324963991852936,2.324963991852936,0.38715845277997957
bc1q0j1mnyw0yfkoe2hk724d6gq2wipp101yqt061a,-0.537433983116812,0.5973752527744443,6,1.3596021904701958,3,3,35678.790423520506,10152.48696156468,2.2516291673878226,38,True,coinjoin,-0.4301147819664782,0.4683618151903639,0.8584930414690323,10.48233971289644,9.225572468483843,0.4943643319964637
bc1qsh3mokbmjluupgnifpvdeycznyctopst9lifi3,-0.4550493039794812,0.4550493039794812,2,0.2366261061038032,1,1,0.1661559749930115,0.1661559749930115,1.0,54,False,,-0.37503978594589243,0.37503978594589243,0.21238678911454667,0.1537128482727343,0.1537128482727343,0.3983567953850231
bc1qf4jm8r7a4k33s5r25zfc1k8j0kkagiqdz7y95c,-0.5768852175975666,0.5768852175975666,2,0.2450764871235566,1,1,4.757439197105564,4.757439197105564,1.0,49,False,,-0.455451520041858,0.455451520041858,0.21919696347019924,1.7504927920152655,1.7504927920152655,0.39050789236176675
bc1qp7swvtqqkljqkcjev9zuyh97y8pzl99uj6safk,0.0606036274362542,0.0606036274362542,2,0.2397223216440956,1,1,2.3468284436975866,2.3468284436975866,1.0,58,True,coinjoin,0.058838205888770166,0.058838205888770166,0.2148874203819607,1.2080131641774203,1.2080131641774203,0.43311047289747423
bc1q9kkvp2me59o2ee75c7qxmjblineewkihpy36z6,-0.1633495652049445,0.1633495652049445,2,0.4529690707056409,1,1,0.0,0.0,1.0,54,False,,-0.15130340034711842,0.15130340034711842,0.3736090978547996,0.0,0.0,0.4158540682616449
bc1qmcgxznv6l8jvzslt6949qbfiy4gwt6d05hfa58,-0.5433394168056896,0.5433394168056896,2,0.2485533418773544,1,1,0.0,0.0,1.0,28,False,,-0.43394852119700916,0.43394852119700916,0.22198555459662325,0.0,0.0,0.38713636952606334
bc1qzrmpgx44qx1clmmvh71hw3gm7q6lfj18lm6s0z,0.6222455986058643,1.825676159451306,2,0.4640707707925459,2,0,101.36641515993291,101.36641515993291,1.0,48,False,,0.48381136137375225,1.0387476844374655,0.3812207550760365,4.628558681855424,4.628558681855424,0.5076263790845733
bc1qw5oxio25na8ky60p0hzwcykvmqybxpfyjl4ykf,-0.5903303994912203,0.6051755299530789,3,0.7080883799200122,2,1,930.53805606384,506.51911351916766,1.584962500721156,19,False,,-0.46394179306718963,0.47323311505886995,0.535374838711516,6.836837043811347,6.229534372313477,0.4217178687227985
bc1qyi8r5ntipwl51ctae3hk3lqexrsq97npwq6yk8,-0.582112211070937,0.582112211070937,2,0.2365195491346094,1,1,0.0,0.0,1.0,13,False,,-0.45876079671054826,0.45876079671054826,0.21230061791065175,0.0,0.0,0.3866874262188074
bc1qkn646uw7ye46f7761xs1cxdcwgk6rzlch2xrnw,-0.6018395311861467,0.6018395311861467,2,37.08950418544752,1,1,1355.9853099261536,1355.9853099261536,1.0,1,False,,-0.4711526758301288,0.4711526758301288,3.639938763483962,7.213020834371818,7.213020834371818,0.44036741481991903
bc1qk9azu9pk42ud2dtbzxmuuca7r6d2x6lod6d8e2,0.3897017904043248,1.2665040734271351,5,0.6188961013843503,3,2,6494.486113805577,1706.0652189667348,1.9219280948873625,5,False,,0.32908918484829336,0.8182385886295079,0.48174449807436376,8.778862770615872,7.4425309288406405,0.4797472897386713
bc1qw5zs9bk4ufsvuxzuykmg3duvschl80zd8ip5ob,-0.394199396338322,0.3973628947433214,3,7.833655705996132,2,1,1828.6877482221355,1631.716441130752,1.584962500721156,60,True,peeling,-0.3323203410893776,0.3345868137160641,2.17856893867657,7.511900601889805,7.3980004349844934,0.4553565758001858
bc1qk7596d4htuw52rb3bihf19j2vp8c6roczq1fzx,2.793168227510673,2.793168227510673,2,2367.123287671233,1,1,58551.82179038724,58551.82179038724,-0.0,52,True,peeling,1.3332016138220169,1.3332016138220169,7.7698530586989625,10.977684562405743,10.977684562405743,0.5294681995989352
bc1qd9y9b1yp4bg4w4hp5amvov4oyiz9iycr0l32u5,2.6156984143218462,2.6156984143218462,2,2618.181818181818,1,1,420307.12105029,420307.12105029,-0.0,52,True,peeling,1.2852850359327381,1.2852850359327381,7.870617264847899,12.948743342839112,12.948743342839112,0.5476926689439044
bc1qo62k5tsg5gqvaugs664fn80m9eweupahl52iru,-0.4409761361913217,0.5276198272046718,3,0.3648838692330541,2,1,7646.160416019607,3838.551927063019,1.584962500721156,60,True,peeling,-0.36532075629130606,0.4237108556020083,0.3110693475326865,8.942089670465052,8.253110953112799,0.42013250473773694
bc1qhzh54g8tbzopso6jprzdi1eodl6urbjsad0j2n,2.404569363119532,2.404569363119532,2,1476.923076923077,1,1,228581.3142017249,228581.3142017249,-0.0,52,True,peeling,1.2251184596853228,1.2251184596853228,7.298393054770164,12.339651661653226,12.339651661653226,0.5161632050543794
bc1ql745csf0almwnmj0sisj424iq93h5ywl94mopa,2.236018583247737,2.236018583247737,2,1382.4,1,1,50540.28447156759,50540.28447156759,-0.0,52,True,peeling,1.174343741839749,1.174343741839749,7.232299516166484,10.830545795569124,10.830545795569124,0.5092275154216587
bc1q88nv6yyx0102ottx57lyq9vj2vdy6beg22418i,-0.4378881309499018,0.4378881309499018,1,1.0,1,0,0.0,0.0,-0.0,63,True,peeling,-0.363175461383873,0.363175461383873,0.6931471805599453,0.0,0.0,0.3931529438599146
bc1q3wug0rqap37lxmzkg8jwnuk491rz84ems8e809,2.064444212022384,2.064444212022384,2,1763.265306122449,1,1,380421.0982387345,380421.0982387345,-0.0,52,True,peeling,1.1198662191841713,1.1198662191841713,7.4754896255539185,12.84903670007633,12.84903670007633,0.5327447657514295
bc1qviy3zt3p6srd84bqq8dywwmoc0bj98uud7kw64,1.805492913059449,1.805492913059449,2,2433.8028169014083,1,1,421720.0163685551,421720.0163685551,-0.0,52,True,peeling,1.0315792501174614,1.0315792501174614,7.797621053552486,12.952099275743363,12.952099275743363,0.538430103453753
bc1qz4xutxbe5nw8r3mu50cs9qb62j77rueoc7jnx8,-0.2169612977640043,0.405194957010845,3,8.176656151419559,2,2,2021.9559891615324,1194.211208079653,1.5,64,True,peeling,-0.19635701215543094,0.34017605259783257,2.216662884617921,7.612315081697055,7.086078191911268,0.46621916283118336
bc1q94i1q2g15r83y7418grzrky8raquefimddx13t,1.601554579677938,1.601554579677938,2,4937.142857142857,1,1,216466.10278047668,216466.10278047668,-0.0,52,True,peeling,0.9561091816080723,0.9561091816080723,8.504744599649243,12.28519386467343,12.28519386467343,0.5389916190169327
bc1qfp64thu9qoo3t91aay0a1v9q3r1ss07zp3ufr4,-0.3940862590516401,0.3940862590516401,2,69.8464025869038,1,1,12965.212877278953,12965.212877278953,-0.0,63,True,peeling,-0.3322391892271031,0.3322391892271031,4.260514189786249,9.470102243715155,9.470102243715155,0.4976633736923345
bc1q1b86isvyyrkpoywm42yjmleqmj1ssqvrua7bl1,1.3866993578687667,1.3866993578687667,2,0.474853119795989,1,1,26.03141100952993,26.03141100952993,1.0,52,True,peeling,0.8699113896416831,0.8699113896416831,0.38855840503405625,3.29699956053633,3.29699956053633,0.4763887675709825
bc1q8ia619q1j10idsffq0nezh1u9c245o7o7gri9e,-0.5487141568510757,0.5487141568510757,1,1.0,1,0,0.0,0.0,-0.0,58,False,,-0.43742501041726384,0.43742501041726384,0.6931471805599453,0.0,0.0,0.3912134491240322
bc1qtmo11if24hyg1hb3z30zbtvfh7b0ahi1ywt3hk,-0.4684698356866951,0.5431449422034823,4,6.525186919416962,2,2,363.56266076797226,191.38592508967017,1.5,3,False,,-0.38422093054444356,0.43382250429243807,2.0182556501160662,5.898698445502539,5.259503381136097,0.4596234964919017
bc1qxn7yrpxt6xnnzl0ydrz2qypbhf3h88ptwj8suw,-0.5835156180491377,0.5835156180491377,1,1.0,1,0,0.0,0.0,-0.0,14,False,,-0.45964744994074297,0.45964744994074297,0.6931471805599453,0.0,0.0,0.39438117526402444
bc1quhq6q6y5ycnids13pmncyblop6xoybxikpdkuy,-0.5954185036312832,0.5954185036312832,1,1.0,1,0,0.0,0.0,-0.0,60,False,,-0.46713608654176464,0.46713608654176464,0.6931471805599453,0.0,0.0,0.39355677886326984
bc1qluo6phyovjmvaum2kn2xhqshb0dx087nny9mo2,-0.5699712824762496,0.5699712824762496,1,1.0,1,0,0.0,0.0,-0.0,58,False,,-0.4510573277765252,0.4510573277765252,0.6931471805599453,0.0,0.0,0.39209435593385705
bc1qubatpz00h4fl7q15whqmn7d922wahdo61xn8dk,0.283992627594737,1.3921397836634877,3,0.3572019183065983,3,0,1228.296903907353,614.1484519536765,1.584962500721156,4,False,,0.24997446350263833,0.8721882723673606,0.3054251673564988,7.114197662088291,6.421863623968307,0.5037675111697638
bc1q13zp84jrh8iptc16ze7blp7dgt60pv7tiqijb3,-0.1482943955787127,0.1482943955787127,1,1.0,1,0,0.0,0.0,-0.0,19,False,,-0.1382777071634448,0.1382777071634448,0.6931471805599453,0.0,0.0,0.4285888168812401
bc1qoovxji1ijol9gdmbiqath5pkp6vcrjjp6e0ccg,-0.2218448199526865,0.2218448199526865,2,0.2511248299675631,1,1,58.63853410155023,58.63853410155023,1.0,37,False,,-0.2003618641035813,0.2003618641035813,0.22404301065340035,4.088301910478943,4.088301910478943,0.40970157740499535
bc1qzzw6b2klvhn4ozodil01av2r2a95c434dt6un6,0.1519391707710973,0.1519391707710973,2,0.2513619073248431,1,1,6.0864619490238105,6.0864619490238105,1.0,35,False,,0.14144675772947496,0.14144675772947496,0.22423248407154583,1.9581861961083695,1.9581861961083695,0.42498502117984843
bc1qd33i7ops2rrtxvf4z1846849a7zvd8h3chufeu,-0.5929670198371426,0.6031112575724314,4,0.4902044220523906,2,2,1404.023290120854,523.0429745544088,1.5,7,False,,-0.46559832753540725,0.47194627706574843,0.398913306555172,7.247809158228929,6.261573693466614,0.43145257816569293
bc1qfqtndy69620zx79v37prddtbxt6yeyxiy47hgm,-0.261969333936515,0.261969333936515,1,1.0,1,0,0.0,0.0,-0.0,63,False,,-0.23267346424891272,0.23267346424891272,0.6931471805599453,0.0,0.0,0.40701353460531153
bc1qxsv4daund14bkbfc142ae21761j0345zyrdb14,-0.587976527344449,0.587976527344449,2,69.8464025869038,1,1,0.0,0.0,1.0,3,False,,-0.4624605814464613,0.4624605814464613,4.260514189786249,0.0,0.0,0.4403293133710316
bc1qjovhwt3ubjvjkxxkm79pplg1tq1v53hd78rswe,-0.3454072721242674,0.5088395207167757,5,0.6264946320141658,3,2,29859.9104636894,14930.978254340203,1.521928094887362,1,False,,-0.29669677177111503,0.4113408260301368,0.48642716659638296,10.304305561709697,9.611260383720811,0.47475965130944253
bc1qvw2oxenfrrybcn78hzffghf3obs0swv5qd8c1a,-0.110293554828846,0.5933124143687004,4,0.4790512124597672,2,2,1784.060962596854,975.0959244459932,2.0,51,False,,-0.104624444169625,0.4658151286917671,0.39140080953876133,7.487207846345873,6.883560864827456,0.4269533641116037
bc1qixiezev57u66id36xc53t2sj64yw5r1f5bf7pt,-0.4239592799435073,0.4239592799435073,1,1.0,1,0,0.0,0.0,-0.0,27,False,,-0.3534412170356338,0.3534412170356338,0.6931471805599453,0.0,0.0,0.3951043451653374
bc1qihwuy0cdabyn5fo9sw23ynr9155p1ksth1rwlk,-0.5193126096261746,0.5193126096261746,2,0.2438962424735143,1,1,0.0,0.0,1.0,13,False,,-0.41825800206203334,0.41825800206203334,0.21824858446670978,0.0,0.0,0.38841875085847005
bc1qjntssqajop6ztt8kz3q0ewlc4h6tvd1zodxrk6,-0.4840932543583109,0.4840932543583109,2,0.466011876830472,1,1,74.810736582793,74.810736582793,1.0,60,False,,-0.39480398263493804,0.39480398263493804,0.3825457049531106,4.32823992619029,4.32823992619029,0.39862902310527387
bc1qnlzl7hvwr3yniijuqw4qd102kkvr0tmtocts4r,-0.4582412927683157,0.5455747551266462,3,0.3756908319551722,2,1,1320.245063077841,680.3732392769801,1.584962500721156,19,False,,-0.3772311156194276,0.4353958509619323,0.31895602818636326,7.186329800623326,6.524110231307696,0.41046091274098545
bc1qo893envrjq9he6vb7hfg5lu7pkhel706hoqq0r,-0.4558120877285374,0.5788398099567381,5,14.152334152334152,3,3,2672.366097493611,1057.5114413304336,1.792481250360578,0,False,,-0.37556388081945047,0.45669027981468524,2.718154589548898,7.891093668037651,6.964618899520219,0.511116572081324
bc1q21ej2vhak2x9pf16o8bjmigj6hm3j5uesl4pd8,-0.1678475176087114,0.3036705772195557,2,8.874281018898932,2,0,540.6305126613036,540.6305126613036,1.0,7,False,,-0.15516232589110168,0.26518380675780423,2.2899334999237726,6.294584058012069,6.294584058012069,0.48026685485923076
bc1q2j8dy0u7033zujciuhd1o6ougoprrumuc4lr9c,-0.5770848780975829,0.5770848780975829,2,0.2472679609122012,1,1,38.80287007148623,38.80287007148623,1.0,1,False,,-0.45557812904208633,0.45557812904208633,0.2209555280659892,3.683939022039322,3.683939022039322,0.3940026538948182
bc1qm19attkprehvyronadcvmsak0ojw1jvaa08d71,-0.4831973887946196,0.5955464407605424,4,6.79138500235812,2,2,6005.117024001188,3575.3146293688587,2.0,38,False,,-0.394200155306477,0.46721627365228274,2.0530186364232605,8.700533732869138,8.18208811602734,0.467273591470043
bc1q7nwuqiq9vobgggkycsnu966wqx1n6ph1raemyd,-0.1608590772774151,0.1608590772774151,2,8.565055762081784,1,1,110.30229299324208,110.30229299324208,1.0,21,False,,-0.14916031488120665,0.14916031488120665,2.258116432679905,4.712249859985204,4.712249859985204,0.4317253813868516
bc1qtxt1b1mvhmn8533khzh4j5bnforp25v320sxnw,0.0072806852769273,0.5434477711605732,3,0.3771350251059601,2,1,392.7873271347041,198.86469016027283,1.584962500721156,49,False,,0.007254309035244008,0.434018726461143,0.320005272387247,5.975810984718959,5.297640588386717,0.4171247377196737
bc1qxzeanpgxuj3so5xj5i2mt71raih0nogzeon9sz,-0.1232082811952872,0.4380534031090164,2,6.834902302033067,2,0,1465.19291379231,1465.19291379231,1.0,29,False,,-0.11618912712128222,0.36329039568092963,2.058588406302425,7.290424465734778,7.290424465734778,0.4793576874476843
bc1qer3urev2z1k3bdgrb2d5lo9j5rwhhi4pjhl5nz,-0.1642275514414877,0.1642275514414877,2,44.918118014036914,1,1,7259.252722849356,7259.252722849356,1.0,48,False,,-0.15205782113249752,0.15205782113249752,3.826859767156568,8.890169917522806,8.890169917522806,0.47199597397701626
bc1qrv4a3m1xgb1botm1cd4zyefg5odhdgqnxskyz8,-0.1611769419037828,0.1611769419037828,2,0.2490710284846161,1,1,1.0070506169511997,1.0070506169511997,1.0,45,False,,-0.14943409584388548,0.14943409584388548,0.2224000978088199,0.6966662897010598,0.6966662897010598,0.423399357910719
bc1q2is1qp5xyakjegcaeq5s222j0crs0sjjjbuul0,-0.2899541179205801,0.2899541179205801,2,0.2473114893933712,1,1,9.041661622560804,9.041661622560804,1.0,2,False,,-0.25460665023761586,0.25460665023761586,0.22099042651844705,2.306742600824987,2.306742600824987,0.4007758714984735
bc1qenh6be8xohav66m8m89bvv2j2cgq7af9vhu7ak,-0.4299080817045038,0.4299080817045038,2,13.125712115457654,1,1,169.0352268240531,169.0352268240531,1.0,44,False,,-0.3576101636775437,0.3576101636775437,2.647996691015338,5.136005632195942,5.136005632195942,0.4228292326384449
bc1qbi86mtzhsp3v5vs0jzwlsd4tr4gse74v5dm5nq,0.5151859460398599,1.0855922253158443,4,0.9342181734629056,2,2,1599.600391495741,605.2736874263411,2.0,3,True,coinjoin,0.4155381680897784,0.7350528558376502,0.65970320011167,7.3781340825260315,6.40733151353185,0.47569716346467417
bc1qpts0mmbbsu04w4jsnym31sk0540sejokilp4vn,-0.1668144936338952,0.1668144936338952,1,1.0,1,0,0.0,0.0,-0.0,52,False,,-0.1542773806294257,0.1542773806294257,0.6931471805599453,0.0,0.0,0.42666299690292997
bc1qk1qrrn5n5ehq403ivwackln9tlyo674dphu2xr,-0.5299608410723723,0.5299608410723723,1,1.0,1,0,0.0,0.0,-0.0,35,False,,-0.4252421410064654,0.4252421410064654,0.6931471805599453,0.0,0.0,0.39202817381025107
bc1qnef1ffrm2738yhd6wbm8mikm85npge98xh27r8,-0.1690046665627417,0.1690046665627417,2,0.468300297565814,1,1,11.58748202000276,11.58748202000276,1.0,16,False,,-0.15615267440903097,0.15615267440903097,0.3841054716468269,2.5327028296426883,2.5327028296426883,0.4117009419362672
bc1q9txadn2tvdnhbobvgyihuivgayiuqgx8uwtk7s,-0.4860849001290463,0.4860849001290463,2,10.455618079506262,1,1,2639.234221243281,2639.234221243281,1.0,36,False,,-0.39614507799396925,0.39614507799396925,2.43848027163064,7.87862291237287,7.87862291237287,0.42556788908796295
bc1q1prf3l4jxgyfr3op2ldyr3kvgnqd7j3h2wmdl3,-0.2560480955658104,0.5867794813209835,4,0.4939090269877838,3,1,134.24397888983285,82.29717050557748,2.0,50,False,,-0.2279703599608004,0.4617064787205035,0.40139619261283166,4.907080398361,4.4224145810758095,0.4508381035835373
bc1q72j8np9s8e9gf2fxx9xjue6ihruj9ycsrk5sls,-0.0878734830340779,0.0878734830340779,2,43.35173105870547,1,1,0.0,0.0,1.0,37,False,,-0.08422485769621382,0.08422485769621382,3.792151739757239,0.0,0.0,0.4729098116635158
bc1q93qnybmc06wrpx7j86fbojpgjjbkdypjz5eicu,0.0028728856425663,0.4067642706470447,4,0.4944687036793279,2,2,7.141042400357667,4.549918720561237,2.0,41,False,,0.002868766793378087,0.3412922236885725,0.40177076152515107,2.0969182308275918,1.7137832827071837,0.47939172952454717
bc1qwc3bnecjq427u1nvmeagwp82h6sgl5wr6zebcv,-0.5789061631185279,0.5903543954302876,3,0.3706282807108856,2,1,3813.4724813416296,1937.4393995259072,0.9182958340544896,59,False,,-0.45673230546359134,0.46395688160353626,0.3152692337746644,8.24655765928002,7.569638495093267,0.4358312198026689
bc1qghdomspfqlfqebiwrcqla6m04yprpaqccgzdn5,-0.0985519403654524,0.0985519403654524,2,5.197461425090986,1,1,0.0,0.0,1.0,42,False,,-0.09399289471557581,0.09399289471557581,1.8241397606385332,0.0,0.0,0.4365396777234426
bc1qifgyotm7ldazk4xcztblbhk10io1ar1zgzbutk,-0.5572790414289231,0.5572790414289231,2,0.24160060400151,1,1,0.0,0.0,1.0,23,False,,-0.44294009415396546,0.44294009415396546,0.21640135691698728,0.0,0.0,0.3855137503763621
bc1qegz5g64ih630dx4ntqvnmd8iyubz9yz6v1vtix,-0.6033721906570906,0.6033721906570906,2,0.4906386820899844,1,1,0.0,0.0,1.0,2,False,,-0.47210903049295183,0.47210903049295183,0.39920467381302094,0.0,0.0,0.3866676558277705
bc1q2k9mf0u7nar7nnuo5q5lf7gdxfae7wn08ep4ae,-0.4399626446201297,0.4399626446201297,1,1.0,1,0,0.0,0.0,-0.0,47,False,,-0.3646171720154085,0.3646171720154085,0.6931471805599453,0.0,0.0,0.3932653156694635
bc1q952paxv4auxb59roga72ysqrrbjvene8dmx1vo,-0.4828967337933651,0.4828967337933651,2,0.2538305945188456,1,1,0.0,0.0,1.0,1,False,,-0.39399742741595284,0.39399742741595284,0.22620334099473588,0.0,0.0,0.38915486107854214
bc1q3fm348ni747x202vmbmp050orneee0jq9rvn97,-0.5239561088883502,0.6060951338781317,4,0.9841835775756504,2,2,12780.808962807288,4588.885366484038,2.0,36,False,,-0.42130965690770084,0.4738058503069748,0.6852075336021204,9.455778264300328,8.431610328120506,0.44505675151378055
bc1qbchz6puf3edpvgnyhc1rhloe20rillpgey18js,-0.3250844749395545,0.3250844749395545,2,9.385693335505948,1,1,90.19544406711852,90.19544406711852,1.0,37,False,,-0.2814762120773047,0.2814762120773047,2.340429218268118,4.513004940428071,4.513004940428071,0.41959455546558255
bc1qklmszclm4f8fws0gv4qmp5jhdt6293tlo1i7xj,-0.4397459565165789,0.4397459565165789,2,0.4802855030490346,1,1,23.85272572599453,23.85272572599453,1.0,49,False,,-0.36446667893852275,0.36446667893852275,0.39223497663733503,3.2129674336901988,3.2129674336901988,0.3926017796292504
bc1qdsctxo6we815vn8lt25cdzbgqox54k7ynk76k9,0.2004638398040253,0.4900939691878517,3,47.41174318639107,2,1,13903.214207611318,12621.865173200113,1.584962500721156,10,False,,0.18270801527927474,0.3988391845377833,3.8797424121112143,9.539947253572583,9.443265144653287,0.5041777442632319
bc1q4dqxin67273jyzbb27s9bu1dgej1dg6fwronbv,3.7865297346659625,3.7865297346659625,2,859.7014925373135,1,1,142312.56838608783,142312.56838608783,-0.0,45,True,peeling,1.565805667578846,1.565805667578846,6.757747745750955,11.865788130102205,11.865788130102205,0.5505674153952645
bc1q0as9v7lp1lexdnrgcl0kgdveyxfuvskk1hsnz6,1.2537993896594366,3.480587353420784,5,0.6220033691849164,3,2,148643.1337053297,37950.80638632628,1.9219280948873625,45,True,peeling,0.8126174097309623,1.499754143507578,0.4836620328704204,11.909310363842144,10.544072380803657,0.5912277680073607
bc1qbq6fwsklws8onkctq7vin5lvdo8yu98gfex6dc,-0.2060213104545672,0.3578275124880742,5,0.6082896359837113,3,2,47.19783577161179,33.570910886790784,1.9219280948873625,61,True,peeling,-0.18732676850921237,0.3058860052284214,0.4751712764171939,3.8753141190445697,3.5430126026402293,0.4820291012509425
bc1qledo515igjzae557o7rci2afi41jip23rb1w0x,1.7479848254413717,2.9044902347389225,3,0.3750298417842855,2,1,2477.5516415857064,1239.281470656087,-0.0,45,True,peeling,1.0108678523075099,1.362127233090169,0.3184754339988694,7.81542965306592,7.123093625304778,0.5513740690441779
bc1q6k8z6r5cqm24bihb24ay2v58f22ejpkc0xtyvr,-0.1125575186188344,0.1125575186188344,2,11.999166724533016,1,1,2572.252430143544,2572.252430143544,1.0,63,True,peeling,-0.10666143585103854,0.10666143585103854,2.56488525729432,7.852925914793105,7.852925914793105,0.45172435436430697
bc1q418zitzhx2g7u6x8w1qxsr97jxi6qxcwni30yv,2.407092769477856,2.407092769477856,2,642.3791821561339,1,1,2597.284620547098,2597.284620547098,-0.0,45,True,peeling,1.2258593673887987,1.2258593673887987,6.4667342582916145,7.862606744943253,7.862606744943253,0.5295175572339185
bc1q9arau76uxv2o2qszo1i736mv3t0kg6umh4gblc,-0.3524591260260966,0.3524591260260966,2,0.2545848852010749,1,1,55.60866745100883,55.60866745100883,1.0,63,True,peeling,-0.30192451022904065,0.30192451022904065,0.22680474910360993,4.036162108661977,4.036162108661977,0.4032193816842173
bc1qkuhyd07dvrmy93pomv7mbci56fjpz42q8bz53g,2.149799824471899,2.149799824471899,2,677.6470588235294,1,1,59789.50401007389,59789.50401007389,-0.0,45,True,peeling,1.1473389030315968,1.1473389030315968,6.520101196871074,10.99860213151117,10.99860213151117,0.5086868822343007
bc1qxui8lpy058e6plui46hdv8i969sfi30m85yai7,-0.2511057125784035,0.2511057125784035,1,1.0,1,0,0.0,0.0,-0.0,64,True,peeling,-0.22402773037539644,0.22402773037539644,0.6931471805599453,0.0,0.0,0.4092297552002057
bc1qd2iptndbbcfcjtqejppttxwgcuu54heaglrhhk,1.7926279060589552,1.7926279060589552,2,4320.0,1,1,236901.87928198912,236901.87928198912,-0.0,45,True,peeling,1.0269830543353555,1.0269830543353555,8.371242135931933,12.37540554407044,12.37540554407044,0.5314481609692391
bc1qdemm0uez19yei8p4yedn2z2v17tz63rrpncsqc,1.5767026137321432,1.5767026137321432,2,1200.0,1,1,45915.189415929366,45915.189415929366,-0.0,45,True,peeling,0.9465105248295638,0.9465105248295638,7.0909098220799835,10.734573044447576,10.734573044447576,0.5041218199141
bc1qrbnvl0os3x23ietyr9x20bw2mrllgu1tlxzb63,1.3256064559991667,1.3256064559991667,2,2433.8028169014083,1,1,93123.76444920886,93123.76444920886,-0.0,45,True,peeling,0.8439808463161091,0.8439808463161091,7.797621053552486,11.441695426274194,11.441695426274194,0.5180523578801249
bc1qilpqfbqw1hukb6mxz1yj74q7svoq85t27fz092,-0.4600363838537711,0.4652124444840023,3,0.3637404644426856,2,1,1591.2923292470743,829.1900467250588,1.584962500721156,60,True,peeling,-0.3784613558575243,0.3820002452552787,0.31023126598134765,7.37292997344644,6.721654646538468,0.418871478564811
bc1q1bb2yaj1wr892kdpyta7d589tocp8fp1k8rzuo,1.1664698562197109,1.1664698562197109,2,10.048848569434751,1,1,384.49565456465626,384.49565456465626,1.0,45,True,peeling,0.7730990485167769,0.7730990485167769,2.4023262206732623,5.954529920734032,5.954529920734032,0.4748563419819364
bc1qxj3y1xc2i92pv07uj4fqksd7gdp9ii37y3d2fn,0.0429423346644604,0.0429423346644604,2,110.76923076923076,1,1,24174.476662352678,24174.476662352678,1.0,36,False,,0.04204588653666267,0.04204588653666267,4.716436306108746,10.093094037287514,10.093094037287514,0.5079762962889709
bc1qb38yhedxfe3jwe46xaad0xh2mecyjxp7x80nhj,-0.5004151877070301,0.5004151877070301,1,1.0,1,0,0.0,0.0,-0.0,16,False,,-0.40574186161306675,0.40574186161306675,0.6931471805599453,0.0,0.0,0.391358932307614
bc1q3lp15tftzwcd4u4lb2emnimchy7lxsbb3l5zsv,-0.1716086329243143,0.1716086329243143,2,0.2532829308118392,1,1,9.259976399756024,9.259976399756024,1.0,6,False,,-0.15837770443551497,0.15837770443551497,0.22576645314726976,2.328250539521267,2.328250539521267,0.4083178236353686
bc1q4j90vb1c4w9i40qpf8m72zkeocec3091kyv7jj,-0.5969357324804683,0.5969357324804683,2,0.2437232105455422,1,1,2.342152296992133,2.342152296992133,1.0,43,False,,-0.4680866257684332,0.4680866257684332,0.21810946999882672,1.2066149997489366,1.2066149997489366,0.3917427239269208
bc1qm2v0mw405g00r5y52pdi47kah8oxenq7jbx9k7,-0.5811074313501482,0.5811074313501482,2,0.2528885344026459,1,1,57.32898115922514,57.32898115922514,1.0,16,False,,-0.45812550743685543,0.45812550743685543,0.22545171298050679,4.06609907377304,4.06609907377304,0.3968392850495367
bc1qezfrxymm2798p7prjhhzh139q0ep8v1uc8eanr,-0.0726082570716259,0.0726082570716259,1,1.0,1,0,0.0,0.0,-0.0,23,False,,-0.07009330572056044,0.07009330572056044,0.6931471805599453,0.0,0.0,0.44532132015593706
bc1q1cgwj9s8u287m5c6reaguucqb39bw4q46derg8,0.0175235191788163,0.0175235191788163,1,1.0,1,0,0.0,0.0,-0.0,15,False,,0.01737175273952842,0.01737175273952842,0.6931471805599453,0.0,0.0,0.46192628006057546
bc1qs49mi9zu1eh3366sqmqqwhh3tt255kcmg2k87b,0.3642871506539674,0.5923201864086484,3,0.7226618043125512,2,1,131.05628629851032,68.12234484038794,1.584962500721156,31,False,,0.31063205827214013,0.46519218931583506,0.5438706552342242,4.883228243051237,4.235878048115815,0.43896117344596214
bc1qstrmzrmt8am1kbw6giokoqs8d6kyb27xjx6yy6,0.9626130805257624,1.9523092002611968,4,0.5132226103072208,2,2,922.6155726113842,317.2902288649866,1.5,10,False,,0.6742767896644906,1.0825876438890059,0.41424155571322957,6.82829593811276,5.7629636359374565,0.49953984314493965
bc1q81njbuyyzu05z4mljc1bx7qfp8swxqwlqb8kh4,-0.6003709295734371,0.6003709295734371,1,1.0,1,0,0.0,0.0,-0.0,58,False,,-0.47023543336048385,0.47023543336048385,0.6931471805599453,0.0,0.0,0.393943070353143
bc1qpjyv97ji7tjabwhm24n2gpzv1417h80qhmrfor,-0.6025252270794274,0.6025252270794274,2,4.779950762081271,1,1,104.87580535184472,104.87580535184472,1.0,38,False,,-0.47158065201603466,0.47158065201603466,1.7543951639769417,4.662266759572282,4.662266759572282,0.40943719623639024
bc1qhxb8b6j393oxesp7j6v4523arbbr7dki5bbkv0,-0.5764007448423838,0.5764007448423838,1,1.0,1,0,0.0,0.0,-0.0,22,False,,-0.4551442388344029,0.4551442388344029,0.6931471805599453,0.0,0.0,0.39381974962797617
bc1q10ljrnicd0sqpzygwezuv263fl2aze5ezkjs7m,-0.5994744080451885,0.5994744080451885,2,72.7578947368421,1,1,712.2836776354973,712.2836776354973,1.0,0,False,,-0.46967508030768634,0.46967508030768634,4.300788036769993,6.569879206133485,6.569879206133485,0.44926368701303293
bc1qu6o3lpo7381onrpoj9bmay74fpllgrcutreurf,-0.2091392878957436,0.2091392878957436,1,1.0,1,0,0.0,0.0,-0.0,15,False,,-0.18990877417420884,0.18990877417420884,0.6931471805599453,0.0,0.0,0.41774843968680286
bc1qqyxpybnrk4pvi2digtgu6iac72syojtmrnzmud,-0.417957709096527,0.417957709096527,1,1.0,1,0,0.0,0.0,-0.0,10,False,,-0.34921760333269,0.34921760333269,0.6931471805599453,0.0,0.0,0.3956164326718328
bc1qhszdimopw9i93t3m5txcx7ly6yv0916pjpvwp8,-0.0475110473854267,1.012279170818008,3,0.3831553553056373,3,0,7184.156131683861,3612.726290208175,1.584962500721156,28,False,,-0.04641691918854416,0.6992679955038547,0.32436737848203995,8.879772528504427,8.1924947323151,0.4887292098611621
bc1qh2v9msk0nlydjixl7vsky6c5tg8bka8v0igbv7,-0.1087214825345537,0.1087214825345537,2,0.2490186245179587,1,1,6.210369016724656,6.210369016724656,1.0,22,True,coinjoin,-0.10320753393617978,0.10320753393617978,0.2223581425758665,1.9755201312249593,1.9755201312249593,0.416552678949558
bc1qpriludqd6od6ih10ejqbeccxhj4wupr4tw5s63,-0.2005802297256001,0.3923599973083191,7,0.8723483739385923,5,3,5517.133775673121,1779.054401134689,2.4056390622295662,62,True,peeling,-0.18280496470485422,0.3310001472321385,0.6271934579308853,8.615794997990633,7.484399205254328,0.5292534518195742
bc1qb7oxyvbz4gjhjj30u2vjf17acwf6pzifs4s5qt,-0.340651520154491,0.5378349777995372,6,0.7450234760001553,5,1,51318.581809519696,10480.171527488692,2.2516291673878226,62,True,peeling,-0.29315570487200476,0.43037556870747157,0.5567680088591136,10.845827670012033,9.257335738601446,0.5315925933263944
bc1qm0p875knortlqbk2whz3m21o5k3ckohelh913s,-0.4107216118079207,0.4295902582905691,3,0.7377112167965915,2,1,1203.1268089285716,660.5419413483696,1.584962500721156,50,False,,-0.344101354898686,0.3573878705495513,0.5525688546924891,7.093509943353061,6.494573384943996,0.42199724753778606
bc1q77ih0fuojjfaf8edjm7w4hxiobcfphg4bc2fvf,-0.5613386240524664,0.5613386240524664,2,19.891792333371704,1,1,0.0,0.0,1.0,24,False,,-0.4455435456520126,0.4455435456520126,3.039356370517552,0.0,0.0,0.4231346061943535
bc1qy7u6ua2yy3hbtth9krqwb9slo9nlupya8whofy,-0.407749523402825,0.407749523402825,2,0.2556182767067845,1,1,3.291897079825474,3.291897079825474,1.0,41,False,,-0.34199234660010946,0.34199234660010946,0.22762810203357997,1.4567288449435372,1.4567288449435372,0.39804679028787054
bc1qm0tmg2pu2nu4h6fq3rwk3otzzrbyqgyiw59odm,-0.3524172507598812,0.3524172507598812,2,0.5078260460687564,1,1,0.0,0.0,1.0,21,False,,-0.30189354743415797,0.30189354743415797,0.410668908866161,0.0,0.0,0.3998623028322851
bc1qz87wg8v961y2x6mspzpdyj49ix5tteugqv2x2h,-0.5790318221160785,0.5790318221160785,2,16.583493282149714,1,1,0.0,0.0,1.0,36,False,,-0.4568118884055012,0.4568118884055012,2.866960580261842,0.0,0.0,0.4219607245811689
bc1qnbwidfch3o1hc1vggbit6rbewv68d1rl6zazyx,-0.5969050738647457,0.5969050738647457,1,1.0,1,0,0.0,0.0,-0.0,53,False,,-0.4680674271811632,0.4680674271811632,0.6931471805599453,0.0,0.0,0.3934414413093904
bc1qs2e6lzkwe9cztartgbjbi9za57hwue4gnya55h,0.0925933085797481,0.0925933085797481,2,0.2605961438406262,1,1,6.659443055585987,6.659443055585987,1.0,33,False,,0.08855405265150827,0.08855405265150827,0.23158473910490712,2.035939272961091,2.035939272961091,0.4250448934403231
bc1qjciy1gqff55depu0f80gnyd1osep720oevgdgo,-0.479953424259135,0.479953424259135,2,0.2529936854064516,1,1,2.4312405046400025,2.4312405046400025,1.0,55,False,,-0.39201061718565083,0.39201061718565083,0.22553563632138546,1.2329218589538427,1.2329218589538427,0.3948372199911261
bc1qh4kymhvkcxallssfk7qirjqr0u09xox3mslzar,-0.5907226869027014,0.5907226869027014,2,46.85466377440347,1,1,11048.523307147136,11048.523307147136,1.0,44,False,,-0.4641884330337765,0.4641884330337765,3.8681685796991143,9.310142566390665,9.310142566390665,0.4593317823490947
bc1qemdf3jphnb5vngblcqzj82zqyjm3ppsohxf823,-0.016861363312928,0.016861363312928,1,1.0,1,0,0.0,0.0,-0.0,55,False,,-0.016720788514450316,0.016720788514450316,0.6931471805599453,0.0,0.0,0.4593089283374043
bc1qd143mo2op6vmjobru2qlc65q2efhazmiq5pxlg,-0.6004274730314023,0.6004274730314023,2,6.320409656181419,1,1,1380.5594092797055,1380.5594092797055,1.0,43,False,,-0.47027076420664093,0.47027076420664093,1.9906662903665064,7.230968146898643,7.230968146898643,0.4234931582801941
bc1qfwmvytsu2msgqgv8h0z6wf6b3isxhvt1kkeqvi,-0.6037718722659112,0.6037718722659112,2,0.5128372543025799,1,1,0.0,0.0,1.0,36,False,,-0.47235827505636907,0.47235827505636907,0.4139868641182411,0.0,0.0,0.3866676558277705
bc1q953467wcdpi2eyenyjym9oo2tp5hqkjnz057h5,-0.5907650647316405,0.6055429834393566,3,0.3766888872418438,2,1,10582.136614649831,5321.822466621333,0.9182958340544896,40,False,,-0.46421507329283135,0.47346200680777245,0.3196812590282091,9.267017127887835,8.579758980488315,0.442283054109732
bc1qctzgwkidnfe9o1xgjngvspj0lxwtr1ueiaq3j9,-0.4918252253637513,0.4918252253637513,2,0.5003271815481188,1,1,12.114891969766584,12.114891969766584,-0.0,21,False,,-0.40000035374289516,0.40000035374289516,0.4056832053553099,2.57374837613406,2.57374837613406,0.44294452097653353
bc1qx2hk5gyimq5glhc0dj96irx3nghb3cjop0vea3,-0.5048881344671232,0.5048881344671232,1,1.0,1,0,0.0,0.0,-0.0,58,False,,-0.40871856618055746,0.40871856618055746,0.6931471805599453,0.0,0.0,0.391587698010381
bc1qwnac1pmadfa0goajb6ru3t28sie7coc0wkn4w1,-0.6069913600506112,0.6069913600506112,2,0.4990498414477066,1,1,0.0,0.0,-0.0,40,False,,-0.4743637102945074,0.4743637102945074,0.40483146836603495,0.0,0.0,0.4376861204391979
bc1qar4gztpzmns7lv5j9xzh1r1svblrq3x4hpalwb,-0.6003265781268771,0.6003265781268771,2,0.2627877091998509,1,1,1.0625102657945136,1.0625102657945136,1.0,12,False,,-0.4702077197471504,0.4702077197471504,0.23332174467987302,0.7239238165692277,0.7239238165692277,0.3973251367436774
bc1qm305t1ww8pawhlq7ar42ddkoxn4kda24mks9vi,-0.4475111653491685,0.4475111653491685,1,1.0,1,0,0.0,0.0,-0.0,14,False,,-0.36984564397527686,0.36984564397527686,0.6931471805599453,0.0,0.0,0.3930404501280174
bc1q71l6r4u0000lg7703p24bx2144vwgjy4p5hwry,-0.2829693420614442,0.2829693420614442,2,0.2604492448026961,1,1,0.0,0.0,1.0,47,False,,-0.24917718983860057,0.24917718983860057,0.23146820091106254,0.0,0.0,0.4055757583469628
bc1qz7ko0ql4tc9yvrzmwpl00acma2h5csrrqsx696,-0.2397129201472388,0.2397129201472388,2,143.64089775561098,1,1,0.0,0.0,-0.0,44,False,,-0.21487983680268558,0.21487983680268558,4.974254103452667,0.0,0.0,0.5150125949696366
bc1qisnktkp2pxyw7dqtbf6bio00o72q4m8nmkwcj8,-0.5946378233832319,0.5946378233832319,1,1.0,1,0,0.0,0.0,-0.0,16,False,,-0.4666466404733519,0.4666466404733519,0.6931471805599453,0.0,0.0,0.39399587855432244
bc1qdl4jm0d6fwunibw1gix5hy9lxl0banae2apzl9,-0.6035959569959952,0.6035959569959952,2,0.2550252368723988,1,1,0.0,0.0,1.0,9,False,,-0.47224858057824437,0.47224858057824437,0.22715568144323509,0.0,0.0,0.3864229927083418
bc1qmyf01nwq1fttt1vdy3v83mcymu0zj4o99p1f3a,-0.2496078673101682,0.2496078673101682,1,1.0,1,0,0.0,0.0,-0.0,20,False,,-0.22282979594627628,0.22282979594627628,0.6931471805599453,0.0,0.0,0.40959983638672876
bc1qsqry1eyn70w1pfxmbesb2lcrz3rj4biohk0vey,-0.5979288765576962,0.5979288765576962,2,11.191709844559586,1,1,2444.591596483624,2444.591596483624,1.0,31,False,,-0.46870833856740945,0.46870833856740945,2.5007561998224768,7.802042334392942,7.802042334392942,0.42795267938070247
bc1qdl4ycpuukbi7ijxm5lze6hvoge67snvce8xpu4,-0.4627615754419861,0.4627615754419861,2,7.43641606059302,1,1,1364.107280449086,1364.107280449086,1.0,44,False,,-0.38032613913429275,0.38032613913429275,2.132557581053391,7.2189882982663285,7.2189882982663285,0.42001365396694323
bc1q0dpimrbzn59gmucji7ekvzarhdvuspqyasyinp,-0.6070397022344255,0.6070397022344255,2,0.5046375254070976,1,1,123.21581864937365,123.21581864937365,1.0,32,False,,-0.47439379225879535,0.47439379225879535,0.4085520222869823,4.822020525715911,4.822020525715911,0.4036335163834242
bc1qlc254zh0qa1lszkzn0lyimoes1ai9a44yzlxoe,-0.2599994128418771,0.5273595466502006,3,0.382188145089944,2,1,125.25449317446564,84.06333397274352,1.584962500721156,61,True,peeling,-0.2311112549647678,0.42354045801613355,0.3236678557970675,4.838299657022896,4.443396084598668,0.4123188307867894
bc1qwpoozwrsxf8lsmg9rbgxk93rhwh0xfjm4qyo3u,-0.5960599305028698,0.5960599305028698,1,1.0,1,0,0.0,0.0,-0.0,14,False,,-0.46753804876301147,0.46753804876301147,0.6931471805599453,0.0,0.0,0.39355677886326984
bc1qlk4ktcm2vss666cevpoui0omoms98z2n4xxzu3,0.1716391996697909,0.502024361494058,4,0.493897027614503,3,1,2601.3378775338306,902.0458008586568,1.5,50,True,coinjoin,0.1584037936481481,0.4068137725806222,0.40138816038245156,7.864165503652974,6.805773272904437,0.45940358474697573
bc1q68uuj2g430lr3oozit4mm186zudnmopg8ux018,-0.3995700139956263,0.5763156858152078,3,0.3813671541653179,3,0,84.37881746179889,51.327246556266765,0.9182958340544896,52,False,,-0.3361650565859895,0.4550902796350474,0.3230737001823783,4.447098030938736,3.9575172020738805,0.4783808080498789
bc1qbtt9paf667ztt7f1up4phfaxi1s9npaxuzmxl2,-0.5364536812915977,0.5364536812915977,1,1.0,1,0,0.0,0.0,-0.0,37,False,,-0.4294769565379181,0.4294769565379181,0.6931471805599453,0.0,0.0,0.3920275064660606
bc1qcfhd82p5ejrsbblbadkel21aa6y87qs7jp1ilr,-0.4792046458685326,0.4792046458685326,1,1.0,1,0,0.0,0.0,-0.0,64,False,,-0.3915045418839343,0.3915045418839343,0.6931471805599453,0.0,0.0,0.3901643388323708
bc1qmcd6xhmk0ufucguw0v0i1itqpq4bw34s764623,1.1641420200274366,1.1641420200274366,1,1.0,1,0,0.0,0.0,-0.0,16,False,,0.7720239873092635,0.7720239873092635,0.6931471805599453,0.0,0.0,0.5139360797488917
bc1qf1xw53zg1igae7utei5cqom3oqcez5xtebi7t9,-0.4625288392170565,0.488340964869392,5,0.638002814892049,4,1,14795.165243433135,4963.883244651643,1.9219280948873625,60,True,peeling,-0.3801670190522288,0.39766205321902665,0.4934777039227155,9.602123321005225,8.510145060523348,0.4899818117994365
bc1q5g1q7nm5c7k4rjnylimgpk3y8sf4fp4v8z3nd7,-0.5898648981926581,0.5898648981926581,2,7.126067054311518,1,1,0.0,0.0,1.0,24,False,,-0.4636490429318594,0.4636490429318594,2.0950770493542206,0.0,0.0,0.4030093592128861
bc1qxco59avh094ipzgrspiw06ny41uiw5e1qml5mq,-0.475043639447575,0.475043639447575,1,1.0,1,0,0.0,0.0,-0.0,30,False,,-0.38868757542027665,0.38868757542027665,0.6931471805599453,0.0,0.0,0.3905493168026103
bc1qqnx0of7swuq0r0g6hqhuxkup5gsu572f08d287,-0.1845857205705013,0.1845857205705013,2,0.2608038130483407,1,1,5.030593439601395,5.030593439601395,1.0,44,False,,-0.16939311056766418,0.16939311056766418,0.23174946442555028,1.7968454204242967,1.7968454204242967,0.41258364527944014
bc1qmmk4wl656d1biob6ffrlkwlq3tnpp2vpfh22cp,0.1955883643428707,0.1955883643428707,2,7.347251158637697,1,1,146.87704724835515,146.87704724835515,1.0,56,False,,0.1786384193151088,0.1786384193151088,2.121932282105347,4.996381166654823,4.996381166654823,0.433734816419649
bc1qchatndfo6sa8zovs32ykcd3i4z4yidzyning1f,-0.5911513820642973,0.5911513820642973,2,0.509635292243988,1,1,6.563172836965838,6.563172836965838,1.0,13,False,,-0.46445789383260006,0.46445789383260006,0.4118680933389322,2.023290789576649,2.023290789576649,0.39160755608273534
bc1q6z6elcanrtlq74fcm56j61um04acc7y1wngxam,-0.5851019429764812,0.6025430583254038,3,0.7909625208268488,2,1,294.0642364303086,191.4594848051375,1.584962500721156,20,False,,-0.4606487225962922,0.4715917789215411,0.5827531964647787,5.687193083246812,5.259885663031486,0.42034344922136957
bc1qjulj3g75zk1ga2sytmxbv9mdpoa8fvf841rizk,-0.5953480097647748,0.5953480097647748,2,0.5086392134930681,1,1,0.3571602720814958,0.3571602720814958,1.0,43,False,,-0.4670919003775787,0.4670919003775787,0.4112080614000296,0.3053944815289012,0.3053944815289012,0.3995360848653054
bc1q7c5kb3ygb1rv32ii8k179yixmhvj4umsg9sx3k,-0.5929739572633507,0.5929739572633507,2,0.2641624232010431,1,1,0.1854916420939253,0.1854916420939253,1.0,18,False,,-0.46560268256034837,0.46560268256034837,0.23440978683724295,0.17015757638790607,0.17015757638790607,0.39686505802140576
bc1qbjjuidce74ahjoysj8oyrhkknnaeo0142jfutg,3.887837721709471,3.887837721709471,2,1781.4432989690722,1,1,420071.69027586223,420071.69027586223,-0.0,35,True,peeling,1.5867500219952448,1.5867500219952448,7.485740341947485,12.948183047369692,12.948183047369692,0.5783305718920216
bc1qlu1eao1l9nypu87h0posqf4tiinjv5s1hhw9in,3.354751996421893,3.354751996421893,2,834.7826086956522,1,1,212511.41159105077,212511.41159105077,-0.0,35,True,peeling,1.4712676618222875,1.4712676618222875,6.728368541823711,12.266755673128255,12.266755673128255,0.5455473231553274
bc1q5k5dj3rzql0h5qqjvwuptvn29mrqvd7x1jmh6t,-0.3225097487991382,0.4733664342369056,2,15.95420552118918,2,0,2772.670048281918,2772.670048281918,1.0,64,True,peeling,-0.27953125621588015,0.38754987384575784,2.830515916395928,7.927926649417462,7.927926649417462,0.4897059473767699
bc1q4u7s0kdy8lwkhrzfdyxsx2yp7vnsgolcbtl97p,2.9173657989909825,2.9173657989909825,2,630.6569343065694,1,1,106818.93301239774,106818.93301239774,-0.0,35,True,peeling,1.365419437862533,1.365419437862533,6.4483464212994885,11.57889982678626,11.57889982678626,0.5198103287671206
bc1q4ve41w4s6fuyc5atdzyumnqizkqoelu8a3pwjt,2.5450693332553564,2.5450693332553564,2,5400.0,1,1,986631.0777466844,986631.0777466844,-0.0,35,True,peeling,1.265557717833838,1.265557717833838,8.594339400592892,13.802052480679826,13.802052480679826,0.5892919663018068
bc1qnbi5e0l1q9rvsf0s60kqhj9zu0f5e47rhow59q,-0.2183815125460972,0.2183815125460972,2,0.5117786083649739,1,1,116.0184911742012,116.0184911742012,1.0,60,True,peeling,-0.19752334893321719,0.19752334893321719,0.4132868439974031,4.762331966534026,4.762331966534026,0.4104553792788732
bc1q7s44z78iy664l90fxv2yrelzawr7zj8fn2be6o,2.155046033242118,2.155046033242118,2,31.30434782608696,1,1,300.83121752168825,300.83121752168825,1.0,35,True,peeling,1.1490030864547598,1.1490030864547598,3.4752018287886095,5.709867978763384,5.709867978763384,0.520088481465853
bc1qqph8a51gzfz7yhtd6oo7g5b0l8o9ics9jrmbk3,0.1538281529370613,0.1538281529370613,1,1.0,1,0,0.0,0.0,-0.0,37,False,,0.14308524273109957,0.14308524273109957,0.6931471805599453,0.0,0.0,0.4388563126741327
bc1qocjz5qde2y3znp8kaiwjwxyouhif806qxn6i8b,-0.6047480024770824,0.6047480024770824,1,1.0,1,0,0.0,0.0,-0.0,29,False,,-0.47296673645252296,0.47296673645252296,0.6931471805599453,0.0,0.0,0.3977239643688066
bc1qlba0x9a8f8bor2keg7v48tpg7uv5ipbxmmnr1v,3.3312400046512978,3.3312400046512978,2,123.60515021459229,1,1,28479.76549817185,28479.76549817185,-0.0,35,True,peeling,1.4658538762249973,1.4658538762249973,4.825149939484619,10.256984243611738,10.256984243611738,0.5452661363720884
bc1qc9qh1j5tac9pfhj1oycfz61i3eyj5q0s9ajygz,2.600012213660232,2.600012213660232,2,90.0,1,1,19578.882051858134,19578.882051858134,1.0,35,True,peeling,1.280937238139707,1.280937238139707,4.51085950651685,9.882257892157172,9.882257892157172,0.5352542946043712
bc1qt1500eeod1vaa4ltv5lx9beahza9t0z6m9zmxz,1.1342802707359727,2.0030373641419126,3,0.4024382291475824,2,1,5.381274086324154,2.690637043162077,1.584962500721156,35,True,peeling,0.7581294801207914,1.099624231195488,0.3382123140562428,1.8533677774701056,1.30579908357512,0.5342060701790127
bc1qdzup68c656831fez0msg1b3jsu4vylcgauai0j,-0.3514233888994465,0.3514233888994465,1,1.0,1,0,0.0,0.0,-0.0,61,True,peeling,-0.3011583991487025,0.3011583991487025,0.6931471805599453,0.0,0.0,0.3977943297288034
bc1qppyr6epm47whkumcisyoxomtf075g514a9969t,1.8979555305753997,1.8979555305753997,1,1.0,1,0,0.0,0.0,-0.0,35,True,peeling,1.064005498913745,1.064005498913745,0.6931471805599453,0.0,0.0,0.5564459893464532
bc1qte0y4hi5bhj3kfxsmtsvawnwgxv38pfitcgm6e,1.6144165850395669,1.6144165850395669,1,1.0,1,0,0.0,0.0,-0.0,35,True,peeling,0.9610409693903098,0.9610409693903098,0.6931471805599453,0.0,0.0,0.5447053419731225
bc1qpun6en1kq1yj94kic0giz3pxpqubpx8jrw1zdx,-0.3677968412236841,0.3677968412236841,1,1.0,1,0,0.0,0.0,-0.0,42,False,,-0.3132013002945481,0.3132013002945481,0.6931471805599453,0.0,0.0,0.3956770173321489
bc1q21xg77flv7ejm1r1qjqmfd2smd7kl9intuo1r3,-0.5516921809913015,0.5516921809913015,2,12.31909888073002,1,1,611.8112766844422,611.8112766844422,1.0,49,False,,-0.4393460650995043,0.4393460650995043,2.5891990112269254,6.418057020157268,6.418057020157268,0.42683672302138087
bc1q97lcpxxvk0qqxc9u2ho755lz2l2e9eu0g8lwdk,-0.2421351444877545,0.489126898843184,5,0.6282073840542934,3,2,2885.8133348727724,793.6393891441082,2.321928094887362,4,False,,-0.21683178957861207,0.3981899742767978,0.4874796452502042,7.967908520445026,6.677888413186515,0.4449473053024822
bc1qyuztw32atxab0g3yvolllmju1bzqw29asaj7sr,0.0807945805530672,0.0807945805530672,1,1.0,1,0,0.0,0.0,-0.0,37,False,,0.07769649335915164,0.07769649335915164,0.6931471805599453,0.0,0.0,0.44762732689491364
bc1qhb9eeq0cx5j1iipnqrpjz3n3m4lhckxpda6c6w,1.2150136134778196,1.2150136134778196,2,111.340206185567,1,1,4577.745029411712,4577.745029411712,1.0,37,True,peeling,0.7952585495178598,0.7952585495178598,4.721531822473503,8.429180228514866,8.429180228514866,0.49541212370952725
bc1q9ozo13jf46de7kios320hmh74uz5lq0nh0rudb,-0.362779112464385,0.3941485104315647,4,0.5146088764075059,2,2,2075.33219925384,769.3866296796614,2.0,63,True,peeling,-0.3095260797605832,0.3322838421240659,0.41515723824261075,7.63835825039252,6.646892505296531,0.43145356427565
bc1qrsiv34j008cydvxvxyi1o46mzju1ucvm5o9coo,0.9372834470277708,0.9372834470277708,2,482.68156424581,1,1,63443.303443233264,63443.303443233264,-0.0,37,True,peeling,0.6612867067227247,0.6612867067227247,6.1814267650769645,11.057917688863554,11.057917688863554,0.5048354830013475
bc1qbk6dhx16h7009wvnf751vutpqcmsv1r9y7n17l,0.8024374139985138,0.8024374139985138,2,111.84466019417476,1,1,17905.745819738448,17905.745819738448,-0.0,37,True,peeling,0.5891398677980156,0.5891398677980156,4.726012184414072,9.792932782272313,9.792932782272313,0.49543634122678326
bc1qouqjacpttcrdevcjzxcv21rx6mvfynetuy56h2,0.2297091964873215,0.6473336980548086,3,0.3817198600360513,2,1,488.8764160025706,265.5439556779207,1.584962500721156,37,True,peeling,0.20677771581131943,0.49915804029942246,0.32332899860102116,6.194153147054164,5.585539166883059,0.42409840673055615
bc1qtpwd0g2vorfsl0jjmby6i17etmysbtl03710me,-0.3871121949906939,0.3871121949906939,1,1.0,1,0,0.0,0.0,-0.0,62,True,peeling,-0.3272240284654916,0.3272240284654916,0.6931471805599453,0.0,0.0,0.3945963801033624
bc1qatdux63rr8jpvq308n32k1ihkpju9hr6f27p6s,0.4259254693087196,0.4259254693087196,2,0.270222511349189,1,1,59.02437514907923,59.02437514907923,1.0,37,True,peeling,0.3548210550643044,0.3548210550643044,0.23919209091052157,4.094750732208556,4.094750732208556,0.42017713644508625
bc1qa6ar1ar6ufcmvq9oat0leupk9iphptmqk0ymxn,-0.6030322344494934,0.603879934699395,2,0.2556273521266775,2,0,6.744496795213355,6.744496795213355,1.0,20,False,,-0.4718969822521191,0.47242565296396494,0.22763532985692692,2.0469825001910587,2.0469825001910587,0.453496160229941
bc1qxcijqn6c4w713qnvy4h03b27lak0pntkluuj7k,0.1451666149009099,0.1451666149009099,1,1.0,1,0,0.0,0.0,-0.0,5,False,,0.13555014161719484,0.13555014161719484,0.6931471805599453,0.0,0.0,0.4380950844459029
bc1qh5hzwr73yao3s0eoarrwws4fzrg4pb7qu3054o,0.343557576224275,1.065994075268512,4,1.0639738932331753,3,1,3616.040137703649,1562.3421242053537,2.0,14,True,coinjoin,0.2953210035509558,0.7256115029627017,0.7246331989119842,8.193411328850342,7.35458119591548,0.48508567171766137
bc1qxpfo86080yapig8ofsmnawy0peqlv488pkwtzv,-0.3618556706315165,0.3618556706315165,1,1.0,1,0,0.0,0.0,-0.0,61,False,,-0.30884823341291423,0.30884823341291423,0.6931471805599453,0.0,0.0,0.39588248854374813
bc1qn0mwfs58bqzacgbvqcedniqb7r77iu31e90gdr,-0.533722323865502,0.533722323865502,2,0.2610788539726139,1,1,47.8912909892976,47.8912909892976,1.0,44,False,,-0.42769767213070675,0.42769767213070675,0.23196758791635372,3.8895992822410546,3.8895992822410546,0.39491395772316645
bc1qh4217pftpybor9mm201lda71yp6e9kgy2twscw,-0.2117279060604232,0.2117279060604232,2,0.5566992374380237,1,1,89.36913859594247,89.36913859594247,1.0,2,False,,-0.19204736249309076,0.19204736249309076,0.44256770620152885,4.503902821899224,4.503902821899224,0.41194676850582335
bc1q63tfms12wbake2dcq81uense13dww8dxajxmb5,-0.2382794624367011,0.2382794624367011,2,0.5437364891866294,1,1,0.0,0.0,1.0,3,False,,-0.2137228858124348,0.2137228858124348,0.43420576941196803,0.0,0.0,0.41087478723921095
bc1q7ixhhkffn16db0ic1kxgjw2wzoiv10jh6zaz50,-0.1907389119581916,0.6004397474676736,3,0.4099371809227382,2,2,13102.219128051289,6575.0422287965575,0.8112781244591328,41,False,,-0.17457404884207553,0.47027843365084204,0.343545150860518,9.480613213967098,8.791188358369375,0.45555495886327063
bc1qsqc38seootuia4tndgdbnl7nfpe5hdpvqg527v,-0.4233023606315126,0.6068780361631914,2,107.06319702602232,2,0,26997.719889533124,26997.719889533124,-0.0,55,False,,-0.3529797776552204,0.4742931885193536,4.682716213634596,10.203544732363733,10.203544732363733,0.5514511116732408
bc1qj6jdpbj1npkmx0f6ov0ndyu5473ujs3ev33pv7,-0.5978626241374091,0.6019610357415011,3,0.4042344809516977,2,1,136.63344946194414,126.153366018532,1.584962500721156,17,False,,-0.4686668762753405,0.4712285260916381,0.33949230088398724,4.924593987977109,4.845393964333554,0.41493353064921473
bc1q0lgrpzrxep46agyggfmnuf8z3hjeym4um75w15,0.0817369594988621,0.6796801449269766,4,0.6347375554890289,3,1,473.4987869734817,195.3577839313681,2.0,51,False,,0.07856804504567645,0.5186033853642864,0.4914822749445896,6.162259061615696,5.279938423382473,0.45815393106465835
bc1qygwr70iofifoq6pk5mssewkn8xqky9kvgcpm5f,-0.5783887043899526,0.6009690902591972,3,0.3858509412559806,2,1,189.1238207930334,97.9631398374073,1.584962500721156,43,False,,-0.4564045193334243,0.4706091273067785,0.3263143489928707,5.247675548288209,4.5947474559298005,0.4113863931327863
bc1qbcez15rvmk6ttgdl970sdotaiecevs40w58cm1,-0.5229480510619595,0.5229480510619595,1,1.0,1,0,0.0,0.0,-0.0,47,False,,-0.42064796371995866,0.42064796371995866,0.6931471805599453,0.0,0.0,0.3922351737404174
bc1q1apgzmkbf6x3l8tvf7mwtz568d2iboctblrwu7,-0.6018837349548221,0.6018837349548221,1,1.0,1,0,0.0,0.0,-0.0,25,False,,-0.4711802710779115,0.4711802710779115,0.6931471805599453,0.0,0.0,0.3937486251445011
bc1qht1u37eb8qhs9ckhawv8ab40oobagxkk36qstt,-0.4902610898971654,0.4902610898971654,1,1.0,1,0,0.0,0.0,-0.0,38,False,,-0.3989513327256171,0.3989513327256171,0.6931471805599453,0.0,0.0,0.3912124367280401
bc1qg91hovsrm9xxk7ttma008wbgpfwcinvskhd1yu,-0.1912644632058867,0.1912644632058867,1,1.0,1,0,0.0,0.0,-0.0,52,False,,-0.1750153171137351,0.1750153171137351,0.6931471805599453,0.0,0.0,0.41966171671457925
bc1qp93nyh90en4iedbtfdcdqvul7jmdxubc6a41l1,-0.6031262073824729,0.6031262073824729,2,0.2564456455440343,1,1,9.37560465660466,9.37560465660466,1.0,59,False,,-0.4719556025197767,0.4719556025197767,0.22828681844587992,2.339457344573206,2.339457344573206,0.38907278670285456
bc1q2im29nnqpnji8fg7s1rdolpgu8nqpckbqrgery,-0.602839681376971,0.602839681376971,2,0.2709219813678424,1,1,0.0,0.0,1.0,6,False,,-0.47177685700831046,0.47177685700831046,0.23974260666302888,0.0,0.0,0.38669622209023563
bc1qfjfzs958pcyhc065ju7yol6lbm0aj6x27o6qnh,-0.4268993268267979,0.4268993268267979,2,0.2696784926720176,1,1,2.640092724430571,2.640092724430571,1.0,54,False,,-0.355503787181065,0.355503787181065,0.23876371304490446,1.2920091550688615,1.2920091550688615,0.3987975770972661
bc1qf6te8cp9k02psoi373dzwi7plc1kjg7dp5ulp2,0.1948049949835713,0.1948049949835713,1,1.0,1,0,0.0,0.0,-0.0,18,False,,0.17798298795333148,0.17798298795333148,0.6931471805599453,0.0,0.0,0.43819537498937233
bc1q1arvyxtuyl0bu1iadyw8wr4iji934qpvbxsm4n,-0.2480999971176253,0.2480999971176253,1,1.0,1,0,0.0,0.0,-0.0,33,False,,-0.2216223926328609,0.2216223926328609,0.6931471805599453,0.0,0.0,0.409925802202423
bc1qswuzjawga0xmvrustqfob80vwgc7dv5by0632g,-0.6047833661788965,0.6047833661788965,1,1.0,1,0,0.0,0.0,-0.0,14,False,,-0.4729887731287561,0.4729887731287561,0.6931471805599453,0.0,0.0,0.3977239643688066
bc1qrx6a990bsh1fye7lft25h8gorm3zh476egqe8d,-0.6040517836759297,0.6040517836759297,2,0.2595112837849,1,1,1.0609121958645114,1.0609121958645114,1.0,4,False,,-0.4725327930104408,0.4725327930104408,0.23072377571037297,0.7231486983149752,0.7231486983149752,0.3973251367436774
bc1qd60ajbv6jnsczkm9x9e82i5x65um4yrv8voygh,-0.2819747984786817,0.4041961462240907,2,0.2725470372338999,2,0,9.964268513949818,9.964268513949818,1.0,45,False,,-0.2484017003323106,0.3394650011335584,0.2410204331867994,2.3946416686504857,2.3946416686504857,0.44809914024935343
bc1qvqizd82cudld5cxbbln1b5ou833z5gf0g46u2s,-0.4156236292206651,0.4156236292206651,1,1.0,1,0,0.0,0.0,-0.0,11,False,,-0.34757016136784996,0.34757016136784996,0.6931471805599453,0.0,0.0,0.3956967822567265
bc1qupsrgi9p8tfxsw3hcdi74kzt22thw9p0ieihcj,-0.3459239434664161,0.3459239434664161,2,0.5536828883790678,1,1,13.70016322266799,13.70016322266799,1.0,0,False,,-0.2970807240290184,0.2970807240290184,0.44062816958993695,2.687858597305903,2.687858597305903,0.4007022119689388
bc1qs0hcn1d53i0qaoyrxxo1id2cpdd8l0aihegyir,0.4576669039281548,0.4576669039281548,1,1.0,1,0,0.0,0.0,-0.0,49,False,,0.3768371465306607,0.3768371465306607,0.6931471805599453,0.0,0.0,0.4425650087874601
bc1qsbfdgj9kku7im2l184uvm6n6pwe3960bmtxv4l,-0.3921974073917136,0.3921974073917136,1,1.0,1,0,0.0,0.0,-0.0,14,False,,-0.3308833675123052,0.3308833675123052,0.6931471805599453,0.0,0.0,0.39466414680886147
bc1q7xp2kugeorl0yb9c55c5mwbwacj28msabbkazj,1.128343094315429,1.128343094315429,2,1.982515316307565,1,1,0.0,0.0,-0.0,6,False,,0.7553437870151616,0.7553437870151616,1.092767010369058,0.0,0.0,0.49883845760846496
bc1qfkplpcgbqlc9eyd3mynueuvld7p441jwyr248x,-0.5946175606037133,0.5946175606037133,2,0.524308431717019,1,1,0.0,0.0,1.0,19,False,,-0.46663393357027944,0.46663393357027944,0.4215408198041912,0.0,0.0,0.38622067681274797
bc1qds7kvk1xv1jl7tg6cd2ipe7ykrz3fu0luzj486,0.7289115384970822,0.7289115384970822,1,1.0,1,0,0.0,0.0,-0.0,52,False,,0.5474920420013326,0.5474920420013326,0.6931471805599453,0.0,0.0,0.48140747327505296
bc1q4ulpqp81ycegnnjmxwepu44tm1quanx0h6vy9r,-0.5161917191528647,0.5161917191528647,2,23.2508073196986,1,1,299.42798185396384,299.42798185396384,1.0,21,False,,-0.4162017430454558,0.4162017430454558,3.188449908363304,5.705208064200262,5.705208064200262,0.43462588504222055
bc1qb890zm8jkx2y5l3eowr8j0jmmyr77yh3y8a6m9,0.4437567290226115,0.4437567290226115,1,1.0,1,0,0.0,0.0,-0.0,51,False,,0.3672485560719876,0.3672485560719876,0.6931471805599453,0.0,0.0,0.4418623322620126
bc1q682yf7qtz1ruy5r8t9450xpoi73t2gqyltx182,-0.3132006432388953,0.3132006432388953,1,1.0,1,0,0.0,0.0,-0.0,61,False,,-0.27246739647071766,0.27246739647071766,0.6931471805599453,0.0,0.0,0.4054560625879101
bc1qjkd9ucegyua4qgvmdvmwtrshrbsh103uf8ri3p,-0.1673404501371807,0.1673404501371807,1,1.0,1,0,0.0,0.0,-0.0,41,False,,-0.15472804181075875,0.15472804181075875,0.6931471805599453,0.0,0.0,0.4262606802527964
bc1qweyuk6bcdfqvdpmm9xagi30cn89yxjh8kgyzm5,-0.1046307124023988,0.1046307124023988,1,1.0,1,0,0.0,0.0,-0.0,62,True,peeling,-0.0995110821925741,0.0995110821925741,0.6931471805599453,0.0,0.0,0.434523579928536
bc1q095tkiziwwl0a9gq2ycqhcfb4mfpvk4wyziqou,2.2577682867399007,2.2577682867399007,2,138.90675241157555,1,1,1334.8780713181022,1334.8780713181022,1.0,5,True,peeling,1.1810423863307538,1.1810423863307538,4.940976146493629,7.197344085948324,7.197344085948324,0.5210834206039845
bc1qcgspfrj2nwban52v58ng0dlhxbaac6qdcv2iyq,-0.3430806049913399,0.4886811906749878,2,0.5044092019650942,2,0,127.19495328583032,127.19495328583032,1.0,62,True,peeling,-0.29496593434864854,0.3978906210894023,0.4084002642964103,4.85355217776655,4.85355217776655,0.44834559895372567
bc1q9gntdwhmbun6xbelko48dhcbzcxqud8m829a7z,1.8452958498635772,1.8452958498635772,2,271.6981132075472,1,1,85557.25562405183,85557.25562405183,-0.0,5,True,peeling,1.0456670515790034,1.0456670515790034,5.6083653708967205,11.35695277523783,11.35695277523783,0.510851941261261
bc1qd5kgf39wf58yj9ohnjypogx49jmz43d3zb28mc,1.4728340947969902,1.4728340947969902,2,79.52139898757478,1,1,7016.255647753725,7016.255647753725,-0.0,5,True,peeling,0.9053648996722076,0.9053648996722076,4.3885229750316705,8.856127487217071,8.856127487217071,0.5053971264459731
bc1qlfqajgojcvj0s121mjdsrr2ku2nnu8uy5mruo0,0.4784904987996036,0.4784904987996036,1,1.0,1,0,0.0,0.0,-0.0,16,False,,0.3910216340466647,0.3910216340466647,0.6931471805599453,0.0,0.0,0.4473557220401306
bc1qcmblepso1gs58pkjousk57qntpapcjpuf7vxqo,0.1781898660839562,0.1781898660839562,2,33.417134016631216,1,1,5171.922986192576,5171.922986192576,1.0,5,False,,0.16397924888356408,0.16397924888356408,3.5385545222565615,8.551193182243859,8.551193182243859,0.47641189180488047
bc1qq1d05aqrjs9nptpr2pryvf3tiveh8vfnqgnrhp,-0.4372646349210047,0.4372646349210047,1,1.0,1,0,0.0,0.0,-0.0,31,False,,-0.3627417480549175,0.3627417480549175,0.6931471805599453,0.0,0.0,0.39399105885805563
bc1q36ky6ydybv33yw1v49tdyf12chdaubm3bcoxz0,-0.3874695170872124,0.3874695170872124,2,0.5038796987219302,1,1,6.489051292325046,6.489051292325046,1.0,53,False,,-0.3274815967302419,0.3274815967302419,0.4080482347765651,2.0134421262656805,2.0134421262656805,0.40011444614468783
bc1q1po9o2m470n9em9nr73wg5m296njwu73365rd4,-0.3971873503853017,0.3971873503853017,1,1.0,1,0,0.0,0.0,-0.0,62,False,,-0.3344611803633937,0.3344611803633937,0.6931471805599453,0.0,0.0,0.3947748694823303
bc1q8412iaapi34zatz8rbj5yqwak59w803cqexufq,-0.4122254546299355,0.4122254546299355,1,1.0,1,0,0.0,0.0,-0.0,35,False,,-0.34516679674288725,0.34516679674288725,0.6931471805599453,0.0,0.0,0.39482050219474835
bc1qjegy1lwb46t86lr6sakrafflaflgnftc46eljc,-0.4337828128289264,0.4337828128289264,1,1.0,1,0,0.0,0.0,-0.0,3,False,,-0.36031627521799414,0.36031627521799414,0.6931471805599453,0.0,0.0,0.3940954250255658
bc1qu6vqs4hufn4vnboobck3ervkdxt3u6okgk8myd,-0.5926441066877423,0.5926441066877423,1,1.0,1,0,0.0,0.0,-0.0,5,False,,-0.465395595225856,0.465395595225856,0.6931471805599453,0.0,0.0,0.39373480072510053
bc1q6nix9twu52iybhk3h3ys1duafa0xrjal1tpnsq,3.0034959098236103,3.0034959098236103,1,1.0,1,0,0.0,0.0,-0.0,35,False,,1.387167956879876,1.387167956879876,0.6931471805599453,0.0,0.0,0.5769985157972188
bc1qgcts8h5bqd2ugqbyns7easw23ogq7ysx5tuan5,-0.6071593728365149,0.6071593728365149,2,0.5472996085287523,1,1,0.0,0.0,1.0,32,False,,-0.47446825597392295,0.47446825597392295,0.43651122351064797,0.0,0.0,0.3895548577589711
bc1qp1yvfkxvqvaeutj0w6m0jtqu72j7ij6lny6wng,-0.494766831450754,0.494766831450754,2,0.5485487900499345,1,1,7.064307698852615,7.064307698852615,1.0,44,False,,-0.40197022909397323,0.40197022909397323,0.43731822787788416,2.0874478677008277,2.0874478677008277,0.39444553261971377
bc1qhysbz0oc7vuwkxt0azqg91z4pe05sa9c2ltwi0,-0.2263632950032575,0.5134067031391082,3,0.7250207688241069,2,1,995.242730274202,501.1329852174827,1.584962500721156,21,False,,-0.2040531190695749,0.4143632044604326,0.5452390903088771,6.903990932987916,6.2188649954008595,0.41689809991699817
bc1qjhe9fi3m5rpbla6szo61lqonewrx4me6xkjupq,-0.5222427723943035,0.570761036328282,2,66.46153846153847,2,0,14817.419856574876,14817.419856574876,1.0,38,False,,-0.42018475551978024,0.4515602384282539,4.211557634910647,9.60362627080214,9.60362627080214,0.523416155743127
bc1qdsp7iothieht1sem5pspu69cmnjtulr7z3uorw,-0.5166347459380083,0.5166347459380083,1,1.0,1,0,0.0,0.0,-0.0,42,False,,-0.41649389743898557,0.41649389743898557,0.6931471805599453,0.0,0.0,0.391326168365693
bc1qaobc3oko3vpk2u4avpmx5l77ibrsjox505xf36,-0.5305346349071688,0.5305346349071688,1,1.0,1,0,0.0,0.0,-0.0,49,False,,-0.42561710894614896,0.42561710894614896,0.6931471805599453,0.0,0.0,0.39202817381025107
bc1qfoo36ud0cty1cerh6afbajfqp2i3x1ofpym49k,-0.6071183080814803,0.6071183080814803,1,1.0,1,0,0.0,0.0,-0.0,53,False,,-0.4744427045069289,0.4744427045069289,0.6931471805599453,0.0,0.0,0.402051752917713
bc1q5yjcofnumz98trmxu7u0c0y5f2t271b5o70axw,-0.6072022234636427,0.6072022234636427,2,0.4847111228299499,1,1,0.0,0.0,1.0,40,False,,-0.4744949179569305,0.4744949179569305,0.3952202232503908,0.0,0.0,0.38885752278538155
bc1qz6r222h1d2ow25avpk9wfucweeemmv8b71kvax,-0.2564513600805179,0.2564513600805179,1,1.0,1,0,0.0,0.0,-0.0,29,False,,-0.2282913666119773,0.2282913666119773,0.6931471805599453,0.0,0.0,0.4082190027214728
bc1qqud130iymn8x9ihjc5ysa4h7ilxi7t264w0hy3,-0.4469694416559222,0.4469694416559222,2,0.5211160568885029,1,1,83.65682936259527,83.65682936259527,1.0,60,False,,-0.36947132901302737,0.36947132901302737,0.4194443133829959,4.4386057829692405,4.4386057829692405,0.3979961483417989
bc1q9shq8bc4pw8zw7nhpgjx19emf8rsjrrw24ivsr,-0.0724580463395586,0.5999523623672312,4,0.9654763966722354,2,2,835.0276777255756,347.1766334209938,2.0,13,False,,-0.06995325342280727,0.46997385528201496,0.675734656991714,6.72866171986391,5.852709918307468,0.43647327524862023
bc1qyvy96qzusofvd2ml0lrk4t0rdx0gh9q7i2hkr6,-0.0971082619715508,0.467735792458046,2,129.05153099327856,2,0,1240.170515847438,1240.170515847438,-0.0,57,False,,-0.09267786554994147,0.38372093610474545,4.867930764168916,7.123810177737971,7.123810177737971,0.5428315129799279
bc1qtlvu53y15caeelsx52gwa654nvguw6yz7ry21g,-0.5894317726945234,0.5894317726945234,1,1.0,1,0,0.0,0.0,-0.0,27,False,,-0.4633765766944174,0.4633765766944174,0.6931471805599453,0.0,0.0,0.39419039330739913
bc1qnj8u81nwytau731qx4q7xolxcy6fd627dtq9ru,-0.5801397204955856,0.5969292209160669,2,0.5529440752106339,2,0,120.77890316665166,120.77890316665166,1.0,50,False,,-0.45751327382252077,0.46808254822320416,0.4401525327072205,4.802207131461034,4.802207131461034,0.4496196089159469
bc1qbjjac9onqyqpx17nqgfxrk1mpla10ib26pzezw,-0.6002031365871756,0.6002031365871756,1,1.0,1,0,0.0,0.0,-0.0,43,False,,-0.470130581553935,0.470130581553935,0.6931471805599453,0.0,0.0,0.393943070353143
bc1qob7nbqw35f5sayrszqussjhmotoy9qjs7i58up,0.7849950966202978,0.7849950966202978,2,0.560691259640937,1,1,125.00459658813747,125.00459658813747,1.0,27,True,coinjoin,0.5794156682363996,0.5794156682363996,0.44512883826936483,4.836318387144302,4.836318387144302,0.43660607795077044
bc1q6j3vme942hqfxclq08jt6gk3lv323xqpluyg3h,0.7849950966202978,0.7849950966202978,2,0.506645321886902,1,1,110.57118863235134,110.57118863235134,1.0,54,True,coinjoin,0.5794156682363996,0.5794156682363996,0.4098855381864545,4.714662850239755,4.714662850239755,0.43456848266963277
bc1qd6oi9di53cd0znuajpbpkvcm2cd1w6rud5wc9f,0.7849950966202978,0.7849950966202978,1,1.0,1,0,0.0,0.0,-0.0,14,True,coinjoin,0.5794156682363996,0.5794156682363996,0.6931471805599453,0.0,0.0,0.48399087536388
bc1q2tbw4pyx3s63lc6p0drqfvfa5qub00mf9awrzv,0.0901760001956057,0.7849950966202978,2,0.5397554233238064,2,0,83.5371902156892,83.5371902156892,1.0,38,True,coinjoin,0.08633915127584975,0.5794156682363996,0.43162358778943544,4.4371915584340655,4.4371915584340655,0.46761955759449203
bc1qzzg9bcdc25dmup1yvwqj8vv457gnvba43ijwef,0.7849950966202978,0.7849950966202978,1,1.0,1,0,0.0,0.0,-0.0,3,True,coinjoin,0.5794156682363996,0.5794156682363996,0.6931471805599453,0.0,0.0,0.48399087536388
bc1q7r1bllypgw00jyj2dsaexmojd85dw1nn9f7qa1,0.7849950966202978,0.7849950966202978,2,0.5435705792423985,1,1,10.409509307486754,10.409509307486754,1.0,29,True,coinjoin,0.5794156682363996,0.5794156682363996,0.4340982906670856,2.43444715747041,2.43444715747041,0.4406425794381066
bc1qu2rup7fahiapjy1zb62g6b4tsg0s0u50ap1wns,-0.6013641182974674,0.6013641182974674,1,1.0,1,0,0.0,0.0,-0.0,15,False,,-0.4708558399469362,0.4708558399469362,0.6931471805599453,0.0,0.0,0.39392712810281827
bc1qqhacmeyp17x89nadhe709hkd6k7rmnzsyhripv,-0.32528128834733,0.6004699630497422,4,1.0236117857523666,2,2,131.2490688284806,84.6885051165916,2.0,56,False,,-0.28162472999952026,0.47029731302252203,0.7048839275698828,4.884687029719145,4.450718687279605,0.4364170562368178
bc1qo3lfln7ft5hkojj9vynhccy7b0u2hvmbn4hzwc,-0.1527067634967839,0.1527067634967839,1,1.0,1,0,0.0,0.0,-0.0,48,False,,-0.14211288413323747,0.14211288413323747,0.6931471805599453,0.0,0.0,0.42799746600993455
bc1qixwmvxxogwynkflttu2a8ts171sd6qk06hoi9s,-0.3988972748333396,0.3988972748333396,1,1.0,1,0,0.0,0.0,-0.0,52,False,,-0.3356842654201028,0.3356842654201028,0.6931471805599453,0.0,0.0,0.39342114267027223
bc1qbkski19ur8nzjee1b34rqvzyie8mylacydctq1,0.5423944492030878,0.5423944492030878,1,1.0,1,0,0.0,0.0,-0.0,46,False,,0.4333360460626164,0.4333360460626164,0.6931471805599453,0.0,0.0,0.4566412025830794
bc1qajneq5d5dui7a6cv41cowftahqbbu55dva51nn,-0.6046367357769391,0.6046367357769391,2,34.965600971266696,1,1,1337.876826364595,1337.876826364595,1.0,36,False,,-0.47289739811557535,0.47289739811557535,3.5825629530717364,7.199586352187753,7.199586352187753,0.4402971994888937
bc1qplcl4j7rb6x38dhevpb5v72kalwhuyoiuinxs8,-0.6040833317933294,0.6040833317933294,1,1.0,1,0,0.0,0.0,-0.0,7,False,,-0.4725524605844458,0.4725524605844458,0.6931471805599453,0.0,0.0,0.39690800645568636
bc1qmdlsxjn82ijw95mz08n0xcs16ahanmvtvoav41,-0.6043185654916939,0.6043185654916939,1,1.0,1,0,0.0,0.0,-0.0,58,False,,-0.4726990966396015,0.4726990966396015,0.6931471805599453,0.0,0.0,0.3973205272362643
bc1qxxy6wkhvpp55u1r8a5j8ur63nyir1dkf84qyup,0.2136025694808606,0.2136025694808606,1,1.0,1,0,0.0,0.0,-0.0,52,False,,0.1935932662886229,0.1935932662886229,0.6931471805599453,0.0,0.0,0.4380670397533395
bc1qkh5nnaubfwapukhl6j3yvhwb2asflxezxpfhak,-0.0142234585128463,0.0142234585128463,1,1.0,1,0,0.0,0.0,-0.0,27,False,,-0.014123254177196159,0.014123254177196159,0.6931471805599453,0.0,0.0,0.45982617529341074
bc1q9t6m7rjbn9qb1jfegh1vowd186t2pxm8ec4nnz,-0.1157442013069306,0.6054713356247265,2,4.379451047976278,2,0,687.2514715296961,687.2514715296961,1.0,12,False,,-0.10952162738797473,0.47341738052615384,1.682586333275556,6.534154282094817,6.534154282094817,0.46670350459337423
bc1qcyx97i98ufqau5sefmm3jt4lmag75to3e1e42t,-0.489448088798597,0.489448088798597,1,1.0,1,0,0.0,0.0,-0.0,3,False,,-0.3984056411362797,0.3984056411362797,0.6931471805599453,0.0,0.0,0.3903321293988687
bc1q3i6kdpr2vz5ux0l45ubmr81mzap796iqphxi17,-0.2047305569748775,0.2047305569748775,1,1.0,1,0,0.0,0.0,-0.0,57,False,,-0.18625593776925242,0.18625593776925242,0.6931471805599453,0.0,0.0,0.4183447294600572
bc1q88rbywcybo1y97jylaqs4fusnzdwp73wuqaygi,-0.1468485844414075,0.1468485844414075,1,1.0,1,0,0.0,0.0,-0.0,41,False,,-0.13701781935589805,0.13701781935589805,0.6931471805599453,0.0,0.0,0.42861975043719047
bc1qmyz20fed9q7gqjt510lk872pk69cdotvoiwatx,-0.6019812985210197,0.6019812985210197,1,1.0,1,0,0.0,0.0,-0.0,17,False,,-0.47124117474595517,0.47124117474595517,0.6931471805599453,0.0,0.0,0.39337366938726803
bc1q1phjhddqef0s9kai1x2iuxorjgru9td57rezw3,-0.5182007737421391,0.6037821272929693,2,16.578720138156,2,0,3621.269715984567,3621.269715984567,1.0,30,False,,-0.4175259322448082,0.47236466935374305,2.866689087454152,8.1948561017075,8.1948561017075,0.48945563092039013
bc1qroxil6rsofrvaf6ytcmbvptgsivhxlwi1cuf8g,-0.5870576412026027,0.5870576412026027,2,8.500172167839048,1,1,109.46671066646952,109.46671066646952,1.0,44,False,,-0.4618817617432885,0.4618817617432885,2.251309921372703,4.704714214632688,4.704714214632688,0.4087701830464202
bc1qgpw3o4dp632f93ntcunbdzcf5akd95bu1etllg,-0.6012853166913563,0.6012853166913563,2,4.404567699836868,1,1,870.2669367863448,870.2669367863448,1.0,24,False,,-0.47080662968666476,0.47080662968666476,1.6872444663636845,6.76994840152578,6.76994840152578,0.42457103940681146
bc1qg5yxzouup1kzvjh5ozyr4n26smmqz6nev8soty,0.2269331773766292,0.2269331773766292,1,1.0,1,0,0.0,0.0,-0.0,1,False,,0.20451770408001935,0.20451770408001935,0.6931471805599453,0.0,0.0,0.4358573722764364
bc1qsnles1d3q9540h2yiwby2vg6c7nnlknwt9yxy1,-0.5886848248228164,0.5886848248228164,2,11.62227602905569,1,1,0.0,0.0,1.0,21,False,,-0.4629065197518597,0.4629065197518597,2.5354631918070734,0.0,0.0,0.41121581112521804
bc1q3o9ycm9po2fknvzddh16359ll2j2ng1gag5t3l,0.1366819194144151,0.1366819194144151,1,1.0,1,0,0.0,0.0,-0.0,35,False,,0.12811342137694529,0.12811342137694529,0.6931471805599453,0.0,0.0,0.44013220875746856
bc1qw5f0v5vyk7cf2j4l3vv7rmn41r7cx7m59pcyd2,-0.6023659478949331,0.6023659478949331,1,1.0,1,0,0.0,0.0,-0.0,18,False,,-0.47148125445404,0.47148125445404,0.6931471805599453,0.0,0.0,0.3936224201808723
bc1qjvrqvqlq93bvmy7twy6h7tnvokeynjtps9o5sr,0.0402555210096118,0.0402555210096118,2,6.229496376942211,1,1,1388.84933224322,1388.84933224322,1.0,42,False,,0.0394663762541035,0.0394663762541035,1.9781693763367671,7.23695062618005,7.23695062618005,0.45358449612834123
bc1qpuc8eylb0wvy2jkqqnj0rocmqxtjbldwv7naqg,0.1594002112425261,0.1594002112425261,1,1.0,1,0,0.0,0.0,-0.0,33,False,,0.1479028121233461,0.1479028121233461,0.6931471805599453,0.0,0.0,0.4401121837241018
bc1quq1ik8238xkexnbtbcgtijst72v3m4lkmswvbc,0.6356101964556831,0.6356101964556831,2,17.871548246974868,1,1,0.0,0.0,1.0,10,True,peeling,0.49201594356551603,0.49201594356551603,2.937655404079081,0.0,0.0,0.45504408781329575
bc1qp4xgq78u42i3p4lfdj2q8d5z85461bochtcx5r,-0.4665199226558446,0.4665199226558446,1,1.0,1,0,0.0,0.0,-0.0,1,False,,-0.3828921945158456,0.3828921945158456,0.6931471805599453,0.0,0.0,0.3919795941972814
bc1qwzsv6y39m3jgw8p3t53xr9d129kz24i11qjd5l,-0.585297300211627,0.585297300211627,1,1.0,1,0,0.0,0.0,-0.0,19,False,,-0.460771960851419,0.460771960851419,0.6931471805599453,0.0,0.0,0.3949411113454996
bc1qhpl2iljl8vj61tyjavf61dm78ui5mgab1w1hgw,0.5014516623636467,0.5014516623636467,2,11.719226856561546,1,1,0.0,0.0,1.0,42,True,coinjoin,0.40643241502504124,0.40643241502504124,2.543114774347833,0.0,0.0,0.437809378945725
bc1q5f6y1nm7935krnm7th9iiukcum8smqp72t4yur,0.5014516623636467,0.5014516623636467,2,4.746209624258405,1,1,621.8029867254098,621.8029867254098,1.0,59,True,coinjoin,0.40643241502504124,0.40643241502504124,1.748540441663044,6.4342302355896575,6.4342302355896575,0.42663403079513335
bc1q03iqhycvpnx4yk1w031mpyynq66q73smql2tbe,0.5014516623636467,0.5014516623636467,2,9.104800042151853,1,1,317.3928570958305,317.3928570958305,1.0,49,True,coinjoin,0.40643241502504124,0.40643241502504124,2.313010562649097,5.763286019974337,5.763286019974337,0.43248944162833747
bc1qr5xej2vbqkuw37j9ggfwj6jyidr6x0accho6v8,0.5014516623636467,0.5014516623636467,2,9.193445413917855,1,1,1346.4284645307737,1346.4284645307737,1.0,20,True,coinjoin,0.40643241502504124,0.40643241502504124,2.321744907251545,7.205953213827223,7.205953213827223,0.43602995866858035
bc1qco2jep91oxjcbyhgmn9ztdy61aa0c5hdfub4rc,0.5014516623636467,0.5014516623636467,1,1.0,1,0,0.0,0.0,-0.0,17,True,coinjoin,0.40643241502504124,0.40643241502504124,0.6931471805599453,0.0,0.0,0.4527570685294865
bc1qrh4k4jken2cqxrqtwceecfvsjw7tbddcmoq5pl,-0.5527641301090099,0.5527641301090099,1,1.0,1,0,0.0,0.0,-0.0,63,False,,-0.44003665246997403,0.44003665246997403,0.6931471805599453,0.0,0.0,0.3916023326231026
bc1q1794auww4h3rkzof1tk4g5awtaqbao1mjm31pk,-0.5878084046587242,0.5878084046587242,2,4.72273087539971,1,1,172.66215417054167,172.66215417054167,1.0,59,False,,-0.4623547035677752,0.4623547035677752,1.7444461172294652,5.157111769084768,5.157111769084768,0.406382164686971
bc1qsd2gniib1b87t939a6spzd1skziol3qrdedodu,-0.6051480721696464,0.6051480721696464,1,1.0,1,0,0.0,0.0,-0.0,41,False,,-0.47321600913010003,0.47321600913010003,0.6931471805599453,0.0,0.0,0.39912195120470007
bc1q68459696em7r3qcqaooxj93dri54pugq9mlpnu,-0.6050280340900301,0.6050280340900301,1,1.0,1,0,0.0,0.0,-0.0,6,False,,-0.473141223152198,0.473141223152198,0.6931471805599453,0.0,0.0,0.39869200294836904
bc1qx0bj05mxcpxcx1w80wiixrrmvcdwx9my4i11de,-0.6023963145892558,0.6023963145892558,1,1.0,1,0,0.0,0.0,-0.0,25,False,,-0.4715002054350092,0.4715002054350092,0.6931471805599453,0.0,0.0,0.3936224201808723
bc1qhipc9spw17kf6jzqf2rkaorexft0sazwvmpgzb,-0.603725147670089,0.603725147670089,2,5.188098597892335,1,1,128.37275469087277,128.37275469087277,1.0,13,False,,-0.47232914044110047,0.47232914044110047,1.8226278663092081,4.862697808822639,4.862697808822639,0.407196873934153
bc1qlj2np6i5gse146oojjdp5j7qmg1k4o27evcnqi,-0.6035782974684893,0.6035782974684893,1,1.0,1,0,0.0,0.0,-0.0,37,False,,-0.4722375680631112,0.4722375680631112,0.6931471805599453,0.0,0.0,0.3954886788238364
bc1qz8rptsetigpr1hvtw5eje32te5x53lrzmo3dxu,-0.6063526394621198,0.6063526394621198,2,9.02491251893247,1,1,116.22440910527284,116.22440910527284,1.0,44,False,,-0.4739661676741094,0.4739661676741094,2.3050732468635333,4.764090124274294,4.764090124274294,0.4156667539744751
bc1qx7lju6adqc59z6nsm3v3dqju7asxb25t0fw5jd,0.0055121384326413,0.0055121384326413,2,57.79264214046823,1,1,0.0,0.0,1.0,58,False,,0.005497002194144115,0.005497002194144115,4.074016713409205,0.0,0.0,0.4881414980582574
bc1qqeagtnp9baaua551saia7qf850w2xwb1gqc4c1,-0.6057220995415628,0.6057220995415628,1,1.0,1,0,0.0,0.0,-0.0,11,False,,-0.47357356166093056,0.47357356166093056,0.6931471805599453,0.0,0.0,0.39916610796820046
bc1q9ca26qex3zl3fuht4lg5hu63rxwmdv107m4sq8,-0.2266025549273602,0.2266025549273602,1,1.0,1,0,0.0,0.0,-0.0,26,False,,-0.20424819714199752,0.20424819714199752,0.6931471805599453,0.0,0.0,0.4133038847237207
bc1qw0dljt3uwewsmstrvbb5pt28mta5x93uxm2c6k,-0.514304691143095,0.514304691143095,1,1.0,1,0,0.0,0.0,-0.0,2,False,,-0.4149563838711342,0.4149563838711342,0.6931471805599453,0.0,0.0,0.3921656321869813
bc1qh1xllf6em3znwsztpvadzueh4jgw9krbe6eyox,-0.5611179726866165,0.5611179726866165,1,1.0,1,0,0.0,0.0,-0.0,39,False,,-0.44540221374914635,0.44540221374914635,0.6931471805599453,0.0,0.0,0.390296674955219
bc1q87tletbw4ybypjqwys36eyfa2u5qh1ptxgsrmq,-0.4938032126473433,0.4938032126473433,1,1.0,1,0,0.0,0.0,-0.0,54,False,,-0.4013253595927831,0.4013253595927831,0.6931471805599453,0.0,0.0,0.39112646876421625
bc1q4iqsejwska3ylbxn1rp6x4svxhx4nwlkgsdg5x,-0.5741276971453061,0.5741276971453061,2,10.232117479867362,1,1,0.0,0.0,1.0,32,False,,-0.45370127576751856,0.45370127576751856,2.4187773066186566,0.0,0.0,0.4075862544369233
bc1qn3t85svp9io1q9hw1o8thscwd7x2n8lytg2ol0,-0.4997436551531961,0.4997436551531961,1,1.0,1,0,0.0,0.0,-0.0,6,False,,-0.40529419693914664,0.40529419693914664,0.6931471805599453,0.0,0.0,0.3912461943749709
bc1qkfw21kmn17plu4xodbsqh2ziulgi0juggns8gm,-0.2745405615433128,0.2745405615433128,1,1.0,1,0,0.0,0.0,-0.0,26,False,,-0.24258576978333218,0.24258576978333218,0.6931471805599453,0.0,0.0,0.4071751977957435
bc1q4cdngzjhd2vsoezfdj6bsc8awrikhkog95n8in,-0.3276419330705777,0.3276419330705777,1,1.0,1,0,0.0,0.0,-0.0,58,False,,-0.2834043859859713,0.2834043859859713,0.6931471805599453,0.0,0.0,0.40284041740171095
bc1qjx084dehnsb02lnnw139mxfgbl0m3i1689want,0.5264177592736723,0.5264177592736723,1,1.0,1,0,0.0,0.0,-0.0,23,False,,0.42292365638848406,0.42292365638848406,0.6931471805599453,0.0,0.0,0.4555099198380756
bc1q8osvc1u5w2k2ub5zr8346aw0ewayaj5nd3ao4m,4.183338823174725,4.183338823174725,2,5958.620689655173,1,1,1445850.195991932,1445850.195991932,-0.0,31,True,peeling,1.64544940908996,1.64544940908996,8.692762115358807,14.184208769069377,14.184208769069377,0.6269132944054434
bc1qr2zehkbicicdbpu4d4niv12dkz49foeffo48ea,-0.259714790621818,0.259714790621818,1,1.0,1,0,0.0,0.0,-0.0,63,True,peeling,-0.23088533869150288,0.23088533869150288,0.6931471805599453,0.0,0.0,0.4079833600645103
bc1q1w7kf0fkaiezadesvtyjicvrd7m1v9e79gk0so,3.832123007992144,3.832123007992144,2,1270.5882352941176,1,1,145565.2132159947,145565.2132159947,-0.0,31,True,peeling,1.5752859172605076,1.5752859172605076,7.148021977101837,11.888386335728523,11.888386335728523,0.5499239695000611
bc1qagxbbi7ne86zmq0pr72pvk3yuz5h0gk8fkffgf,3.317479348452385,3.317479348452385,2,4214.634146341464,1,1,614892.172645919,614892.172645919,-0.0,31,True,peeling,1.4626717478083537,1.4626717478083537,8.34655530902258,13.329203828685774,13.329203828685774,0.5894443554044947
bc1qhvbfy15k945y9kgmfvf3nys3uui5xbof8yh8km,2.861793910394307,2.861793910394307,2,1289.55223880597,1,1,7368.419202673267,7368.419202673267,-0.0,31,True,peeling,1.3511318191423367,1.3511318191423367,7.16282549784809,8.90509417647063,8.90509417647063,0.5324779344219628
bc1qc67aibxjunms9m6egzgaap5uvk3oqqwm0dt08n,-0.3854657491372497,0.513879238026222,3,26.87402799377916,3,0,11624.33854061268,7886.8894198464595,1.584962500721156,62,True,peeling,-0.3260363640750541,0.41467538831100714,3.327695358993978,9.36094235180466,8.973083877402065,0.5356572286283972
bc1qnu1uxf45x0ley2wz6ddy65mox9fxq6s27380uk,2.4572630853009456,2.4572630853009456,2,1858.064516129032,1,1,173141.17330595787,173141.17330595787,-0.0,31,True,peeling,1.2404772602425735,1.2404772602425735,7.527828691868593,12.061868346995235,12.061868346995235,0.5163220826306979
bc1qfpj0i9wkh5z649hcf4j2bcy7txb60i8c9fn01j,-0.3845974226370668,0.3845974226370668,2,16.706951561442523,1,1,1250.5883655069467,1250.5883655069467,1.0,61,True,peeling,-0.3254094278105876,0.3254094278105876,2.8739573060605323,7.1321687160555705,7.1321687160555705,0.4410561275548043
bc1qppqpxykfo7iqxbs000dk4k1nvkeeslvakv3x2c,2.2318053675430094,2.2318053675430094,2,1818.9473684210525,1,1,160487.61602704044,160487.61602704044,-0.0,31,True,peeling,1.1730409184071002,1.1730409184071002,7.506562861202723,11.985978290856252,11.985978290856252,0.5125438853625606
bc1qhzocjecb4yhbm2hnsqlnap8meesmcouez7ryc2,2.05296003445559,2.05296003445559,2,4320.0,1,1,801898.4164597031,801898.4164597031,-0.0,31,True,peeling,1.1161116230858563,1.1161116230858563,8.371242135931933,13.594738463097764,13.594738463097764,0.572919519343321
bc1qj1wjbd48ajzr8mezrrcfplbxl30kaszbvye1ii,-0.3936153280150407,0.3936153280150407,1,1.0,1,0,0.0,0.0,-0.0,63,True,peeling,-0.3319013259183013,0.3319013259183013,0.6931471805599453,0.0,0.0,0.3947708172482924
bc1qby7uxu23vd141avye45qz9vx4xsq60mv6w2jgz,1.8367592026710189,1.8367592026710189,2,2700.0,1,1,71237.06127524226,71237.06127524226,-0.0,31,True,peeling,1.0426622747732455,1.0426622747732455,7.901377353792616,11.173782523041744,11.173782523041744,0.5173087593542247
bc1q46t5bc1u0zq3g0rrsxqsaaye8s2wcz5g19qguy,1.6220259799663972,1.6220259799663972,2,2832.786885245902,1,1,358505.093936856,358505.093936856,-0.0,31,True,peeling,0.9639472937464232,0.9639472937464232,7.949369218144931,12.789700937306506,12.789700937306506,0.53623982706471
bc1q0yn4o5u58pdd8taiauxy9or1ati2huxmozxraz,0.4335357056560551,1.4402863526649672,2,5.860607088350008,2,0,223.7844833655257,223.7844833655257,1.0,31,True,peeling,0.3601439140576347,0.892115390068817,1.9257959346662037,5.41514209146255,5.41514209146255,0.5018948484202285
bc1q13m9npk2v014jponzv1v8pdewd6l5hrjae8qk4,-0.1113964081196898,0.2148977088228694,2,32.64072534945221,2,0,7042.173711257268,7042.173711257268,1.0,39,False,,-0.10561725000646373,0.19465988297906886,3.515737396984423,8.859814158825357,8.859814158825357,0.5232853541030356
bc1qz91playybgrxh5lqxxeglziubhuhrtpmo841lc,-0.0689024969221724,0.0689024969221724,2,15.79091656766883,1,1,154.58957638529708,154.58957638529708,1.0,56,False,,-0.06663241826862654,0.06663241826862654,2.820838059692903,5.047221619688658,5.047221619688658,0.44741051521904346
bc1qardaaw2afi63ovwumzt2eoda5jjvk2ky6oc8fy,-0.0252653614213973,0.0252653614213973,1,1.0,1,0,0.0,0.0,-0.0,3,False,,-0.02495146827595463,0.02495146827595463,0.6931471805599453,0.0,0.0,0.45624779545949407
bc1q9y5edm228gn0gx4ozv6zvnsoj9uhgv9m58tgtu,0.1959974046083334,0.1959974046083334,1,1.0,1,0,0.0,0.0,-0.0,41,False,,0.1789804854661635,0.1789804854661635,0.6931471805599453,0.0,0.0,0.43819537498937233
bc1qk0xl26f1poasvba8pl5qyzenpt1h3jwbxzwaiu,0.9353105529140138,0.9353105529140138,2,774.8878923766816,1,1,132986.77048218148,132986.77048218148,-0.0,10,True,peeling,0.6602678060662304,0.6602678060662304,6.6540080411598765,11.798012451714321,11.798012451714321,0.5209283652898735
bc1qs9kt9ez29gu65m7aa62dbksrpams126i93cvf9,-0.3776840095399,0.3776840095399,1,1.0,1,0,0.0,0.0,-0.0,64,True,peeling,-0.3204038353667407,0.3204038353667407,0.6931471805599453,0.0,0.0,0.39369416773747906
bc1q0m1shrskr6l5a2lse3v3czbsq5mbl8l24w3zxo,0.7041447655188708,0.7041447655188708,2,1416.393442622951,1,1,242786.09371876865,242786.09371876865,-0.0,10,True,peeling,0.5330633810889599,0.5330633810889599,7.256574860023526,12.399940180736397,12.399940180736397,0.5330689099654329
bc1q1dpiwpzxs12fzxotcszy0rcnj6brjdna0c0fos,-0.48000950407723,0.48000950407723,1,1.0,1,0,0.0,0.0,-0.0,60,True,peeling,-0.3920485094292089,0.3920485094292089,0.6931471805599453,0.0,0.0,0.39040881532114435
bc1qh4lv73qi3urnjek91kegj52t2pm318giyrnq1m,0.5755397544405939,0.5755397544405939,2,445.3608247422681,1,1,1820.6866523807075,1820.6866523807075,-0.0,10,True,peeling,0.4545979148010649,0.4545979148010649,6.101127649022282,7.507518082997099,7.507518082997099,0.502714362601822
bc1qwlok7gbupl5roszhx14a80q15fqjit6f5q4myi,0.4519720428756986,0.4519720428756986,2,480.0,1,1,0.0,0.0,-0.0,10,True,peeling,0.37292266199940105,0.37292266199940105,6.175867270105761,0.0,0.0,0.529331460333664
bc1qilj42cw9j51kpsz6w8wbzo547gfpqeqqr7d6e5,-0.4749782284477933,0.4749782284477933,1,1.0,1,0,0.0,0.0,-0.0,63,True,peeling,-0.38864322930847034,0.38864322930847034,0.6931471805599453,0.0,0.0,0.3905493168026103
bc1qf0h74isrcaxhcyep5zplyo0su0r7g0sgq9werx,0.4421530399235312,0.4421530399235312,2,505.2631578947368,1,1,86713.59595767973,86713.59595767973,-0.0,10,True,peeling,0.3661371635527834,0.3661371635527834,6.227056608986175,11.370377498745587,11.370377498745587,0.5201330514369902
bc1qxmvmtyglfs9awkc1imek33dc5sggceuddva3pq,0.3094620359209487,0.3094620359209487,2,294.88054607508536,1,1,0.0,0.0,-0.0,10,True,peeling,0.2696163932669846,0.2696163932669846,5.68995581231444,0.0,0.0,0.5273916529021561
bc1qhokm948iy00g0bf8zq1vkvv411qizrmt0nhb62,0.3478059530030213,0.3478059530030213,2,744.8275862068966,1,1,14034.542713914108,14034.542713914108,-0.0,10,True,peeling,0.29847805034988956,0.29847805034988956,6.6144944558068275,9.54934815665643,9.54934815665643,0.5254430890284937
bc1qppp4kyz6sex7geoqgfa32j5ufvfcwgq8x2mpxt,0.2404313275496926,0.2404313275496926,1,1.0,1,0,0.0,0.0,-0.0,10,True,peeling,0.2154591639311085,0.2154591639311085,0.6931471805599453,0.0,0.0,0.43780944318182985
bc1qhfvsv3v4bnax29w7rpp9cwnbil8b5l9jpa21e5,-0.5506322143884642,0.5506322143884642,1,1.0,1,0,0.0,0.0,-0.0,61,True,peeling,-0.4386627280212402,0.4386627280212402,0.6931471805599453,0.0,0.0,0.3913458163452071
bc1qj7o6rhd5e9jlwxwu1r0dn952b5ikro8ua4nuth,0.2524043120458644,0.2524043120458644,1,1.0,1,0,0.0,0.0,-0.0,10,True,peeling,0.22506515349026782,0.22506515349026782,0.6931471805599453,0.0,0.0,0.43743864468758037
bc1qowkvn4hjvhc4o8nm292mg1807y9t4xy8a29rjj,-0.577115440550962,0.577115440550962,1,1.0,1,0,0.0,0.0,-0.0,53,False,,-0.45559750793390835,0.45559750793390835,0.6931471805599453,0.0,0.0,0.3936790483193531
bc1q1y2d6unuwixuy3opa59f96ls9tzj9vfa9sxvf1,0.0158800085664278,0.0158800085664278,2,7.892212833980361,1,1,1683.7367706536506,1683.7367706536506,1.0,54,False,,0.015755240377025824,0.015755240377025824,2.1851759312608867,7.429364611386326,7.429364611386326,0.4584643389718308
bc1q23lshz8brhq1fnttuyshcjqt2javyejl0ti4nr,-0.3930575726853887,0.3930575726853887,1,1.0,1,0,0.0,0.0,-0.0,39,False,,-0.3315010239402975,0.3315010239402975,0.6931471805599453,0.0,0.0,0.39466414680886147
bc1quyfliuf4pjdf8129tc6cgelvd3dd4sijzv07ey,-0.5982788078912445,0.5982788078912445,2,296.9072164948454,1,1,0.0,0.0,-0.0,21,False,,-0.4689273051487421,0.4689273051487421,5.696782083980528,0.0,0.0,0.5003356659645921
bc1qapun9woqih029nlklog2arxxlhy4uxmwa178fx,-0.6028678397717631,0.6028678397717631,2,6.257921993264042,1,1,1451.1162762182898,1451.1162762182898,1.0,4,False,,-0.47179442467136584,0.47179442467136584,1.9820935610428547,7.280777272218651,7.280777272218651,0.42512868305641216
bc1qpif8rdzrq8eb7u6606u00dmdlm9nwjwfdhtf1r,-0.6027441749980499,0.6027441749980499,2,116.051040967092,1,1,27365.314947453757,27365.314947453757,1.0,21,False,,-0.47171726949899645,0.47171726949899645,4.762610087251428,10.217068154587034,10.217068154587034,0.48013113575010546
bc1qzflmr19ik85encce4haecp3gkqryy8nxw068ax,-0.5266217273323853,0.5266217273323853,1,1.0,1,0,0.0,0.0,-0.0,2,False,,-0.4230572727795667,0.4230572727795667,0.6931471805599453,0.0,0.0,0.3922462974393329
bc1qchaqpkwqzzgus8p6wklx2wedf43390f8nuix6h,-0.5768563414195678,0.5768563414195678,1,1.0,1,0,0.0,0.0,-0.0,42,False,,-0.45543320771191004,0.45543320771191004,0.6931471805599453,0.0,0.0,0.3936790483193531
bc1qeu6rln7ogkh50k2t9z04q3qtmaymywc94twkc0,-0.6057136406897061,0.6057136406897061,1,1.0,1,0,0.0,0.0,-0.0,9,False,,-0.47356829370445197,0.47356829370445197,0.6931471805599453,0.0,0.0,0.39916610796820046
bc1qto9qesos0zxkqkp90ne6yiwds2slr4ehmw5mxv,-0.6054630897037733,0.6054630897037733,1,1.0,1,0,0.0,0.0,-0.0,21,False,,-0.47341224437582435,0.47341224437582435,0.6931471805599453,0.0,0.0,0.39916610796820046
bc1qaard7dq8vdgwmqebn26f4dqwml7o610hlsefgb,3.2519796938587,3.2519796938587,2,654.5454545454545,1,1,154344.5225634797,154344.5225634797,-0.0,41,True,peeling,1.447384684800071,1.447384684800071,6.485467644118389,11.94694902117447,11.94694902117447,0.5353644087329285
bc1q5dkqbo8pnbifeuo4w2c0pmou6ez96sjmhj6c6a,-0.2831051370279133,0.2831051370279133,1,1.0,1,0,0.0,0.0,-0.0,60,True,peeling,-0.24928302851764317,0.24928302851764317,0.6931471805599453,0.0,0.0,0.4083152219933608
bc1qb5gtnobc2f8dnz3lvr26ompi8yh6grbkcy7qfu,2.9261609202597025,2.9261609202597025,2,597.923875432526,1,1,53567.25050742421,53567.25050742421,-0.0,41,True,peeling,1.3676620833636592,1.3676620833636592,6.395134503950056,10.88871183027609,10.88871183027609,0.519471251543499
bc1qf0bro5xyt861sechxg7fhi7fhrbksbxwjtvtok,-0.1716448002685703,0.1716448002685703,1,1.0,1,0,0.0,0.0,-0.0,63,True,peeling,-0.15840857377619025,0.15840857377619025,0.6931471805599453,0.0,0.0,0.4247616345749591
bc1qd7gd0nwevhvqe5kn0w0brnb84xx9jc01jr5gxq,2.4880160328480727,2.4880160328480727,2,1489.6551724137933,1,1,493244.08317046345,493244.08317046345,-0.0,41,True,peeling,1.2493331026095844,1.2493331026095844,7.306971015323452,13.108761455604999,13.108761455604999,0.5420157777727944
bc1qjy193at6mdvbo10ggov1crmgvgq2uokff5v7ij,-0.3130666032351947,0.3130666032351947,1,1.0,1,0,0.0,0.0,-0.0,61,True,peeling,-0.27236532003200264,0.27236532003200264,0.6931471805599453,0.0,0.0,0.4054560625879101
bc1qtl48ornrfj6ns395pavh9ks02qh4e3u4ooxa8r,2.1923104215531946,2.1923104215531946,2,1382.4,1,1,335437.2454701282,335437.2454701282,-0.0,41,True,peeling,1.1607449247191246,1.1607449247191246,7.232299516166484,12.723193151298316,12.723193151298316,0.5287411808053245
bc1qyxaqafb6qdfe2k3ruuwy9zw5lf30ei0iou8h1b,1.914484240437552,1.914484240437552,2,838.8349514563107,1,1,0.0,0.0,-0.0,41,True,peeling,1.0696928711934464,1.0696928711934464,6.733205386169851,0.0,0.0,0.5803555608526405
bc1qxa23bt0jwi0p91lerver2yzrgf29il1o5g5u6j,-0.4549162496398012,0.4549162496398012,1,1.0,1,0,0.0,0.0,-0.0,63,True,peeling,-0.37494833858177695,0.37494833858177695,0.6931471805599453,0.0,0.0,0.3911531474535299
bc1qdzo392ptg8325iupz883lfuok8cysh6xqguudj,1.7602354420710635,1.7602354420710635,2,1225.5319148936169,1,1,31318.03824782829,31318.03824782829,-0.0,41,True,peeling,1.0153159811889971,1.0153159811889971,7.111945884471796,10.351981442348086,10.351981442348086,0.5056720724388301
bc1q8q0p5mw1c8n3vo0en9uu2y4ix0hy9kdppeq1zj,1.4760405663216265,1.4760405663216265,2,1781.4432989690722,1,1,292449.69702600606,292449.69702600606,-0.0,41,True,peeling,0.9066607385013944,0.9066607385013944,7.485740341947485,12.586051374270644,12.586051374270644,0.5261071372194535
bc1qgsy5ybipdlbg7t0lshgdkh8dhx09z9cpcywc9i,-0.4808429396737874,0.4808429396737874,1,1.0,1,0,0.0,0.0,-0.0,64,True,peeling,-0.39261147947543895,0.39261147947543895,0.6931471805599453,0.0,0.0,0.39056831137736714
bc1q31jwz55h7w8fkroufyb7e8v0mtb77meuuydux8,1.3475195152723145,1.3475195152723145,2,470.84468664850135,1,1,72488.8211412554,72488.8211412554,-0.0,41,True,peeling,0.8533592452807698,0.8533592452807698,6.156649877724702,11.191201432934387,11.191201432934387,0.5005675393650448
bc1qiqknppajiyryyiqezrp1482gqt1kaywq9p94jt,-0.1131099901711494,0.2354041396793102,2,27.437281676722765,2,0,268.60491177902605,268.60491177902605,1.0,7,False,,-0.10715789056539302,0.2113981551557945,3.347701019379642,5.596957597637125,5.596957597637125,0.5021886727118111
bc1qj4pki46ji5enmmpvckjmxcmhycsxf1gehw9rh3,-0.2587092450366508,0.2587092450366508,1,1.0,1,0,0.0,0.0,-0.0,41,False,,-0.23008678719710424,0.23008678719710424,0.6931471805599453,0.0,0.0,0.40789444980074036
bc1qzxfmx9iyhosdqe3nhwvl9v73puwsxvti2v0zsl,-0.0660656184959564,0.0660656184959564,1,1.0,1,0,0.0,0.0,-0.0,42,False,,-0.06397487966151336,0.06397487966151336,0.6931471805599453,0.0,0.0,0.44639564555589367
bc1ql55uqolf8mjl8n0ywq7an7p72i82xp3rcxuox1,-0.3535843559508308,0.3535843559508308,1,1.0,1,0,0.0,0.0,-0.0,61,False,,-0.302756152438105,0.302756152438105,0.6931471805599453,0.0,0.0,0.3977596864659258
bc1qrsufv3dzwavmc0kjy4guz9lisybw6mzkntk3ih,-0.4695499855061596,0.5701578477257058,3,13.52183212478481,2,1,0.0,0.0,1.584962500721156,55,False,,-0.3849562216138493,0.45117615425909324,2.675653180829593,0.0,0.0,0.4940341385931551
bc1qukhe2o1j4juhwu5k78y0whkyi1w8z6qt33d4f2,-0.595611473979689,0.595611473979689,1,1.0,1,0,0.0,0.0,-0.0,59,False,,-0.46725703203584956,0.46725703203584956,0.6931471805599453,0.0,0.0,0.39355677886326984
bc1qx3t8c7itiouray2ymvl2pjccxgk2ysi9zf3xiz,2.0026887722124345,2.0026887722124345,2,1600.0,1,1,256854.351752955,256854.351752955,-0.0,59,True,peeling,1.0995081446734072,1.0995081446734072,7.3783837129967145,12.456268371780954,12.456268371780954,0.5168751042876807
bc1qxxwnrsnimux73a4rh7gn938ky4yuowziut00aa,1.8226494359528476,1.8226494359528476,2,1781.4432989690722,1,1,65129.23256645309,65129.23256645309,-0.0,59,True,peeling,1.0376759601761631,1.0376759601761631,7.485740341947485,11.084144122337896,11.084144122337896,0.5112047872551715
bc1qajn23t8agedxqwbmj6v9ic8haj0irsc965qv3q,1.605635575594752,1.605635575594752,2,2335.135135135135,1,1,270557.71170929744,270557.71170929744,-0.0,59,True,peeling,0.9576766284001693,0.9576766284001693,7.756253191219767,12.508244402549876,12.508244402549876,0.52092604289707
bc1qp7xhz2fdnptwefkf4hn6mgwnomfug7lvv0kk1r,-0.3971143288229075,0.3971143288229075,1,1.0,1,0,0.0,0.0,-0.0,63,True,peeling,-0.3344089157400324,0.3344089157400324,0.6931471805599453,0.0,0.0,0.3947748694823303
bc1q71phquz3mpkst69pv6lr0lu57bq0u75cnxle9l,1.3940396596492202,1.3940396596492202,2,1489.6551724137933,1,1,57966.30526641075,57966.30526641075,-0.0,59,True,peeling,0.8729821732680778,0.8729821732680778,7.306971015323452,10.967634428285418,10.967634428285418,0.5095599325764374
bc1qb1yoa8os23sbkp1l4wfxfmd13ug3zj395eri8d,1.2222139681391868,1.2222139681391868,2,1234.2857142857142,1,1,191028.66972572723,191028.66972572723,-0.0,59,True,peeling,0.7985039818735075,0.7985039818735075,7.119057569905117,12.160184033843086,12.160184033843086,0.5229432724112889
bc1q8j1ui9l69isxuwvw1pm77xvmezxleaycdy1q1e,1.0891226746443978,1.0891226746443978,2,6646.153846153846,1,1,1028615.913907762,1028615.913907762,-0.0,59,True,peeling,0.7367442049499959,0.7367442049499959,8.801944048975157,13.843725655807981,13.843725655807981,0.5995277654807591
bc1qbyk9l1wdx68c4nr1h69m0gakaskdst7ojbqplb,-0.4501579376910667,0.4501579376910667,1,1.0,1,0,0.0,0.0,-0.0,60,True,peeling,-0.37167247304641654,0.37167247304641654,0.6931471805599453,0.0,0.0,0.39173507019230575
bc1qne9ebhnqqa4p29xb4o6pjhnd3j5h4l1m3tfqco,0.930772631319054,0.930772631319054,2,3600.0,1,1,557166.9533667044,557166.9533667044,-0.0,59,True,peeling,0.6579202499155947,0.6579202499155947,8.188966863648876,13.23062200553443,13.23062200553443,0.5697023752227455
bc1q54xreazmce71j9znd8qzv5u7xhruszvd006t5e,0.8107801910378815,0.8107801910378815,2,2187.3417721518986,1,1,512134.27178616286,512134.27178616286,-0.0,59,True,peeling,0.5937577971769341,0.5937577971769341,7.690899354337923,13.146344071833605,13.146344071833605,0.5634869162300383
bc1q7hdijwpy51fs1ois1wbscyg037gbkk3ilvs5uo,-0.4894991956497864,0.4894991956497864,1,1.0,1,0,0.0,0.0,-0.0,62,True,peeling,-0.3984399531574834,0.3984399531574834,0.6931471805599453,0.0,0.0,0.3903321293988687
bc1qjme129ymwaz5gke1rzt23942irjji6cmyul3di,0.6922933611341803,0.6922933611341803,2,1167.5675675675675,1,1,285935.9751205953,285935.9751205953,-0.0,59,True,peeling,0.5260846274402102,0.5260846274402102,7.063533976498487,12.563526698806474,12.563526698806474,0.5392307590280205
bc1q4w7rpnkgd8abfs83jq1nkwm3n3e1i0b4dj7n79,0.6120460915636612,0.6120460915636612,2,8.732123907221183,1,1,1022.366202921814,1022.366202921814,1.0,59,True,peeling,0.4775042364570983,0.4775042364570983,2.275432156778284,6.930852671516329,6.930852671516329,0.43832399670243216
bc1qv0pmqf6br2led4ouv73l5kkynlckllzssxon55,-0.4583463879066293,0.4583463879066293,1,1.0,1,0,0.0,0.0,-0.0,37,False,,-0.3773031828088047,0.3773031828088047,0.6931471805599453,0.0,0.0,0.39128549427161136
bc1qv6j9rufivipv8mswrr90909jfjfl12z4yjdkei,-0.4922346491337982,0.5346668097969299,3,15.908672436015468,2,1,286.9572585937968,191.0621819377794,0.9182958340544896,56,False,,-0.40027476095309567,0.4283132954562463,2.8278266522008964,5.662812061462011,5.25781918385434,0.46113610720266335
bc1qii7vxtrqindamt8qm76287fdv21ndcs1uyszde,-0.5682423178842029,0.5682423178842029,1,1.0,1,0,0.0,0.0,-0.0,61,False,,-0.4499554494551889,0.4499554494551889,0.6931471805599453,0.0,0.0,0.3918016704420045
bc1q84baxy8qegexas2r8lriubr6d6nwtv79bke94x,0.4402501794707816,0.4402501794707816,1,1.0,1,0,0.0,0.0,-0.0,17,False,,0.3648168342412011,0.3648168342412011,0.6931471805599453,0.0,0.0,0.4415129740641419
bc1qhd1qsmpm675bnkafpcxede4nabh41m4i299ij2,-0.1435885710976703,0.1435885710976703,1,1.0,1,0,0.0,0.0,-0.0,53,False,,-0.1341711876225087,0.1341711876225087,0.6931471805599453,0.0,0.0,0.42850467545815596
bc1q83dyj6s5ibgg2tgg48lefx70h1dffpnnqk0gm5,-0.0727164568798861,0.0727164568798861,2,10.403997832500451,1,1,0.0,0.0,1.0,13,False,,-0.07019417605282137,0.07019417605282137,2.4339639809855576,0.0,0.0,0.4453279899801559
bc1qhmm04k3hf9pqn4g6rckpa29mff0gbvp8fkqbjr,-0.5345731717149679,0.5345731717149679,2,12.037617554858937,1,1,0.0,0.0,1.0,33,False,,-0.4282522783428533,0.4282522783428533,2.5678388369580674,0.0,0.0,0.4149139731852032
bc1q4i5vgd1x8l3jda0hxv2zottsmznms8ijjunwu1,-0.1269341530120053,0.1269341530120053,1,1.0,1,0,0.0,0.0,-0.0,20,False,,-0.11950080656457486,0.11950080656457486,0.6931471805599453,0.0,0.0,0.4310424321903015
bc1qlsvryl36q556rglcsma48s15jd466y42oczuvq,-0.3547784484166038,0.3547784484166038,1,1.0,1,0,0.0,0.0,-0.0,43,False,,-0.30363793425937247,0.30363793425937247,0.6931471805599453,0.0,0.0,0.3977596864659258
bc1qclo2d8fu8kxhrtauzf01svb8q3518rwdj4vtrz,-0.4122175040647514,0.4122175040647514,1,1.0,1,0,0.0,0.0,-0.0,4,False,,-0.3451611669140676,0.3451611669140676,0.6931471805599453,0.0,0.0,0.39482050219474835
bc1q8w63qbvqchny2n5tna623br3d71eezuh9wl4b7,-0.5671325700967687,0.5671325700967687,1,1.0,1,0,0.0,0.0,-0.0,53,False,,-0.44924756100584906,0.44924756100584906,0.6931471805599453,0.0,0.0,0.3922026435448825
bc1qsrc4dwc279igffen1677snpfc5a23jk3ol8z7f,-0.3289368517534878,0.3289368517534878,1,1.0,1,0,0.0,0.0,-0.0,39,False,,-0.2843792629915872,0.2843792629915872,0.6931471805599453,0.0,0.0,0.40284041740171095
bc1qkp748ffoywwadsq32ql5g0trhc76wiz6p51pub,-0.5664867231917516,0.5664867231917516,2,283.27868852459017,1,1,0.0,0.0,-0.0,44,False,,-0.44883535591409135,0.44883535591409135,5.649955054625238,0.0,0.0,0.49953957734860804
bc1qk9lj3lsjkoqzey6qmjq0h4s41f2gqn8j0we511,-0.5924761351142716,0.5924761351142716,1,1.0,1,0,0.0,0.0,-0.0,57,False,,-0.4652901225523776,0.4652901225523776,0.6931471805599453,0.0,0.0,0.39373480072510053
bc1qio16um6tt9h9l80hnsfe1v0onrnvwx994wah3q,-0.5665512584273338,0.5665512584273338,2,11.728772144166156,1,1,2765.6929312942807,2765.6929312942807,1.0,9,False,,-0.44887655250089936,0.44887655250089936,2.543864954199065,7.9254079983104155,7.9254079983104155,0.43077511424726006
bc1qdnfcijtet57muchv5nnp011e2cxv3cx4kafrea,-0.6012447705261026,0.6012447705261026,1,1.0,1,0,0.0,0.0,-0.0,32,False,,-0.4707813083537488,0.4707813083537488,0.6931471805599453,0.0,0.0,0.39392712810281827
bc1q53pixdi0qiv55rcd48p6eh2y205kh0405crzet,-0.0480586220993579,0.0480586220993579,1,1.0,1,0,0.0,0.0,-0.0,33,False,,-0.04693952145213611,0.04693952145213611,0.6931471805599453,0.0,0.0,0.44988230281791547
bc1qvllbtxjuvrm28r3xmv6uvg7kmk07faewve14ql,-0.4573853174053208,0.4573853174053208,1,1.0,1,0,0.0,0.0,-0.0,43,False,,-0.37664395169068554,0.37664395169068554,0.6931471805599453,0.0,0.0,0.3911531474535299
bc1q5nyq3yhgmlt43e90eqeihuo63wedplhrtc7i85,-0.108562811233445,0.108562811233445,1,1.0,1,0,0.0,0.0,-0.0,62,False,,-0.10306441173770886,0.10306441173770886,0.6931471805599453,0.0,0.0,0.43383864137004086
bc1qzrv2h24p1avftxxzufzrdix2bv50m3nvyx9t80,0.1230829911053866,0.1230829911053866,1,1.0,1,0,0.0,0.0,-0.0,50,True,coinjoin,0.11607757427720053,0.11607757427720053,0.6931471805599453,0.0,0.0,0.43981672264045335
bc1qsujckuh1dl1zl8g0esoy2z1ogy0t5fxpmdzcp3,0.1230829911053866,0.1230829911053866,1,1.0,1,0,0.0,0.0,-0.0,58,True,coinjoin,0.11607757427720053,0.11607757427720053,0.6931471805599453,0.0,0.0,0.43981672264045335
bc1q2spxkklj7hax23180qkxkp43mdhohgn48ipbqm,0.1230829911053866,0.1230829911053866,1,1.0,1,0,0.0,0.0,-0.0,22,True,coinjoin,0.11607757427720053,0.11607757427720053,0.6931471805599453,0.0,0.0,0.43981672264045335
bc1qa7zp8pwn40e1jjdzcya1jusshu1bacxf6rnh5e,0.0508525597453849,0.0508525597453849,1,1.0,1,0,0.0,0.0,-0.0,12,False,,0.049601796369161406,0.049601796369161406,0.6931471805599453,0.0,0.0,0.45431398148406243
bc1qdldsc0q0dbszyleol2mywgd245m0rrcdw26uel,-0.2854946373229433,0.2854946373229433,1,1.0,1,0,0.0,0.0,-0.0,6,False,,-0.25114357604878385,0.25114357604878385,0.6931471805599453,0.0,0.0,0.40885622640243746
bc1qjyot59he2ahozlv48pqxkzkjfs59h9xdelltrq,0.4047937256419638,0.4047937256419638,1,1.0,1,0,0.0,0.0,-0.0,7,False,,0.33989047751770146,0.33989047751770146,0.6931471805599453,0.0,0.0,0.4393581826159844
bc1q36mhcclxntxlpup0t2k5clf0xsz6xj3anq6v09,0.0371569573718359,0.0371569573718359,1,1.0,1,0,0.0,0.0,-0.0,42,False,,0.03648327495107741,0.03648327495107741,0.6931471805599453,0.0,0.0,0.4565169475080347
bc1q9pyqld56yjv601s9bay6b0m1g0e5h0e8bcaokp,-0.4998392302195054,0.4998392302195054,1,1.0,1,0,0.0,0.0,-0.0,63,False,,-0.40535792251033037,0.40535792251033037,0.6931471805599453,0.0,0.0,0.3912461943749709
bc1qmszr0mzrd5d7vkc5bnz72wuma4800hersosp89,1.650614223868222,1.650614223868222,2,296.3979416809605,1,1,72587.52027075147,72587.52027075147,1.0,45,True,peeling,0.9747913957324778,0.9747913957324778,5.695071112956242,11.192562065317725,11.192562065317725,0.5292661977753977
bc1q956jd1bpo49im4knpi91py9t27yfzrklsppczu,1.213718320448644,1.213718320448644,2,88.38874680306905,1,1,20842.431691436646,20842.431691436646,-0.0,45,True,peeling,0.7946735996561684,0.7946735996561684,4.492994799570557,9.944794150805976,9.944794150805976,0.5034517705404813
bc1q9z9e076wyk3x5zn9c56b1ubb25k9qhzgirickw,1.0017682282889728,1.0017682282889728,2,93.8110749185668,1,1,0.0,0.0,1.0,45,True,peeling,0.6940309041057271,0.6940309041057271,4.551886226473095,0.0,0.0,0.5072845681596759
bc1q12q4x0808xgbde6tez66190ruiijc57v3wpxwd,0.6986665170138385,0.6986665170138385,1,1.0,1,0,0.0,0.0,-0.0,45,True,peeling,0.5298435415015751,0.5298435415015751,0.6931471805599453,0.0,0.0,0.47618816883741927
bc1qpn1qy8ecv84xvdn0a59wagp510lgs48a8hts1p,-0.4302470951776979,0.4302470951776979,1,1.0,1,0,0.0,0.0,-0.0,28,False,,-0.3578472231752394,0.3578472231752394,0.6931471805599453,0.0,0.0,0.39422876736439694
bc1q2k6mu0d1tt03vszvgghugt7sayqn92t2krynla,-0.547216727141539,0.547216727141539,1,1.0,1,0,0.0,0.0,-0.0,4,False,,-0.43645765689264204,0.43645765689264204,0.6931471805599453,0.0,0.0,0.3907840673837703
bc1qepli20ak6n0xikuxpg3jpa9fysrcbjs4t1jwxi,-0.3818618340678582,0.3818618340678582,1,1.0,1,0,0.0,0.0,-0.0,61,False,,-0.32343174499873734,0.32343174499873734,0.6931471805599453,0.0,0.0,0.3941662169953717
bc1q8d9m0ib3w4witr0meva7j6oy77g620cofzowgd,-0.3790019041541627,0.3790019041541627,1,1.0,1,0,0.0,0.0,-0.0,14,False,,-0.32135997963266444,0.32135997963266444,0.6931471805599453,0.0,0.0,0.39369416773747906
bc1qrtcvmujp8uuhnykyfjnbif9yrodt2dtoohuain,0.166652788925141,0.166652788925141,1,1.0,1,0,0.0,0.0,-0.0,42,False,,0.15413878454948776,0.15413878454948776,0.6931471805599453,0.0,0.0,0.4402544574437665
bc1qozrzuwqffp5ny1li8are104rp59q6pu4y6dm5n,-0.6047456842777307,0.6047456842777307,2,421.4634146341464,1,1,24599.01711437263,24599.01711437263,-0.0,24,False,,-0.47296529186370123,0.47296529186370123,6.046102850465973,10.110502417626417,10.110502417626417,0.512139812914803
bc1q6y8n5mu56ffjl7mhek99l1g2undquh7icpl6rm,-0.5634367146686935,0.5634367146686935,1,1.0,1,0,0.0,0.0,-0.0,0,False,,-0.4468864203896112,0.4468864203896112,0.6931471805599453,0.0,0.0,0.3908243817105252
bc1qx1vzap3oe23srb3xc39yuv3fjep9svuueu7axt,-0.5756938554554745,0.5756938554554745,1,1.0,1,0,0.0,0.0,-0.0,10,False,,-0.45469571841328804,0.45469571841328804,0.6931471805599453,0.0,0.0,0.3942196320897095
bc1q0m9ulwttj8vi73mlc16x7ynslqmni47bn9v9jo,-0.6065387067280115,0.6065387067280115,1,1.0,1,0,0.0,0.0,-0.0,24,False,,-0.47408199310737237,0.47408199310737237,0.6931471805599453,0.0,0.0,0.4017798222064107
bc1q3rzidvrifuvzlfy1u7n4vaq6jc15gyiccwbpoy,-0.5905677831048354,0.5905677831048354,2,56.3049853372434,1,1,0.0,0.0,1.0,55,False,,-0.4640910487807831,0.4640910487807831,4.048387624076427,0.0,0.0,0.43580395634595576
bc1qhn20gpw2po6tot087bbmux7zheqn664jy908qd,-0.4620251573468901,0.4620251573468901,1,1.0,1,0,0.0,0.0,-0.0,31,False,,-0.3798225686671526,0.3798225686671526,0.6931471805599453,0.0,0.0,0.3911455744919008
bc1q8jo5xmdda47ofoptk2yi5yh7rpv6wbxj72i2dp,-0.4681621076016408,0.4681621076016408,1,1.0,1,0,0.0,0.0,-0.0,13,False,,-0.38401135161720756,0.38401135161720756,0.6931471805599453,0.0,0.0,0.39095472007940113
bc1q386fsrkq32q0iw3d1cz5u5mtxs83xew1zykslj,-0.6030130071323518,0.6030130071323518,1,1.0,1,0,0.0,0.0,-0.0,26,False,,-0.4718849878380089,0.4718849878380089,0.6931471805599453,0.0,0.0,0.3950718866098705
bc1qce60jldblmc6xkne8ita84dq6xnvelhiymgdmw,-0.4836202180532633,0.4836202180532633,1,1.0,1,0,0.0,0.0,-0.0,32,False,,-0.39448519423878653,0.39448519423878653,0.6931471805599453,0.0,0.0,0.389892819166773
bc1qdjwsaaenxxkmlmk4xl1t4nb5go04stis5ntt4z,-0.6006993033701993,0.6006993033701993,1,1.0,1,0,0.0,0.0,-0.0,9,False,,-0.4704405983671961,0.4704405983671961,0.6931471805599453,0.0,0.0,0.3937938877892272
bc1qam0yws4rhbr3i93qf2hp4c3fx6lbqmlfp36jh8,0.7678467475260952,0.7678467475260952,1,1.0,1,0,0.0,0.0,-0.0,59,False,,0.569762279194893,0.569762279194893,0.6931471805599453,0.0,0.0,0.4845032125543584
bc1q7ndcwdhnlbx1z75gbotxxgsh4vwtv7k5uglxkr,-0.5979032355556816,0.5979032355556816,2,100.99357101110462,1,1,3692.305995877235,3692.305995877235,-0.0,59,False,,-0.4686922920411116,0.4686922920411116,4.624909781994945,8.214277269767477,8.214277269767477,0.4835345425754602
bc1quef5hwgmi1gcch92p47ptuuz98jdm2odtxc23f,-0.6034807682459858,0.6034807682459858,1,1.0,1,0,0.0,0.0,-0.0,59,False,,-0.47217674646891217,0.47217674646891217,0.6931471805599453,0.0,0.0,0.3950718866098705
bc1qd97oie00ejhrmbl4otpt318yw1dgtg6zom2oyh,-0.0439796558948649,0.0439796558948649,1,1.0,1,0,0.0,0.0,-0.0,13,False,,-0.04304000257983651,0.04304000257983651,0.6931471805599453,0.0,0.0,0.45183084892622827
bc1qkmq9uqwfn55lk9uawwpvc0azp79uvhsdux5wk8,-0.5356546477734195,0.5356546477734195,1,1.0,1,0,0.0,0.0,-0.0,4,False,,-0.428956770756293,0.428956770756293,0.6931471805599453,0.0,0.0,0.3920275064660606
