wallet,avg_amount_zscore,max_abs_amount_zscore,tx_count,tx_frequency_per_day,fan_in_degree,fan_out_degree,max_geo_velocity_kmh,avg_geo_velocity_kmh,time_of_day_entropy,entity_ground_truth,involved_in_illicit_pattern,pattern_types_involved
bc1q65kxvf1t2tala753lc58drc11ertj5pht0hl9x,-0.3173381565124673,0.6351386231920041,14,0.2653474173377862,6,9,20620.928115768544,5338.551311858923,3.640223928941852,3,False,
bc1qcjwtl9tqvdz4x1zhqimqodpxnf7c3dd03uvule,-0.5614717007155474,0.6026910212626923,4,0.06571329153998413,2,2,14.323247291855942,5.054371024385057,2.0,28,False,
bc1qot7txkdotrbad3wrdhw9re2q6jxnnngbpj4ufz,-0.4581310632477342,0.6015578751164681,5,0.11708837000792242,3,3,16954.465786441608,4264.220659965589,2.2516291673878226,3,False,
bc1qw9xa3kx7eedtjvzhwjr64dpja1wj0tpac56t4u,0.018163997567164025,3.561801895963766,22,0.4166547933494811,12,11,30205.15361846283,4783.615631170231,3.642489673166126,7,False,
bc1q01nouhtcs1k9ye9o2m71hssbelrqvslwf90km3,0.5898392858667638,2.3100530716869336,5,0.17111946990990878,2,3,1704.042747948454,426.0106869871135,1.3709505944546687,44,False,
bc1q4u89yjb1qx6gvwrdmly4lyk83tqll8os9xtogn,-0.4911754097995689,0.599841147182629,12,0.21067552717649277,6,8,168353.15749176763,16923.49769847064,3.0391486719030705,19,False,
bc1qep9p9w4j66cnoljq52wspofv177udktmonrvbj,-0.22867662670872407,0.5048435254428575,5,0.09450863277292486,3,3,40844.84939460932,10254.347948098777,1.792481250360578,10,False,
bc1qzs43c5ba75uuzpeal2w37d4ivsolmlgses6m03,1.0938814929173084,4.60036552581003,7,0.11474889477348003,1,6,170.2110495293399,32.395526235445054,2.2359263506290326,31,True,peeling
bc1ql44y9ik01l0vdp6orsnc2czo2sug5hcbbmhnqo,0.09979374615660555,1.3927619471570538,7,0.1148465787948553,4,3,10057.152744393057,1707.4943899994714,2.8073549220576037,58,False,
bc1q7yirq8rtm4j3dab42hhihxs58yreg2iv7zzj64,-0.5852490564797357,0.597610799000425,5,0.15792480951233767,3,3,158.31622078413628,48.21530845604526,2.2516291673878226,31,False,
bc1quhz1gv0e38daly8ozcywd14ve92mpnsm43d8w3,-0.5197768734069594,0.598361978015245,3,0.5546627406587904,0,3,0.0,0.0,0.9182958340544896,14,False,
bc1q8e9rivh6t1ntmjsrd9q46nouhfj7upfln4rxyj,0.4453727263292621,4.427932555363454,11,0.18088000864813508,3,9,135284.9256261905,14389.224018859017,3.084962500721156,54,True,"coinjoin,fanin"
bc1qyrmjljx8xgsic43olfark6o0u93mzywr7mkgxu,-0.22755761757178097,0.6045660736263295,5,0.15780556746809005,3,3,65359.070352288,16350.818063343833,1.9182958340544896,14,False,
bc1qk2vmwwyzx4w6xlpu0dk0get8t63j3r30me8f84,0.0033547328223351445,0.3386177097710532,3,0.056820112390708416,1,2,36.89890488447322,24.639511490396064,1.584962500721156,24,False,
bc1qnvqebwuwqheyto5f9m969f5gcl9lcqh1uf22ep,-0.38069439917744513,0.4044641953221672,4,0.07608274262436589,2,2,97.04228233853,35.76745296141527,2.0,24,False,
bc1q0fodro8bnp84dyt9moge4qxxva2ieuc1hh5lf6,-0.1464619680324145,0.5929527328603973,3,0.0866791646964323,1,3,45.11618620272217,26.763517983056214,1.5,26,False,
bc1q8zov7ln23y30ysxpnngh8riec4d145bm1enf31,-0.44995710034713254,0.6016735687187807,9,0.16933897477184645,5,4,9046.856677424548,1883.3679354430985,2.725480556997868,34,False,
bc1qi5ldslcb8qsspye9r1f63ai9hasez2nx1wvbd4,0.42212033148282696,2.525431612403683,9,0.147697749926588,5,4,156634.37657749263,20918.7608851343,2.5032583347756456,26,True,"fanin,fanout"
bc1q6q3xlrfcd6mzsgippsfnkomv2xcdyk0x65mufm,0.9986192343707813,2.3124129299395864,2,0.35816589216056116,0,2,0.0,0.0,1.0,33,False,
bc1q7bo119xp9n56nyxtxmgtt0iaakytt3imj70e3p,-0.5576592477100685,0.5886960002608764,6,0.2707318219562254,3,4,108.12180145116888,42.616885762069685,2.521640636343318,51,False,
bc1q39moft6yriaddur82c06xq9jb354mype46aexl,-0.5514169162830946,0.5514169162830946,2,0.3610078134792964,1,1,6.91338776967247,6.91338776967247,1.0,14,False,
bc1q2x2ezc7fov2ygnmby49e7eobjlzy1uu9ymszdx,-0.5728163667557757,0.5911639793312929,3,0.05646522465404157,2,1,83.95264448838259,45.88056512680889,1.584962500721156,29,False,
bc1qimyn4u9bxf445cri8bixoiq2q4qerxdouadvwk,0.11549263517777532,1.543321734793701,6,0.11308629155932122,3,3,255.3733593780515,56.73917453206259,2.2516291673878226,44,False,
bc1qzmpjrht7zewviytwbozd1at7o75rh8lx6dut07,0.16588762074246596,3.6312984284643086,13,0.21411463825835128,6,8,44854.33200787901,6663.584140545611,3.0391486719030705,47,True,peeling
bc1qi15cqzcuctsuflsehuds3qsqcq30o30ubmc97c,-0.13321981627032373,0.5547692935577428,10,0.18935512962827,4,6,15788.429134501503,2361.9194218924804,2.9219280948873623,50,False,
bc1q38xrg2gzr7txcb48y1o4izasnwywrratatj9a3,-0.3866866070748216,0.5983465405247473,4,0.06566971326505407,1,3,62.33670231785177,25.374598493179978,2.0,55,False,
bc1q5wi6fqjja26yfpmvxpj4hnriuu9k9xjuy0bvr6,-0.11701823516016266,0.9867213801398214,7,0.11450548605855948,3,5,4980.798924479697,883.5182721150413,2.1556390622295662,23,True,coinjoin
bc1q5uqpgb7r3ocwbfuk9e1v2isqp49kwv08hhxfgc,-0.17500920871165657,0.848867546987554,6,0.09879268629205741,1,5,91.87688387677332,38.28781673204803,2.2516291673878226,17,True,coinjoin
bc1qzdo74v1qx8ertb74rs7gu0env5sn961j88qeoz,0.3661562163393282,0.4582664383616788,4,0.093745549731119,2,2,64.13624117041368,27.1796089647376,1.5,55,False,
bc1q0kz4z7whwkmy9x8sylemruyp04k43safyh1fkj,-0.40004213818939827,0.5730776318294778,8,0.1663478653467939,4,4,29603.524901731093,6057.101597218447,2.75,17,False,
bc1q6qjiujv6oh9sdbdw2pcn9t84azytjxepq85jsg,0.09815929759127245,2.343972092271328,9,0.17034913027962362,3,6,6942.3467680724725,910.9599972433372,2.94770277922009,2,True,peeling
bc1qy36ddfgs3jonou9iy4x41dntcagrp2u4dtbh55,-0.392848799773017,0.5833546148111997,10,0.16402284245890744,3,7,5882.221204805063,1245.6063185219928,2.9219280948873623,56,True,coinjoin
bc1qtzk3ny9v20yar821uzvgww4fyb8dalfyo1750c,0.9199415753385614,4.36721375248494,5,0.0819453212256592,1,4,58.14911936451459,20.044881521520836,1.9219280948873623,45,True,peeling
bc1qd1xmxb9yo18pajssuuqo1vsmado8e7flqhrrpz,-0.1712004598371275,0.5266687163746522,2,0.058316928884732604,1,1,0.0,0.0,1.0,61,True,peeling
bc1qcxlvpymb5m9j98cwn2y8fv2bc2nnuvy8n1utox,-0.5002540810564131,0.5900348617003865,8,0.1514860956935387,4,5,49217.9995945878,9051.0548453569,2.725480556997868,39,True,coinjoin
bc1q9enulqjidknwi5flul1rsrla8s8hmbr5xqt4p5,-0.21522430018190783,0.5999455477188653,12,0.19642100022392903,6,6,24548.912620679694,5051.26538113207,3.084962500721156,43,True,"fanin,fanout"
bc1q2lhgcsotdhhlmh1t939ayq6ww8yl68ntk63n2q,-0.40183060237287976,0.5680293938495253,4,0.0657534872084163,3,1,95.57784300796752,32.41700974587567,2.0,39,False,
bc1qyo4rcb1kjtgq01tee13n3bzt9d31k9qm3p91i3,-0.3119115539297356,0.5886374442624369,11,0.17987538179041868,4,7,2597.3927486363277,706.2530358196694,2.913977073182752,64,True,peeling
bc1q5pdtz91x70fqldb2uuijnwpaytxw1vzc7d2kd1,-0.1823412239311182,0.5963540808084618,6,0.11321486539136875,3,3,1934.9266643019753,575.7259222987288,1.9182958340544896,40,False,
bc1qpoxrteo2t8fy620n8tteavt8k06moxsfh4gg24,-0.3646259532005044,0.45164267740563363,6,0.0985282344971981,4,2,20059.672124079876,4412.620833799033,2.584962500721156,64,True,peeling
bc1qpseimvihcwi64ciyhe7ur23gdppq0y9dom5igq,-0.20399197337777736,0.6031084860363176,13,0.24363875522114037,6,7,2535.8849311932395,423.58696776903065,3.238901256602631,4,False,
bc1qmyofqewaouaxeqbnhl1n13jcat9mx2x18hafey,0.5755796072066637,6.067955369857093,10,0.16415263611274397,4,6,144.31574326450448,37.8278637457211,2.6464393446710157,13,True,peeling
bc1qin3oeuvtyt8qzpky32orwixz2c9ros7yt2m6tw,-0.4616615524149731,0.5900144993241552,5,0.08781453407783255,2,3,41.52422064774024,16.221143580045204,2.321928094887362,60,True,peeling
bc1qs3kkv9rftmttqlgzui1b0z3nx39rbsv55psq0o,0.8911242897919395,6.610367558007912,6,0.11430277402513558,1,5,12323.335328076771,2589.6279176435105,2.584962500721156,21,True,fanout
bc1qktsg7fxzv4u3bbxux1oxrwk8r2ykccprhvlz04,-0.320131898743739,1.9215882266932767,11,0.18079212975944223,4,8,18333.5846345504,1837.9898294080162,2.617492461184755,42,False,
bc1q5qmktgv44ftj5ccasbuov6tt9q1ni10kqsosx4,-0.5661162852384565,0.5661162852384565,2,0.36421042425877487,1,1,4.690365835752604,4.690365835752604,1.0,21,False,
bc1qzklookep7y6wktakpuxqphr62gdswm31yihair,1.0635398640944356,6.643567466284665,7,0.1145744019417027,1,6,3339.914258750708,804.9751493187645,2.521640636343318,10,True,"fanout,peeling"
bc1qrmhrcnbh6nqqb9lzs34jtgxnx4sn6sm5rrvsff,-0.43958936386755554,0.5826824846770884,8,0.13136905677131275,4,4,108.76846542389636,41.25509874957016,2.5,56,False,
bc1qagl58kxo9t7e8g8jdp0lvsnujza7tz0yncxll4,-0.026210441928029328,1.3013784256815537,8,0.15651036235817098,4,4,21573.77066767679,3277.303022072931,2.1556390622295662,9,False,
bc1qxfq8myx444nlz15bcw790pdw5py6b2knftu2gc,0.40356525370741025,6.0733206138710605,10,0.1656210242088481,5,7,94.5982210879461,18.33066024674021,2.4182958340544896,22,True,"fanin,fanout"
bc1q6g5g79or7875aud9k9tr74qgefqjg02u1g463s,-0.008235443386109398,1.5713520379099255,11,0.20886071359425246,6,7,14615.681209423225,1507.8721356151514,2.931208948910323,48,False,
bc1qff7so8w5038hvqrhofu1wsgy7vcneas6y3vg6v,-0.435487704208594,0.47234767663261834,4,0.07864585312659365,2,2,147.3062784026238,66.5733998780838,2.0,32,False,
bc1qt1dx6ta7ypp5zp7r1m264upj16dvtja0assnh2,0.13242571742496823,0.8707322881174737,4,0.2571644788587136,2,2,123.71121311124388,49.65175839737466,2.0,2,False,
bc1q6vasifpwioxd9css9toqw9ja2m0w10lbt3g2qz,0.31954919787101377,2.3874189224943594,8,0.1591428023454223,3,7,198.23463951100447,38.6707462107117,2.5219280948873624,37,True,peeling
bc1qo2rntjlmz04x0qzfhomtzzf8adf7pchcbn9wsz,0.22567520701357932,1.36271190856269,9,0.18070340473472665,5,5,3695.2664376098664,698.3822220580425,2.321928094887362,24,False,
bc1q15ahdbvzb0oih5csk30lvylkfxhkc856wpr97y,0.21410387121854704,3.0045107591155094,11,0.22732197775861102,4,8,3224.8777738366252,1158.7762162101574,3.2516291673878226,52,True,peeling
bc1qszwymx9djoyohaz7t0uum3i8qoagsusmesjt2j,-0.24124577881160839,0.5970083934340744,5,0.16513003990642633,3,2,2456.7869789053766,638.4547739596303,2.321928094887362,34,True,coinjoin
bc1qyil8sa3idy3c7rm6j8y6rh05hhiwfd7yxw1tbr,-0.04442544949386456,0.47346080298009546,8,0.15516889546101797,5,3,148179.5179758935,22186.37688740916,2.75,52,True,fanin
bc1qaqvkizzqy72wx7ptx63cfl0ukeyz7srcbpljd8,-0.09103627510376879,1.7297843790294396,12,0.21594385459780457,5,7,23944.24355128265,3471.326796396077,3.4182958340544896,18,False,
bc1qehlxslg6mm1zxyvgiui9kkhzlm72jeyn9382kk,-0.47596964111221446,0.5744006814322247,7,0.12592947949148478,3,4,15541.439943002668,2681.8666580888143,2.2359263506290326,46,False,
bc1qxaji0y6dpbhsahxthv3a3zmf8mdd4v30t9nt3w,-0.38369386828345975,0.6045499836056439,6,0.22858574037704302,3,6,336784.4735778262,71635.75474470046,0.9864267287308425,0,False,
bc1qdhylurtp0lzjjeget1ghr09skdgigatj9tze5r,-0.32793870576252643,0.5960187215043199,7,0.12553971386991736,3,4,1890.3437797218983,338.0992053784291,2.8073549220576037,16,False,
bc1qnoqu9y3z2t4h20rape6wtlrj4bdfhj4d0jmu3m,-0.2558059939872183,0.5534370501480855,8,0.1446767556656167,4,4,6435.905986179212,1392.9759571437885,2.75,32,False,
bc1qomyvuxt9kls1qcwq85x7pwo6cmlxzvo5270sqg,-0.16409439750509489,0.16409439750509489,2,0.03869646652890008,1,1,0.3788298381968848,0.3788298381968848,1.0,16,False,
bc1qs9dwd7oi0pesgbm65q57te8tvq05pxt6ridlof,-0.4068454994946004,0.5462430628076043,4,0.07193656094531635,2,2,7.93441423770814,2.644804745902713,1.5,57,False,
bc1qas1ektyr1k12v2tg5pizx3hcws2wyjxtjgcedq,-0.5244196611822722,0.5244196611822722,2,0.16234300032036436,1,1,0.0,0.0,1.0,14,False,
bc1qf8cgvyie6ivwpvs7hzioykl1cq99chj755nf4z,-0.5786774329710361,0.5986450593482288,4,23.1309818619905,2,4,7176.421238415449,3547.5743451121584,1.792481250360578,6,False,
bc1qifrml29q2l48c1cqg433e1i1p0bq1s9ryllwb7,-0.5342024738943875,0.6069438009030224,5,0.08968851924669949,3,3,3538.197134287061,894.8251130642376,2.2516291673878226,10,False,
bc1qugnekrcpprcjiwvhdk8lw2lm349el8hl88kzru,-0.23661087088869412,2.276661292059984,12,0.21607805819852421,4,9,116278.32070261659,16367.221192190393,2.873140679513133,59,True,peeling
bc1qvoi8uyyf1irym81cmftdrluxm60an0jbzutrut,-0.3050983963823961,0.5952960820992965,10,0.18065929350925033,5,5,795.3588768659133,173.96026208919181,2.8464393446710154,59,True,coinjoin
bc1q0hpmnz1udbfwyjxrpj1epkyrybovakhejla0gn,-0.5439215067032327,0.6041462631783971,10,0.18090387869222407,4,6,29526.778229535244,4786.667414246715,2.9219280948873623,30,False,
bc1q5wnwlc83gy1fkoldxb7gbdgbxnrwvbhza7x73q,-0.6058795001259898,0.6058795001259898,2,25.076186329995643,1,1,0.0,0.0,1.0,28,False,
bc1q1swjckjlteiyzcotohp6vz41nam148p0tvhhpb,-0.09763446849692922,0.5999455477188653,5,0.40532324528811725,1,4,370426.85415235127,115985.23441840298,0.7219280948873623,12,True,"fanin,fanout"
bc1q4cowgzrixa11dpg8sbi4q2y9v86wzs3t60rjiw,-0.5415218397589174,0.5858339891193184,2,10.9394783489491,1,2,1693.0877286402767,1693.0877286402767,0.9182958340544896,11,False,
bc1q6t94ow3litnt0mq8abkae6a9hl1737suudqfj6,0.008201629178445068,0.5999455477188653,4,0.1374327748536198,2,2,226371.96642643688,75478.63315136875,1.5,36,True,"fanin,fanout"
bc1qdo7002g3yu6vk0ucc1m3o55ixva1nkbtfshb0o,0.01995184931298755,0.5999455477188653,7,0.1458761408331872,4,4,26278.31925837948,4397.549310365927,1.75,33,True,"fanin,fanout"
bc1qn2twdl9zs13c9xqym52xg8p6befflzm764jwte,0.5007846861447792,3.7479311487890343,15,0.27034079836894387,7,9,730007.1049820826,78094.4425553537,2.8522170014624826,41,True,"coinjoin,fanin,peeling"
bc1qhn14eb8753ayeqahthsjr0fzauxbgk2wbxanj4,0.08185948348953617,0.6041506042213313,3,0.06352537914872561,2,1,0.0,0.0,1.584962500721156,41,True,fanin
bc1qr0aymk99jcjn9978imoe0sy5ypuplvqexuyhey,-0.5353002208503136,0.5846203722634499,7,0.12557391201977788,5,2,5455.313665549486,926.8788414457576,2.8073549220576037,12,False,
bc1q015oop767j2dg1wjuiiymyrsvzn4regb1ajo09,-0.5613199994671562,0.578404754342995,4,0.32551997483248346,2,2,37506.23982884998,14021.77535351208,2.0,46,False,
bc1q1c795rlqiob0nlw0vs52sq3b9so0uswbkok3qp,-0.35113186932082247,0.5829777477183692,4,0.07211473755222633,3,1,3303.2729400527624,1104.7873716987508,2.0,60,True,peeling
bc1qpki7p5tb94874frhocn9j2qp89uzfk8ut0cvs4,0.26269859995645073,2.7623719107466376,7,0.1260470575681588,3,5,9304.757856716056,1922.8714071514853,2.5,5,True,peeling
bc1qzeeqnsn2s8nn16uxf5gzpl1qweehwjq4ta5ivr,-0.10304541549629875,0.48200918283801525,6,0.10830229879150177,3,3,270.19784574091597,94.4804960926975,2.2516291673878226,41,False,
bc1qy4k7bpgyvyv2gqu7dknncptkezjsszwd0w9ry7,-0.5830727827300888,0.6004171321451091,8,0.3394050100539896,4,4,48496.6132013714,7606.834798748026,2.75,18,False,
bc1qikgeq20hwobm3hxyjckt1elou83g47rrbefq56,-0.19163515873688752,0.19163515873688752,2,0.04238495844164636,1,1,1.0831327470760486,1.0831327470760486,1.0,41,False,
bc1qq37csuytaul62cf4mntfvge2l4zjd5n3ksgnbh,-0.4786293992954757,0.4786293992954757,2,0.06913125456824372,1,1,0.0,0.0,1.0,37,False,
bc1qhbn5elb45l6d10a1whhkt1yjfe8udttj72ugl6,-0.28110615658890814,0.6525571953401198,15,0.27097171586357494,8,7,2844.464499599207,415.496077805897,3.323231428797621,22,True,"fanin,fanout"
bc1qwyqmlh13c71ud2zdlx1q8f6jng7l4lrcer4kmu,-0.30987539336134234,0.4844667317285339,9,0.1904424161499871,5,5,11571.894951968388,4521.413737327787,3.1219280948873624,12,False,
bc1q0982n2atqyyv37dia5u6hc36kof8krd5eqy08p,1.3026023482214293,6.187487700799677,3,0.10262517737684979,1,3,46.255874341034655,31.2996964838054,1.5,25,True,peeling
bc1qa4fejgxaa2ilgb0s0r2sds8b25sq8croyr6ccv,2.157440759666142,13.265288335642735,6,0.11626076320346844,1,6,937.6559957212497,188.7884549103789,2.521640636343318,27,True,"fanout,peeling"
bc1qwafftouhylu6k7p9mda9oekntbz3m55izolnnt,0.1600662350678267,0.6525571953401198,6,0.20477330362856397,3,3,1633.8830845364603,398.8031731236637,2.584962500721156,8,True,"fanin,fanout"
bc1qzrp9dxoq2vpgstqmgvu4isotn9uzeryf0992qc,-0.12365137460719738,0.6002199753003926,5,0.09041031213323131,3,2,557.9933873386153,150.44562851298662,2.321928094887362,58,False,
bc1qlk3e4xyf9igfu8iogxpbwhvnzh13cd5glqj5sx,-0.2966507627789098,0.6030937731977654,10,0.20982373349277347,5,7,118594.0634766686,17641.072418719403,2.396240625180289,62,True,peeling
bc1qw3c1qkbhb7s9tj1gm25len606n9rr7s20cv3tl,-0.007354442367634311,1.6629748834177576,7,0.29734381706275637,3,5,333.70947108267313,86.95907561857005,2.75,38,False,
bc1qegok01tnzrf5a7qy8yb7w8p74mjdxo100vhmyg,0.0906245898006011,1.3379122514973782,8,0.16967955064377335,4,4,5066.077949095798,772.5475164148876,2.75,54,False,
bc1qty3addqhkgad7x48wze4ex6u86zjq7w7jp61lf,0.011503849205045652,0.4217391241102555,2,0.06840289144722388,2,0,10.980987712940275,10.980987712940275,1.0,52,True,fanin
bc1qzp08j3trp0j43d5iqvnb4gh2m5zja8dzr1yxr2,-0.28158433729313437,0.6064796321397911,7,0.23922281065443338,4,4,95059.56649930943,18892.679426877938,2.1556390622295662,15,True,fanin
bc1q1arxabofloaz1ro03ciny2et9mkb9xn4m41kht,0.12326621089744125,0.61606286133814,9,0.18963425415038318,5,4,1556100.2873502641,240013.10547334343,2.2810361125534233,15,True,fanin
bc1qie0rnujjq9k6re4q6qdy4lmct64z7w2sehe2at,-0.5594228611644678,0.5962096896153597,6,0.3276839872263927,2,5,44866.22129917593,17025.0695079732,1.3787834934861753,40,False,
bc1qzvrctlt4q9bc2be3yqy5fu7bfxq7bzegbl2qgv,-0.3451788656088529,0.5924496767323373,4,0.08622857758775554,3,1,4.197067074612537,3.3670498436116265,2.0,46,False,
bc1qvwvm4w3zkwdeekgyspengwyx9trflqbmae38sr,-0.1282886233482684,0.5725934200863702,11,0.19924073013845175,4,7,1824.8907598536202,330.5558136034344,3.095795255000934,63,True,peeling
bc1ql8hbgcj1gnfiue2wnf5ca7zvky2refjqigyvzw,2.6256661128767766,4.093408064000217,3,0.3293440183782094,2,1,1509417.1845616864,754728.970945502,0.9182958340544896,27,True,peeling
bc1qw59sqwhbef46rf7bnhjw6qdbtfbsciqup06idi,-0.287448274927419,0.30935174544117433,4,0.13696111192132346,2,2,458.9450175766314,166.75868697801374,1.5,64,True,peeling
bc1qioh6cvbphvgnqgmjmbukdqp1hkf286utios5hr,1.6636450130316878,3.7921857770409786,4,0.4348274655950317,3,1,402512.718822519,137622.43883001478,1.5,27,True,peeling
bc1qvfua9bq1btr23qiua08ekxdrkz40aq15o2nqw4,-0.2305012084953447,0.4311590919745078,5,0.09719777903074915,3,2,12214.197794559348,3077.1626931912606,1.9219280948873623,61,True,peeling
bc1qc6lbpj8t22c50b8y5dnwnguczh9ier7u8h0imj,3.4365605955791905,3.4365605955791905,2,1280.0,1,1,112935.72979680625,112935.72979680625,-0.0,27,True,peeling
bc1qqnyy95g5dog8cfeffh8aoy7rp0aga24smux2rx,1.2548013823894493,3.08291231614026,4,0.3275239530321553,3,1,544089.9611100748,181384.30840868395,1.5,27,True,peeling
bc1q81bmqf7zk94yxfiblejgublmntfk7orfqla09l,2.81604486094043,2.81604486094043,2,3031.578947368421,1,1,466726.26945334615,466726.26945334615,-0.0,27,True,peeling
bc1q06ftlo4qdbxvh7katqydshlv76mf4nnkm95d0p,2.467644919580753,2.467644919580753,2,1350.0,1,1,224170.7803940025,224170.7803940025,-0.0,27,True,peeling
bc1qhr59c81do6ouz1egntb34kuqaaj84rx6pryiej,2.222447751514851,2.222447751514851,2,0.03878504935105744,1,1,6.112257948361308,6.112257948361308,1.0,27,True,"coinjoin,peeling"
bc1qn0ajufqymbnw8bkxcgw1vgll42jzntmfek2o7f,-0.48898780688294563,0.5555655143273742,8,0.2732219916823826,4,4,5043.224108813714,1186.879844988757,2.4056390622295662,30,False,
bc1qrln36v1mzb3i4fieecy2c11bd2scejcy127h6g,-0.33594451081600213,0.33594451081600213,2,27.776884745217814,1,1,6486.000621992142,6486.000621992142,1.0,58,False,
bc1qmd478mfs0iuduahgk6t9dhsznvp8gmnhie9ede,-0.5255688046212079,0.5255688046212079,2,1047.2727272727273,1,1,20329.71984079014,20329.71984079014,-0.0,61,False,
bc1qeoz906gnhh4oipr11v127my89sfqeri7b03rag,-0.11718972003221172,0.5621769673629106,7,0.14644096162898135,4,3,18150.240896089574,3195.6519848251196,2.521640636343318,61,True,peeling
bc1qm4t8bp6nlnqbu4kzrezrdyxyur4sor8wm9lbb4,-0.10834860846855725,0.489330523464956,6,0.10882729146631549,3,3,54.70953947373652,14.968471381525916,2.584962500721156,55,False,
bc1qv6ckmalq5u6jzv9nou3dyms1mwnpr424tkb9oi,-0.18499396602475784,0.8405098647849472,7,0.24253876489700524,4,3,12208.463058912575,2761.7970020563753,2.521640636343318,29,False,
bc1qskxlojsyt5wsgrx37jw34670chqi014o46w4jk,0.535208316265447,1.097534321093543,3,0.16404118496972644,2,1,285.8821064647678,157.00315504018974,1.584962500721156,13,False,
bc1qfyiifa2lr9p6hjb2jtxb02b6lkc86y5o44iuse,-0.45232573799278697,0.5840512354335733,6,0.12604591485044084,3,3,1183.6100273445868,239.20036855728432,2.2516291673878226,21,False,
bc1q07hdhjo5ctzetrij2frnlx6b02b7yjnxz6ytip,0.03453753749270838,0.6045925586237626,6,0.12761504370642926,3,3,403.7875157649249,119.85413896536758,2.584962500721156,38,False,
bc1qjc2r07lp7dfjcp0tlz1xgpxahkudiz1xevo7q5,0.1850915319205562,1.9253294810505819,8,0.16989246043216394,4,4,3617.1952000676933,547.0605720802367,2.5,23,False,
bc1qrbc76ub7l8v1zocfi4o6l1f90s9bp4m18o1bj9,-0.04806099181425081,1.2030128380643823,4,0.07223655968368078,2,2,200.1651508519011,84.56182520506206,2.0,57,False,
bc1q87xw69hzgopjdn8ezp7qyezg52kre4v9kypofk,1.3696961538117522,3.3341843788400447,4,0.32836135711292835,2,2,254.8626473606183,105.42876869394208,2.0,14,False,
bc1q0jdcli6978v0bjwkon8uujs75eltfebe5407k5,-0.5957325646935295,0.5982448351090414,4,0.4352151519349193,2,2,2095.368344592355,698.4561148641183,2.0,6,False,
bc1qwpgbgqfqe6rp9uqezfmhk403uxh9a1g7irdlk9,-0.16008417363871136,0.3452510852459899,4,0.4317393373750598,2,2,96.1283514293818,35.43469342885053,1.5,9,False,
bc1qdji1oahnox8fk2076vmdnhqnjvdpngwds9yxz7,-0.46938776535666055,0.5602173024401206,4,0.071999145010153,2,2,22.89377007233932,13.281671553737864,2.0,10,False,
bc1qskbcbdpdxujjcsexggoc5kvqywj85gg0v5dtae,-0.5138323485806681,0.5190310291126229,4,0.10781223824882477,2,2,75.1258887793818,27.732499007787766,2.0,44,False,
bc1qdeg3zgarfi44td1fpe60qraqik3omd4poru09b,-0.19692632454747253,0.5373009299219218,6,0.20578729120568964,3,3,2518.505863226463,530.3317891990232,2.584962500721156,45,False,
bc1qvy74zq50op7xmr8fhydrgfr27riu9mjyg4s3me,0.002692079830610511,0.8090872598496842,8,0.14510540085157053,4,4,148711.5107910899,31570.655354797727,2.1556390622295662,33,False,
bc1qvdb828192v4dusgehn0z1r5fn3eh81a4rkgjzo,-0.1455740350034678,0.1455740350034678,2,39.42505133470226,1,1,8937.52668742969,8937.52668742969,1.0,9,False,
bc1qp1zscmo1pob7fu99259p5z5zlm36vfox5wwpm3,-0.4831807321029814,0.4831807321029814,2,0.08528229030328514,1,1,20.82311894569429,20.82311894569429,1.0,55,False,
bc1qx15dtoz5sthslmwa6tj3kps04jse17quami0uz,-0.4410298558344389,0.5558847595702446,8,0.14409453201694195,5,4,32692.08339901852,4944.5639939930725,2.6416041678685938,11,False,
bc1qnsvsojrpp7r93fezez5ehr07n8voeubfn9kr2f,0.28240895743494715,1.9397565663303846,6,0.12707676377841579,3,3,53.908876796220916,37.271519203460564,2.584962500721156,51,False,
bc1qrm7pyxdw2zcfzw0ldalmjegqtoamdvlnknd669,-0.015805133304008862,0.015805133304008862,1,1.0,0,1,0.0,0.0,-0.0,58,False,
bc1qn6mbypjdfaw1lxxd8t18s1saxt8jh34udtlvr7,-0.5973168478882588,0.6060307085423706,4,0.09417681533577876,2,2,1087.4059481441127,392.103992848759,1.5,54,False,
bc1q8yc8gzkdf6j76biviss8jltcbw6atvd1xeuq4s,-0.4511582149535592,0.5946884494227038,5,0.10576528528716744,3,2,1940.8299017229506,514.9417193016845,2.321928094887362,19,False,
bc1q1w1ht7pze9vifttd96qe3rzsj49itn7s55j2o7,0.307869003288551,1.7670087741087377,9,0.16261033077484155,3,6,421.76999734425414,84.56848628123186,2.94770277922009,20,False,
bc1qdygfliji18k0axycelos6zle6kwhef0votqtxh,0.778417533942099,5.788836911088617,10,0.18110887682940405,2,8,40996.01509217031,5195.963760458947,3.1219280948873624,49,True,"fanin,fanout,peeling"
bc1q63qe8nvn439enga01yzg3w3h98brzva9wdjsgg,-0.605866164469571,0.605866164469571,2,0.21705924913578264,1,1,10.779952139004179,10.779952139004179,1.0,49,False,
bc1q0j4a8ywy5apyx4l4oesrsbzb7tlom539iy87hl,-0.48047617821294575,0.595835326177829,4,0.07271097702219516,2,2,127.81684706294504,49.515724455958775,2.0,36,False,
bc1qsicvpdqe97n6y2c2bvpdcb4owo52wqqpwdxyas,0.225187977375592,0.8132038186617383,6,0.10827750622533,3,3,268.5098796253179,74.41086050483455,2.2516291673878226,42,True,coinjoin
bc1qi2clp81l51flmnavycs44phh62myz9vlu8wpfq,1.6984227066762478,2.8433172124653576,6,0.12603623104016604,3,3,75.00340733741344,38.43692837824496,2.2516291673878226,42,False,
bc1q3no3aamtfpw6m9hkhjg4ihgjd3ex5mhqnngs2w,-0.01036024832404647,0.7841170485651053,5,0.09068423141860156,4,1,1355.10327183924,361.09131720608207,2.321928094887362,47,False,
bc1q1v4kfiwkesvr022wgn51nsgzsr8ruw2xh6qihp,-0.5718841163377657,0.5944961762512884,4,0.07773686745166807,2,2,16.664174258219482,5.645530001204179,2.0,56,False,
bc1qpqo2lngixmc4sx27dcbhhlk3yjz99106ak32oo,0.9132350227824001,3.83590325617973,6,0.2303816718581055,3,3,2353.9742373889753,542.9690070877219,2.2516291673878226,11,False,
bc1q10q2lg1zhqunue7a34mpyo2tla27f8lwvv59ho,-0.47127187071806254,0.5788325462654361,6,0.10803506638196315,3,3,169.5633051812462,50.71190308440369,2.2516291673878226,13,False,
bc1qtgduq6ddtbyrgc8kixccsg4ofdtrc85ehpzrv7,-0.4256435210323079,0.5907446428263392,3,0.05435399169465974,2,1,14.052612843207317,7.75565455943544,1.584962500721156,61,True,peeling
bc1qqu0k5qzzkw3gi60q6guo8i5jwk6z0hr9t9cd1l,0.5670581773615233,0.5670581773615233,2,0.16543072301267728,1,1,1.6195301445645343,1.6195301445645343,1.0,16,False,
bc1qqjsqcz0n04oae7l0rcti8f34gadktoc1yfmhby,-0.3921142527223755,0.5879887399620708,8,0.16902276378628597,4,4,3714.487233648218,1134.8813921163414,2.1556390622295662,0,False,
bc1qnidp9mgyh523ggodlught7ehmgoloqc3xnchkv,0.507657999473166,2.411535497221511,6,0.1887871228536572,3,3,127.56509275598408,52.543029569204535,2.2516291673878226,29,False,
bc1qeg1y9xca6qs0szaa1eipicerhnxi09p5el2b2o,-0.17655073368014923,0.5972694261154463,7,0.12604106838144763,4,3,132.76152971833068,32.88444117855192,2.521640636343318,44,False,
bc1qzi5sgwcr8b97egt2hspqfhpvku8h5r8mnqpvpf,-0.21966951211943614,0.5932631689457313,6,0.206233798473297,3,3,11095.083901868818,2220.0197293984306,0.9182958340544896,43,True,"fanin,fanout"
bc1qurlzh6a50nooo0nl9c59e7f1811mzwncnpir7n,0.1371394026051951,0.5742502766582858,6,0.12756668275194605,3,3,113249.8005803909,24167.930604672336,2.584962500721156,54,True,fanin
bc1qst5v0175du23jh0zagrd1ppkpggersduhh03g9,-0.19317901768647716,0.5077391178485059,4,0.13730986298811848,2,2,3478.396962122196,1659.997402250617,2.0,30,False,
bc1qaj8x2bh2ns8jr1vmymlinov953a5o47aet81iq,0.43175622355061,1.9822576708146311,5,0.09031225462034986,3,2,17.947124460503748,4.486781115125937,1.9219280948873623,8,True,"fanin,fanout"
bc1q3ifhv1xg1r11q7uww5wfcpkjcslqc3c54wsqt2,0.7026392078017308,1.3513547511485229,3,0.10943002241373415,1,2,4460.047937124008,2231.3628964082286,1.584962500721156,32,False,
bc1qhjr6eet0dy571vxnz0nxu43iedd070en48uact,-0.27153912530681945,0.48834414852983504,4,0.14502569422238784,2,2,89.54725250912226,64.08723175398221,1.5,58,False,
bc1q9lny2svhotqf74rqvfx2zvl9e9zr3rzn9l3h03,0.23014527096398968,1.0124821008377025,8,0.1495863327607703,4,4,46771.36833916623,6758.470168924522,2.5,24,False,
bc1qztdl25b7kxupr6h2hxn4d24n9ygcmr8esmpf0i,-0.3645685854938807,0.3645685854938807,2,0.3865806405426447,1,1,0.27145222604731717,0.27145222604731717,1.0,18,False,
bc1q3fpoyipk0qtl3q4n89qkns832ejx5td44k1j6f,0.8261067277064766,4.373518636535097,10,0.23601192297270127,4,6,91043.69431195722,14458.003547063214,2.9219280948873623,35,True,peeling
bc1qg3aut3rsvz2e186gvgt2eehfu4b9sntp8ak8s2,-0.31153295123149144,0.31153295123149144,2,0.5157808647687046,1,1,114.9919457806101,114.9919457806101,1.0,46,False,
bc1qocjpztc09zgnx3vpf9pavcedtcxnmj5ian8nd7,-0.33429896190536884,0.556099960591841,2,0.10893548346424925,2,0,26.65843875899787,26.65843875899787,1.0,16,False,
bc1qg3y2t5ovjyzxfuj7xn1ypqpmqk8sz7iwdl14wc,0.3818919265269192,1.2764672237321766,5,0.10607628014058053,3,2,874.5441187345498,257.7893902805529,1.9219280948873623,9,False,
bc1qow60zz0i0835tvv8y5sic4s8pnne6it1ekkh0u,-0.185112496170891,0.32048624238338674,4,0.09560171264271793,2,2,31.231586769793072,11.748565757129292,2.0,40,False,
bc1qgmdrdsferfxiokpg3dp4fmpm5hgbo06fhrxjpt,-0.1499355467793166,0.45628888123371947,6,0.1410012557924344,3,3,1391.6851621794146,507.1374169622503,2.2516291673878226,20,False,
bc1q2zl15s74nddafs1iym90pkr1ifsi159i3hz3zs,-0.26888255096241004,0.6525571953401198,10,0.19883465402655132,6,5,35472.359025857586,4380.069477425382,3.095795255000934,4,True,"fanin,fanout"
bc1qdn7zi6gaxlkkvpjrmeyy1em30vvijvddwvb853,-0.33500896798251767,0.6010290337428782,4,0.35214998981047485,2,2,8120.490272818074,2747.0289103760274,2.0,49,False,
bc1qtj54696qz6cp7savzebu2y0oy58f1n2ojgfhz5,-0.5704199845568431,0.5802908653761323,3,0.16378857119747645,2,2,12.445203181043647,7.9481189943584525,1.0,44,False,
bc1q2lofn1r4kz36u8ueihx74d0gjyv5g10ur5l8a7,-0.2514495341687715,0.3514914684042598,5,0.11943398245149861,2,3,100.63216687818573,27.389826949287666,1.9219280948873623,53,False,
bc1q3h8g8t922d0nx5wt3hju31fi0n6dgg5gr0xafg,-0.24702484888481155,0.37392719405479846,4,0.13157073221244409,2,2,167.18619557019326,75.32061481595225,2.0,3,False,
bc1q3vna31xbidfwa88d0mzhrupflfcywe3dks4f6a,-0.3744065953911526,0.4420648530452793,6,0.12842300317589295,3,3,1162.0620162603964,418.4688166940202,2.584962500721156,33,False,
bc1qfel6246hid25owf75935a0l7253j2d54i3qk2i,0.8382253043947335,2.581191601412941,4,0.41768237044413803,2,3,976.959523929163,330.8072725188303,1.9219280948873623,8,False,
bc1qp8hqmabsi9nb74x2ek3zezqacj4t0sekkbp2qd,-0.39878685298807126,0.564043643299557,3,0.9808855974054971,0,3,2463.2572137964116,1310.4961223825348,1.584962500721156,36,True,coinjoin
bc1q6vgtvyfyk3md6x73zca7fxloz2rcu8kd9gnlpy,-0.5357963807645983,0.5809053187103731,4,0.23483621261374882,2,2,6176.44659621289,2093.1131504006376,0.8112781244591328,36,False,
bc1qzs13hdnh4nred6m42fq4t7phi0ezf0zpbdurvf,-0.49740487804122996,0.5911976876670515,7,0.15187359737274747,4,3,2298.4729463351678,397.3824891471366,2.128085278891394,28,False,
bc1qv4bktcv1ltwbj9uu2bl7amkoh109zdo0d3fvnv,-0.14090242256569746,0.5426535766688938,6,0.2975519123048392,3,3,15072.815185159941,3576.838018536552,2.584962500721156,58,False,
bc1qbzyi9v8u9da1l526rqgkcumczq991p778rnkow,-0.5282869385802854,0.5825660011698113,3,0.07889195758583305,2,1,24.077463449456044,19.11420781017809,0.9182958340544896,23,False,
bc1qb9c2zufdnu4i5ymqt3dgd8opocmvh0eqt8fhu9,-0.5642933356931374,0.5834249369592376,2,0.04728022425273031,2,0,9.3428497810125,9.3428497810125,1.0,16,False,
bc1qcokz5syj3d6m1fmpryfzmyoa2vcywl9700lfqf,-0.290400158364881,0.6018362204540356,4,0.11962066128489066,3,1,126.84703528039248,47.25251563894772,2.0,16,False,
bc1qdh9ptfnm88ua3a6s5zxqomts1egpgvtn4ypkw7,-0.1753950011581885,0.29312028025145187,3,0.06469330456744214,2,1,161.36155177474276,85.49146727727515,1.584962500721156,55,False,
bc1q493dxwor17dpubkpiqnhqe86o3z0anik5j42oi,-0.2080068618223057,0.3997677294977669,6,0.2137505427259874,3,3,2656.5351603106624,574.2181082032139,2.2516291673878226,52,False,
bc1q2sw24wjt8hdpwvbz7cn0eqwmi6kti221xj7wwu,-0.09708461977253276,0.1820349938035216,4,0.27750499244007665,2,2,66.11792039780595,41.19862640219739,1.5,45,False,
bc1qhd2orwhp6wqfk6xw4emm9vasjevts1hn6bedye,0.17032146818807545,1.1194537854656408,6,0.13035740913643495,3,3,244.65709700820807,77.1960265943021,2.2516291673878226,32,False,
bc1qh4z8d2vfhzpqvjldnhm63q68jov58toe3pgihn,-0.3136076558526585,0.5476350608106252,5,0.24903082621164738,3,2,8727.05669551681,2192.8884202972927,1.9219280948873623,46,False,
bc1qkhhuz83yuxyp3hbrbjeqvviaa2uaqe8btsmaq3,3.365237928728095,5.272248866135574,3,0.983319233526937,2,1,38766.12152484745,19387.298262825774,1.584962500721156,13,True,peeling
bc1qk9rx647di3e950id033tayb5bbkjy2nz7velfv,1.369023339894691,4.253624371137877,5,0.10818201624232772,3,2,7601.02248753174,1917.513715197176,1.9219280948873623,13,True,peeling
bc1ql0ijkcu5x0hc8cah3gdhvs41lqfs6hn95s2gkf,3.721565700891081,3.721565700891081,2,151.04895104895104,1,1,15463.690154239264,15463.690154239264,-0.0,13,True,peeling
bc1qgbxqj7dpfssbjdx0pkovtrpyx8hbbjcdiwzod0,2.984953529579696,2.984953529579696,2,0.2591038724633161,1,1,26.525851213874226,26.525851213874226,1.0,13,True,peeling
bc1q4ygyflq8xpa95g1amra5rbaykis11d2mrmtxjq,-0.04727880645380554,0.6525571953401198,8,0.18900510904435386,4,4,29159.94371809854,4923.9660812712,2.5,26,True,"fanin,fanout"
bc1q5y6q8sjy5op9lbsmwpq82k8ryqf8wxkk2abkvb,-0.3757413069676258,0.3757413069676258,2,0.14001199176781343,1,1,35.30629235744094,35.30629235744094,1.0,24,False,
bc1q7kb7iyno667vgp52f1johkk7qg24dsysymmq8q,-0.527796841472799,0.5958703979582433,3,0.0790447539076378,3,0,23.005635689151163,18.481116298624315,1.584962500721156,25,False,
bc1qb4eyq1s4dj9dv3uy5evszzsu8e6xfwz73whcf5,0.19999543302894232,0.32241534055897175,2,0.051918817957541344,2,0,11.558923787264337,11.558923787264337,1.0,34,False,
bc1q4t3y4wpwg3xg0trky8ryozdppbquakx6wb68q0,-0.4864286221227015,0.4864286221227015,2,0.13851825547159133,1,1,32.06070272074927,32.06070272074927,1.0,30,False,
bc1q930i6g61pcwe4c1v47lzn9uhjpkhf33guwyh36,-0.5628452315418562,0.6056986324953847,6,0.15530578672836556,3,3,7287.197210245726,1768.5259533405424,2.2516291673878226,6,False,
bc1q42pw5uesdrbta3k3om5fktiswlwt6u79xbph5c,-0.4717728250120436,0.4717728250120436,2,0.13871818934230076,1,1,4.080351427559743,4.080351427559743,1.0,30,False,
bc1qh3l16cr3uv43mco075re0drimr25i7a2hvnyar,-0.5010011941594484,0.5010011941594484,2,0.13959846053919905,1,1,5.341408131524555,5.341408131524555,1.0,36,False,
bc1qcegbmxikvrecjtr0m6hz72kxsjzsb6zwkhe9i0,-0.6033579345896699,0.6033579345896699,1,1.0,1,0,0.0,0.0,-0.0,52,False,
bc1qhn3f9zxqerbkn3dkvr5nbhgpbktmav6763v1m3,-0.5935096484867286,0.6058143673101302,3,0.07861694832179203,2,2,23.430251003896597,23.331844471042782,1.5,16,False,
bc1quusfn07ea28ditmownx23veuljgqpq8r4hc7jv,-0.5959622656227745,0.6006641285587027,4,0.20530733724225197,2,2,216.64557347941542,132.6080193822385,2.0,57,False,
bc1qa44tbidsechu3ycpkavm96n7kbnkfvdhlz02z7,-0.5570443881389889,0.6024530366344304,5,0.1314239941881389,3,2,7810.541982839163,1957.21151345967,2.321928094887362,46,False,
bc1qw0te52vxslhu6l29il9yq8ocucnri2i397i6yx,-0.22060134606291576,0.6031176180245786,5,0.10879945842047363,3,2,9257.908817686324,2477.8807453177883,2.321928094887362,14,False,
bc1qe576mouze66vw9b0mqoq4kreg167d6vnxnpsv8,-0.23742881103316546,0.49935676657042743,5,0.13100710804538304,3,2,2732.9561800900324,688.727460774037,2.321928094887362,54,False,
bc1qdkmu6u4pllgf309hsuwdkejp5k7917xfh41a68,-0.028756971466293968,0.5625133913215696,4,0.20038813604823694,2,2,96458.45789235423,32159.421993982498,1.0,51,True,"fanin,fanout"
bc1qz7e5rdeky820icfmq0ycy6bdzsgu4w8wiv5hhq,-0.1243547829172729,0.6060306982392625,5,0.10902431065467837,3,2,47657.25608977619,11932.497655694166,1.9219280948873623,34,True,"fanin,fanout"
bc1qrgrewds0hprwzbywwimt8545yrwvtkh861pqip,0.05163806442386485,1.9383685212865547,8,0.17245147556787732,4,4,10854.872094408849,1981.4188071999506,2.5,26,False,
bc1qjh4oulyo3pjbrhwbqh5t2d8vet8an2lm1cbht9,-0.5887810112068806,0.5887810112068806,2,0.139672932549613,1,1,5.106416192155319,5.106416192155319,1.0,51,False,
bc1qxe0jdcz1oa3vf02gvllsajhjxqkd8ur6tiaron,-0.28198713301641753,0.28198713301641753,2,82.36415633937082,1,1,3011.2180929199,3011.2180929199,1.0,20,False,
bc1qcro04byv5jhurr8iqrt007pceaseh5e5rwsf5p,-0.583595920474681,0.6052859517983473,3,0.07865497564032342,2,2,2.805404020423627,2.6853661984865775,1.5,43,False,
bc1qfzrlgq9azhdqdwvcw5magk6p0n17uxhvdhgues,0.19578142398488116,0.4992983951684795,3,0.06496450637125861,2,1,11.985760062847262,8.31728765165974,1.584962500721156,23,True,coinjoin
bc1qxnu4v80w6haih7wfrac8e3pqk1io1zm4lcvhfw,-0.17219266117995247,0.6046238603260212,3,0.06494092180030667,2,1,6.798894501898213,3.625455524338301,1.584962500721156,39,True,coinjoin
bc1qjfppzje6xg541mpw57gn79hmhvl66sajxxo9zj,0.04402293839308191,0.04402293839308191,2,71.8801996672213,1,1,1778.582088389725,1778.582088389725,1.0,41,True,coinjoin
bc1qcubzqvqg0xtdnwzzg4c4epzl4j4x0ly66g9zna,-0.1672973556698248,0.5899379437956381,3,0.07777398376228045,2,1,1103.731427476169,552.1178328869646,1.584962500721156,56,True,coinjoin
bc1qxoycg1fjgbvyow47lueq4d7d7gdlwagawq57ly,0.04402293839308191,0.04402293839308191,2,0.6957978320743473,1,1,157.73503096865826,157.73503096865826,1.0,36,True,coinjoin
bc1qvnnvbzw5apmxd6lqga3qupo4jnmyk8516sp18o,-0.42747235479721607,0.5045773618135871,5,0.23562548202319383,3,2,3807.8613574906162,1021.0944817580435,1.9219280948873623,20,False,
bc1ql12qfaf5kcihdiy4nrmqyz6y3z1de1e1630poc,0.12149781325742598,0.12149781325742598,2,0.10274339124540686,1,1,16.493804472024507,16.493804472024507,1.0,51,False,
bc1qxeghpmxpkn3b8pfy4qcyd52alunqr8o1kjwv2q,-0.4436672044574744,0.5953534669777673,4,0.10548606918494308,2,2,891.0733572481882,305.67856344491037,2.0,58,False,
bc1qvh30qbkern6yjmk3tgmalwvmb0idd0wpj8yi34,-0.43275887047161987,0.5720658597325703,6,0.14214835967264197,3,3,114.72192944164895,34.886660801801995,2.584962500721156,5,False,
bc1q0sqcnf9w5n9c70pa8jx54pegjks4i2nr1p02jy,-0.3726119771038858,0.4646776238732699,3,0.07875649809474297,2,1,26237.251094816776,13124.360215265666,0.9182958340544896,9,False,
bc1qlhalckz3vwlo7ammpq0hzyjb48wumh9nklybwg,-0.46779312582097554,0.46779312582097554,2,0.1402572356662462,1,1,22.87364791853684,22.87364791853684,1.0,17,True,coinjoin
bc1qmp9a9uri7ev4dh9ugf10oo1pvlnd581lto4rq3,-0.4266227043978844,0.606381361093495,6,0.13045716882778297,3,3,14119.372825449936,2835.106528584487,1.2516291673878228,32,False,
bc1quqdn05xt54fn5g77lk6hqiv929sevl7fq8aby5,-0.4419953757521162,0.4419953757521162,2,0.14036946086916965,1,1,0.0,0.0,1.0,9,False,
bc1q1egom62hdxc6rijkq2zuv1fkhnnk8fwrpk0zfk,-0.3610842082309615,0.3610842082309615,2,0.13962113224011927,1,1,5.104522382565093,5.104522382565093,1.0,6,False,
bc1qnwbhkvjz09owgmf4ln5rgsg6a8mlik22xmq664,-0.06869089031160051,0.3783120389364184,5,0.10787850183730573,3,2,2832.4539822228826,714.5897998918882,2.321928094887362,47,False,
bc1q58cuij0yxiyqbvtdg3c6scivuqt2lwhedhthru,-0.5452559586413785,0.6068162793324618,6,0.15626516607092583,3,3,2811.2442810197517,576.1035130744426,2.584962500721156,49,False,
bc1qjojwlrkxjtmyswe1ga6srg1yd5my3gdilk1qy7,-0.5803000179706098,0.600675516927666,2,0.14098929117797043,2,0,2.818481406820246,2.818481406820246,1.0,39,False,
bc1qj7q4kfmm0qpop1o8m291azhzknl2luhhs4dilr,0.8072676114202416,2.195269223527833,5,0.1078643874988171,3,2,1476.9810771624852,460.3048605370085,2.321928094887362,30,False,
bc1qvuupltxu3yf15z08n10hlinh8jv7fxp323c9nu,1.226087624305984,1.226087624305984,2,0.16268750723761696,1,1,39.8125093002535,39.8125093002535,1.0,47,False,
bc1q24d7v911pjq50xcxmsy3paua3aipjiylqx1um5,-0.5945897765551869,0.5945897765551869,2,0.056007319845552045,1,1,0.5382239653376011,0.5382239653376011,1.0,43,False,
bc1qe8a54hbph1ve8susfh70m9ohdsrs8anp8dmlc8,-0.4067798274827435,0.5978708494521459,4,0.1597339985219059,2,2,18377.151874074134,6134.171466279386,1.5,23,False,
bc1qasfqbvh0kw3pgsf3yn72bhon4wbabq0fot10gd,-0.5887170563797287,0.5887170563797287,2,0.14315811100884218,1,1,0.0,0.0,1.0,63,False,
bc1ql9ysu51epxu7b6nbhgfb2flurmw3uqhwtek17m,-0.6046432679475569,0.6046432679475569,2,0.325534692616504,1,1,0.22858650356194218,0.22858650356194218,1.0,54,False,
bc1qeiqetk5lp9c5so79h4ha0mvf4s2ni8tndfww41,-0.4790066235627249,0.6005280519739419,4,0.11206741685252694,3,1,179.23985165642603,68.01284625139286,1.5,27,False,
bc1qe7ajul7w8cof3138i2xog4c8j6e07fpy1aeldw,-0.18364667860521233,0.7061104714974529,7,0.16250371799801222,4,3,42804.79667146643,7439.576879044981,2.2359263506290326,20,True,coinjoin
bc1q6xlyjmazrvhpj93rvuv5ybd4xdd8iuzv3zbxpq,-0.2704006455849016,0.2704006455849016,2,0.1764289674310901,1,1,46.10217770057055,46.10217770057055,1.0,17,False,
bc1q04j3m9iqbq9j2h1tlom344mw04i3dzxlrgnjzm,0.3446758011802028,1.6221313464198943,5,0.14253126284678483,3,3,2936.5654054281554,753.9698261312398,2.2516291673878226,21,False,
bc1q3618leu6zu1tozhdv5ojzto7d835kuc9pbtyjr,-0.42140598255102424,0.5212082613375327,4,0.09309023207103949,3,1,50.01295365338271,16.67098455112757,2.0,48,False,
bc1qotuo4uw590z92jn67lm8e49ite92srl3vzzxt9,-0.5808541053937321,0.602015473931018,4,0.11463967946002589,2,2,4.397756294089967,1.9517906481792278,2.0,55,False,
bc1qrzcm8jj6avp1eoxlzki2so19v58b1v1ccofh91,-0.49928159852715204,0.49928159852715204,2,0.1199569321292286,1,1,0.0842322993996229,0.0842322993996229,1.0,37,False,
bc1qnozemdmz5rgoi9wm1sav9cng8tana6u48gwghm,-0.1092604106511005,0.1092604106511005,1,1.0,1,0,0.0,0.0,-0.0,25,False,
bc1q52e77dyvgdgfwmqx327ycif8r2bc9r4x1v4dx6,-0.3181298665813156,0.32166343431729344,4,0.2382797525641273,2,2,227.71120041666512,92.89747307844651,2.0,53,False,
bc1quzs1xke1kwonrrlrnr2kyb3gd60uglbb8nmt3y,-0.06348688101206923,0.8887253203680513,6,0.16813678238611524,3,3,2082.5637188069836,770.2308559857242,2.2516291673878226,33,False,
bc1qxa7hy7ai33993n4bfiy5pu5wh50jyook63rvwo,-0.3691401312825486,0.5842656877626382,4,0.11318304049077423,2,2,1126.5712061920053,382.1931836293423,1.5,14,False,
bc1q8zzkk4j1o5hd4hsbrebndycpn0p1xs910baf4j,-0.584759326849776,0.584759326849776,2,0.08011271413808595,1,1,0.0,0.0,-0.0,46,False,
bc1qcituf8cyotwg7nfdinu31eiwucx67xkwq0ywm9,-0.021025076016980684,0.547049600422943,4,0.2350403227451839,2,2,3850.08436183159,1285.9777522804168,0.8112781244591328,10,True,"fanin,fanout"
bc1qna2fqztio4m7pp0pnnlo0hhgh5xw6t1oxhfdxk,-0.21159011801490654,0.6062984622846779,3,0.08575259648076902,3,0,27014.45747160971,13508.274326714552,0.9182958340544896,25,False,
bc1qnyj0ufo2hoq5e7l7w05y2da5b4l6hfh4n6v3rz,-0.6051310067880483,0.6051310067880483,2,0.17637314351445943,1,1,0.0,0.0,1.0,14,False,
bc1qy69xfq1enngay37vg688u595cekof92y8lz8cv,-0.3051390838147116,0.5762565906207711,3,0.07622982350678363,2,1,88.88872665759804,44.988342633109944,1.584962500721156,11,False,
bc1qm242om7ztrj67dxlse33dcnf225aa35wfw5q52,-0.37149239786162075,0.6069137364332077,4,0.11410938057690613,2,2,1689.131166652044,567.4239397346716,2.0,2,False,
bc1qcgaghft9zzcgl9fwvvskp30tx8j1ccm0w3c1za,-0.4664636882911262,0.6024926074387718,4,0.0929632770846329,2,2,28.840037833085674,13.800727001153527,2.0,44,False,
bc1qdv6nyycj4q0rr1l9gvbmqq749q6qf1pafl9woa,1.385104210046409,1.385104210046409,2,3.4553089382123576,1,1,833.5294941819949,833.5294941819949,1.0,37,False,
bc1qf8c8clrki72oalfwypeek035n8cqphli5l692t,-0.31730797390034493,0.6067679062393228,3,0.19211925624943485,2,1,2948.298287024784,1476.6121630023638,1.584962500721156,28,False,
bc1ql5nfltq680cog1zn1riamwu28rl5h3g7vkc5ss,0.5466254995881612,0.5466254995881612,2,2.4609775549732253,1,1,527.6047068127048,527.6047068127048,1.0,54,False,
bc1q5uzbikcidkwnnhj7xvg0fn9xuy41ibljh75lxo,-0.47686827793945064,0.6053798474580151,9,0.22336348759565694,4,5,8023.958953950618,1099.41977330635,2.94770277922009,1,False,
bc1qfe8e5tnlztwxol4bkuu5czeccfs7i19mo1rtsx,-0.5810582855238919,0.5810582855238919,1,1.0,1,0,0.0,0.0,-0.0,11,False,
bc1qryztbvhuazun6fht60kusfhvmljekbvxsogb20,-0.5239934215948044,0.5912725019702777,6,0.19241290383883045,3,3,50119.25455935872,10103.278851787305,2.2516291673878226,10,False,
bc1qu5jslhgmrzzqo17rv2y7cdabbajaq08dnx80nk,-0.3608763481739789,0.39149459803566333,3,0.24432408383181603,2,2,160.23640278241086,105.01885875470643,1.5,58,False,
bc1qhonbpqga6x85zzhjy8gy39bu4uz2z0kdn3tn60,-0.593762722016993,0.593762722016993,2,0.16356093354674503,1,1,5.979757023934937,5.979757023934937,1.0,51,False,
bc1qrtmpv5lmq15fbs4wvt3f2f3hycpesbda7xfizm,-0.5763738228205793,0.5886776607282272,3,0.09608711898788234,2,1,1.5961160017445595,0.7980580008722797,1.584962500721156,9,False,
bc1qkhw8gakh3ycqe8xavmnkw7wvy9rmjr211pv58y,-0.08342389599611878,1.0978126870373273,8,0.20740818092042781,4,4,3035.8257265334364,532.7755080591282,2.75,49,True,coinjoin
bc1qmx15z8vmuhxid4n1u3493wxa73jgzlma5uofwb,-0.15908789569939677,0.5635469510580138,6,0.19401444479458196,3,3,296.7189283842485,91.58647861503944,2.584962500721156,29,False,
bc1qhra1361bgmy4iqz6df08upnzasywdrkupcj8mo,-0.5092883052222351,0.5167308670690537,4,0.13781893558799158,2,2,88.60124666005353,36.22201558459693,1.5,28,False,
bc1q765efuxq9njc2gouifezac2exva5e742grrdnw,-0.5050249460069377,0.5050249460069377,2,0.06818994371961937,1,1,3.738167398889056,3.738167398889056,1.0,20,False,
bc1qv50ew25x1fvk1pbcd6fxnoq37ktll8sn5yz7vx,-0.4718957204870089,0.6065965655494607,4,0.13862042990783907,2,2,161.32684870892976,55.411015386985206,2.0,54,False,
bc1qvi7lig9gmykvygw22ygyzthqse0kivwm53noz7,-0.5962194466588533,0.5962194466588533,2,0.0542711351995108,1,1,13.281106285008246,13.281106285008246,1.0,17,False,
bc1qq9vjuhbp9vrnegn2b4jtj27yh6uamwjpiwujt4,0.31813602698058047,0.31813602698058047,2,0.06901449064669932,1,1,15.776951330334006,15.776951330334006,-0.0,52,False,
bc1q9jrd4hqfghdiluvnhdczp0nwntj5r2slrw4vnz,-0.35600991369029583,0.6021943393242571,4,0.10706548560052864,3,1,840.7935629540837,287.36781001790115,1.5,5,False,
bc1qyuxczaumapqppmj6jfhvsthbnbizfwtjsjffp5,-0.16104822402787788,0.5761497027416254,6,0.1883731197662778,3,3,984.3686031008997,255.15294525928795,2.584962500721156,14,False,
bc1q550kqpga8vc1j2t2tngtg2lgj3s6ogq4ivn2qq,-0.42700812507392777,0.4438157048735756,4,0.12841072407894288,3,1,119.55178360172238,64.2704005583294,2.0,37,False,
bc1qzfvb9ektr1t05qxs2u4oj7g4ebc94e6nkar1h1,-0.07423324956415592,0.6058854793631325,6,0.16952810752477188,4,2,2186.3670816875597,659.2329046065695,2.584962500721156,43,False,
bc1qjoznhe8ifxdnm655ck3tb94cllsad0ucswnqmw,0.04092255453951882,0.04092255453951882,2,1.2583104560647214,1,1,274.61594291923785,274.61594291923785,1.0,9,False,
bc1qdnobk8hup3ftj6ac4jrcq97rcq6w948ju63lxs,-0.22649692488601106,0.6943431026978543,4,0.16814335388580945,3,1,346.7213719334006,117.76053651396843,2.0,41,False,
bc1qy4vy32i3pj7k99bv2j3t4h8qfdtn0plcfr7cl6,-0.48339495432929586,0.48339495432929586,2,4800.0,1,1,46127.45335332553,46127.45335332553,-0.0,24,False,
bc1qohpii2mvv4dc0fp672zfbqbk4y7zxdfld9cba7,-0.29385585005730364,0.29385585005730364,2,0.07127474972374848,1,1,0.0,0.0,1.0,57,False,
bc1q0kz6xnomb42o3q825q30zx815g5fjd5mbfsrkh,0.13032558679331158,0.8303551487885886,4,0.16621034168825655,2,2,2277.63700916384,763.680546715481,2.0,52,False,
bc1qhfy40jotv7h10b8vk9qkav8c3pq5u74ij643yu,0.561499619562209,1.2856029279809116,4,0.12501247954439895,2,2,1072.2481662096789,549.0654017208288,1.5,30,False,
bc1qulthycx8ae0jxyo6hfd7lttc954ai2278eqe12,-0.20501804901943213,0.6017632778821378,7,0.21759661516376413,4,3,3687.1145626761263,1424.5195362890538,2.521640636343318,40,False,
bc1qw819fmsyg91mmo1ds3hgw10c9ix6r1nxhbqam9,-0.6052337596864243,0.6052337596864243,2,0.08474696801537608,1,1,18.49533111556052,18.49533111556052,1.0,16,False,
bc1qr90mwb4ll3k4bk8ejnfmoctclka9lz57v4ndjm,-0.5730262639662133,0.5910822585111835,3,0.1074912082808042,2,1,15.627472964234784,12.729613626846099,1.584962500721156,27,False,
bc1qcz75t6xdo7l5dl0ed8a6b3odf76img7zd3q0e0,-0.4339256568386094,0.5968569343087265,4,0.1666416736301606,2,2,9939.908518397448,3640.10920195791,1.5,36,False,
bc1qygtmov6ki4epxr9ogjegxeyeb900yeh8uxz3ad,-0.49220059736109867,0.5008254506080029,3,0.09426712583097453,2,1,11.921736580008854,5.960868290004427,1.584962500721156,64,True,peeling
bc1q0shdkkg1r1cqkih548jrpe2xn9txfjnjd5sloc,-0.46435548345698685,0.46435548345698685,2,40.668392562955994,1,1,0.0,0.0,1.0,38,False,
bc1q1pmrg0zpzjho4vudqhibmqimi8acueobqt0d9t,-0.4022775254501189,0.4022775254501189,2,0.37464308091900295,1,1,3.667672799534094,3.667672799534094,1.0,0,False,
bc1qzhhnbavekvqhmie22tw1bytxza43holdu7jpmm,-0.31079499797326915,0.31079499797326915,1,1.0,1,0,0.0,0.0,-0.0,55,False,
bc1qhkcqwb00n114py4fngbg4pdfcopzfzz5t6v8vl,-0.4600204128912252,0.5219988669131789,6,0.25302307420106646,3,3,4173.535231211269,1912.7215417021434,2.584962500721156,1,False,
bc1qaont75ez6iz8er6u0estie6sv5itmtjlegp4h2,-0.2292226696938984,0.4210462443756258,4,0.16925669570378904,2,2,59.02763279402869,25.399444649889414,1.5,38,False,
bc1qhwswczt0lfj4b121y50df0wcyr2p6xcw8afmne,-0.20408410218647485,0.4992043320841672,6,0.25116242563600927,3,3,4429.392233229366,1004.53789080804,2.2516291673878226,45,False,
bc1qnwd0jfneo2s9nblgu0tbqoivwqm91284sec275,-0.006310734928176166,0.6070392317258163,4,0.1665697098573506,2,2,8459.470101424886,5105.252596241206,1.0,39,True,"fanin,fanout"
bc1qjt660j08xtr5igzgxoiyfoy0sxylka51e04pd8,-0.6042596912416891,0.6072033842805032,5,0.15710467717352683,3,3,2433.005091630194,662.0173132747409,1.792481250360578,2,False,
bc1q8t6aidizs3j0evzymkx9khh83gsv5e033dzqq5,-0.3762111355716445,0.5953671357680188,6,0.24987949484237926,3,3,1629.1063801144833,338.09707308213063,1.792481250360578,14,False,
bc1qbobcd11r89d842zsa6ha3vmot4saymwr03v867,1.2245747364997335,1.2245747364997335,2,156.80580762250455,1,1,25572.447782115785,25572.447782115785,-0.0,25,True,coinjoin
bc1qktior4v1og07vscqmpd7z4kso03w2mrop2byee,-0.1202951192426115,0.5270878399487026,5,0.2057376026425852,3,2,156.00394011620776,82.56802132680681,2.321928094887362,52,True,fanin
bc1q2abg9sho5d5afql0dgh6m3sgur4pu6w93k8ekt,-0.017789238916704742,0.5405779262223912,4,0.7052787749046465,2,2,41117.00701993808,13734.051359065399,1.5,9,True,"fanin,fanout"
bc1qx3x10y14dsf2uwufuk15u2486d43i21pu8bwau,-0.5509009709666393,0.5509009709666393,2,0.14753430727605393,1,1,0.10359679696380422,0.10359679696380422,1.0,37,False,
bc1qvni8e61493685efzvmt4fvmypj2nnoc3arpyyf,-0.4527156327935792,0.5815835585876648,5,0.15822703675189195,4,1,42916.629499209404,10953.44310461867,1.9219280948873623,48,False,
bc1q1aysv6o9e9nhcgw33a8ncxcwc0bogwhupof0hk,-0.34638495146500026,0.5844538225189149,3,0.12352762882235088,2,1,133.7359666791938,73.60671063226847,1.584962500721156,25,True,coinjoin
bc1qarpkfzqfo5yvmtd503779u7c1a7yj8hqde7m7h,0.047701852076857856,0.1297527906428286,4,0.16737414853971383,2,2,394.5366757815289,161.67948055881166,2.0,17,True,coinjoin
bc1q6oq7qh96ycfnhp39lqt9ngq6tlv0gub5kb3pkb,-0.060280836722987605,0.35494172864146073,5,0.20691359633073222,3,2,923.8236777004608,268.03177469484496,2.321928094887362,34,True,coinjoin
bc1qqy3ot760rs6c4x56v3dgs9gt0r0vip35t54gyl,0.1297527906428286,0.1297527906428286,2,0.3750447644575633,1,1,7.280391048693688,7.280391048693688,1.0,49,True,coinjoin
bc1qgwlf9yxam97yofcx7culoqvbv1jpvktaf6blbv,-0.31185985168377667,0.5883852138698625,4,0.12584428735756492,2,2,56.185299515686964,20.378362247052838,2.0,39,False,
bc1qooh1xawj28cw9rtnfw6szf4lur02tyaxy2nz5x,-0.5804093980571572,0.5834865907588849,3,0.2213201679710781,2,1,53.05520126683525,29.02789136451014,1.584962500721156,35,False,
bc1q4jgsqof3wgi8y0423h7t6udojy6g107g8o8g8h,-0.5602490840946401,0.603711894438536,4,0.12656609984146278,2,2,55.02316115072116,23.270221618279844,2.0,51,False,
bc1q3c36vfh3mi2dnodkd3hhgwhp08d2qlaw8f52k1,-0.46334408914071445,0.5805518705825491,4,0.12564188790024267,2,2,171.7613074803185,57.483266875093825,2.0,56,False,
bc1q1amisu1o67u61o85vo1tk5ezs96kw0pn524ksk,-0.4358750341078319,0.5924259418053452,4,0.2107580520735824,2,2,9566.541150066105,3219.8618627752007,1.5,3,False,
bc1qcix39ellhlrswp0ykkswnwzf8y7p62zko0e49z,-0.5413681952298351,0.5413681952298351,2,0.3568345799140128,1,1,57.28407169178235,57.28407169178235,1.0,1,False,
bc1qqafqsdq26rl0nwrn57lws1yq6t0otgpeqcyh20,-0.372553295178568,0.372553295178568,2,0.37767602478498913,1,1,14.69634325440381,14.69634325440381,1.0,3,False,
bc1q802xvxitifxziu6hulprx05h3k7ujj31w0gq34,0.26837017856008444,0.5727978397629322,4,0.16714668136938401,2,2,199.9484659479628,95.9808585579572,2.0,14,False,
bc1qzhz3e88seby8en00bgbb1r3yqs5pyyz5ymit72,0.03339425194319629,0.5973639605678244,6,0.18816567145271956,3,3,11522.79173679583,2379.8879710981123,2.2516291673878226,43,True,"fanin,fanout"
bc1q23ba9incu2lqm585u7d2xg770xdhj5sc36u9cy,-0.14244330620658818,0.594417761869464,6,0.253218473225468,3,3,14866.707574788965,5413.674700930025,2.2516291673878226,58,True,"fanin,fanout"
bc1qfbffheyzqqxbv0deoegezq0x717hw0bupmtxq5,0.594417761869464,0.594417761869464,2,264.62480857580397,1,1,62399.623210962694,62399.623210962694,-0.0,30,True,"fanin,fanout"
bc1q1d1kdk2ywfmax9fke4vzn8z4c0x2hyvezrad8e,0.594417761869464,0.594417761869464,2,238.01652892561984,1,1,56125.280932174435,56125.280932174435,1.0,49,True,"fanin,fanout"
bc1qpnfircvcz8p5aiekx6mj53yxhzkiew6or6xn6l,0.567660019691291,0.567660019691291,2,0.0850206253739333,1,1,0.0,0.0,1.0,54,True,fanin
bc1q2tdo1dfsts3yqfbz9zqhbqiqicb5ntjk2gzaug,-0.08929398802038603,0.5958808624818354,4,0.14306749797051965,2,2,19.02556390701219,6.341854635670731,2.0,54,True,fanin
bc1qcvs3zrb9opllv12bvxejaxvt7cz14wjai9c2bv,-0.557376045192907,0.557376045192907,1,1.0,1,0,0.0,0.0,-0.0,54,False,
bc1qs3k337ov9wxhvy3nukondhkbrjiglg08yvu69q,-0.5813332583106988,0.6025439581301891,3,0.10750944336902742,2,1,69.99242420195547,43.62611059439515,1.584962500721156,46,False,
bc1qdo4xxwxj46t9dnzwss9v66dqa4svkxb3ctojtf,-0.2882966397278014,0.497638544685895,8,0.2505290032990668,5,3,2502.269341486038,470.0998506134409,2.4056390622295662,62,True,peeling
bc1qsr3jfyusq1u97rwjvie6dueprtiry3ti0m2q22,-0.21071332955558045,0.6022186443565712,7,0.22078875028748535,6,1,61065.69165634647,14359.690935923873,2.521640636343318,61,True,peeling
bc1qjsfpfmnf7uiwjta882jozibp9of9svca3dc9e6,-0.09703602602115913,0.5892569942008821,4,0.2948458287334768,3,1,56634.847684483226,18913.50323561231,0.8112781244591328,52,True,fanin
bc1qlso2z6m81rjwpx5zj2o4q067cszvutbt6ao3fj,-0.28066107696668924,0.48045767554774965,5,0.20638483988692785,3,2,9746.360700292205,2576.903279147216,2.321928094887362,6,False,
bc1qzuztlsuy5lv92beevg429i76berp0iv1topi9x,-0.3716856326564711,0.3716856326564711,2,0.10569169341579895,1,1,0.0,0.0,1.0,47,False,
bc1q37l5rptbq818gsvpi2jonew1mkdwvm7a7p4efg,-0.275349762512129,0.4358274886977207,4,0.1670292238312425,2,2,1599.4251042847636,567.2428293721877,2.0,30,False,
bc1qd643j2x9a6tdv9rruhcu5m767jez24wpfdfhj0,-0.5926178051420112,0.6021002307336859,3,0.09426647444840291,2,1,17.632466049776443,16.33569810616801,1.584962500721156,23,False,
bc1qjb8jxkq054cfg79kt10r709q6ohxxyfgg3ty36,-0.5515054268515277,0.5515054268515277,1,1.0,1,0,0.0,0.0,-0.0,57,False,
bc1qmat2c283jzgn99lt3j6lilb7zwdc5psscp9kjy,-0.5895658916887204,0.5895658916887204,2,0.1476718608192712,1,1,0.0,0.0,1.0,49,False,
bc1qxx60lxet8sjtnwu9s151vl9rz4d4yji359t8zg,-0.1533145562149911,0.591022957254582,5,0.15692798930564814,3,2,392.07530092732634,202.26061269344783,2.321928094887362,64,True,peeling
bc1qro37u9ssbu7ge3ai6aynpe6swyu2rnadkn2k7i,-0.12816746712122973,0.6072095421048553,5,0.1570722317746217,3,3,600.7638330117843,194.16195715137403,1.792481250360578,12,False,
bc1qxhl5v32bh1a4ogn378vpcayp9ypdax6kdd49ik,1.5420364357795082,1.5420364357795082,2,0.10570229633345159,1,1,2.615465897851025,2.615465897851025,1.0,17,False,
bc1q3tdw7v1qsa11ptkftuwfv2ttuswetyx2cb2pn4,-0.09179843036322287,0.5869732072306594,3,0.09386587247640407,2,1,6.110917700689024,3.055458850344512,1.584962500721156,44,False,
bc1qq8su5nkc419u772ns8erkd0rngct2xfdzoejfv,-0.5597305263678536,0.5979424011044325,3,0.12477170917023926,2,1,32.33517513632626,16.16758756816313,1.584962500721156,57,False,
bc1ql2e4f4n3za0co76o8qhe4qgfulz2ads83gyzie,0.445358803968069,0.445358803968069,2,0.08525510913936744,1,1,0.0,0.0,1.0,54,False,
bc1qdu9v45d3dgc50i32buhbcpla8jz9ds2ulk3fuq,-0.37062560423498453,0.37062560423498453,2,0.06325319066224773,1,1,0.0,0.0,1.0,45,False,
bc1q82sfr23c60cjbmuvhgqk820ps5i5ftojtbpgt9,-0.42923426701219697,0.4936305291190421,4,0.861031593581129,2,2,143.88629249671482,58.480594563475655,2.0,26,False,
bc1q67st8li72w4oebmqpjbmwmnohg3vtl1drz0xv6,0.15429201260704564,0.15429201260704564,2,0.0888317696954119,1,1,20.13786375581768,20.13786375581768,1.0,55,False,
bc1qygwow7l7j7y96yg626m8a41zblm576m2yvp6mp,-0.2220422893250193,0.5993021057318917,4,0.18363199213612996,2,2,311.99105417385283,152.74089254405936,2.0,30,False,
bc1q6x3b9kyhkzh6ejebhbw9kckwdhx5wgtm16ymbn,-0.5033572814744891,0.6023924097112368,3,0.10181983310503745,2,1,7986.377058308733,4000.897454068212,1.584962500721156,63,True,peeling
bc1q3chnj6gdtgcg8zf2l4c0bb6pyma1t6sif6dohe,-0.6029398997107224,0.6029398997107224,2,0.7623989093460046,1,1,7.326566693225852,7.326566693225852,1.0,31,False,
bc1qdvvpgb8iy525fnscqqavaqdmfztgp8d20gm62s,-0.46154008701142996,0.46154008701142996,2,0.09452023323742739,1,1,0.0,0.0,1.0,35,False,
bc1q60yup1shntcvl0yqzdubb9mit3vhtn7su62j8l,-0.5692773226315763,0.5835612436467488,4,0.13791116461908226,3,1,164.2763999079122,64.37098750818669,1.5,27,False,
bc1q9e8cdk9x0740c98uzzy00ew9jzf4epm7zdng61,-0.5901695734667438,0.6046388479141261,5,0.1716041251724979,3,2,4400.117228512871,1145.0140600017148,2.321928094887362,40,False,
bc1qsp5ooa9czv7pqovvi1yx9dy39ck5b8u8h7bi8t,-0.5905705752471657,0.5905705752471657,2,0.06823386050045273,1,1,0.0,0.0,1.0,13,False,
bc1q8p8o85biofu2ncu22kb8ohl1zumkvgg4np4d8j,-0.3913093790590158,0.5389764935040133,4,0.18464211432317393,2,2,4.773656212354941,3.2681065287670585,2.0,5,False,
bc1qb08vydwox06zxunhu25z8kq86ynii88bycznyr,-0.6050482934351794,0.6050482934351794,2,0.092186057925707,1,1,22.55955820357112,22.55955820357112,1.0,43,False,
bc1qb9j52oyyr2ozz9z76mh8pu9jn01n3p6egkazal,-0.5856614443395414,0.6059948880694249,5,0.1698018428216664,3,2,1208.423355433902,313.9633692052351,2.321928094887362,51,False,
bc1q8xvi673kllzcuh1i8yatye737fentd7kfn8k6p,-0.09345837832552314,0.6525571953401198,5,0.17159328736592785,3,2,55882.0545181034,14561.638144130819,1.9219280948873623,11,True,"fanin,fanout"
bc1qyyom0f6qepyohakc37wmfpta7ls9b7ry0cgq4h,-0.28073851879147194,0.5093779062029556,6,0.27617657400402756,3,3,3025.1705374054004,1041.820804020703,2.2516291673878226,11,False,
bc1q6hhwmf1gzvg042mz8m6xhigx1pzgsvanry632i,0.0789845442367295,0.3148599957379153,4,0.15755598571419452,2,2,142.0465431520037,54.65909943230877,2.0,5,False,
bc1qh8hyf87sw1k9m94uzxy4g8on3w9hx6i62r2cxt,-0.1198545713853081,0.1198545713853081,2,7.157057654075547,1,1,0.0,0.0,1.0,32,False,
bc1qxlaxhnoc2xi3rnc02blu27xnpzcu7mpa7dzvhl,-0.1351577093516764,0.1351577093516764,2,0.10883058139337153,1,1,24.6715271808813,24.6715271808813,1.0,36,False,
bc1qqmutwxpiwhwu6yhvwnlbs0umiffvmam3jkx2ka,-0.20257834413111916,0.28908477599184174,4,0.21779298071372574,2,2,5643.549654220514,1912.533418969974,1.5,35,False,
bc1q5d3nmyb4bomzqb09uw8pdwxezihzvzgmffohk9,-0.6052476448419488,0.6052476448419488,2,213.59703337453647,1,1,0.0,0.0,-0.0,23,False,
bc1qzgivse00hu3x5u7df891qcg41rk4mkzom2e1ba,-0.6040799420707218,0.6040799420707218,2,0.07581348128661795,1,1,0.0,0.0,1.0,16,False,
bc1qku4nc0iba65d2h5lomzolmyqa78cuhcztgzohc,-0.46875370520745846,0.606196581716132,4,0.14876654199146574,2,2,177.4891321846643,60.11862738491981,2.0,31,False,
bc1qhdkxzo0yx2tbt68lzf4nub5xx9pkqgbhlft2nb,-0.5903356472076787,0.5903356472076787,2,0.10769851147942727,1,1,2.062452789866009,2.062452789866009,1.0,14,False,
bc1qhop0e62n3pp1vm3i0gxhc660ujrihz8eekc8u0,-0.5940531374458518,0.6060805240706618,4,0.21697516776964468,2,2,5131.4023220678355,1956.1898833759467,2.0,1,False,
bc1qo3xt083rwr3ow37gjnxi5p2qfs7glb82motz60,-0.586313748202486,0.5899865057790947,4,0.2187330697059762,2,2,44151.440812792,14748.510116555066,1.5,57,False,
bc1qfiigu72dd9eqsimyo7wy66qb3kbwifd8wzgl51,-0.5907122945008669,0.5907122945008669,2,0.10667674169227093,1,1,0.0,0.0,1.0,12,False,
bc1qegyyj5n860ath9kp6asssuljaf4wnsmw5gyrw6,-0.3800261189714423,0.5625504550362418,3,0.1623521011193025,2,1,170.92436781867238,94.03635208067129,1.584962500721156,51,False,
bc1quacotfvan0fvel57obvlxuiiy3xgwk1gpcxway,-0.4331520960383448,0.6065469972957671,4,0.21480100762556006,4,0,1925.2063288992676,952.0311797689177,2.0,29,False,
bc1qf3d4d32nkx5zt5tt9ka1dluclle4a2g76rwr3s,0.07052620066671723,0.07052620066671723,2,0.10676295103176384,1,1,22.25931886920134,22.25931886920134,1.0,55,False,
bc1qgvzpfcglckwt2e077u55d5q3ov9jydfzdtc5pa,4.940872997778632,4.940872997778632,2,189.4736842105263,1,1,3678.0743133008477,3678.0743133008477,1.0,49,True,peeling
bc1qo5awlgitiz7tfp3g21cqtp3174gu65s6y5h3o0,3.9946123490894054,3.9946123490894054,2,92.85330467490597,1,1,0.0,0.0,-0.0,49,True,peeling
bc1qit8d9gx2hivdts8mg00crz17a8rnxpwnua6tdx,3.1992191560204155,3.1992191560204155,2,119.83356449375867,1,1,2326.216209244364,2326.216209244364,1.0,49,True,peeling
bc1qzmvutiymr0az0znz3t1wm3eqlsu8mijpw105uv,-0.10146583452568633,0.1159366942779884,4,0.2164418118484356,2,2,24.071063669587563,8.02368788986252,2.0,63,True,peeling
bc1qqwfwp9k1uoaa2qyruy4kj8gvskoi4swh0tt9kv,2.7055005700994306,2.7055005700994306,2,23.120149852823122,1,1,0.0,0.0,1.0,49,True,peeling
bc1q1a5ugxbrytivr40dm9if826bhyz1ov5vxa8mku,-0.5902596205720508,0.5989668941056344,4,0.15204776129909325,2,2,1285.7737731631355,431.85695037620684,2.0,21,False,
bc1qxtf52bwhnybjk8jv7ojmp6o6f7n2elmv5e71g4,-0.5078640018233596,0.5078640018233596,2,564.7058823529412,1,1,52695.795522451306,52695.795522451306,-0.0,31,False,
bc1qnipg43tlrcelmdz5vaiegd572i2f8rpjx0wuzl,0.4817599480732947,1.5350235702129684,4,0.4807030281787114,2,2,649.7096501675924,220.0937083008715,1.5,31,False,
bc1q1wmfpt00e2qmk3uhk6hmrtiehc2yix79pbrtg6,-0.513749827552486,0.513749827552486,2,28.207639569049952,1,1,271.07220383932736,271.07220383932736,1.0,37,False,
bc1qo3hli32bs5mygkndr07vo79i3evjn2j6bvvbbb,-0.5011316177721603,0.5011316177721603,2,5.878750765462339,1,1,56.4941253561856,56.4941253561856,1.0,0,False,
bc1qs6gkj71k16y0upu536lzms804bfpv0v6443ktx,-0.21893082447855503,0.3317173069246679,4,0.21775304813312674,2,2,2075.0704243566233,1100.5109732567237,2.0,63,True,peeling
bc1q22hr5sosc0whs14eci9rtj6u5a2x54u44qunf5,-0.35716355042920955,0.5912929158620504,3,0.3592714772821778,2,1,92934.03851364122,46467.10340179252,0.9182958340544896,16,False,
bc1qzbl5kzhcmz2rno6cysvuhiwzwt994pn8qix43i,-0.34988670778192366,0.3752098657763927,3,0.16102269289332058,2,2,457.44210340097345,230.06747167418072,1.5,17,False,
bc1qbfv9xomigc3j3yc6wz8l6m5wk3bneguarhjrhe,-0.461156454210862,0.576617326480483,4,0.1510984807082741,2,2,34.40568047908303,20.37596350058872,1.5,21,False,
bc1qubrj174wyags1kwqjl8ez31t6erq5a83892143,-0.4173867657883407,0.4173867657883407,2,0.1072739564534783,1,1,0.0,0.0,1.0,32,False,
bc1q8iio1q3dzvwe8g358geejgbjxg56w0mqa1ccyy,-0.5988727614744773,0.5988727614744773,2,0.1089577385216049,1,1,25.510870218663847,25.510870218663847,1.0,13,False,
bc1q4jufn24xcrwdwf1tqv0r095uhgcrkfkj6xhpd3,-0.6016780917832937,0.6016780917832937,2,0.10758900998186927,1,1,0.0,0.0,1.0,40,False,
bc1q7fbv2i6oeuh8vaqvbdim28aqwd1bqfdtnbs5xr,-0.34507583280936993,0.4515465253652635,3,0.11273643335328258,2,1,2857.266427521561,1437.2589757971216,1.584962500721156,47,False,
bc1qgfxamhv1f070vk32rgwhgxmd7qcq3za8e83mte,-0.4789777699534393,0.5958918490295778,6,0.32059032156124523,4,3,10934.013870482026,3536.4789868407024,2.521640636343318,55,False,
bc1q025ju26sphncasljsi3uduurwudkbu0t369o8w,0.03263152657842004,0.7462456732388852,3,0.11366965283393529,3,0,12.772186384570247,11.10327081707652,1.584962500721156,25,False,
bc1qlpf4g9h0y05ml51aatn209qvwas1udjoau4du0,-0.6016919322920157,0.6016919322920157,2,0.10626979490175578,1,1,3.8852037507739303,3.8852037507739303,1.0,34,False,
bc1qmt4c46p9nbav4vjhp60iq7sddvxylfu2faw2xc,0.02265148192337723,0.7404013552984473,5,0.18964244935514982,3,2,91.06264347961877,36.83004449126775,2.321928094887362,39,False,
bc1qh1joqnuvk6jopzdtjxaf16yfeiq7ka8obm5ry6,1.3808417008375409,1.3808417008375409,2,0.1089921005956721,1,1,0.0,0.0,1.0,49,False,
bc1q9ufzdepcgwluk5o5cvhjobeifdd56h6u9wcdb6,-0.40433134017591305,0.40433134017591305,2,0.14666266060325206,1,1,0.0,0.0,1.0,28,False,
bc1q9phwn8ddinz298l4jm8c9tfldy3ygqaop37728,-0.42073865023097856,0.4336854244155687,2,0.07531564577936002,2,0,17.81284072474253,17.81284072474253,1.0,29,False,
bc1qxuxnb9dssrkfi53llp0nfdd2pj0mmug8xjk31d,-0.4762715484317431,0.5230825066243587,4,0.21135921219767712,2,2,6112.58495134684,2045.8954493104845,2.0,58,False,
bc1q2s530tj2t9o5a439gf5lxk2g5eol0ta8rd05n9,-0.0985874105327183,0.0985874105327183,2,0.07615656167227117,1,1,0.0,0.0,1.0,35,False,
bc1q3i1rd31tb0515f9mz99zjuk9qs57wc8mmferft,-0.5899839265676677,0.5899839265676677,2,319.40850277264326,1,1,3126.9385108767206,3126.9385108767206,-0.0,37,False,
bc1qydw9f6y5v9jrehmiqp56a2tyznm5saxyk2e58f,-0.6067786455124676,0.6067786455124676,2,0.24402540236653802,1,1,0.0,0.0,1.0,51,False,
bc1qmpyi46n05fl0463na7hn98x16f4zzw5uk4sha6,-0.5999640495263331,0.5999640495263331,2,0.07600144437930174,1,1,0.7440373103688339,0.7440373103688339,1.0,37,False,
bc1qtnkziy75itdl35jrj9r3vp8lim06etcqr3ev1r,-0.4001633940391677,0.5821284762444624,3,0.11235219639441342,3,0,26.44125925073452,15.661067860087021,1.584962500721156,25,False,
bc1qdnf4x13qinf2p091pqfmpah3qn21r91r0hrlia,-0.5072824514652507,0.5107518531603579,4,0.21811930166480065,2,2,20590.073790542847,7036.259473161015,1.5,2,False,
bc1qyf84z7ht7ryme6psrb6y2s79vicmnia2y7vfhp,2.0175372546188366,2.0175372546188366,2,237.68913342503438,1,1,13629.761824365523,13629.761824365523,-0.0,2,True,peeling
bc1q0s5rmjpcza3sfgho4qhcg7fd143xrv8df2f5nk,1.7066042125968635,1.7066042125968635,2,178.69700103412615,1,1,34384.97723007328,34384.97723007328,-0.0,2,True,peeling
bc1qav3g60992a96gorcpacq5ah9og5bmabuhoqjku,-0.40125269072916064,0.40895807799818334,4,0.21460026974061683,2,2,3596.8803968891393,1241.2540111930962,2.0,63,True,peeling
bc1q45pu2pitt8bo7jfm03tdv0iqf1g5fu3hxk13c3,1.49184405413296,1.49184405413296,2,313.6116152450091,1,1,69868.2665462407,69868.2665462407,-0.0,2,True,peeling
bc1qvj0va0stka0914abazd84vf16185ibjubi6mgh,0.25973135166540406,1.2808764698084543,5,0.2705783612471658,3,2,3847.396039978945,1626.834737339568,1.9219280948873623,2,True,peeling
bc1qk2yb4u33k2w1i5ki7ve3au09ie8jjfupmvl5ve,-0.15537064758426716,0.5482952015611263,4,0.22055641994044467,2,2,234.12401484888574,79.9380689690776,2.0,53,False,
bc1qxu6m9deocirio74jlys7jd6z6pq1auf0tj5jgz,-0.6067672193654408,0.6067672193654408,2,55.94043379734542,1,1,2045.1717575092098,2045.1717575092098,1.0,32,False,
bc1qfdtzj2l72v08ktrpw3hhigvummwcmzx8j5ms20,-0.5618192194045852,0.5618192194045852,2,69.34189406099519,1,1,16351.105119084526,16351.105119084526,-0.0,8,False,
bc1qt3t9lp2e2asoevgkh250cvgfgm1tm27o19qtg1,-0.5907991187939197,0.5907991187939197,2,0.11090345238339734,1,1,4.243460852553493,4.243460852553493,-0.0,42,False,
bc1qpgyboa763bupgrkbzwb1ui1tgf4d8h4zpatqxl,-0.38272238744527654,0.38272238744527654,2,0.1090829895556825,1,1,22.68123132758497,22.68123132758497,1.0,39,False,
bc1qkdyp4rpekzzmalqhpqpfie952ex2jz8k7zoj3e,-0.2787858164802657,0.2787858164802657,2,0.24499656891379185,1,1,0.0,0.0,1.0,32,False,
bc1qvg9353r4dtad4wugzbguqjj1gjpmh3uq1amkt0,-0.574113915020864,0.574113915020864,2,0.24331928051840523,1,1,0.0,0.0,1.0,47,False,
bc1q2v4b2rcybrxodhs6jhb0c148mo64e51o762nky,-0.18532172310689868,0.18532172310689868,2,0.10942006731107151,1,1,0.0,0.0,1.0,44,False,
bc1qw1qxph1y3bqhok3zy5sro0l9layke3zcxu11to,-0.22551670348228034,0.396113563879959,4,0.21218309141432065,2,2,65.68003483446266,51.9655287047402,2.0,24,False,
bc1q811id07t3ljokbzvyx9d18k9vak1vpangw3paj,1.512162226595825,1.512162226595825,2,138.35068054443553,1,1,790.5269600946499,790.5269600946499,1.0,52,True,peeling
bc1qz2y3c0eq4aw8jhe5s517dxj17x6xda71ebvfwb,-0.3672763728427159,0.3672763728427159,1,1.0,1,0,0.0,0.0,-0.0,61,True,peeling
bc1q5hsts68cfff8tx134l8xafsumuxqjctpvev64g,1.2703724921805821,1.2703724921805821,2,134.3701399688958,1,1,2608.401068219575,2608.401068219575,-0.0,52,True,peeling
bc1qw29py5kh2nxxms3rag0kxxkxnoad78qig6uo3z,1.1157056245914523,1.1157056245914523,2,367.6595744680851,1,1,59959.22862955658,59959.22862955658,-0.0,52,True,peeling
bc1qlmi1j1z322kaioz46te5u9in7ofhepn3vwtkcn,0.9157105620446777,0.9157105620446777,2,570.2970297029703,1,1,0.0,0.0,-0.0,52,True,peeling
bc1q8ueno88uogmvv6v3v020iltr9uqrvn2aejgs5j,0.7585534469338769,0.7585534469338769,1,1.0,1,0,0.0,0.0,-0.0,52,True,peeling
bc1qkb9z7fw0c20x450uheh3rfwtevtx3nf27e6l8x,-0.55683414978119,0.55683414978119,2,0.11122410885544728,1,1,26.70406358908636,26.70406358908636,1.0,8,False,
bc1qcgmiurpv2wj6o6u9179b9nt5dxi7qodsu9f16x,1.5795370995476705,2.637115299943232,3,2.0924994550782667,2,1,2196.7979720171265,1276.62568684485,1.584962500721156,49,False,
bc1q1gbz30v0vsgqg034l4kv2ra0t51lc8a4oc1cqb,-0.22009522166922493,0.2964360196732348,2,0.10874209684717141,2,0,17.45680049621079,17.45680049621079,1.0,22,False,
bc1q7u2mrix5vcmgjvc2smtc0d6qj2onveox3akv62,-0.39000407140864063,0.39000407140864063,2,142.5742574257426,1,1,5212.488084938902,5212.488084938902,-0.0,26,False,
bc1q110bs6to8wyaqtflvm8nyzhhizebg9k4ssb1pb,0.3603510725335648,0.7305969346787945,4,0.17915173519548844,2,2,159.7838929370719,59.152070289670796,2.0,2,False,
bc1q2ixexb92yfai6yr8nkrz25yyexhpcocwmij5rn,-0.4978506135625895,0.5809179743616487,3,0.1339924742961389,2,1,12.537885840271978,6.972171564497946,1.584962500721156,53,False,
bc1qrtqhnol3obopab05dwjate4vv9c0xfevmy1qnq,-0.4410500518345523,0.4410500518345523,2,20.61560486757337,1,1,0.0,0.0,1.0,26,False,
bc1qm3rkl39vel08kklseauzvmmh541oo5vyfrrloa,-0.5716307113908531,0.5998408896049233,3,0.1151109808414826,2,1,28.81326342960844,27.40014612573934,1.584962500721156,34,False,
bc1q8o34lpqk5fp7ah2csanhapywdrdpmpcejcilpj,-0.4187548525667399,0.5985341223475489,3,0.22276308733138073,2,1,3705.234370916205,1856.975509219778,1.584962500721156,64,True,peeling
bc1qe7cxsuo874ohl5thlvjyqtaybgi0rr0tiaxufv,-0.06184113462519488,0.06184113462519488,2,11.88445667125172,1,1,2477.825013977873,2477.825013977873,1.0,59,False,
bc1qpig3yvr2eu4kb57l1376qwvgfri7fz5xbiguj9,-0.0385076201640953,0.20925204511221085,2,0.07537556924258022,2,0,1.92619623512283,1.92619623512283,1.0,7,False,
bc1q6aylld4yeo6ppywh8ea329hf1pw26rqh7o0zbo,-0.3284108196940754,0.3284108196940754,1,1.0,1,0,0.0,0.0,-0.0,35,False,
bc1qek0brz0eraxp2ngqeua73abzgs9w275280kqlr,-0.5194805228153655,0.5194805228153655,2,0.24653770043671985,1,1,0.17311577603625958,0.17311577603625958,1.0,37,False,
bc1qj6sb053akzxfp5ke09jneftz53c5dwumjacypz,0.09128932316159583,0.09128932316159583,2,0.14866370428999748,1,1,8.149732679938538,8.149732679938538,1.0,64,True,peeling
bc1q7f638zkrg6wmz0zcssf8hstrlt4csnc0zjxoq9,2.928920573455367,2.928920573455367,2,99.19632606199771,1,1,3626.5990579483064,3626.5990579483064,1.0,47,True,peeling
bc1q1n5t844qh2btufdoapmlqs8lxsol15m9gqjanq,2.4249934961818025,2.4249934961818025,2,545.1104100946372,1,1,0.0,0.0,-0.0,47,True,peeling
bc1qf65j1vrkf4ht69a14350q8obw3j6sog2lbwtbv,0.758786168391018,2.0300469520632864,4,0.21382235297393112,2,2,4564.693322937825,1806.8772405915645,1.5,47,True,peeling
bc1qrr43ur4mfjhojalbh1nyks9urxijam31bxpgwj,-0.1655692221951752,0.4527734881806591,6,0.32233113057146623,5,1,158973.96014155762,35026.546969931,2.2516291673878226,60,True,peeling
bc1qx3bid6v1lk4aglbd0xqtqv8elspj6sfas04lx5,1.574640089445526,1.574640089445526,2,0.23936037588444214,1,1,37.04546983006773,37.04546983006773,1.0,47,True,peeling
bc1qnwkq4ksd9gao4h86dd372dtf2533uot477iqfx,-0.48804836804356305,0.5810578356214993,3,0.1672767449184526,2,1,4466.312991357131,2235.2032351231987,1.584962500721156,11,False,
bc1qlj2twc5kqqljwqrlvc35ty40qculvuksvzoots,-0.5143551763734211,0.5143551763734211,2,0.24993165931190692,1,1,4.996320847213457,4.996320847213457,-0.0,53,False,
bc1q2vwmd5tfu2snx1se3xr6n18beqerftnvijzx4x,5.562867664613286,5.562867664613286,2,1728.0,1,1,282973.6490519726,282973.6490519726,-0.0,25,True,peeling
bc1q5259gmq2p014x5dlwy1p6mxswy0szkbnsh8llr,5.040491852046509,5.040491852046509,2,2215.3846153846157,1,1,0.0,0.0,-0.0,25,True,peeling
bc1q9ewo7tcbw5qqb5i92wmsj9uk693p483chelhrx,2.7602858656087204,4.439506864521042,3,0.16354973596687108,2,1,108218.69676511301,54117.31778232774,0.9182958340544896,25,True,peeling
bc1qdou0ze3lnzkf3ikn9ntwjipo86k24zn0mwmkcw,2.5800949019396846,3.935426380834675,3,0.11394518498068822,2,1,200580.46282492342,100290.44844106829,0.9182958340544896,25,True,peeling
bc1qcxotx76d2kjrzcv3hrqa9vzeox981bf8w80uxn,-0.2733358637448019,0.2733358637448019,1,1.0,1,0,0.0,0.0,-0.0,61,True,peeling
bc1q3e6oqe09o8a906k37e4ey9jvb6hpphpm0d5wlw,2.3710899956247316,3.598665380030512,3,0.11532983576622038,2,1,9453.649449849585,4735.2453800555895,-0.0,25,True,peeling
bc1q46pl5nbti1ncv10x6wm1xrp4jdva787tag2m09,3.1579544485643334,3.1579544485643334,2,2032.9411764705885,1,1,318019.55223140167,318019.55223140167,-0.0,25,True,peeling
bc1quk18c7j0znruhmezvsq3heykukpxpsbtnbdzri,0.8328030917478677,2.8612709074487137,5,0.19180069776383474,3,2,467681.19488146214,119345.08412397627,1.3709505944546687,25,True,peeling
bc1qd2rttdwospe14ot4fpuh7znjzhobhgs59ymzy6,2.5811594694527416,2.5811594694527416,2,2928.813559322034,1,1,484778.99155824905,484778.99155824905,-0.0,25,True,peeling
bc1qj0ua9o6h0feeb9i9exbnxdxwbc1jlidiggn92f,0.9074711595245494,2.329542915460554,2,0.10919169081563919,2,0,4.17796430537139,4.17796430537139,1.0,25,True,peeling
bc1qi1wr63juwmw3m4dy99o3ucr68nixc6odr9houn,-0.5715616427876499,0.5715616427876499,2,0.11204205726853395,1,1,23.296499570438833,23.296499570438833,1.0,47,False,
bc1qx5zphw7lhxol0iuod0fuviv6txomi8co2xzdir,-0.24642289722761782,0.43323669657720465,3,0.16736455706827918,3,0,6.356823020323251,5.763639471976519,1.584962500721156,22,False,
bc1quf0ue99oh12pgx409wnzmo7gde74v6aousx9dx,-0.5649451893102525,0.5649451893102525,2,0.10711164281242445,1,1,1.0485992638456711,1.0485992638456711,1.0,54,False,
bc1qb1hi8h7pr28j2k3tydccpvb96do9uzxca4x76b,-0.4197455868614318,0.4197455868614318,1,1.0,1,0,0.0,0.0,-0.0,46,False,
bc1qt3ppe690cwbke4hs0lt59hhpzuyr7vhtclr452,-0.02013788452562904,0.6198765362431927,5,0.1917852005753556,3,3,2391.818029601333,604.9824602836383,2.2516291673878226,26,False,
bc1qc7hp4nn4gct8bwk8xn29gxekbzcmlox8gct3m9,-0.5357979124933552,0.5357979124933552,2,0.2525987115711552,1,1,6.250226710981903,6.250226710981903,1.0,8,False,
bc1qqtzjs6pvs9v9bd9zmq77hns54gwdfo1nnj5rxc,-0.5012297960904822,0.5012297960904822,2,0.1496672761335261,1,1,36.62622855427124,36.62622855427124,1.0,47,False,
bc1qsmvvbjb1jven2z7mb41g877fxv7a7kx7mr9vqi,0.36723540110098857,0.5049994483889817,3,0.11433688357002803,2,1,47490.62232722452,23751.431798066842,0.9182958340544896,14,True,"fanin,fanout"
bc1qizva3t862vl1tku04vpwymfvtacblqi1n6clpd,0.37340319771698954,0.37340319771698954,2,0.110988789361519,1,1,17.177579340671233,17.177579340671233,1.0,52,True,fanin
bc1qfwojq44g23tyifjhs1jqedli5vlmq4vbgr3ajn,0.43610214466308544,1.5317938067949939,6,0.22829149970869053,3,3,111.71330113578982,64.21081743390405,2.584962500721156,6,False,
bc1qmigovr9ahembh4vsk23afpybuxhwrrvaxgumdf,-0.08205407938308745,0.5964237916387448,5,0.2238846579410385,4,1,2137.1275181078645,631.944295821279,2.321928094887362,29,True,coinjoin
bc1q4nzkrsn8l0uw6ik209ei8xq6tclk04p2ek1hw6,-0.49197764611253386,0.49197764611253386,2,0.07650306609944602,1,1,0.0,0.0,1.0,60,False,
bc1qfdzltoczcecert7awrpmehrtvce3skso6dkfla,0.6525571953401198,0.6525571953401198,2,297.4182444061962,1,1,70132.45087221797,70132.45087221797,1.0,3,True,"fanin,fanout"
bc1qi1uz5zcfpvw4nh81tjrt2rmc967fd2ybnmzogq,1.064509358907657,2.3079859316078286,5,0.22420826456575219,3,2,5575.559839575492,1443.0731049821115,1.9219280948873623,43,True,"fanin,fanout"
bc1qh5cfgk7h3i8no7nqotsvfk2knelwl8u8pn74fy,0.24677973765296252,0.6525571953401198,3,0.16463791092784133,2,1,5307.295701430591,2654.185384185554,1.584962500721156,31,True,"fanin,fanout"
bc1q115zg80zwvhyjeedp2nafh6q9y4yzkmru4eesz,0.6525571953401198,0.6525571953401198,2,192.2135706340378,1,1,51280.05118483798,51280.05118483798,1.0,42,True,"fanin,fanout"
bc1qgx5y7zjc7r1qoohf59she953a8b5yk7e315h9h,0.6525571953401198,0.6525571953401198,2,115.35380507343125,1,1,22794.588847725896,22794.588847725896,1.0,1,True,"fanin,fanout"
bc1qkdm6z6xtb80u10kwccimnschlsxjxrqmbbxdo7,0.5355461208406088,0.565731621267609,3,0.11547801974798882,2,1,6060.191279084323,3030.865325476868,0.9182958340544896,15,True,fanin
bc1qvfq6d6suzrddn7p29euq3puzhhorblb8tnjxcm,0.4684087871937921,0.4684087871937921,1,1.0,1,0,0.0,0.0,-0.0,15,True,fanin
bc1quv1ffofq1rucl37pr5a5hfsh6qrnv3hlw3zfes,0.39163900382397127,0.6182472920013331,4,0.15133163961000576,3,1,44013.962986723884,14681.279967382521,1.5,15,True,fanin
bc1qi5482q78e5sfe0x7h2cpcc3zkgyr58mx4yqq14,0.6392227546880894,0.7835832376589792,3,0.11423514458326209,2,1,18113.90358862793,9057.31809662882,0.9182958340544896,15,True,fanin
bc1q9nzhqhzedcj9zqnkyp1m2vc8bzbo3fasemuhjq,-0.49114875933825985,0.5430923826140326,3,0.16533026825984154,2,2,33906.47707641013,16954.603221587513,1.0,53,False,
bc1qqdji6sow4yif5d9rexpfsltj669rea3y0xaobk,-0.5945668761799614,0.5945668761799614,2,0.11209765989647834,1,1,4.280395619130378,4.280395619130378,1.0,23,False,
bc1q63dc0vsvits03l38gx8m8ct71wb0bjhppipg6a,-0.39949329934132666,0.4677563505933339,5,0.2746733961648727,3,2,52645.69638110593,13248.00604567271,1.3709505944546687,59,False,
bc1q2c9ypc45u2691456h95d9y8y0awrhqs9dvelyv,-0.529657338978877,0.529657338978877,1,1.0,1,0,0.0,0.0,-0.0,20,False,
bc1qet3h7psxmdx52f7gfppsyazhxdo3gtxyz8akv3,-0.017417246911251693,0.017417246911251693,2,0.11028686711900451,1,1,17.823548176661614,17.823548176661614,1.0,6,False,
bc1qudlwrflvrktgu8tl777k1d8nruu8f855mdtce9,-0.23869273384527698,0.23869273384527698,2,0.11241268988344338,1,1,0.45450998210840754,0.45450998210840754,1.0,30,False,
bc1qfwcs4bju8oxm9f4oheun5a8xaejgnzfzunq2w9,1.2092940816327071,3.0196146555749293,4,0.19857355696607643,2,2,308.1171537292816,135.2380450365093,2.0,37,False,
bc1qzl5y31k88no1rbn62nk7hlcnptt3m5h0jhk0i7,-0.599797273113417,0.599797273113417,2,0.10993408408303332,1,1,0.4444884171127984,0.4444884171127984,1.0,45,False,
bc1q3rsasvi1x1vh3ji9pvmtm12lc9bgjq0aqk711u,-0.5528145775612725,0.5528145775612725,1,1.0,1,0,0.0,0.0,-0.0,58,False,
bc1qaubpm9dbeza9agulm5fqjyyiir41g20dfxuj5o,-0.09203278142864896,0.49711922681867904,3,0.11370066720183185,2,1,57.20204705985619,39.4592000658013,1.584962500721156,22,False,
bc1qttymmcwpbv6cidr6k3lyyz7prtdqijd44y3npz,-0.38895069192633175,0.38895069192633175,2,0.10963486134806467,1,1,1.0733010145566328,1.0733010145566328,1.0,58,False,
bc1qawcud3i2iwmc07lblwvf36zpi288h23tu8lm7x,-0.014626969443559143,0.014626969443559143,2,0.1100634839551262,1,1,1.057697546259287,1.057697546259287,1.0,15,False,
bc1qiiennngvdlv0wgd4hkpwi25y4xvrydafv87vo2,-0.501797366847908,0.5748720280275227,4,0.2239534259819671,3,1,997.8155458191842,366.51523030445077,2.0,9,False,
bc1q04c5cjb3gex0sutbh7w5glo1bxba22jyqmwt0i,-0.217758855648126,0.40716034015870267,3,0.12856294698812032,2,1,81.57322247755496,40.82544220113582,1.584962500721156,18,False,
bc1q0yc1ne2ooatyyxz90vqszxpgbmczdbraeiu5ax,0.6832584865369518,1.3223546885763826,3,0.17102397304788872,2,1,29.033555126261465,14.516777563130733,1.584962500721156,52,False,
bc1qvcjxn7prwmoegpcp03yys14imd01n1t7nrqh4s,-0.11991072074938351,1.048778584252345,4,0.3301468178947982,4,0,979.3784556978933,343.3889541583464,2.0,48,False,
bc1q3b0hxz8y8k25gp0a8d2odkwdgseotp5or4nn9n,0.5073957075230107,1.0462370650297532,3,0.1501786848240731,2,1,40.81600226423366,20.495940134227464,0.9182958340544896,7,False,
bc1qi0ycm90f89vxg7nvkbjn7fdtgskegdez18x4ry,1.5496278380449997,1.5496278380449997,1,1.0,1,0,0.0,0.0,-0.0,34,False,
bc1qs04sju6uqvl7erdtompsdwx96ach245l5do3gq,0.3549417128997367,0.4943551973769302,3,0.2956437037129975,2,1,5069.523268351952,2534.761634175976,1.584962500721156,37,False,
bc1q4h4zx5bt8zeh3rprgygo2ype4cwsjb4lvcrfmk,-0.5824889339202522,0.5824889339202522,2,0.2012473140820712,1,1,0.0,0.0,1.0,8,False,
bc1qfl8mpj4zgu5w4633566dzgg3etivmdh1jilhbi,0.4866147142869074,1.573619250613376,4,0.4008248455734138,2,2,111.7943821046829,63.630967008502836,1.5,59,False,
bc1qw6b9w5zqw6l87psch8q7qrerika7lxx08dw54i,-0.584386223825819,0.584386223825819,2,41.93157000727979,1,1,5144.186744221085,5144.186744221085,1.0,51,False,
bc1qk85jyyfk31avpm6dysx9ojwudrgtz6ql3e49yw,-0.5966486672789689,0.5966486672789689,2,0.19044533127899246,1,1,3.647074592004409,3.647074592004409,1.0,29,False,
bc1qb8innu7pggminudc32gy422kkwfapg0jg3ytii,-0.6034165386692811,0.6034165386692811,2,0.367418797894146,1,1,14.297208235674594,14.297208235674594,1.0,3,False,
bc1qgiunwelajm3um94w739v5745ip65plld5obq2s,-0.6003985762471871,0.6003985762471871,2,0.19754373570294362,1,1,31.71248011052291,31.71248011052291,1.0,49,False,
bc1qa54vdjpca12j8z8do3p0amts7ynxj5yhy8n59u,-0.21511786392233967,0.3064264182651747,4,0.3723291363709329,2,2,2446.508362826094,870.2360057649507,2.0,30,False,
bc1qrlez662pqzv62e84l9yilzr015k9co1ski045y,-0.5110995899318533,0.5158117782994124,3,0.2952910644832748,2,1,195.15814703424184,100.1609820882059,1.584962500721156,46,False,
bc1qzityfippr46qheqkmqpy6n7qlbw66v3jr1njki,-0.5867574154975246,0.5907037394866668,3,0.16415681535778207,2,1,47.30613941059532,28.259739471900758,1.584962500721156,50,False,
bc1qdlqh1cv2xb402nmsikji92xpi865eo9w6ya8jb,-0.08166622093439749,0.41316167059982417,3,0.29840264786300186,2,2,89.88624546418971,83.44959082530139,1.5,19,False,
bc1qsvolctylh82jpllq7s1oraz0oy44tfw0znmvns,0.10587912886404169,0.10587912886404169,2,0.11051016942974067,1,1,23.842356493397194,23.842356493397194,1.0,26,False,
bc1qwjfii0ugpkakritgfjmhdnbrqit4j0sgq53alj,-0.2560522417082805,0.2560522417082805,2,0.19802411356132846,1,1,1.9029891794028786,1.9029891794028786,1.0,55,False,
bc1qo75rddhnsgfsh681tchwstwyrvmww3szy978tn,-0.5828707362019249,0.5828707362019249,2,0.19363535817498675,1,1,0.0,0.0,1.0,53,False,
bc1qd61098cjnjz9g6dvnq49440dclqgdd0dilxn48,-0.6008681644453473,0.6058833122760349,4,0.28061036001107503,2,2,153.8723130999817,65.8134419757758,2.0,51,False,
bc1qeu9vdow6jfpy772a8709nwa6540wfj2etpseyw,-0.5135391564641414,0.5135391564641414,2,0.19696145915614324,1,1,7.52087927337695,7.52087927337695,1.0,23,False,
bc1q2z0auf2w7wr1tqzfb8x6jmre2u7fmkgzbys7xz,-0.5731527380541037,0.5731527380541037,2,0.19495574572265062,1,1,0.13689555452865565,0.13689555452865565,1.0,57,False,
bc1q45j8o98bujds0sp8jb6l4pesrss0np99wihxbx,-0.5173483529514835,0.5173483529514835,1,1.0,1,0,0.0,0.0,-0.0,54,False,
bc1q5ev5925uak3j16cuashezj9v9ligzkczequbnl,-0.4755499650953132,0.4755499650953132,2,87.22867238768298,1,1,0.0,0.0,1.0,4,False,
bc1qpsmtk7p6xsvoltrjklumcmh7lm2lw7zrtqj8cw,-0.5979195110323152,0.5979195110323152,2,0.1934729742439103,1,1,7.528529886316319,7.528529886316319,1.0,49,False,
bc1qml12p5wpvi06b8msg4ogb1lrxgkekt0kxgntus,-0.47648985927484006,0.47648985927484006,2,0.19844300333379652,1,1,0.0,0.0,1.0,52,False,
bc1qmh0n5o9r7lj5mv6b6rj09weew0oz2wcvft9o07,-0.554362925231681,0.554362925231681,2,0.2021901593768612,1,1,31.62925946645333,31.62925946645333,1.0,59,False,
bc1qfs0gd5ml524hiarmle6nphvoxj0au1armx6z7v,0.04410614629514594,0.6168342001013963,4,0.3805241235338095,2,2,2051.791972410788,739.065406236154,2.0,4,False,
bc1qi1txd42gfau14bo8i5mmqebbeljqik8ic6jtem,-0.42854065318024176,0.42854065318024176,2,0.19039077486180694,1,1,6.960650985444085,6.960650985444085,1.0,34,False,
bc1qnhxf4t8ma1024rv3nsxof6t6weggh02wpkqj39,-0.5984118210184914,0.5984118210184914,1,1.0,1,0,0.0,0.0,-0.0,16,False,
bc1qu9sh7n1bqg3dcmyxbd07q2jbtzgtld6f0n3it2,-0.6024625979188676,0.6024625979188676,2,0.2027115009449312,1,1,5.180221308572878,5.180221308572878,1.0,7,False,
bc1qlz0o158j8h19yx6yinw4uf3s9m8yi038z2fs1o,0.765192501996361,0.765192501996361,2,3.24738780726152,1,1,708.7157707522772,708.7157707522772,1.0,28,False,
bc1q2cdrxu9435o1l8wj6zgylkcs2yx1zdnqsamctx,0.6384525973479103,0.6384525973479103,2,0.2602468429256685,1,1,0.0,0.0,1.0,42,False,
bc1q57jyf8jshl96ept6aar17qr0apxp8iqfvapr4w,0.16454288751251311,0.21956975885567798,3,0.21187635641330604,2,1,37.51560379189978,28.34589513957789,1.584962500721156,34,False,
bc1qzyiyn62u8z1xie39zvyec5udotuqajelivwoe5,-0.6012646177469225,0.6012646177469225,2,0.43651465279654833,1,1,4.194856101024141,4.194856101024141,1.0,54,False,
bc1q57i1niskywcoq5ldl7nhymafcb3d6idlswzuah,-0.5656577831847518,0.5656577831847518,2,0.4341043206945669,1,1,0.0,0.0,1.0,30,False,
bc1qke6zadotiwtlinj1q3q5pcnil8472qw44xriig,-0.10300046875904095,0.10300046875904095,2,0.4264381800368692,1,1,10.551658347228518,10.551658347228518,1.0,27,False,
bc1qup30l1r99m2kktbk5p24t9n44fbv46mu62oedr,-0.4877968302488197,0.4877968302488197,2,0.42776936101951696,1,1,0.0,0.0,1.0,7,False,
bc1qrw556pnbxu6onrv537c2bpimevgxbt66kfg7i2,-0.3312968576840253,0.3312968576840253,2,0.4457951303073613,1,1,11.117852210559876,11.117852210559876,1.0,8,False,
bc1q4bn7j5ukr8ieu122jn86taip1kelbu8pt8tagi,-0.09878460515549833,0.09878460515549833,1,1.0,1,0,0.0,0.0,-0.0,39,False,
bc1qkpi1tsqacbslyfay0xa0rk8cjre5c5jo5l02mo,-0.4118065027743556,0.4118065027743556,1,1.0,1,0,0.0,0.0,-0.0,41,False,
bc1qu41vsvdt7663c42xcv96q3qzd2lguqionmc7ic,1.3130770658805206,1.3130770658805206,2,2.7182633317602645,1,1,52.432046617844534,52.432046617844534,1.0,37,False,
bc1qjglwmk6sf9nrmozl65x4wu1i7xxeq58wzuaczr,0.9057648789424554,0.9057648789424554,2,4.537100246809851,1,1,943.3828379062455,943.3828379062455,1.0,52,False,
bc1qgglcr5p8aacj72hls0qlfti211wy6rr79iv2f1,-0.40907729182914115,0.40907729182914115,1,1.0,1,0,0.0,0.0,-0.0,15,False,
bc1qfk0ilbhvab8ckqc4lfsi0lj7zkxewv000pn58i,-0.5301677893042765,0.5301677893042765,2,9.153512024578875,1,1,2075.0704243566233,2075.0704243566233,1.0,63,False,
bc1qi6yb9pdgkrjwtg3fimlcbiedbznmtr28j9bf63,-0.40338314169115297,0.40338314169115297,1,1.0,1,0,0.0,0.0,-0.0,15,False,
bc1q71cdi99maziywj1czqlr1m86o2gsx9oa2eo4cy,-0.5998096574495093,0.5998096574495093,2,2.9177360529515064,1,1,111.64033628079544,111.64033628079544,1.0,42,False,
bc1qa7b1bb61pdbhf3suthk9oe7te8rtmsy77bmbvm,-0.5889455724515275,0.5889455724515275,2,19.14045192733717,1,1,699.771329081297,699.771329081297,1.0,47,False,
bc1q9ey5qwqmkqi028h1v8svwudj9vhqcnjbps0qcu,-0.4501052143966751,0.49929499600222016,3,9.433344251555848,2,1,1010.565363830892,505.282681915446,1.584962500721156,46,False,
bc1q16dkpmvno9i1s6xh7abm4ml2iqr2ahnyrvfont,-0.569488118215812,0.575214462132649,4,4.928623379586714,2,2,2552.5895058264,872.085082124854,2.0,38,False,
bc1qdhh2ks1cbcifl79r9kpu8o9onsrhdvnff2wcfi,-0.5922948115711272,0.600910486179586,4,0.47360955989667197,3,1,4219.170208033576,1409.8476688983467,2.0,57,False,
bc1qeskjwbu2olrw334kkaf9yft4gc5icnic4dtznn,-0.49621376562685626,0.49621376562685626,2,4.520010462987183,1,1,0.0,0.0,1.0,24,False,
bc1q5u0332w04nxv50ot1k8hcd1sd44wl8mdzfwqva,-0.48247829136924775,0.603471093627358,3,0.3656812647605719,2,1,4031.605979181361,2039.4920505462303,1.584962500721156,1,False,
bc1qlbna0236qk3qhad3m6jr8fl9v2qji47jwu7sa7,-0.566313098646232,0.566313098646232,1,1.0,1,0,0.0,0.0,-0.0,46,False,
bc1q1qicxbr8iybatolodlonkcp8ov5nwvsjjcaxod,0.30346991302421505,0.30346991302421505,2,5.816615053184328,1,1,0.0,0.0,1.0,6,False,
bc1qgdkd8m4pkixsx097nfud1ahiia7bw2vnomzz8w,-0.40501784314600503,0.40501784314600503,2,10.701015605647758,1,1,0.0,0.0,1.0,8,False,
bc1q7h0ums48iw5xnqdz98jhe17o7pnud53qe5eeaz,-0.3288690126545333,0.3288690126545333,2,17.47926360509812,1,1,167.97373262388422,167.97373262388422,1.0,9,False,
bc1qvw7njkhvyqdk9xma5vixr4dto8uflv4ba7obbc,-0.4156490006246811,0.43874326832676075,2,2.6282168278883007,2,0,63.6394825571297,63.6394825571297,1.0,58,False,
bc1qtk83w1y6zuoeyhcxtr698i94780ce91tefo1s9,-0.573506924571351,0.573506924571351,2,6.103203475435312,1,1,0.0,0.0,1.0,6,False,
bc1qslwvoqj4f2xz0x9f6f5226g5iuvwl47l6ojks1,-0.6056436448067621,0.6056436448067621,2,2.6373626373626373,1,1,0.0,0.0,1.0,55,False,
bc1qtawmwur1z82h394lmuxfzjdcy98qhsfm8qpdnu,-0.6048283804587526,0.6048283804587526,2,0.24089667094183906,1,1,0.16915471370413007,0.16915471370413007,1.0,7,False,
bc1q4teq3cyfwp5wlf0llya85bektjepgyap9eib0t,-0.10346607995742428,0.24919415973667733,4,0.479692863319458,2,2,0.0,0.0,1.5,23,False,
bc1qayk2lalxrkuoysvkea3x8ouzdzhlflfifx97l4,-0.606483142065328,0.606483142065328,2,0.24345400367716985,1,1,2.339565249645624,2.339565249645624,1.0,16,False,
bc1qyvbdelflspgqttoh9jv8a6m66szvetc543ev6n,-0.23735955628714014,0.23735955628714014,1,1.0,1,0,0.0,0.0,-0.0,11,False,
bc1q8pj1ydot948u6b15x8g1hzvnasjp0esuswiy7k,-0.21719328254890705,0.21719328254890705,2,0.456812936688582,1,1,5.882917261180838,5.882917261180838,1.0,53,False,
bc1quwoxt118qzb6uxqrkuw2032lyxj2j4bo6gpn1m,-0.590895717302313,0.590895717302313,2,4.949587534372135,1,1,189.38437430951615,189.38437430951615,1.0,9,False,
bc1qxkqmuyb2jmxs7s8w50qv28n4q17ro9tns9hlb4,-0.6012583088103166,0.6012583088103166,2,11.43992055610725,1,1,0.0,0.0,1.0,50,False,
bc1qlawrtnfgzskiguvetybgd9e32lfiyz3kqjyg8i,-0.5371234932263572,0.5371234932263572,2,0.24542003326236794,1,1,0.0,0.0,1.0,54,False,
bc1qb9boqcpl72u22eftixdwr024lpo6gf9xxwnkpz,-0.05028014051780894,0.05028014051780894,2,0.24523334776160707,1,1,57.827036631388786,57.827036631388786,1.0,22,False,
bc1qrt2l2ieo9uvj3bsy3onx3f86ugyfunmad1bx6a,0.3976670485075481,0.3976670485075481,1,1.0,1,0,0.0,0.0,-0.0,54,False,
bc1q6n0tgiyi04cvunxfamadgp56efiq0g2lwl0tqf,-0.22135569362695334,0.22135569362695334,2,23.076923076923077,1,1,447.97058944048786,447.97058944048786,1.0,3,False,
bc1qg9t6jznue5rau33x58pzj3mnhtzqttaazvorq5,-0.588975369040528,0.588975369040528,2,39.11272068809416,1,1,1429.953725429142,1429.953725429142,1.0,1,False,
bc1qycxneam5cspm0os2c4xn98uncqs6519eyinyco,-0.5166071988609712,0.5166071988609712,2,19.685577580314423,1,1,4641.940528224953,4641.940528224953,1.0,8,False,
bc1qaudwyusazqy2yr6nbqd8qkki9u0vqf6oylcb37,-0.5906882985617997,0.5906882985617997,2,0.2411309712359218,1,1,9.226311848620306,9.226311848620306,1.0,9,False,
bc1q0j1mnyw0yfkoe2hk724d6gq2wipp101yqt061a,-0.537433983116812,0.5973752527744443,6,1.3596021904701958,3,3,35678.790423520506,10152.48696156468,2.2516291673878226,38,True,coinjoin
bc1qsh3mokbmjluupgnifpvdeycznyctopst9lifi3,-0.45504930397948123,0.45504930397948123,2,0.23662610610380327,1,1,0.16615597499301157,0.16615597499301157,1.0,54,False,
bc1qf4jm8r7a4k33s5r25zfc1k8j0kkagiqdz7y95c,-0.5768852175975666,0.5768852175975666,2,0.2450764871235566,1,1,4.757439197105564,4.757439197105564,1.0,49,False,
bc1qp7swvtqqkljqkcjev9zuyh97y8pzl99uj6safk,0.060603627436254234,0.060603627436254234,2,0.2397223216440956,1,1,2.3468284436975866,2.3468284436975866,1.0,58,True,coinjoin
bc1q9kkvp2me59o2ee75c7qxmjblineewkihpy36z6,-0.1633495652049445,0.1633495652049445,2,0.4529690707056409,1,1,0.0,0.0,1.0,54,False,
bc1qmcgxznv6l8jvzslt6949qbfiy4gwt6d05hfa58,-0.5433394168056896,0.5433394168056896,2,0.24855334187735445,1,1,0.0,0.0,1.0,28,False,
bc1qzrmpgx44qx1clmmvh71hw3gm7q6lfj18lm6s0z,0.6222455986058643,1.825676159451306,2,0.4640707707925459,2,0,101.36641515993293,101.36641515993293,1.0,48,False,
bc1qw5oxio25na8ky60p0hzwcykvmqybxpfyjl4ykf,-0.5903303994912203,0.6051755299530789,3,0.7080883799200122,2,1,930.5380560638401,506.51911351916766,1.584962500721156,19,False,
bc1qyi8r5ntipwl51ctae3hk3lqexrsq97npwq6yk8,-0.582112211070937,0.582112211070937,2,0.23651954913460949,1,1,0.0,0.0,1.0,13,False,
bc1qkn646uw7ye46f7761xs1cxdcwgk6rzlch2xrnw,-0.6018395311861467,0.6018395311861467,2,37.089504185447524,1,1,1355.9853099261536,1355.9853099261536,1.0,1,False,
bc1qk9azu9pk42ud2dtbzxmuuca7r6d2x6lod6d8e2,0.3897017904043248,1.2665040734271351,5,0.6188961013843503,3,2,6494.486113805577,1706.0652189667348,1.9219280948873623,5,False,
bc1qw5zs9bk4ufsvuxzuykmg3duvschl80zd8ip5ob,-0.394199396338322,0.3973628947433214,3,7.833655705996132,2,1,1828.6877482221355,1631.716441130752,1.584962500721156,60,True,peeling
bc1qk7596d4htuw52rb3bihf19j2vp8c6roczq1fzx,2.7931682275106735,2.7931682275106735,2,2367.123287671233,1,1,58551.821790387236,58551.821790387236,-0.0,52,True,peeling
bc1qd9y9b1yp4bg4w4hp5amvov4oyiz9iycr0l32u5,2.6156984143218462,2.6156984143218462,2,2618.181818181818,1,1,420307.12105029,420307.12105029,-0.0,52,True,peeling
bc1qo62k5tsg5gqvaugs664fn80m9eweupahl52iru,-0.44097613619132175,0.5276198272046718,3,0.3648838692330541,2,1,7646.1604160196075,3838.551927063019,1.584962500721156,60,True,peeling
bc1qhzh54g8tbzopso6jprzdi1eodl6urbjsad0j2n,2.404569363119532,2.404569363119532,2,1476.923076923077,1,1,228581.3142017249,228581.3142017249,-0.0,52,True,peeling
bc1ql745csf0almwnmj0sisj424iq93h5ywl94mopa,2.236018583247737,2.236018583247737,2,1382.4,1,1,50540.28447156759,50540.28447156759,-0.0,52,True,peeling
bc1q88nv6yyx0102ottx57lyq9vj2vdy6beg22418i,-0.43788813094990187,0.43788813094990187,1,1.0,1,0,0.0,0.0,-0.0,63,True,peeling
bc1q3wug0rqap37lxmzkg8jwnuk491rz84ems8e809,2.064444212022384,2.064444212022384,2,1763.265306122449,1,1,380421.0982387345,380421.0982387345,-0.0,52,True,peeling
bc1qviy3zt3p6srd84bqq8dywwmoc0bj98uud7kw64,1.805492913059449,1.805492913059449,2,2433.8028169014083,1,1,421720.0163685551,421720.0163685551,-0.0,52,True,peeling
bc1qz4xutxbe5nw8r3mu50cs9qb62j77rueoc7jnx8,-0.21696129776400436,0.405194957010845,3,8.176656151419559,2,2,2021.9559891615324,1194.211208079653,1.5,64,True,peeling
bc1q94i1q2g15r83y7418grzrky8raquefimddx13t,1.601554579677938,1.601554579677938,2,4937.142857142857,1,1,216466.10278047668,216466.10278047668,-0.0,52,True,peeling
bc1qfp64thu9qoo3t91aay0a1v9q3r1ss07zp3ufr4,-0.39408625905164013,0.39408625905164013,2,69.8464025869038,1,1,12965.212877278951,12965.212877278951,-0.0,63,True,peeling
bc1q1b86isvyyrkpoywm42yjmleqmj1ssqvrua7bl1,1.3866993578687667,1.3866993578687667,2,0.474853119795989,1,1,26.031411009529926,26.031411009529926,1.0,52,True,peeling
bc1q8ia619q1j10idsffq0nezh1u9c245o7o7gri9e,-0.5487141568510757,0.5487141568510757,1,1.0,1,0,0.0,0.0,-0.0,58,False,
bc1qtmo11if24hyg1hb3z30zbtvfh7b0ahi1ywt3hk,-0.4684698356866951,0.5431449422034823,4,6.525186919416962,2,2,363.56266076797226,191.38592508967017,1.5,3,False,
bc1qxn7yrpxt6xnnzl0ydrz2qypbhf3h88ptwj8suw,-0.5835156180491377,0.5835156180491377,1,1.0,1,0,0.0,0.0,-0.0,14,False,
bc1quhq6q6y5ycnids13pmncyblop6xoybxikpdkuy,-0.5954185036312832,0.5954185036312832,1,1.0,1,0,0.0,0.0,-0.0,60,False,
bc1qluo6phyovjmvaum2kn2xhqshb0dx087nny9mo2,-0.5699712824762496,0.5699712824762496,1,1.0,1,0,0.0,0.0,-0.0,58,False,
bc1qubatpz00h4fl7q15whqmn7d922wahdo61xn8dk,0.283992627594737,1.3921397836634877,3,0.35720191830659836,3,0,1228.296903907353,614.1484519536765,1.584962500721156,4,False,
bc1q13zp84jrh8iptc16ze7blp7dgt60pv7tiqijb3,-0.1482943955787127,0.1482943955787127,1,1.0,1,0,0.0,0.0,-0.0,19,False,
bc1qoovxji1ijol9gdmbiqath5pkp6vcrjjp6e0ccg,-0.22184481995268654,0.22184481995268654,2,0.2511248299675631,1,1,58.63853410155023,58.63853410155023,1.0,37,False,
bc1qzzw6b2klvhn4ozodil01av2r2a95c434dt6un6,0.1519391707710973,0.1519391707710973,2,0.2513619073248431,1,1,6.0864619490238105,6.0864619490238105,1.0,35,False,
bc1qd33i7ops2rrtxvf4z1846849a7zvd8h3chufeu,-0.5929670198371426,0.6031112575724314,4,0.4902044220523906,2,2,1404.023290120854,523.0429745544088,1.5,7,False,
bc1qfqtndy69620zx79v37prddtbxt6yeyxiy47hgm,-0.261969333936515,0.261969333936515,1,1.0,1,0,0.0,0.0,-0.0,63,False,
bc1qxsv4daund14bkbfc142ae21761j0345zyrdb14,-0.587976527344449,0.587976527344449,2,69.8464025869038,1,1,0.0,0.0,1.0,3,False,
bc1qjovhwt3ubjvjkxxkm79pplg1tq1v53hd78rswe,-0.3454072721242674,0.5088395207167757,5,0.6264946320141658,3,2,29859.910463689397,14930.978254340205,1.5219280948873621,1,False,
bc1qvw2oxenfrrybcn78hzffghf3obs0swv5qd8c1a,-0.11029355482884601,0.5933124143687004,4,0.4790512124597672,2,2,1784.060962596854,975.0959244459931,2.0,51,False,
bc1qixiezev57u66id36xc53t2sj64yw5r1f5bf7pt,-0.42395927994350735,0.42395927994350735,1,1.0,1,0,0.0,0.0,-0.0,27,False,
bc1qihwuy0cdabyn5fo9sw23ynr9155p1ksth1rwlk,-0.5193126096261746,0.5193126096261746,2,0.24389624247351438,1,1,0.0,0.0,1.0,13,False,
bc1qjntssqajop6ztt8kz3q0ewlc4h6tvd1zodxrk6,-0.48409325435831096,0.48409325435831096,2,0.466011876830472,1,1,74.810736582793,74.810736582793,1.0,60,False,
bc1qnlzl7hvwr3yniijuqw4qd102kkvr0tmtocts4r,-0.4582412927683157,0.5455747551266462,3,0.3756908319551722,2,1,1320.245063077841,680.3732392769801,1.584962500721156,19,False,
bc1qo893envrjq9he6vb7hfg5lu7pkhel706hoqq0r,-0.4558120877285374,0.5788398099567381,5,14.152334152334152,3,3,2672.366097493611,1057.5114413304336,1.792481250360578,0,False,
bc1q21ej2vhak2x9pf16o8bjmigj6hm3j5uesl4pd8,-0.16784751760871144,0.3036705772195557,2,8.874281018898932,2,0,540.6305126613036,540.6305126613036,1.0,7,False,
bc1q2j8dy0u7033zujciuhd1o6ougoprrumuc4lr9c,-0.5770848780975829,0.5770848780975829,2,0.24726796091220127,1,1,38.802870071486225,38.802870071486225,1.0,1,False,
bc1qm19attkprehvyronadcvmsak0ojw1jvaa08d71,-0.4831973887946196,0.5955464407605424,4,6.79138500235812,2,2,6005.117024001188,3575.3146293688587,2.0,38,False,
bc1q7nwuqiq9vobgggkycsnu966wqx1n6ph1raemyd,-0.16085907727741514,0.16085907727741514,2,8.565055762081784,1,1,110.30229299324208,110.30229299324208,1.0,21,False,
bc1qtxt1b1mvhmn8533khzh4j5bnforp25v320sxnw,0.007280685276927315,0.5434477711605732,3,0.3771350251059601,2,1,392.7873271347041,198.86469016027283,1.584962500721156,49,False,
bc1qxzeanpgxuj3so5xj5i2mt71raih0nogzeon9sz,-0.12320828119528726,0.4380534031090164,2,6.834902302033067,2,0,1465.19291379231,1465.19291379231,1.0,29,False,
bc1qer3urev2z1k3bdgrb2d5lo9j5rwhhi4pjhl5nz,-0.16422755144148773,0.16422755144148773,2,44.918118014036914,1,1,7259.252722849356,7259.252722849356,1.0,48,False,
bc1qrv4a3m1xgb1botm1cd4zyefg5odhdgqnxskyz8,-0.16117694190378287,0.16117694190378287,2,0.2490710284846161,1,1,1.0070506169511995,1.0070506169511995,1.0,45,False,
bc1q2is1qp5xyakjegcaeq5s222j0crs0sjjjbuul0,-0.2899541179205801,0.2899541179205801,2,0.24731148939337122,1,1,9.041661622560804,9.041661622560804,1.0,2,False,
bc1qenh6be8xohav66m8m89bvv2j2cgq7af9vhu7ak,-0.42990808170450384,0.42990808170450384,2,13.125712115457654,1,1,169.0352268240531,169.0352268240531,1.0,44,False,
bc1qbi86mtzhsp3v5vs0jzwlsd4tr4gse74v5dm5nq,0.5151859460398599,1.0855922253158445,4,0.9342181734629056,2,2,1599.600391495741,605.2736874263411,2.0,3,True,coinjoin
bc1qpts0mmbbsu04w4jsnym31sk0540sejokilp4vn,-0.16681449363389525,0.16681449363389525,1,1.0,1,0,0.0,0.0,-0.0,52,False,
bc1qk1qrrn5n5ehq403ivwackln9tlyo674dphu2xr,-0.5299608410723723,0.5299608410723723,1,1.0,1,0,0.0,0.0,-0.0,35,False,
bc1qnef1ffrm2738yhd6wbm8mikm85npge98xh27r8,-0.1690046665627417,0.1690046665627417,2,0.46830029756581404,1,1,11.58748202000276,11.58748202000276,1.0,16,False,
bc1q9txadn2tvdnhbobvgyihuivgayiuqgx8uwtk7s,-0.48608490012904637,0.48608490012904637,2,10.455618079506262,1,1,2639.234221243281,2639.234221243281,1.0,36,False,
bc1q1prf3l4jxgyfr3op2ldyr3kvgnqd7j3h2wmdl3,-0.2560480955658104,0.5867794813209835,4,0.4939090269877838,3,1,134.24397888983285,82.29717050557748,2.0,50,False,
bc1q72j8np9s8e9gf2fxx9xjue6ihruj9ycsrk5sls,-0.0878734830340779,0.0878734830340779,2,43.35173105870547,1,1,0.0,0.0,1.0,37,False,
bc1q93qnybmc06wrpx7j86fbojpgjjbkdypjz5eicu,0.0028728856425663104,0.40676427064704473,4,0.4944687036793279,2,2,7.141042400357667,4.549918720561237,2.0,41,False,
bc1qwc3bnecjq427u1nvmeagwp82h6sgl5wr6zebcv,-0.5789061631185279,0.5903543954302876,3,0.37062828071088566,2,1,3813.4724813416296,1937.4393995259072,0.9182958340544896,59,False,
bc1qghdomspfqlfqebiwrcqla6m04yprpaqccgzdn5,-0.09855194036545249,0.09855194036545249,2,5.197461425090986,1,1,0.0,0.0,1.0,42,False,
bc1qifgyotm7ldazk4xcztblbhk10io1ar1zgzbutk,-0.5572790414289231,0.5572790414289231,2,0.24160060400151,1,1,0.0,0.0,1.0,23,False,
bc1qegz5g64ih630dx4ntqvnmd8iyubz9yz6v1vtix,-0.6033721906570906,0.6033721906570906,2,0.49063868208998446,1,1,0.0,0.0,1.0,2,False,
bc1q2k9mf0u7nar7nnuo5q5lf7gdxfae7wn08ep4ae,-0.43996264462012974,0.43996264462012974,1,1.0,1,0,0.0,0.0,-0.0,47,False,
bc1q952paxv4auxb59roga72ysqrrbjvene8dmx1vo,-0.4828967337933651,0.4828967337933651,2,0.2538305945188456,1,1,0.0,0.0,1.0,1,False,
bc1q3fm348ni747x202vmbmp050orneee0jq9rvn97,-0.5239561088883502,0.6060951338781317,4,0.9841835775756504,2,2,12780.808962807288,4588.885366484038,2.0,36,False,
bc1qbchz6puf3edpvgnyhc1rhloe20rillpgey18js,-0.32508447493955456,0.32508447493955456,2,9.385693335505948,1,1,90.19544406711853,90.19544406711853,1.0,37,False,
bc1qklmszclm4f8fws0gv4qmp5jhdt6293tlo1i7xj,-0.4397459565165789,0.4397459565165789,2,0.48028550304903467,1,1,23.852725725994535,23.852725725994535,1.0,49,False,
bc1qdsctxo6we815vn8lt25cdzbgqox54k7ynk76k9,0.20046383980402535,0.4900939691878517,3,47.41174318639107,2,1,13903.214207611318,12621.865173200113,1.584962500721156,10,False,
bc1q4dqxin67273jyzbb27s9bu1dgej1dg6fwronbv,3.7865297346659625,3.7865297346659625,2,859.7014925373135,1,1,142312.56838608783,142312.56838608783,-0.0,45,True,peeling
bc1q0as9v7lp1lexdnrgcl0kgdveyxfuvskk1hsnz6,1.2537993896594366,3.480587353420784,5,0.6220033691849164,3,2,148643.1337053297,37950.80638632628,1.9219280948873623,45,True,peeling
bc1qbq6fwsklws8onkctq7vin5lvdo8yu98gfex6dc,-0.20602131045456726,0.35782751248807426,5,0.6082896359837113,3,2,47.19783577161179,33.570910886790784,1.9219280948873623,61,True,peeling
bc1qledo515igjzae557o7rci2afi41jip23rb1w0x,1.7479848254413717,2.9044902347389225,3,0.3750298417842855,2,1,2477.5516415857064,1239.2814706560873,-0.0,45,True,peeling
bc1q6k8z6r5cqm24bihb24ay2v58f22ejpkc0xtyvr,-0.11255751861883449,0.11255751861883449,2,11.999166724533017,1,1,2572.252430143544,2572.252430143544,1.0,63,True,peeling
bc1q418zitzhx2g7u6x8w1qxsr97jxi6qxcwni30yv,2.407092769477856,2.407092769477856,2,642.3791821561339,1,1,2597.284620547098,2597.284620547098,-0.0,45,True,peeling
bc1q9arau76uxv2o2qszo1i736mv3t0kg6umh4gblc,-0.3524591260260966,0.3524591260260966,2,0.2545848852010749,1,1,55.60866745100883,55.60866745100883,1.0,63,True,peeling
bc1qkuhyd07dvrmy93pomv7mbci56fjpz42q8bz53g,2.149799824471899,2.149799824471899,2,677.6470588235294,1,1,59789.50401007389,59789.50401007389,-0.0,45,True,peeling
bc1qxui8lpy058e6plui46hdv8i969sfi30m85yai7,-0.2511057125784035,0.2511057125784035,1,1.0,1,0,0.0,0.0,-0.0,64,True,peeling
bc1qd2iptndbbcfcjtqejppttxwgcuu54heaglrhhk,1.7926279060589552,1.7926279060589552,2,4320.0,1,1,236901.87928198912,236901.87928198912,-0.0,45,True,peeling
bc1qdemm0uez19yei8p4yedn2z2v17tz63rrpncsqc,1.5767026137321432,1.5767026137321432,2,1200.0,1,1,45915.189415929366,45915.189415929366,-0.0,45,True,peeling
bc1qrbnvl0os3x23ietyr9x20bw2mrllgu1tlxzb63,1.3256064559991667,1.3256064559991667,2,2433.8028169014083,1,1,93123.76444920886,93123.76444920886,-0.0,45,True,peeling
bc1qilpqfbqw1hukb6mxz1yj74q7svoq85t27fz092,-0.46003638385377116,0.46521244448400234,3,0.36374046444268565,2,1,1591.2923292470743,829.1900467250588,1.584962500721156,60,True,peeling
bc1q1bb2yaj1wr892kdpyta7d589tocp8fp1k8rzuo,1.1664698562197109,1.1664698562197109,2,10.048848569434753,1,1,384.49565456465626,384.49565456465626,1.0,45,True,peeling
bc1qxj3y1xc2i92pv07uj4fqksd7gdp9ii37y3d2fn,0.04294233466446045,0.04294233466446045,2,110.76923076923077,1,1,24174.476662352674,24174.476662352674,1.0,36,False,
bc1qb38yhedxfe3jwe46xaad0xh2mecyjxp7x80nhj,-0.5004151877070301,0.5004151877070301,1,1.0,1,0,0.0,0.0,-0.0,16,False,
bc1q3lp15tftzwcd4u4lb2emnimchy7lxsbb3l5zsv,-0.1716086329243143,0.1716086329243143,2,0.2532829308118392,1,1,9.259976399756024,9.259976399756024,1.0,6,False,
bc1q4j90vb1c4w9i40qpf8m72zkeocec3091kyv7jj,-0.5969357324804683,0.5969357324804683,2,0.24372321054554222,1,1,2.342152296992133,2.342152296992133,1.0,43,False,
bc1qm2v0mw405g00r5y52pdi47kah8oxenq7jbx9k7,-0.5811074313501482,0.5811074313501482,2,0.25288853440264597,1,1,57.328981159225144,57.328981159225144,1.0,16,False,
bc1qezfrxymm2798p7prjhhzh139q0ep8v1uc8eanr,-0.07260825707162591,0.07260825707162591,1,1.0,1,0,0.0,0.0,-0.0,23,False,
bc1q1cgwj9s8u287m5c6reaguucqb39bw4q46derg8,0.017523519178816362,0.017523519178816362,1,1.0,1,0,0.0,0.0,-0.0,15,False,
bc1qs49mi9zu1eh3366sqmqqwhh3tt255kcmg2k87b,0.36428715065396744,0.5923201864086484,3,0.7226618043125512,2,1,131.05628629851032,68.12234484038794,1.584962500721156,31,False,
bc1qstrmzrmt8am1kbw6giokoqs8d6kyb27xjx6yy6,0.9626130805257623,1.9523092002611968,4,0.5132226103072208,2,2,922.6155726113842,317.2902288649866,1.5,10,False,
bc1q81njbuyyzu05z4mljc1bx7qfp8swxqwlqb8kh4,-0.6003709295734371,0.6003709295734371,1,1.0,1,0,0.0,0.0,-0.0,58,False,
bc1qpjyv97ji7tjabwhm24n2gpzv1417h80qhmrfor,-0.6025252270794274,0.6025252270794274,2,4.7799507620812705,1,1,104.87580535184473,104.87580535184473,1.0,38,False,
bc1qhxb8b6j393oxesp7j6v4523arbbr7dki5bbkv0,-0.5764007448423838,0.5764007448423838,1,1.0,1,0,0.0,0.0,-0.0,22,False,
bc1q10ljrnicd0sqpzygwezuv263fl2aze5ezkjs7m,-0.5994744080451885,0.5994744080451885,2,72.7578947368421,1,1,712.2836776354973,712.2836776354973,1.0,0,False,
bc1qu6o3lpo7381onrpoj9bmay74fpllgrcutreurf,-0.2091392878957436,0.2091392878957436,1,1.0,1,0,0.0,0.0,-0.0,15,False,
bc1qqyxpybnrk4pvi2digtgu6iac72syojtmrnzmud,-0.417957709096527,0.417957709096527,1,1.0,1,0,0.0,0.0,-0.0,10,False,
bc1qhszdimopw9i93t3m5txcx7ly6yv0916pjpvwp8,-0.04751104738542679,1.012279170818008,3,0.3831553553056373,3,0,7184.156131683861,3612.726290208175,1.584962500721156,28,False,
bc1qh2v9msk0nlydjixl7vsky6c5tg8bka8v0igbv7,-0.10872148253455374,0.10872148253455374,2,0.24901862451795875,1,1,6.210369016724656,6.210369016724656,1.0,22,True,coinjoin
bc1qpriludqd6od6ih10ejqbeccxhj4wupr4tw5s63,-0.20058022972560016,0.3923599973083191,7,0.8723483739385923,5,3,5517.133775673121,1779.054401134689,2.4056390622295662,62,True,peeling
bc1qb7oxyvbz4gjhjj30u2vjf17acwf6pzifs4s5qt,-0.340651520154491,0.5378349777995372,6,0.7450234760001553,5,1,51318.581809519696,10480.171527488692,2.2516291673878226,62,True,peeling
bc1qm0p875knortlqbk2whz3m21o5k3ckohelh913s,-0.4107216118079207,0.4295902582905691,3,0.7377112167965915,2,1,1203.1268089285716,660.5419413483696,1.584962500721156,50,False,
bc1q77ih0fuojjfaf8edjm7w4hxiobcfphg4bc2fvf,-0.5613386240524664,0.5613386240524664,2,19.891792333371704,1,1,0.0,0.0,1.0,24,False,
bc1qy7u6ua2yy3hbtth9krqwb9slo9nlupya8whofy,-0.40774952340282505,0.40774952340282505,2,0.25561827670678455,1,1,3.291897079825474,3.291897079825474,1.0,41,False,
bc1qm0tmg2pu2nu4h6fq3rwk3otzzrbyqgyiw59odm,-0.3524172507598812,0.3524172507598812,2,0.5078260460687564,1,1,0.0,0.0,1.0,21,False,
bc1qz87wg8v961y2x6mspzpdyj49ix5tteugqv2x2h,-0.5790318221160785,0.5790318221160785,2,16.583493282149714,1,1,0.0,0.0,1.0,36,False,
bc1qnbwidfch3o1hc1vggbit6rbewv68d1rl6zazyx,-0.5969050738647457,0.5969050738647457,1,1.0,1,0,0.0,0.0,-0.0,53,False,
bc1qs2e6lzkwe9cztartgbjbi9za57hwue4gnya55h,0.09259330857974812,0.09259330857974812,2,0.2605961438406262,1,1,6.659443055585987,6.659443055585987,1.0,33,False,
bc1qjciy1gqff55depu0f80gnyd1osep720oevgdgo,-0.47995342425913506,0.47995342425913506,2,0.2529936854064516,1,1,2.4312405046400025,2.4312405046400025,1.0,55,False,
bc1qh4kymhvkcxallssfk7qirjqr0u09xox3mslzar,-0.5907226869027014,0.5907226869027014,2,46.85466377440347,1,1,11048.523307147136,11048.523307147136,1.0,44,False,
bc1qemdf3jphnb5vngblcqzj82zqyjm3ppsohxf823,-0.016861363312928007,0.016861363312928007,1,1.0,1,0,0.0,0.0,-0.0,55,False,
bc1qd143mo2op6vmjobru2qlc65q2efhazmiq5pxlg,-0.6004274730314023,0.6004274730314023,2,6.320409656181419,1,1,1380.5594092797055,1380.5594092797055,1.0,43,False,
bc1qfwmvytsu2msgqgv8h0z6wf6b3isxhvt1kkeqvi,-0.6037718722659112,0.6037718722659112,2,0.5128372543025799,1,1,0.0,0.0,1.0,36,False,
bc1q953467wcdpi2eyenyjym9oo2tp5hqkjnz057h5,-0.5907650647316405,0.6055429834393566,3,0.37668888724184385,2,1,10582.136614649831,5321.822466621333,0.9182958340544896,40,False,
bc1qctzgwkidnfe9o1xgjngvspj0lxwtr1ueiaq3j9,-0.4918252253637513,0.4918252253637513,2,0.5003271815481188,1,1,12.114891969766584,12.114891969766584,-0.0,21,False,
bc1qx2hk5gyimq5glhc0dj96irx3nghb3cjop0vea3,-0.5048881344671232,0.5048881344671232,1,1.0,1,0,0.0,0.0,-0.0,58,False,
bc1qwnac1pmadfa0goajb6ru3t28sie7coc0wkn4w1,-0.6069913600506112,0.6069913600506112,2,0.4990498414477066,1,1,0.0,0.0,-0.0,40,False,
bc1qar4gztpzmns7lv5j9xzh1r1svblrq3x4hpalwb,-0.6003265781268771,0.6003265781268771,2,0.26278770919985095,1,1,1.0625102657945136,1.0625102657945136,1.0,12,False,
bc1qm305t1ww8pawhlq7ar42ddkoxn4kda24mks9vi,-0.4475111653491685,0.4475111653491685,1,1.0,1,0,0.0,0.0,-0.0,14,False,
bc1q71l6r4u0000lg7703p24bx2144vwgjy4p5hwry,-0.28296934206144425,0.28296934206144425,2,0.2604492448026961,1,1,0.0,0.0,1.0,47,False,
bc1qz7ko0ql4tc9yvrzmwpl00acma2h5csrrqsx696,-0.23971292014723883,0.23971292014723883,2,143.64089775561098,1,1,0.0,0.0,-0.0,44,False,
bc1qisnktkp2pxyw7dqtbf6bio00o72q4m8nmkwcj8,-0.5946378233832319,0.5946378233832319,1,1.0,1,0,0.0,0.0,-0.0,16,False,
bc1qdl4jm0d6fwunibw1gix5hy9lxl0banae2apzl9,-0.6035959569959952,0.6035959569959952,2,0.25502523687239886,1,1,0.0,0.0,1.0,9,False,
bc1qmyf01nwq1fttt1vdy3v83mcymu0zj4o99p1f3a,-0.24960786731016824,0.24960786731016824,1,1.0,1,0,0.0,0.0,-0.0,20,False,
bc1qsqry1eyn70w1pfxmbesb2lcrz3rj4biohk0vey,-0.5979288765576962,0.5979288765576962,2,11.191709844559586,1,1,2444.5915964836236,2444.5915964836236,1.0,31,False,
bc1qdl4ycpuukbi7ijxm5lze6hvoge67snvce8xpu4,-0.4627615754419861,0.4627615754419861,2,7.43641606059302,1,1,1364.1072804490861,1364.1072804490861,1.0,44,False,
bc1q0dpimrbzn59gmucji7ekvzarhdvuspqyasyinp,-0.6070397022344255,0.6070397022344255,2,0.5046375254070976,1,1,123.21581864937365,123.21581864937365,1.0,32,False,
bc1qlc254zh0qa1lszkzn0lyimoes1ai9a44yzlxoe,-0.2599994128418771,0.5273595466502006,3,0.382188145089944,2,1,125.25449317446564,84.06333397274352,1.584962500721156,61,True,peeling
bc1qwpoozwrsxf8lsmg9rbgxk93rhwh0xfjm4qyo3u,-0.5960599305028698,0.5960599305028698,1,1.0,1,0,0.0,0.0,-0.0,14,False,
bc1qlk4ktcm2vss666cevpoui0omoms98z2n4xxzu3,0.1716391996697909,0.502024361494058,4,0.49389702761450305,3,1,2601.3378775338306,902.0458008586567,1.5,50,True,coinjoin
bc1q68uuj2g430lr3oozit4mm186zudnmopg8ux018,-0.3995700139956263,0.5763156858152078,3,0.3813671541653179,3,0,84.37881746179889,51.327246556266765,0.9182958340544896,52,False,
bc1qbtt9paf667ztt7f1up4phfaxi1s9npaxuzmxl2,-0.5364536812915977,0.5364536812915977,1,1.0,1,0,0.0,0.0,-0.0,37,False,
bc1qcfhd82p5ejrsbblbadkel21aa6y87qs7jp1ilr,-0.4792046458685326,0.4792046458685326,1,1.0,1,0,0.0,0.0,-0.0,64,False,
bc1qmcd6xhmk0ufucguw0v0i1itqpq4bw34s764623,1.1641420200274366,1.1641420200274366,1,1.0,1,0,0.0,0.0,-0.0,16,False,
bc1qf1xw53zg1igae7utei5cqom3oqcez5xtebi7t9,-0.4625288392170565,0.488340964869392,5,0.638002814892049,4,1,14795.165243433137,4963.883244651643,1.9219280948873623,60,True,peeling
bc1q5g1q7nm5c7k4rjnylimgpk3y8sf4fp4v8z3nd7,-0.5898648981926581,0.5898648981926581,2,7.126067054311518,1,1,0.0,0.0,1.0,24,False,
bc1qxco59avh094ipzgrspiw06ny41uiw5e1qml5mq,-0.47504363944757505,0.47504363944757505,1,1.0,1,0,0.0,0.0,-0.0,30,False,
bc1qqnx0of7swuq0r0g6hqhuxkup5gsu572f08d287,-0.1845857205705013,0.1845857205705013,2,0.26080381304834077,1,1,5.030593439601395,5.030593439601395,1.0,44,False,
bc1qmmk4wl656d1biob6ffrlkwlq3tnpp2vpfh22cp,0.19558836434287075,0.19558836434287075,2,7.347251158637697,1,1,146.87704724835515,146.87704724835515,1.0,56,False,
bc1qchatndfo6sa8zovs32ykcd3i4z4yidzyning1f,-0.5911513820642973,0.5911513820642973,2,0.509635292243988,1,1,6.563172836965838,6.563172836965838,1.0,13,False,
bc1q6z6elcanrtlq74fcm56j61um04acc7y1wngxam,-0.5851019429764812,0.6025430583254038,3,0.7909625208268488,2,1,294.0642364303086,191.4594848051375,1.584962500721156,20,False,
bc1qjulj3g75zk1ga2sytmxbv9mdpoa8fvf841rizk,-0.5953480097647748,0.5953480097647748,2,0.5086392134930681,1,1,0.35716027208149587,0.35716027208149587,1.0,43,False,
bc1q7c5kb3ygb1rv32ii8k179yixmhvj4umsg9sx3k,-0.5929739572633507,0.5929739572633507,2,0.26416242320104316,1,1,0.18549164209392532,0.18549164209392532,1.0,18,False,
bc1qbjjuidce74ahjoysj8oyrhkknnaeo0142jfutg,3.8878377217094706,3.8878377217094706,2,1781.4432989690722,1,1,420071.69027586223,420071.69027586223,-0.0,35,True,peeling
bc1qlu1eao1l9nypu87h0posqf4tiinjv5s1hhw9in,3.354751996421893,3.354751996421893,2,834.7826086956522,1,1,212511.41159105074,212511.41159105074,-0.0,35,True,peeling
bc1q5k5dj3rzql0h5qqjvwuptvn29mrqvd7x1jmh6t,-0.3225097487991382,0.4733664342369056,2,15.95420552118918,2,0,2772.670048281918,2772.670048281918,1.0,64,True,peeling
bc1q4u7s0kdy8lwkhrzfdyxsx2yp7vnsgolcbtl97p,2.9173657989909825,2.9173657989909825,2,630.6569343065694,1,1,106818.93301239774,106818.93301239774,-0.0,35,True,peeling
bc1q4ve41w4s6fuyc5atdzyumnqizkqoelu8a3pwjt,2.5450693332553564,2.5450693332553564,2,5400.0,1,1,986631.0777466844,986631.0777466844,-0.0,35,True,peeling
bc1qnbi5e0l1q9rvsf0s60kqhj9zu0f5e47rhow59q,-0.21838151254609728,0.21838151254609728,2,0.5117786083649739,1,1,116.01849117420119,116.01849117420119,1.0,60,True,peeling
bc1q7s44z78iy664l90fxv2yrelzawr7zj8fn2be6o,2.155046033242118,2.155046033242118,2,31.30434782608696,1,1,300.83121752168825,300.83121752168825,1.0,35,True,peeling
bc1qqph8a51gzfz7yhtd6oo7g5b0l8o9ics9jrmbk3,0.15382815293706134,0.15382815293706134,1,1.0,1,0,0.0,0.0,-0.0,37,False,
bc1qocjz5qde2y3znp8kaiwjwxyouhif806qxn6i8b,-0.6047480024770824,0.6047480024770824,1,1.0,1,0,0.0,0.0,-0.0,29,False,
bc1qlba0x9a8f8bor2keg7v48tpg7uv5ipbxmmnr1v,3.3312400046512978,3.3312400046512978,2,123.60515021459227,1,1,28479.765498171855,28479.765498171855,-0.0,35,True,peeling
bc1qc9qh1j5tac9pfhj1oycfz61i3eyj5q0s9ajygz,2.600012213660232,2.600012213660232,2,90.0,1,1,19578.882051858138,19578.882051858138,1.0,35,True,peeling
bc1qt1500eeod1vaa4ltv5lx9beahza9t0z6m9zmxz,1.1342802707359727,2.0030373641419126,3,0.4024382291475824,2,1,5.381274086324154,2.690637043162077,1.584962500721156,35,True,peeling
bc1qdzup68c656831fez0msg1b3jsu4vylcgauai0j,-0.3514233888994465,0.3514233888994465,1,1.0,1,0,0.0,0.0,-0.0,61,True,peeling
bc1qppyr6epm47whkumcisyoxomtf075g514a9969t,1.8979555305753995,1.8979555305753995,1,1.0,1,0,0.0,0.0,-0.0,35,True,peeling
bc1qte0y4hi5bhj3kfxsmtsvawnwgxv38pfitcgm6e,1.6144165850395669,1.6144165850395669,1,1.0,1,0,0.0,0.0,-0.0,35,True,peeling
bc1qpun6en1kq1yj94kic0giz3pxpqubpx8jrw1zdx,-0.36779684122368417,0.36779684122368417,1,1.0,1,0,0.0,0.0,-0.0,42,False,
bc1q21xg77flv7ejm1r1qjqmfd2smd7kl9intuo1r3,-0.5516921809913015,0.5516921809913015,2,12.31909888073002,1,1,611.8112766844422,611.8112766844422,1.0,49,False,
bc1q97lcpxxvk0qqxc9u2ho755lz2l2e9eu0g8lwdk,-0.2421351444877545,0.489126898843184,5,0.6282073840542934,3,2,2885.8133348727724,793.6393891441082,2.321928094887362,4,False,
bc1qyuztw32atxab0g3yvolllmju1bzqw29asaj7sr,0.0807945805530672,0.0807945805530672,1,1.0,1,0,0.0,0.0,-0.0,37,False,
bc1qhb9eeq0cx5j1iipnqrpjz3n3m4lhckxpda6c6w,1.2150136134778196,1.2150136134778196,2,111.34020618556701,1,1,4577.745029411712,4577.745029411712,1.0,37,True,peeling
bc1q9ozo13jf46de7kios320hmh74uz5lq0nh0rudb,-0.362779112464385,0.39414851043156474,4,0.5146088764075059,2,2,2075.33219925384,769.3866296796614,2.0,63,True,peeling
bc1qrsiv34j008cydvxvxyi1o46mzju1ucvm5o9coo,0.9372834470277709,0.9372834470277709,2,482.68156424581,1,1,63443.303443233264,63443.303443233264,-0.0,37,True,peeling
bc1qbk6dhx16h7009wvnf751vutpqcmsv1r9y7n17l,0.8024374139985138,0.8024374139985138,2,111.84466019417476,1,1,17905.745819738448,17905.745819738448,-0.0,37,True,peeling
bc1qouqjacpttcrdevcjzxcv21rx6mvfynetuy56h2,0.22970919648732152,0.6473336980548086,3,0.3817198600360513,2,1,488.8764160025706,265.5439556779207,1.584962500721156,37,True,peeling
bc1qtpwd0g2vorfsl0jjmby6i17etmysbtl03710me,-0.3871121949906939,0.3871121949906939,1,1.0,1,0,0.0,0.0,-0.0,62,True,peeling
bc1qatdux63rr8jpvq308n32k1ihkpju9hr6f27p6s,0.4259254693087196,0.4259254693087196,2,0.27022251134918907,1,1,59.02437514907923,59.02437514907923,1.0,37,True,peeling
bc1qa6ar1ar6ufcmvq9oat0leupk9iphptmqk0ymxn,-0.6030322344494934,0.603879934699395,2,0.25562735212667753,2,0,6.744496795213355,6.744496795213355,1.0,20,False,
bc1qxcijqn6c4w713qnvy4h03b27lak0pntkluuj7k,0.14516661490090996,0.14516661490090996,1,1.0,1,0,0.0,0.0,-0.0,5,False,
bc1qh5hzwr73yao3s0eoarrwws4fzrg4pb7qu3054o,0.343557576224275,1.065994075268512,4,1.0639738932331753,3,1,3616.040137703649,1562.3421242053535,2.0,14,True,coinjoin
bc1qxpfo86080yapig8ofsmnawy0peqlv488pkwtzv,-0.3618556706315165,0.3618556706315165,1,1.0,1,0,0.0,0.0,-0.0,61,False,
bc1qn0mwfs58bqzacgbvqcedniqb7r77iu31e90gdr,-0.533722323865502,0.533722323865502,2,0.26107885397261393,1,1,47.8912909892976,47.8912909892976,1.0,44,False,
bc1qh4217pftpybor9mm201lda71yp6e9kgy2twscw,-0.2117279060604232,0.2117279060604232,2,0.5566992374380237,1,1,89.36913859594247,89.36913859594247,1.0,2,False,
bc1q63tfms12wbake2dcq81uense13dww8dxajxmb5,-0.23827946243670112,0.23827946243670112,2,0.5437364891866294,1,1,0.0,0.0,1.0,3,False,
bc1q7ixhhkffn16db0ic1kxgjw2wzoiv10jh6zaz50,-0.1907389119581916,0.6004397474676736,3,0.40993718092273823,2,2,13102.219128051289,6575.0422287965575,0.8112781244591328,41,False,
bc1qsqc38seootuia4tndgdbnl7nfpe5hdpvqg527v,-0.4233023606315126,0.6068780361631914,2,107.06319702602231,2,0,26997.719889533124,26997.719889533124,-0.0,55,False,
bc1qj6jdpbj1npkmx0f6ov0ndyu5473ujs3ev33pv7,-0.5978626241374091,0.6019610357415011,3,0.40423448095169773,2,1,136.63344946194414,126.153366018532,1.584962500721156,17,False,
bc1q0lgrpzrxep46agyggfmnuf8z3hjeym4um75w15,0.08173695949886212,0.6796801449269766,4,0.6347375554890289,3,1,473.4987869734817,195.35778393136806,2.0,51,False,
bc1qygwr70iofifoq6pk5mssewkn8xqky9kvgcpm5f,-0.5783887043899526,0.6009690902591972,3,0.3858509412559806,2,1,189.1238207930334,97.9631398374073,1.584962500721156,43,False,
bc1qbcez15rvmk6ttgdl970sdotaiecevs40w58cm1,-0.5229480510619595,0.5229480510619595,1,1.0,1,0,0.0,0.0,-0.0,47,False,
bc1q1apgzmkbf6x3l8tvf7mwtz568d2iboctblrwu7,-0.6018837349548221,0.6018837349548221,1,1.0,1,0,0.0,0.0,-0.0,25,False,
bc1qht1u37eb8qhs9ckhawv8ab40oobagxkk36qstt,-0.4902610898971654,0.4902610898971654,1,1.0,1,0,0.0,0.0,-0.0,38,False,
bc1qg91hovsrm9xxk7ttma008wbgpfwcinvskhd1yu,-0.19126446320588672,0.19126446320588672,1,1.0,1,0,0.0,0.0,-0.0,52,False,
bc1qp93nyh90en4iedbtfdcdqvul7jmdxubc6a41l1,-0.6031262073824729,0.6031262073824729,2,0.2564456455440343,1,1,9.375604656604661,9.375604656604661,1.0,59,False,
bc1q2im29nnqpnji8fg7s1rdolpgu8nqpckbqrgery,-0.602839681376971,0.602839681376971,2,0.27092198136784246,1,1,0.0,0.0,1.0,6,False,
bc1qfjfzs958pcyhc065ju7yol6lbm0aj6x27o6qnh,-0.42689932682679793,0.42689932682679793,2,0.2696784926720176,1,1,2.640092724430571,2.640092724430571,1.0,54,False,
bc1qf6te8cp9k02psoi373dzwi7plc1kjg7dp5ulp2,0.19480499498357134,0.19480499498357134,1,1.0,1,0,0.0,0.0,-0.0,18,False,
bc1q1arvyxtuyl0bu1iadyw8wr4iji934qpvbxsm4n,-0.24809999711762537,0.24809999711762537,1,1.0,1,0,0.0,0.0,-0.0,33,False,
bc1qswuzjawga0xmvrustqfob80vwgc7dv5by0632g,-0.6047833661788965,0.6047833661788965,1,1.0,1,0,0.0,0.0,-0.0,14,False,
bc1qrx6a990bsh1fye7lft25h8gorm3zh476egqe8d,-0.6040517836759297,0.6040517836759297,2,0.2595112837849,1,1,1.0609121958645114,1.0609121958645114,1.0,4,False,
bc1qd60ajbv6jnsczkm9x9e82i5x65um4yrv8voygh,-0.28197479847868173,0.4041961462240907,2,0.27254703723389995,2,0,9.964268513949818,9.964268513949818,1.0,45,False,
bc1qvqizd82cudld5cxbbln1b5ou833z5gf0g46u2s,-0.41562362922066515,0.41562362922066515,1,1.0,1,0,0.0,0.0,-0.0,11,False,
bc1qupsrgi9p8tfxsw3hcdi74kzt22thw9p0ieihcj,-0.34592394346641614,0.34592394346641614,2,0.5536828883790678,1,1,13.70016322266799,13.70016322266799,1.0,0,False,
bc1qs0hcn1d53i0qaoyrxxo1id2cpdd8l0aihegyir,0.4576669039281548,0.4576669039281548,1,1.0,1,0,0.0,0.0,-0.0,49,False,
bc1qsbfdgj9kku7im2l184uvm6n6pwe3960bmtxv4l,-0.39219740739171366,0.39219740739171366,1,1.0,1,0,0.0,0.0,-0.0,14,False,
bc1q7xp2kugeorl0yb9c55c5mwbwacj28msabbkazj,1.1283430943154287,1.1283430943154287,2,1.982515316307565,1,1,0.0,0.0,-0.0,6,False,
bc1qfkplpcgbqlc9eyd3mynueuvld7p441jwyr248x,-0.5946175606037133,0.5946175606037133,2,0.524308431717019,1,1,0.0,0.0,1.0,19,False,
bc1qds7kvk1xv1jl7tg6cd2ipe7ykrz3fu0luzj486,0.7289115384970822,0.7289115384970822,1,1.0,1,0,0.0,0.0,-0.0,52,False,
bc1q4ulpqp81ycegnnjmxwepu44tm1quanx0h6vy9r,-0.5161917191528647,0.5161917191528647,2,23.2508073196986,1,1,299.42798185396384,299.42798185396384,1.0,21,False,
bc1qb890zm8jkx2y5l3eowr8j0jmmyr77yh3y8a6m9,0.4437567290226115,0.4437567290226115,1,1.0,1,0,0.0,0.0,-0.0,51,False,
bc1q682yf7qtz1ruy5r8t9450xpoi73t2gqyltx182,-0.3132006432388953,0.3132006432388953,1,1.0,1,0,0.0,0.0,-0.0,61,False,
bc1qjkd9ucegyua4qgvmdvmwtrshrbsh103uf8ri3p,-0.1673404501371807,0.1673404501371807,1,1.0,1,0,0.0,0.0,-0.0,41,False,
bc1qweyuk6bcdfqvdpmm9xagi30cn89yxjh8kgyzm5,-0.1046307124023988,0.1046307124023988,1,1.0,1,0,0.0,0.0,-0.0,62,True,peeling
bc1q095tkiziwwl0a9gq2ycqhcfb4mfpvk4wyziqou,2.2577682867399007,2.2577682867399007,2,138.90675241157555,1,1,1334.8780713181022,1334.8780713181022,1.0,5,True,peeling
bc1qcgspfrj2nwban52v58ng0dlhxbaac6qdcv2iyq,-0.34308060499133997,0.4886811906749878,2,0.5044092019650942,2,0,127.19495328583031,127.19495328583031,1.0,62,True,peeling
bc1q9gntdwhmbun6xbelko48dhcbzcxqud8m829a7z,1.8452958498635774,1.8452958498635774,2,271.6981132075472,1,1,85557.25562405183,85557.25562405183,-0.0,5,True,peeling
bc1qd5kgf39wf58yj9ohnjypogx49jmz43d3zb28mc,1.4728340947969902,1.4728340947969902,2,79.52139898757478,1,1,7016.255647753725,7016.255647753725,-0.0,5,True,peeling
bc1qlfqajgojcvj0s121mjdsrr2ku2nnu8uy5mruo0,0.4784904987996036,0.4784904987996036,1,1.0,1,0,0.0,0.0,-0.0,16,False,
bc1qcmblepso1gs58pkjousk57qntpapcjpuf7vxqo,0.1781898660839562,0.1781898660839562,2,33.417134016631216,1,1,5171.922986192576,5171.922986192576,1.0,5,False,
bc1qq1d05aqrjs9nptpr2pryvf3tiveh8vfnqgnrhp,-0.4372646349210047,0.4372646349210047,1,1.0,1,0,0.0,0.0,-0.0,31,False,
bc1q36ky6ydybv33yw1v49tdyf12chdaubm3bcoxz0,-0.3874695170872124,0.3874695170872124,2,0.5038796987219302,1,1,6.489051292325046,6.489051292325046,1.0,53,False,
bc1q1po9o2m470n9em9nr73wg5m296njwu73365rd4,-0.39718735038530173,0.39718735038530173,1,1.0,1,0,0.0,0.0,-0.0,62,False,
bc1q8412iaapi34zatz8rbj5yqwak59w803cqexufq,-0.4122254546299355,0.4122254546299355,1,1.0,1,0,0.0,0.0,-0.0,35,False,
bc1qjegy1lwb46t86lr6sakrafflaflgnftc46eljc,-0.43378281282892645,0.43378281282892645,1,1.0,1,0,0.0,0.0,-0.0,3,False,
bc1qu6vqs4hufn4vnboobck3ervkdxt3u6okgk8myd,-0.5926441066877423,0.5926441066877423,1,1.0,1,0,0.0,0.0,-0.0,5,False,
bc1q6nix9twu52iybhk3h3ys1duafa0xrjal1tpnsq,3.0034959098236103,3.0034959098236103,1,1.0,1,0,0.0,0.0,-0.0,35,False,
bc1qgcts8h5bqd2ugqbyns7easw23ogq7ysx5tuan5,-0.6071593728365149,0.6071593728365149,2,0.5472996085287523,1,1,0.0,0.0,1.0,32,False,
bc1qp1yvfkxvqvaeutj0w6m0jtqu72j7ij6lny6wng,-0.49476683145075406,0.49476683145075406,2,0.5485487900499345,1,1,7.064307698852615,7.064307698852615,1.0,44,False,
bc1qhysbz0oc7vuwkxt0azqg91z4pe05sa9c2ltwi0,-0.22636329500325755,0.5134067031391082,3,0.7250207688241069,2,1,995.2427302742021,501.1329852174827,1.584962500721156,21,False,
bc1qjhe9fi3m5rpbla6szo61lqonewrx4me6xkjupq,-0.5222427723943035,0.570761036328282,2,66.46153846153847,2,0,14817.419856574877,14817.419856574877,1.0,38,False,
bc1qdsp7iothieht1sem5pspu69cmnjtulr7z3uorw,-0.5166347459380083,0.5166347459380083,1,1.0,1,0,0.0,0.0,-0.0,42,False,
bc1qaobc3oko3vpk2u4avpmx5l77ibrsjox505xf36,-0.5305346349071688,0.5305346349071688,1,1.0,1,0,0.0,0.0,-0.0,49,False,
bc1qfoo36ud0cty1cerh6afbajfqp2i3x1ofpym49k,-0.6071183080814803,0.6071183080814803,1,1.0,1,0,0.0,0.0,-0.0,53,False,
bc1q5yjcofnumz98trmxu7u0c0y5f2t271b5o70axw,-0.6072022234636427,0.6072022234636427,2,0.48471112282994994,1,1,0.0,0.0,1.0,40,False,
bc1qz6r222h1d2ow25avpk9wfucweeemmv8b71kvax,-0.25645136008051794,0.25645136008051794,1,1.0,1,0,0.0,0.0,-0.0,29,False,
bc1qqud130iymn8x9ihjc5ysa4h7ilxi7t264w0hy3,-0.4469694416559222,0.4469694416559222,2,0.5211160568885029,1,1,83.65682936259527,83.65682936259527,1.0,60,False,
bc1q9shq8bc4pw8zw7nhpgjx19emf8rsjrrw24ivsr,-0.07245804633955863,0.5999523623672312,4,0.9654763966722354,2,2,835.0276777255756,347.1766334209938,2.0,13,False,
bc1qyvy96qzusofvd2ml0lrk4t0rdx0gh9q7i2hkr6,-0.09710826197155084,0.467735792458046,2,129.05153099327856,2,0,1240.1705158474379,1240.1705158474379,-0.0,57,False,
bc1qtlvu53y15caeelsx52gwa654nvguw6yz7ry21g,-0.5894317726945234,0.5894317726945234,1,1.0,1,0,0.0,0.0,-0.0,27,False,
bc1qnj8u81nwytau731qx4q7xolxcy6fd627dtq9ru,-0.5801397204955856,0.5969292209160669,2,0.5529440752106339,2,0,120.77890316665166,120.77890316665166,1.0,50,False,
bc1qbjjac9onqyqpx17nqgfxrk1mpla10ib26pzezw,-0.6002031365871756,0.6002031365871756,1,1.0,1,0,0.0,0.0,-0.0,43,False,
bc1qob7nbqw35f5sayrszqussjhmotoy9qjs7i58up,0.7849950966202978,0.7849950966202978,2,0.560691259640937,1,1,125.00459658813747,125.00459658813747,1.0,27,True,coinjoin
bc1q6j3vme942hqfxclq08jt6gk3lv323xqpluyg3h,0.7849950966202978,0.7849950966202978,2,0.506645321886902,1,1,110.57118863235134,110.57118863235134,1.0,54,True,coinjoin
bc1qd6oi9di53cd0znuajpbpkvcm2cd1w6rud5wc9f,0.7849950966202978,0.7849950966202978,1,1.0,1,0,0.0,0.0,-0.0,14,True,coinjoin
bc1q2tbw4pyx3s63lc6p0drqfvfa5qub00mf9awrzv,0.09017600019560576,0.7849950966202978,2,0.5397554233238064,2,0,83.5371902156892,83.5371902156892,1.0,38,True,coinjoin
bc1qzzg9bcdc25dmup1yvwqj8vv457gnvba43ijwef,0.7849950966202978,0.7849950966202978,1,1.0,1,0,0.0,0.0,-0.0,3,True,coinjoin
bc1q7r1bllypgw00jyj2dsaexmojd85dw1nn9f7qa1,0.7849950966202978,0.7849950966202978,2,0.5435705792423985,1,1,10.409509307486754,10.409509307486754,1.0,29,True,coinjoin
bc1qu2rup7fahiapjy1zb62g6b4tsg0s0u50ap1wns,-0.6013641182974674,0.6013641182974674,1,1.0,1,0,0.0,0.0,-0.0,15,False,
bc1qqhacmeyp17x89nadhe709hkd6k7rmnzsyhripv,-0.32528128834733006,0.6004699630497422,4,1.0236117857523666,2,2,131.2490688284806,84.6885051165916,2.0,56,False,
bc1qo3lfln7ft5hkojj9vynhccy7b0u2hvmbn4hzwc,-0.15270676349678397,0.15270676349678397,1,1.0,1,0,0.0,0.0,-0.0,48,False,
bc1qixwmvxxogwynkflttu2a8ts171sd6qk06hoi9s,-0.39889727483333964,0.39889727483333964,1,1.0,1,0,0.0,0.0,-0.0,52,False,
bc1qbkski19ur8nzjee1b34rqvzyie8mylacydctq1,0.5423944492030878,0.5423944492030878,1,1.0,1,0,0.0,0.0,-0.0,46,False,
bc1qajneq5d5dui7a6cv41cowftahqbbu55dva51nn,-0.6046367357769391,0.6046367357769391,2,34.965600971266696,1,1,1337.876826364595,1337.876826364595,1.0,36,False,
bc1qplcl4j7rb6x38dhevpb5v72kalwhuyoiuinxs8,-0.6040833317933294,0.6040833317933294,1,1.0,1,0,0.0,0.0,-0.0,7,False,
bc1qmdlsxjn82ijw95mz08n0xcs16ahanmvtvoav41,-0.6043185654916939,0.6043185654916939,1,1.0,1,0,0.0,0.0,-0.0,58,False,
bc1qxxy6wkhvpp55u1r8a5j8ur63nyir1dkf84qyup,0.2136025694808606,0.2136025694808606,1,1.0,1,0,0.0,0.0,-0.0,52,False,
bc1qkh5nnaubfwapukhl6j3yvhwb2asflxezxpfhak,-0.014223458512846354,0.014223458512846354,1,1.0,1,0,0.0,0.0,-0.0,27,False,
bc1q9t6m7rjbn9qb1jfegh1vowd186t2pxm8ec4nnz,-0.11574420130693068,0.6054713356247265,2,4.379451047976278,2,0,687.2514715296961,687.2514715296961,1.0,12,False,
bc1qcyx97i98ufqau5sefmm3jt4lmag75to3e1e42t,-0.489448088798597,0.489448088798597,1,1.0,1,0,0.0,0.0,-0.0,3,False,
bc1q3i6kdpr2vz5ux0l45ubmr81mzap796iqphxi17,-0.20473055697487758,0.20473055697487758,1,1.0,1,0,0.0,0.0,-0.0,57,False,
bc1q88rbywcybo1y97jylaqs4fusnzdwp73wuqaygi,-0.1468485844414075,0.1468485844414075,1,1.0,1,0,0.0,0.0,-0.0,41,False,
bc1qmyz20fed9q7gqjt510lk872pk69cdotvoiwatx,-0.6019812985210197,0.6019812985210197,1,1.0,1,0,0.0,0.0,-0.0,17,False,
bc1q1phjhddqef0s9kai1x2iuxorjgru9td57rezw3,-0.5182007737421391,0.6037821272929693,2,16.578720138156,2,0,3621.269715984567,3621.269715984567,1.0,30,False,
bc1qroxil6rsofrvaf6ytcmbvptgsivhxlwi1cuf8g,-0.5870576412026027,0.5870576412026027,2,8.500172167839048,1,1,109.46671066646952,109.46671066646952,1.0,44,False,
bc1qgpw3o4dp632f93ntcunbdzcf5akd95bu1etllg,-0.6012853166913563,0.6012853166913563,2,4.404567699836868,1,1,870.2669367863448,870.2669367863448,1.0,24,False,
bc1qg5yxzouup1kzvjh5ozyr4n26smmqz6nev8soty,0.22693317737662927,0.22693317737662927,1,1.0,1,0,0.0,0.0,-0.0,1,False,
bc1qsnles1d3q9540h2yiwby2vg6c7nnlknwt9yxy1,-0.5886848248228164,0.5886848248228164,2,11.62227602905569,1,1,0.0,0.0,1.0,21,False,
bc1q3o9ycm9po2fknvzddh16359ll2j2ng1gag5t3l,0.13668191941441515,0.13668191941441515,1,1.0,1,0,0.0,0.0,-0.0,35,False,
bc1qw5f0v5vyk7cf2j4l3vv7rmn41r7cx7m59pcyd2,-0.6023659478949331,0.6023659478949331,1,1.0,1,0,0.0,0.0,-0.0,18,False,
bc1qjvrqvqlq93bvmy7twy6h7tnvokeynjtps9o5sr,0.040255521009611814,0.040255521009611814,2,6.229496376942211,1,1,1388.84933224322,1388.84933224322,1.0,42,False,
bc1qpuc8eylb0wvy2jkqqnj0rocmqxtjbldwv7naqg,0.15940021124252618,0.15940021124252618,1,1.0,1,0,0.0,0.0,-0.0,33,False,
bc1quq1ik8238xkexnbtbcgtijst72v3m4lkmswvbc,0.6356101964556831,0.6356101964556831,2,17.871548246974868,1,1,0.0,0.0,1.0,10,True,peeling
bc1qp4xgq78u42i3p4lfdj2q8d5z85461bochtcx5r,-0.46651992265584463,0.46651992265584463,1,1.0,1,0,0.0,0.0,-0.0,1,False,
bc1qwzsv6y39m3jgw8p3t53xr9d129kz24i11qjd5l,-0.585297300211627,0.585297300211627,1,1.0,1,0,0.0,0.0,-0.0,19,False,
bc1qhpl2iljl8vj61tyjavf61dm78ui5mgab1w1hgw,0.5014516623636467,0.5014516623636467,2,11.719226856561546,1,1,0.0,0.0,1.0,42,True,coinjoin
bc1q5f6y1nm7935krnm7th9iiukcum8smqp72t4yur,0.5014516623636467,0.5014516623636467,2,4.746209624258405,1,1,621.8029867254098,621.8029867254098,1.0,59,True,coinjoin
bc1q03iqhycvpnx4yk1w031mpyynq66q73smql2tbe,0.5014516623636467,0.5014516623636467,2,9.104800042151853,1,1,317.3928570958305,317.3928570958305,1.0,49,True,coinjoin
bc1qr5xej2vbqkuw37j9ggfwj6jyidr6x0accho6v8,0.5014516623636467,0.5014516623636467,2,9.193445413917855,1,1,1346.4284645307735,1346.4284645307735,1.0,20,True,coinjoin
bc1qco2jep91oxjcbyhgmn9ztdy61aa0c5hdfub4rc,0.5014516623636467,0.5014516623636467,1,1.0,1,0,0.0,0.0,-0.0,17,True,coinjoin
bc1qrh4k4jken2cqxrqtwceecfvsjw7tbddcmoq5pl,-0.5527641301090099,0.5527641301090099,1,1.0,1,0,0.0,0.0,-0.0,63,False,
bc1q1794auww4h3rkzof1tk4g5awtaqbao1mjm31pk,-0.5878084046587242,0.5878084046587242,2,4.72273087539971,1,1,172.66215417054167,172.66215417054167,1.0,59,False,
bc1qsd2gniib1b87t939a6spzd1skziol3qrdedodu,-0.6051480721696464,0.6051480721696464,1,1.0,1,0,0.0,0.0,-0.0,41,False,
bc1q68459696em7r3qcqaooxj93dri54pugq9mlpnu,-0.6050280340900301,0.6050280340900301,1,1.0,1,0,0.0,0.0,-0.0,6,False,
bc1qx0bj05mxcpxcx1w80wiixrrmvcdwx9my4i11de,-0.6023963145892558,0.6023963145892558,1,1.0,1,0,0.0,0.0,-0.0,25,False,
bc1qhipc9spw17kf6jzqf2rkaorexft0sazwvmpgzb,-0.603725147670089,0.603725147670089,2,5.188098597892335,1,1,128.37275469087277,128.37275469087277,1.0,13,False,
bc1qlj2np6i5gse146oojjdp5j7qmg1k4o27evcnqi,-0.6035782974684893,0.6035782974684893,1,1.0,1,0,0.0,0.0,-0.0,37,False,
bc1qz8rptsetigpr1hvtw5eje32te5x53lrzmo3dxu,-0.6063526394621198,0.6063526394621198,2,9.02491251893247,1,1,116.22440910527283,116.22440910527283,1.0,44,False,
bc1qx7lju6adqc59z6nsm3v3dqju7asxb25t0fw5jd,0.005512138432641332,0.005512138432641332,2,57.79264214046823,1,1,0.0,0.0,1.0,58,False,
bc1qqeagtnp9baaua551saia7qf850w2xwb1gqc4c1,-0.6057220995415628,0.6057220995415628,1,1.0,1,0,0.0,0.0,-0.0,11,False,
bc1q9ca26qex3zl3fuht4lg5hu63rxwmdv107m4sq8,-0.22660255492736026,0.22660255492736026,1,1.0,1,0,0.0,0.0,-0.0,26,False,
bc1qw0dljt3uwewsmstrvbb5pt28mta5x93uxm2c6k,-0.514304691143095,0.514304691143095,1,1.0,1,0,0.0,0.0,-0.0,2,False,
bc1qh1xllf6em3znwsztpvadzueh4jgw9krbe6eyox,-0.5611179726866165,0.5611179726866165,1,1.0,1,0,0.0,0.0,-0.0,39,False,
bc1q87tletbw4ybypjqwys36eyfa2u5qh1ptxgsrmq,-0.49380321264734334,0.49380321264734334,1,1.0,1,0,0.0,0.0,-0.0,54,False,
bc1q4iqsejwska3ylbxn1rp6x4svxhx4nwlkgsdg5x,-0.5741276971453061,0.5741276971453061,2,10.232117479867362,1,1,0.0,0.0,1.0,32,False,
bc1qn3t85svp9io1q9hw1o8thscwd7x2n8lytg2ol0,-0.49974365515319613,0.49974365515319613,1,1.0,1,0,0.0,0.0,-0.0,6,False,
bc1qkfw21kmn17plu4xodbsqh2ziulgi0juggns8gm,-0.2745405615433128,0.2745405615433128,1,1.0,1,0,0.0,0.0,-0.0,26,False,
bc1q4cdngzjhd2vsoezfdj6bsc8awrikhkog95n8in,-0.3276419330705777,0.3276419330705777,1,1.0,1,0,0.0,0.0,-0.0,58,False,
bc1qjx084dehnsb02lnnw139mxfgbl0m3i1689want,0.5264177592736723,0.5264177592736723,1,1.0,1,0,0.0,0.0,-0.0,23,False,
bc1q8osvc1u5w2k2ub5zr8346aw0ewayaj5nd3ao4m,4.183338823174725,4.183338823174725,2,5958.620689655173,1,1,1445850.195991932,1445850.195991932,-0.0,31,True,peeling
bc1qr2zehkbicicdbpu4d4niv12dkz49foeffo48ea,-0.259714790621818,0.259714790621818,1,1.0,1,0,0.0,0.0,-0.0,63,True,peeling
bc1q1w7kf0fkaiezadesvtyjicvrd7m1v9e79gk0so,3.8321230079921436,3.8321230079921436,2,1270.5882352941176,1,1,145565.2132159947,145565.2132159947,-0.0,31,True,peeling
bc1qagxbbi7ne86zmq0pr72pvk3yuz5h0gk8fkffgf,3.3174793484523852,3.3174793484523852,2,4214.634146341464,1,1,614892.172645919,614892.172645919,-0.0,31,True,peeling
bc1qhvbfy15k945y9kgmfvf3nys3uui5xbof8yh8km,2.861793910394307,2.861793910394307,2,1289.55223880597,1,1,7368.419202673267,7368.419202673267,-0.0,31,True,peeling
bc1qc67aibxjunms9m6egzgaap5uvk3oqqwm0dt08n,-0.3854657491372497,0.513879238026222,3,26.87402799377916,3,0,11624.33854061268,7886.8894198464595,1.584962500721156,62,True,peeling
bc1qnu1uxf45x0ley2wz6ddy65mox9fxq6s27380uk,2.4572630853009456,2.4572630853009456,2,1858.0645161290322,1,1,173141.17330595787,173141.17330595787,-0.0,31,True,peeling
bc1qfpj0i9wkh5z649hcf4j2bcy7txb60i8c9fn01j,-0.3845974226370668,0.3845974226370668,2,16.706951561442523,1,1,1250.5883655069467,1250.5883655069467,1.0,61,True,peeling
bc1qppqpxykfo7iqxbs000dk4k1nvkeeslvakv3x2c,2.2318053675430094,2.2318053675430094,2,1818.9473684210525,1,1,160487.61602704044,160487.61602704044,-0.0,31,True,peeling
bc1qhzocjecb4yhbm2hnsqlnap8meesmcouez7ryc2,2.05296003445559,2.05296003445559,2,4320.0,1,1,801898.4164597031,801898.4164597031,-0.0,31,True,peeling
bc1qj1wjbd48ajzr8mezrrcfplbxl30kaszbvye1ii,-0.39361532801504073,0.39361532801504073,1,1.0,1,0,0.0,0.0,-0.0,63,True,peeling
bc1qby7uxu23vd141avye45qz9vx4xsq60mv6w2jgz,1.8367592026710189,1.8367592026710189,2,2700.0,1,1,71237.06127524226,71237.06127524226,-0.0,31,True,peeling
bc1q46t5bc1u0zq3g0rrsxqsaaye8s2wcz5g19qguy,1.6220259799663972,1.6220259799663972,2,2832.786885245902,1,1,358505.093936856,358505.093936856,-0.0,31,True,peeling
bc1q0yn4o5u58pdd8taiauxy9or1ati2huxmozxraz,0.4335357056560551,1.4402863526649672,2,5.860607088350008,2,0,223.78448336552572,223.78448336552572,1.0,31,True,peeling
bc1q13m9npk2v014jponzv1v8pdewd6l5hrjae8qk4,-0.11139640811968983,0.21489770882286946,2,32.64072534945221,2,0,7042.173711257268,7042.173711257268,1.0,39,False,
bc1qz91playybgrxh5lqxxeglziubhuhrtpmo841lc,-0.06890249692217243,0.06890249692217243,2,15.79091656766883,1,1,154.58957638529708,154.58957638529708,1.0,56,False,
bc1qardaaw2afi63ovwumzt2eoda5jjvk2ky6oc8fy,-0.02526536142139737,0.02526536142139737,1,1.0,1,0,0.0,0.0,-0.0,3,False,
bc1q9y5edm228gn0gx4ozv6zvnsoj9uhgv9m58tgtu,0.19599740460833348,0.19599740460833348,1,1.0,1,0,0.0,0.0,-0.0,41,False,
bc1qk0xl26f1poasvba8pl5qyzenpt1h3jwbxzwaiu,0.9353105529140138,0.9353105529140138,2,774.8878923766816,1,1,132986.77048218148,132986.77048218148,-0.0,10,True,peeling
bc1qs9kt9ez29gu65m7aa62dbksrpams126i93cvf9,-0.37768400953990006,0.37768400953990006,1,1.0,1,0,0.0,0.0,-0.0,64,True,peeling
bc1q0m1shrskr6l5a2lse3v3czbsq5mbl8l24w3zxo,0.7041447655188708,0.7041447655188708,2,1416.393442622951,1,1,242786.09371876862,242786.09371876862,-0.0,10,True,peeling
bc1q1dpiwpzxs12fzxotcszy0rcnj6brjdna0c0fos,-0.48000950407723,0.48000950407723,1,1.0,1,0,0.0,0.0,-0.0,60,True,peeling
bc1qh4lv73qi3urnjek91kegj52t2pm318giyrnq1m,0.5755397544405939,0.5755397544405939,2,445.36082474226805,1,1,1820.6866523807075,1820.6866523807075,-0.0,10,True,peeling
bc1qwlok7gbupl5roszhx14a80q15fqjit6f5q4myi,0.45197204287569864,0.45197204287569864,2,480.0,1,1,0.0,0.0,-0.0,10,True,peeling
bc1qilj42cw9j51kpsz6w8wbzo547gfpqeqqr7d6e5,-0.4749782284477933,0.4749782284477933,1,1.0,1,0,0.0,0.0,-0.0,63,True,peeling
bc1qf0h74isrcaxhcyep5zplyo0su0r7g0sgq9werx,0.4421530399235312,0.4421530399235312,2,505.2631578947368,1,1,86713.59595767973,86713.59595767973,-0.0,10,True,peeling
bc1qxmvmtyglfs9awkc1imek33dc5sggceuddva3pq,0.3094620359209487,0.3094620359209487,2,294.88054607508536,1,1,0.0,0.0,-0.0,10,True,peeling
bc1qhokm948iy00g0bf8zq1vkvv411qizrmt0nhb62,0.34780595300302136,0.34780595300302136,2,744.8275862068966,1,1,14034.542713914108,14034.542713914108,-0.0,10,True,peeling
bc1qppp4kyz6sex7geoqgfa32j5ufvfcwgq8x2mpxt,0.2404313275496926,0.2404313275496926,1,1.0,1,0,0.0,0.0,-0.0,10,True,peeling
bc1qhfvsv3v4bnax29w7rpp9cwnbil8b5l9jpa21e5,-0.5506322143884642,0.5506322143884642,1,1.0,1,0,0.0,0.0,-0.0,61,True,peeling
bc1qj7o6rhd5e9jlwxwu1r0dn952b5ikro8ua4nuth,0.25240431204586444,0.25240431204586444,1,1.0,1,0,0.0,0.0,-0.0,10,True,peeling
bc1qowkvn4hjvhc4o8nm292mg1807y9t4xy8a29rjj,-0.577115440550962,0.577115440550962,1,1.0,1,0,0.0,0.0,-0.0,53,False,
bc1q1y2d6unuwixuy3opa59f96ls9tzj9vfa9sxvf1,0.015880008566427867,0.015880008566427867,2,7.892212833980361,1,1,1683.7367706536506,1683.7367706536506,1.0,54,False,
bc1q23lshz8brhq1fnttuyshcjqt2javyejl0ti4nr,-0.3930575726853887,0.3930575726853887,1,1.0,1,0,0.0,0.0,-0.0,39,False,
bc1quyfliuf4pjdf8129tc6cgelvd3dd4sijzv07ey,-0.5982788078912445,0.5982788078912445,2,296.9072164948454,1,1,0.0,0.0,-0.0,21,False,
bc1qapun9woqih029nlklog2arxxlhy4uxmwa178fx,-0.6028678397717631,0.6028678397717631,2,6.257921993264042,1,1,1451.1162762182898,1451.1162762182898,1.0,4,False,
bc1qpif8rdzrq8eb7u6606u00dmdlm9nwjwfdhtf1r,-0.6027441749980499,0.6027441749980499,2,116.051040967092,1,1,27365.314947453753,27365.314947453753,1.0,21,False,
bc1qzflmr19ik85encce4haecp3gkqryy8nxw068ax,-0.5266217273323853,0.5266217273323853,1,1.0,1,0,0.0,0.0,-0.0,2,False,
bc1qchaqpkwqzzgus8p6wklx2wedf43390f8nuix6h,-0.5768563414195678,0.5768563414195678,1,1.0,1,0,0.0,0.0,-0.0,42,False,
bc1qeu6rln7ogkh50k2t9z04q3qtmaymywc94twkc0,-0.6057136406897061,0.6057136406897061,1,1.0,1,0,0.0,0.0,-0.0,9,False,
bc1qto9qesos0zxkqkp90ne6yiwds2slr4ehmw5mxv,-0.6054630897037733,0.6054630897037733,1,1.0,1,0,0.0,0.0,-0.0,21,False,
bc1qaard7dq8vdgwmqebn26f4dqwml7o610hlsefgb,3.2519796938586993,3.2519796938586993,2,654.5454545454545,1,1,154344.5225634797,154344.5225634797,-0.0,41,True,peeling
bc1q5dkqbo8pnbifeuo4w2c0pmou6ez96sjmhj6c6a,-0.28310513702791335,0.28310513702791335,1,1.0,1,0,0.0,0.0,-0.0,60,True,peeling
bc1qb5gtnobc2f8dnz3lvr26ompi8yh6grbkcy7qfu,2.9261609202597025,2.9261609202597025,2,597.923875432526,1,1,53567.250507424214,53567.250507424214,-0.0,41,True,peeling
bc1qf0bro5xyt861sechxg7fhi7fhrbksbxwjtvtok,-0.17164480026857037,0.17164480026857037,1,1.0,1,0,0.0,0.0,-0.0,63,True,peeling
bc1qd7gd0nwevhvqe5kn0w0brnb84xx9jc01jr5gxq,2.4880160328480727,2.4880160328480727,2,1489.6551724137933,1,1,493244.08317046345,493244.08317046345,-0.0,41,True,peeling
bc1qjy193at6mdvbo10ggov1crmgvgq2uokff5v7ij,-0.3130666032351947,0.3130666032351947,1,1.0,1,0,0.0,0.0,-0.0,61,True,peeling
bc1qtl48ornrfj6ns395pavh9ks02qh4e3u4ooxa8r,2.1923104215531946,2.1923104215531946,2,1382.4,1,1,335437.2454701282,335437.2454701282,-0.0,41,True,peeling
bc1qyxaqafb6qdfe2k3ruuwy9zw5lf30ei0iou8h1b,1.9144842404375522,1.9144842404375522,2,838.8349514563107,1,1,0.0,0.0,-0.0,41,True,peeling
bc1qxa23bt0jwi0p91lerver2yzrgf29il1o5g5u6j,-0.45491624963980126,0.45491624963980126,1,1.0,1,0,0.0,0.0,-0.0,63,True,peeling
bc1qdzo392ptg8325iupz883lfuok8cysh6xqguudj,1.7602354420710635,1.7602354420710635,2,1225.5319148936169,1,1,31318.038247828295,31318.038247828295,-0.0,41,True,peeling
bc1q8q0p5mw1c8n3vo0en9uu2y4ix0hy9kdppeq1zj,1.4760405663216265,1.4760405663216265,2,1781.4432989690722,1,1,292449.69702600606,292449.69702600606,-0.0,41,True,peeling
bc1qgsy5ybipdlbg7t0lshgdkh8dhx09z9cpcywc9i,-0.48084293967378744,0.48084293967378744,1,1.0,1,0,0.0,0.0,-0.0,64,True,peeling
bc1q31jwz55h7w8fkroufyb7e8v0mtb77meuuydux8,1.3475195152723145,1.3475195152723145,2,470.84468664850135,1,1,72488.8211412554,72488.8211412554,-0.0,41,True,peeling
bc1qiqknppajiyryyiqezrp1482gqt1kaywq9p94jt,-0.1131099901711494,0.23540413967931026,2,27.437281676722765,2,0,268.60491177902605,268.60491177902605,1.0,7,False,
bc1qj4pki46ji5enmmpvckjmxcmhycsxf1gehw9rh3,-0.2587092450366508,0.2587092450366508,1,1.0,1,0,0.0,0.0,-0.0,41,False,
bc1qzxfmx9iyhosdqe3nhwvl9v73puwsxvti2v0zsl,-0.06606561849595645,0.06606561849595645,1,1.0,1,0,0.0,0.0,-0.0,42,False,
bc1ql55uqolf8mjl8n0ywq7an7p72i82xp3rcxuox1,-0.3535843559508308,0.3535843559508308,1,1.0,1,0,0.0,0.0,-0.0,61,False,
bc1qrsufv3dzwavmc0kjy4guz9lisybw6mzkntk3ih,-0.4695499855061596,0.5701578477257058,3,13.52183212478481,2,1,0.0,0.0,1.584962500721156,55,False,
bc1qukhe2o1j4juhwu5k78y0whkyi1w8z6qt33d4f2,-0.595611473979689,0.595611473979689,1,1.0,1,0,0.0,0.0,-0.0,59,False,
bc1qx3t8c7itiouray2ymvl2pjccxgk2ysi9zf3xiz,2.0026887722124345,2.0026887722124345,2,1600.0,1,1,256854.351752955,256854.351752955,-0.0,59,True,peeling
bc1qxxwnrsnimux73a4rh7gn938ky4yuowziut00aa,1.8226494359528473,1.8226494359528473,2,1781.4432989690722,1,1,65129.23256645309,65129.23256645309,-0.0,59,True,peeling
bc1qajn23t8agedxqwbmj6v9ic8haj0irsc965qv3q,1.605635575594752,1.605635575594752,2,2335.135135135135,1,1,270557.71170929744,270557.71170929744,-0.0,59,True,peeling
bc1qp7xhz2fdnptwefkf4hn6mgwnomfug7lvv0kk1r,-0.39711432882290754,0.39711432882290754,1,1.0,1,0,0.0,0.0,-0.0,63,True,peeling
bc1q71phquz3mpkst69pv6lr0lu57bq0u75cnxle9l,1.3940396596492202,1.3940396596492202,2,1489.6551724137933,1,1,57966.30526641075,57966.30526641075,-0.0,59,True,peeling
bc1qb1yoa8os23sbkp1l4wfxfmd13ug3zj395eri8d,1.2222139681391868,1.2222139681391868,2,1234.2857142857142,1,1,191028.66972572723,191028.66972572723,-0.0,59,True,peeling
bc1q8j1ui9l69isxuwvw1pm77xvmezxleaycdy1q1e,1.0891226746443978,1.0891226746443978,2,6646.153846153846,1,1,1028615.913907762,1028615.913907762,-0.0,59,True,peeling
bc1qbyk9l1wdx68c4nr1h69m0gakaskdst7ojbqplb,-0.4501579376910667,0.4501579376910667,1,1.0,1,0,0.0,0.0,-0.0,60,True,peeling
bc1qne9ebhnqqa4p29xb4o6pjhnd3j5h4l1m3tfqco,0.9307726313190541,0.9307726313190541,2,3600.0,1,1,557166.9533667044,557166.9533667044,-0.0,59,True,peeling
bc1q54xreazmce71j9znd8qzv5u7xhruszvd006t5e,0.8107801910378815,0.8107801910378815,2,2187.3417721518986,1,1,512134.27178616286,512134.27178616286,-0.0,59,True,peeling
bc1q7hdijwpy51fs1ois1wbscyg037gbkk3ilvs5uo,-0.4894991956497864,0.4894991956497864,1,1.0,1,0,0.0,0.0,-0.0,62,True,peeling
bc1qjme129ymwaz5gke1rzt23942irjji6cmyul3di,0.6922933611341803,0.6922933611341803,2,1167.5675675675675,1,1,285935.9751205953,285935.9751205953,-0.0,59,True,peeling
bc1q4w7rpnkgd8abfs83jq1nkwm3n3e1i0b4dj7n79,0.6120460915636612,0.6120460915636612,2,8.732123907221183,1,1,1022.3662029218139,1022.3662029218139,1.0,59,True,peeling
bc1qv0pmqf6br2led4ouv73l5kkynlckllzssxon55,-0.45834638790662935,0.45834638790662935,1,1.0,1,0,0.0,0.0,-0.0,37,False,
bc1qv6j9rufivipv8mswrr90909jfjfl12z4yjdkei,-0.4922346491337982,0.5346668097969299,3,15.908672436015467,2,1,286.9572585937968,191.0621819377794,0.9182958340544896,56,False,
bc1qii7vxtrqindamt8qm76287fdv21ndcs1uyszde,-0.5682423178842029,0.5682423178842029,1,1.0,1,0,0.0,0.0,-0.0,61,False,
bc1q84baxy8qegexas2r8lriubr6d6nwtv79bke94x,0.4402501794707816,0.4402501794707816,1,1.0,1,0,0.0,0.0,-0.0,17,False,
bc1qhd1qsmpm675bnkafpcxede4nabh41m4i299ij2,-0.14358857109767031,0.14358857109767031,1,1.0,1,0,0.0,0.0,-0.0,53,False,
bc1q83dyj6s5ibgg2tgg48lefx70h1dffpnnqk0gm5,-0.0727164568798861,0.0727164568798861,2,10.403997832500451,1,1,0.0,0.0,1.0,13,False,
bc1qhmm04k3hf9pqn4g6rckpa29mff0gbvp8fkqbjr,-0.5345731717149679,0.5345731717149679,2,12.037617554858935,1,1,0.0,0.0,1.0,33,False,
bc1q4i5vgd1x8l3jda0hxv2zottsmznms8ijjunwu1,-0.12693415301200536,0.12693415301200536,1,1.0,1,0,0.0,0.0,-0.0,20,False,
bc1qlsvryl36q556rglcsma48s15jd466y42oczuvq,-0.35477844841660383,0.35477844841660383,1,1.0,1,0,0.0,0.0,-0.0,43,False,
bc1qclo2d8fu8kxhrtauzf01svb8q3518rwdj4vtrz,-0.41221750406475144,0.41221750406475144,1,1.0,1,0,0.0,0.0,-0.0,4,False,
bc1q8w63qbvqchny2n5tna623br3d71eezuh9wl4b7,-0.5671325700967687,0.5671325700967687,1,1.0,1,0,0.0,0.0,-0.0,53,False,
bc1qsrc4dwc279igffen1677snpfc5a23jk3ol8z7f,-0.3289368517534878,0.3289368517534878,1,1.0,1,0,0.0,0.0,-0.0,39,False,
bc1qkp748ffoywwadsq32ql5g0trhc76wiz6p51pub,-0.5664867231917516,0.5664867231917516,2,283.27868852459017,1,1,0.0,0.0,-0.0,44,False,
bc1qk9lj3lsjkoqzey6qmjq0h4s41f2gqn8j0we511,-0.5924761351142716,0.5924761351142716,1,1.0,1,0,0.0,0.0,-0.0,57,False,
bc1qio16um6tt9h9l80hnsfe1v0onrnvwx994wah3q,-0.5665512584273338,0.5665512584273338,2,11.728772144166157,1,1,2765.6929312942807,2765.6929312942807,1.0,9,False,
bc1qdnfcijtet57muchv5nnp011e2cxv3cx4kafrea,-0.6012447705261026,0.6012447705261026,1,1.0,1,0,0.0,0.0,-0.0,32,False,
bc1q53pixdi0qiv55rcd48p6eh2y205kh0405crzet,-0.048058622099357934,0.048058622099357934,1,1.0,1,0,0.0,0.0,-0.0,33,False,
bc1qvllbtxjuvrm28r3xmv6uvg7kmk07faewve14ql,-0.45738531740532085,0.45738531740532085,1,1.0,1,0,0.0,0.0,-0.0,43,False,
bc1q5nyq3yhgmlt43e90eqeihuo63wedplhrtc7i85,-0.10856281123344501,0.10856281123344501,1,1.0,1,0,0.0,0.0,-0.0,62,False,
bc1qzrv2h24p1avftxxzufzrdix2bv50m3nvyx9t80,0.12308299110538662,0.12308299110538662,1,1.0,1,0,0.0,0.0,-0.0,50,True,coinjoin
bc1qsujckuh1dl1zl8g0esoy2z1ogy0t5fxpmdzcp3,0.12308299110538662,0.12308299110538662,1,1.0,1,0,0.0,0.0,-0.0,58,True,coinjoin
bc1q2spxkklj7hax23180qkxkp43mdhohgn48ipbqm,0.12308299110538662,0.12308299110538662,1,1.0,1,0,0.0,0.0,-0.0,22,True,coinjoin
bc1qa7zp8pwn40e1jjdzcya1jusshu1bacxf6rnh5e,0.05085255974538492,0.05085255974538492,1,1.0,1,0,0.0,0.0,-0.0,12,False,
bc1qdldsc0q0dbszyleol2mywgd245m0rrcdw26uel,-0.28549463732294333,0.28549463732294333,1,1.0,1,0,0.0,0.0,-0.0,6,False,
bc1qjyot59he2ahozlv48pqxkzkjfs59h9xdelltrq,0.40479372564196386,0.40479372564196386,1,1.0,1,0,0.0,0.0,-0.0,7,False,
bc1q36mhcclxntxlpup0t2k5clf0xsz6xj3anq6v09,0.037156957371835914,0.037156957371835914,1,1.0,1,0,0.0,0.0,-0.0,42,False,
bc1q9pyqld56yjv601s9bay6b0m1g0e5h0e8bcaokp,-0.4998392302195054,0.4998392302195054,1,1.0,1,0,0.0,0.0,-0.0,63,False,
bc1qmszr0mzrd5d7vkc5bnz72wuma4800hersosp89,1.650614223868222,1.650614223868222,2,296.3979416809605,1,1,72587.52027075147,72587.52027075147,1.0,45,True,peeling
bc1q956jd1bpo49im4knpi91py9t27yfzrklsppczu,1.213718320448644,1.213718320448644,2,88.38874680306905,1,1,20842.431691436646,20842.431691436646,-0.0,45,True,peeling
bc1q9z9e076wyk3x5zn9c56b1ubb25k9qhzgirickw,1.0017682282889728,1.0017682282889728,2,93.81107491856679,1,1,0.0,0.0,1.0,45,True,peeling
bc1q12q4x0808xgbde6tez66190ruiijc57v3wpxwd,0.6986665170138385,0.6986665170138385,1,1.0,1,0,0.0,0.0,-0.0,45,True,peeling
bc1qpn1qy8ecv84xvdn0a59wagp510lgs48a8hts1p,-0.43024709517769794,0.43024709517769794,1,1.0,1,0,0.0,0.0,-0.0,28,False,
bc1q2k6mu0d1tt03vszvgghugt7sayqn92t2krynla,-0.547216727141539,0.547216727141539,1,1.0,1,0,0.0,0.0,-0.0,4,False,
bc1qepli20ak6n0xikuxpg3jpa9fysrcbjs4t1jwxi,-0.38186183406785823,0.38186183406785823,1,1.0,1,0,0.0,0.0,-0.0,61,False,
bc1q8d9m0ib3w4witr0meva7j6oy77g620cofzowgd,-0.37900190415416274,0.37900190415416274,1,1.0,1,0,0.0,0.0,-0.0,14,False,
bc1qrtcvmujp8uuhnykyfjnbif9yrodt2dtoohuain,0.166652788925141,0.166652788925141,1,1.0,1,0,0.0,0.0,-0.0,42,False,
bc1qozrzuwqffp5ny1li8are104rp59q6pu4y6dm5n,-0.6047456842777307,0.6047456842777307,2,421.4634146341464,1,1,24599.01711437263,24599.01711437263,-0.0,24,False,
bc1q6y8n5mu56ffjl7mhek99l1g2undquh7icpl6rm,-0.5634367146686935,0.5634367146686935,1,1.0,1,0,0.0,0.0,-0.0,0,False,
bc1qx1vzap3oe23srb3xc39yuv3fjep9svuueu7axt,-0.5756938554554745,0.5756938554554745,1,1.0,1,0,0.0,0.0,-0.0,10,False,
bc1q0m9ulwttj8vi73mlc16x7ynslqmni47bn9v9jo,-0.6065387067280115,0.6065387067280115,1,1.0,1,0,0.0,0.0,-0.0,24,False,
bc1q3rzidvrifuvzlfy1u7n4vaq6jc15gyiccwbpoy,-0.5905677831048354,0.5905677831048354,2,56.3049853372434,1,1,0.0,0.0,1.0,55,False,
bc1qhn20gpw2po6tot087bbmux7zheqn664jy908qd,-0.4620251573468901,0.4620251573468901,1,1.0,1,0,0.0,0.0,-0.0,31,False,
bc1q8jo5xmdda47ofoptk2yi5yh7rpv6wbxj72i2dp,-0.46816210760164084,0.46816210760164084,1,1.0,1,0,0.0,0.0,-0.0,13,False,
bc1q386fsrkq32q0iw3d1cz5u5mtxs83xew1zykslj,-0.6030130071323518,0.6030130071323518,1,1.0,1,0,0.0,0.0,-0.0,26,False,
bc1qce60jldblmc6xkne8ita84dq6xnvelhiymgdmw,-0.48362021805326333,0.48362021805326333,1,1.0,1,0,0.0,0.0,-0.0,32,False,
bc1qdjwsaaenxxkmlmk4xl1t4nb5go04stis5ntt4z,-0.6006993033701993,0.6006993033701993,1,1.0,1,0,0.0,0.0,-0.0,9,False,
bc1qam0yws4rhbr3i93qf2hp4c3fx6lbqmlfp36jh8,0.7678467475260952,0.7678467475260952,1,1.0,1,0,0.0,0.0,-0.0,59,False,
bc1q7ndcwdhnlbx1z75gbotxxgsh4vwtv7k5uglxkr,-0.5979032355556816,0.5979032355556816,2,100.99357101110462,1,1,3692.305995877235,3692.305995877235,-0.0,59,False,
bc1quef5hwgmi1gcch92p47ptuuz98jdm2odtxc23f,-0.6034807682459858,0.6034807682459858,1,1.0,1,0,0.0,0.0,-0.0,59,False,
bc1qd97oie00ejhrmbl4otpt318yw1dgtg6zom2oyh,-0.043979655894864966,0.043979655894864966,1,1.0,1,0,0.0,0.0,-0.0,13,False,
bc1qkmq9uqwfn55lk9uawwpvc0azp79uvhsdux5wk8,-0.5356546477734195,0.5356546477734195,1,1.0,1,0,0.0,0.0,-0.0,4,False,
